expiration,DTE,strike,option_type,openInterest
2026-08-17,0,415.0,CALL,3.0
2026-08-17,0,420.0,CALL,6.0
2026-08-17,0,425.0,CALL,5.0
2026-08-17,0,435.0,CALL,1.0
2026-08-17,0,440.0,CALL,1.0
2026-08-17,0,445.0,CALL,1.0
2026-08-17,0,450.0,CALL,1.0
2026-08-17,0,475.0,CALL,1.0
2026-08-17,0,480.0,CALL,1.0
2026-08-17,0,485.0,CALL,7.0
2026-08-17,0,490.0,CALL,5.0
2026-08-17,0,495.0,CALL,2.0
2026-08-17,0,500.0,CALL,4.0
2026-08-17,0,505.0,CALL,11.0
2026-08-17,0,510.0,CALL,13.0
2026-08-17,0,512.5,CALL,2.0
2026-08-17,0,515.0,CALL,6.0
2026-08-17,0,517.5,CALL,10.0
2026-08-17,0,520.0,CALL,22.0
2026-08-17,0,522.5,CALL,7.0
2026-08-17,0,525.0,CALL,7.0
2026-08-17,0,527.5,CALL,7.0
2026-08-17,0,530.0,CALL,11.0
2026-08-17,0,532.5,CALL,12.0
2026-08-17,0,535.0,CALL,4.0
2026-08-17,0,537.5,CALL,13.0
2026-08-17,0,540.0,CALL,16.0
2026-08-17,0,542.5,CALL,16.0
2026-08-17,0,545.0,CALL,13.0
2026-08-17,0,547.5,CALL,9.0
2026-08-17,0,550.0,CALL,39.0
2026-08-17,0,552.5,CALL,5.0
2026-08-17,0,555.0,CALL,18.0
2026-08-17,0,557.5,CALL,7.0
2026-08-17,0,560.0,CALL,54.0
2026-08-17,0,562.5,CALL,15.0
2026-08-17,0,565.0,CALL,77.0
2026-08-17,0,567.5,CALL,113.0
2026-08-17,0,570.0,CALL,51.0
2026-08-17,0,572.5,CALL,108.0
2026-08-17,0,575.0,CALL,44.0
2026-08-17,0,577.5,CALL,127.0
2026-08-17,0,580.0,CALL,225.0
2026-08-17,0,582.5,CALL,187.0
2026-08-17,0,585.0,CALL,204.0
2026-08-17,0,587.5,CALL,352.0
2026-08-17,0,590.0,CALL,1123.0
2026-08-17,0,592.5,CALL,414.0
2026-08-17,0,595.0,CALL,1051.0
2026-08-17,0,597.5,CALL,570.0
2026-08-17,0,600.0,CALL,1762.0
2026-08-17,0,602.5,CALL,948.0
2026-08-17,0,605.0,CALL,734.0
2026-08-17,0,607.5,CALL,776.0
2026-08-17,0,610.0,CALL,1745.0
2026-08-17,0,612.5,CALL,412.0
2026-08-17,0,615.0,CALL,542.0
2026-08-17,0,617.5,CALL,414.0
2026-08-17,0,620.0,CALL,1552.0
2026-08-17,0,622.5,CALL,502.0
2026-08-17,0,625.0,CALL,373.0
2026-08-17,0,627.5,CALL,184.0
2026-08-17,0,630.0,CALL,420.0
2026-08-17,0,632.5,CALL,55.0
2026-08-17,0,635.0,CALL,157.0
2026-08-17,0,637.5,CALL,72.0
2026-08-17,0,640.0,CALL,323.0
2026-08-17,0,642.5,CALL,33.0
2026-08-17,0,645.0,CALL,66.0
2026-08-17,0,647.5,CALL,40.0
2026-08-17,0,650.0,CALL,319.0
2026-08-17,0,652.5,CALL,15.0
2026-08-17,0,655.0,CALL,242.0
2026-08-17,0,657.5,CALL,9.0
2026-08-17,0,660.0,CALL,143.0
2026-08-17,0,662.5,CALL,31.0
2026-08-17,0,665.0,CALL,35.0
2026-08-17,0,667.5,CALL,39.0
2026-08-17,0,670.0,CALL,195.0
2026-08-17,0,672.5,CALL,38.0
2026-08-17,0,675.0,CALL,153.0
2026-08-17,0,677.5,CALL,61.0
2026-08-17,0,680.0,CALL,46.0
2026-08-17,0,682.5,CALL,54.0
2026-08-17,0,685.0,CALL,17.0
2026-08-17,0,690.0,CALL,12.0
2026-08-17,0,695.0,CALL,9.0
2026-08-17,0,700.0,CALL,196.0
2026-08-17,0,705.0,CALL,141.0
2026-08-17,0,710.0,CALL,4.0
2026-08-17,0,715.0,CALL,6.0
2026-08-17,0,720.0,CALL,4.0
2026-08-17,0,725.0,CALL,26.0
2026-08-17,0,730.0,CALL,59.0
2026-08-17,0,735.0,CALL,8.0
2026-08-17,0,740.0,CALL,19.0
2026-08-17,0,745.0,CALL,7.0
2026-08-17,0,750.0,CALL,7.0
2026-08-17,0,755.0,CALL,1.0
2026-08-17,0,760.0,CALL,2.0
2026-08-17,0,765.0,CALL,2.0
2026-08-17,0,770.0,CALL,1.0
2026-08-17,0,775.0,CALL,35.0
2026-08-17,0,780.0,CALL,1.0
2026-08-17,0,785.0,CALL,0.0
2026-08-17,0,790.0,CALL,63.0
2026-08-17,0,795.0,CALL,1.0
2026-08-17,0,800.0,CALL,34.0
2026-08-17,0,805.0,CALL,1.0
2026-08-17,0,830.0,CALL,122.0
2026-08-17,0,835.0,CALL,238.0
2026-08-17,0,840.0,CALL,2122.0
2026-08-17,0,845.0,CALL,3083.0
2026-08-17,0,850.0,CALL,1.0
2026-08-17,0,860.0,CALL,94.0
2026-08-17,0,875.0,CALL,18.0
2026-08-17,0,880.0,CALL,30.0
2026-08-17,0,885.0,CALL,68.0
2026-08-17,0,900.0,CALL,1.0
2026-08-17,0,400.0,PUT,3.0
2026-08-17,0,405.0,PUT,3.0
2026-08-17,0,410.0,PUT,1.0
2026-08-17,0,415.0,PUT,2.0
2026-08-17,0,460.0,PUT,153.0
2026-08-17,0,465.0,PUT,80.0
2026-08-17,0,475.0,PUT,1.0
2026-08-17,0,480.0,PUT,1.0
2026-08-17,0,485.0,PUT,63.0
2026-08-17,0,490.0,PUT,63.0
2026-08-17,0,495.0,PUT,35.0
2026-08-17,0,500.0,PUT,524.0
2026-08-17,0,505.0,PUT,16.0
2026-08-17,0,510.0,PUT,29.0
2026-08-17,0,512.5,PUT,58.0
2026-08-17,0,515.0,PUT,58.0
2026-08-17,0,517.5,PUT,71.0
2026-08-17,0,520.0,PUT,27.0
2026-08-17,0,522.5,PUT,38.0
2026-08-17,0,525.0,PUT,66.0
2026-08-17,0,527.5,PUT,49.0
2026-08-17,0,530.0,PUT,268.0
2026-08-17,0,532.5,PUT,58.0
2026-08-17,0,535.0,PUT,101.0
2026-08-17,0,537.5,PUT,28.0
2026-08-17,0,540.0,PUT,190.0
2026-08-17,0,542.5,PUT,28.0
2026-08-17,0,545.0,PUT,111.0
2026-08-17,0,547.5,PUT,26.0
2026-08-17,0,550.0,PUT,253.0
2026-08-17,0,552.5,PUT,61.0
2026-08-17,0,555.0,PUT,120.0
2026-08-17,0,557.5,PUT,116.0
2026-08-17,0,560.0,PUT,257.0
2026-08-17,0,562.5,PUT,107.0
2026-08-17,0,565.0,PUT,242.0
2026-08-17,0,567.5,PUT,618.0
2026-08-17,0,570.0,PUT,711.0
2026-08-17,0,572.5,PUT,199.0
2026-08-17,0,575.0,PUT,700.0
2026-08-17,0,577.5,PUT,322.0
2026-08-17,0,580.0,PUT,772.0
2026-08-17,0,582.5,PUT,287.0
2026-08-17,0,585.0,PUT,415.0
2026-08-17,0,587.5,PUT,207.0
2026-08-17,0,590.0,PUT,620.0
2026-08-17,0,592.5,PUT,466.0
2026-08-17,0,595.0,PUT,342.0
2026-08-17,0,597.5,PUT,131.0
2026-08-17,0,600.0,PUT,226.0
2026-08-17,0,602.5,PUT,48.0
2026-08-17,0,605.0,PUT,90.0
2026-08-17,0,607.5,PUT,54.0
2026-08-17,0,610.0,PUT,92.0
2026-08-17,0,612.5,PUT,21.0
2026-08-17,0,615.0,PUT,59.0
2026-08-17,0,620.0,PUT,28.0
2026-08-17,0,625.0,PUT,1.0
2026-08-17,0,627.5,PUT,0.0
2026-08-17,0,630.0,PUT,0.0
2026-08-17,0,635.0,PUT,0.0
2026-08-17,0,645.0,PUT,0.0
2026-08-17,0,650.0,PUT,0.0
2026-08-17,0,655.0,PUT,0.0
2026-08-17,0,660.0,PUT,0.0
2026-08-17,0,665.0,PUT,0.0
2026-08-17,0,790.0,PUT,0.0
2026-08-19,2,425.0,CALL,3.0
2026-08-19,2,430.0,CALL,3.0
2026-08-19,2,470.0,CALL,3.0
2026-08-19,2,475.0,CALL,3.0
2026-08-19,2,485.0,CALL,2.0
2026-08-19,2,490.0,CALL,5.0
2026-08-19,2,495.0,CALL,6.0
2026-08-19,2,500.0,CALL,7.0
2026-08-19,2,505.0,CALL,5.0
2026-08-19,2,507.5,CALL,2.0
2026-08-19,2,510.0,CALL,3.0
2026-08-19,2,512.5,CALL,6.0
2026-08-19,2,515.0,CALL,5.0
2026-08-19,2,517.5,CALL,7.0
2026-08-19,2,520.0,CALL,9.0
2026-08-19,2,522.5,CALL,7.0
2026-08-19,2,525.0,CALL,18.0
2026-08-19,2,527.5,CALL,19.0
2026-08-19,2,530.0,CALL,11.0
2026-08-19,2,532.5,CALL,11.0
2026-08-19,2,535.0,CALL,8.0
2026-08-19,2,537.5,CALL,12.0
2026-08-19,2,540.0,CALL,12.0
2026-08-19,2,542.5,CALL,3.0
2026-08-19,2,545.0,CALL,11.0
2026-08-19,2,547.5,CALL,13.0
2026-08-19,2,550.0,CALL,30.0
2026-08-19,2,552.5,CALL,33.0
2026-08-19,2,555.0,CALL,47.0
2026-08-19,2,557.5,CALL,20.0
2026-08-19,2,560.0,CALL,84.0
2026-08-19,2,562.5,CALL,38.0
2026-08-19,2,565.0,CALL,22.0
2026-08-19,2,567.5,CALL,75.0
2026-08-19,2,570.0,CALL,107.0
2026-08-19,2,572.5,CALL,30.0
2026-08-19,2,575.0,CALL,18.0
2026-08-19,2,577.5,CALL,131.0
2026-08-19,2,580.0,CALL,118.0
2026-08-19,2,582.5,CALL,54.0
2026-08-19,2,585.0,CALL,173.0
2026-08-19,2,587.5,CALL,143.0
2026-08-19,2,590.0,CALL,201.0
2026-08-19,2,592.5,CALL,255.0
2026-08-19,2,595.0,CALL,159.0
2026-08-19,2,597.5,CALL,88.0
2026-08-19,2,600.0,CALL,383.0
2026-08-19,2,602.5,CALL,111.0
2026-08-19,2,605.0,CALL,319.0
2026-08-19,2,607.5,CALL,56.0
2026-08-19,2,610.0,CALL,548.0
2026-08-19,2,612.5,CALL,68.0
2026-08-19,2,615.0,CALL,119.0
2026-08-19,2,617.5,CALL,66.0
2026-08-19,2,620.0,CALL,622.0
2026-08-19,2,622.5,CALL,89.0
2026-08-19,2,625.0,CALL,203.0
2026-08-19,2,627.5,CALL,72.0
2026-08-19,2,630.0,CALL,219.0
2026-08-19,2,632.5,CALL,64.0
2026-08-19,2,635.0,CALL,192.0
2026-08-19,2,637.5,CALL,122.0
2026-08-19,2,640.0,CALL,198.0
2026-08-19,2,642.5,CALL,98.0
2026-08-19,2,645.0,CALL,89.0
2026-08-19,2,647.5,CALL,31.0
2026-08-19,2,650.0,CALL,268.0
2026-08-19,2,652.5,CALL,21.0
2026-08-19,2,655.0,CALL,116.0
2026-08-19,2,657.5,CALL,8.0
2026-08-19,2,660.0,CALL,227.0
2026-08-19,2,662.5,CALL,47.0
2026-08-19,2,665.0,CALL,21.0
2026-08-19,2,667.5,CALL,42.0
2026-08-19,2,670.0,CALL,13.0
2026-08-19,2,672.5,CALL,8.0
2026-08-19,2,675.0,CALL,43.0
2026-08-19,2,677.5,CALL,10.0
2026-08-19,2,680.0,CALL,14.0
2026-08-19,2,682.5,CALL,47.0
2026-08-19,2,685.0,CALL,34.0
2026-08-19,2,690.0,CALL,7.0
2026-08-19,2,695.0,CALL,14.0
2026-08-19,2,700.0,CALL,33.0
2026-08-19,2,705.0,CALL,23.0
2026-08-19,2,710.0,CALL,9.0
2026-08-19,2,715.0,CALL,11.0
2026-08-19,2,720.0,CALL,14.0
2026-08-19,2,725.0,CALL,21.0
2026-08-19,2,730.0,CALL,19.0
2026-08-19,2,735.0,CALL,18.0
2026-08-19,2,740.0,CALL,52.0
2026-08-19,2,745.0,CALL,42.0
2026-08-19,2,750.0,CALL,18.0
2026-08-19,2,755.0,CALL,4.0
2026-08-19,2,760.0,CALL,9.0
2026-08-19,2,765.0,CALL,9.0
2026-08-19,2,770.0,CALL,3.0
2026-08-19,2,775.0,CALL,7.0
2026-08-19,2,780.0,CALL,9.0
2026-08-19,2,785.0,CALL,11.0
2026-08-19,2,790.0,CALL,3.0
2026-08-19,2,795.0,CALL,1.0
2026-08-19,2,810.0,CALL,1.0
2026-08-19,2,830.0,CALL,2.0
2026-08-19,2,835.0,CALL,2.0
2026-08-19,2,840.0,CALL,2.0
2026-08-19,2,400.0,PUT,1.0
2026-08-19,2,405.0,PUT,3.0
2026-08-19,2,450.0,PUT,7.0
2026-08-19,2,460.0,PUT,2.0
2026-08-19,2,465.0,PUT,3.0
2026-08-19,2,470.0,PUT,12.0
2026-08-19,2,475.0,PUT,18.0
2026-08-19,2,480.0,PUT,16.0
2026-08-19,2,485.0,PUT,9.0
2026-08-19,2,490.0,PUT,10.0
2026-08-19,2,495.0,PUT,7.0
2026-08-19,2,500.0,PUT,11.0
2026-08-19,2,505.0,PUT,11.0
2026-08-19,2,507.5,PUT,17.0
2026-08-19,2,510.0,PUT,16.0
2026-08-19,2,512.5,PUT,46.0
2026-08-19,2,515.0,PUT,36.0
2026-08-19,2,517.5,PUT,37.0
2026-08-19,2,520.0,PUT,29.0
2026-08-19,2,522.5,PUT,13.0
2026-08-19,2,525.0,PUT,31.0
2026-08-19,2,527.5,PUT,49.0
2026-08-19,2,530.0,PUT,161.0
2026-08-19,2,532.5,PUT,17.0
2026-08-19,2,535.0,PUT,137.0
2026-08-19,2,537.5,PUT,86.0
2026-08-19,2,540.0,PUT,57.0
2026-08-19,2,542.5,PUT,35.0
2026-08-19,2,545.0,PUT,66.0
2026-08-19,2,547.5,PUT,55.0
2026-08-19,2,550.0,PUT,344.0
2026-08-19,2,552.5,PUT,55.0
2026-08-19,2,555.0,PUT,97.0
2026-08-19,2,557.5,PUT,331.0
2026-08-19,2,560.0,PUT,176.0
2026-08-19,2,562.5,PUT,208.0
2026-08-19,2,565.0,PUT,248.0
2026-08-19,2,567.5,PUT,232.0
2026-08-19,2,570.0,PUT,211.0
2026-08-19,2,572.5,PUT,115.0
2026-08-19,2,575.0,PUT,142.0
2026-08-19,2,577.5,PUT,68.0
2026-08-19,2,580.0,PUT,208.0
2026-08-19,2,582.5,PUT,50.0
2026-08-19,2,585.0,PUT,91.0
2026-08-19,2,587.5,PUT,32.0
2026-08-19,2,590.0,PUT,127.0
2026-08-19,2,592.5,PUT,61.0
2026-08-19,2,595.0,PUT,93.0
2026-08-19,2,597.5,PUT,60.0
2026-08-19,2,600.0,PUT,51.0
2026-08-19,2,602.5,PUT,18.0
2026-08-19,2,605.0,PUT,38.0
2026-08-19,2,607.5,PUT,52.0
2026-08-19,2,610.0,PUT,12.0
2026-08-19,2,612.5,PUT,2.0
2026-08-19,2,615.0,PUT,4.0
2026-08-19,2,617.5,PUT,1.0
2026-08-19,2,620.0,PUT,83.0
2026-08-19,2,630.0,PUT,1.0
2026-08-19,2,650.0,PUT,1.0
2026-08-19,2,655.0,PUT,0.0
2026-08-19,2,657.5,PUT,0.0
2026-08-21,4,290.0,CALL,1117.0
2026-08-21,4,300.0,CALL,54.0
2026-08-21,4,310.0,CALL,44.0
2026-08-21,4,320.0,CALL,66.0
2026-08-21,4,330.0,CALL,51.0
2026-08-21,4,340.0,CALL,46.0
2026-08-21,4,350.0,CALL,37.0
2026-08-21,4,360.0,CALL,45.0
2026-08-21,4,370.0,CALL,42.0
2026-08-21,4,380.0,CALL,73.0
2026-08-21,4,390.0,CALL,55.0
2026-08-21,4,395.0,CALL,23.0
2026-08-21,4,400.0,CALL,49.0
2026-08-21,4,405.0,CALL,22.0
2026-08-21,4,410.0,CALL,50.0
2026-08-21,4,415.0,CALL,25.0
2026-08-21,4,420.0,CALL,64.0
2026-08-21,4,425.0,CALL,27.0
2026-08-21,4,430.0,CALL,51.0
2026-08-21,4,435.0,CALL,39.0
2026-08-21,4,440.0,CALL,54.0
2026-08-21,4,445.0,CALL,48.0
2026-08-21,4,450.0,CALL,295.0
2026-08-21,4,455.0,CALL,33.0
2026-08-21,4,460.0,CALL,45.0
2026-08-21,4,465.0,CALL,27.0
2026-08-21,4,470.0,CALL,54.0
2026-08-21,4,475.0,CALL,38.0
2026-08-21,4,480.0,CALL,126.0
2026-08-21,4,485.0,CALL,43.0
2026-08-21,4,490.0,CALL,50.0
2026-08-21,4,495.0,CALL,116.0
2026-08-21,4,500.0,CALL,725.0
2026-08-21,4,505.0,CALL,433.0
2026-08-21,4,510.0,CALL,582.0
2026-08-21,4,515.0,CALL,534.0
2026-08-21,4,520.0,CALL,743.0
2026-08-21,4,525.0,CALL,672.0
2026-08-21,4,530.0,CALL,1238.0
2026-08-21,4,535.0,CALL,1268.0
2026-08-21,4,540.0,CALL,1115.0
2026-08-21,4,545.0,CALL,1175.0
2026-08-21,4,550.0,CALL,1874.0
2026-08-21,4,555.0,CALL,382.0
2026-08-21,4,560.0,CALL,1105.0
2026-08-21,4,565.0,CALL,854.0
2026-08-21,4,570.0,CALL,1388.0
2026-08-21,4,572.5,CALL,39.0
2026-08-21,4,575.0,CALL,1206.0
2026-08-21,4,577.5,CALL,105.0
2026-08-21,4,580.0,CALL,4317.0
2026-08-21,4,582.5,CALL,168.0
2026-08-21,4,585.0,CALL,2259.0
2026-08-21,4,587.5,CALL,200.0
2026-08-21,4,590.0,CALL,3352.0
2026-08-21,4,592.5,CALL,189.0
2026-08-21,4,595.0,CALL,2229.0
2026-08-21,4,597.5,CALL,506.0
2026-08-21,4,600.0,CALL,13618.0
2026-08-21,4,602.5,CALL,362.0
2026-08-21,4,605.0,CALL,1396.0
2026-08-21,4,607.5,CALL,192.0
2026-08-21,4,610.0,CALL,5178.0
2026-08-21,4,612.5,CALL,383.0
2026-08-21,4,615.0,CALL,2106.0
2026-08-21,4,617.5,CALL,1452.0
2026-08-21,4,620.0,CALL,10073.0
2026-08-21,4,622.5,CALL,583.0
2026-08-21,4,625.0,CALL,2890.0
2026-08-21,4,627.5,CALL,553.0
2026-08-21,4,630.0,CALL,6564.0
2026-08-21,4,632.5,CALL,480.0
2026-08-21,4,635.0,CALL,1690.0
2026-08-21,4,637.5,CALL,696.0
2026-08-21,4,640.0,CALL,3917.0
2026-08-21,4,642.5,CALL,316.0
2026-08-21,4,645.0,CALL,1095.0
2026-08-21,4,647.5,CALL,245.0
2026-08-21,4,650.0,CALL,15252.0
2026-08-21,4,652.5,CALL,221.0
2026-08-21,4,655.0,CALL,1330.0
2026-08-21,4,657.5,CALL,240.0
2026-08-21,4,660.0,CALL,6475.0
2026-08-21,4,665.0,CALL,1475.0
2026-08-21,4,670.0,CALL,15708.0
2026-08-21,4,675.0,CALL,6668.0
2026-08-21,4,680.0,CALL,10002.0
2026-08-21,4,685.0,CALL,4136.0
2026-08-21,4,690.0,CALL,2664.0
2026-08-21,4,695.0,CALL,1089.0
2026-08-21,4,700.0,CALL,21934.0
2026-08-21,4,705.0,CALL,874.0
2026-08-21,4,710.0,CALL,2945.0
2026-08-21,4,715.0,CALL,1021.0
2026-08-21,4,720.0,CALL,22275.0
2026-08-21,4,725.0,CALL,1990.0
2026-08-21,4,730.0,CALL,5740.0
2026-08-21,4,735.0,CALL,599.0
2026-08-21,4,740.0,CALL,2352.0
2026-08-21,4,745.0,CALL,995.0
2026-08-21,4,750.0,CALL,18538.0
2026-08-21,4,755.0,CALL,520.0
2026-08-21,4,760.0,CALL,2078.0
2026-08-21,4,765.0,CALL,220.0
2026-08-21,4,770.0,CALL,3116.0
2026-08-21,4,775.0,CALL,1293.0
2026-08-21,4,780.0,CALL,2613.0
2026-08-21,4,785.0,CALL,690.0
2026-08-21,4,790.0,CALL,2163.0
2026-08-21,4,795.0,CALL,1101.0
2026-08-21,4,800.0,CALL,15081.0
2026-08-21,4,805.0,CALL,500.0
2026-08-21,4,810.0,CALL,1069.0
2026-08-21,4,815.0,CALL,247.0
2026-08-21,4,820.0,CALL,1924.0
2026-08-21,4,825.0,CALL,884.0
2026-08-21,4,830.0,CALL,1131.0
2026-08-21,4,835.0,CALL,1056.0
2026-08-21,4,840.0,CALL,493.0
2026-08-21,4,845.0,CALL,150.0
2026-08-21,4,850.0,CALL,2554.0
2026-08-21,4,855.0,CALL,661.0
2026-08-21,4,860.0,CALL,956.0
2026-08-21,4,865.0,CALL,137.0
2026-08-21,4,870.0,CALL,289.0
2026-08-21,4,875.0,CALL,193.0
2026-08-21,4,880.0,CALL,480.0
2026-08-21,4,885.0,CALL,463.0
2026-08-21,4,890.0,CALL,1074.0
2026-08-21,4,895.0,CALL,2822.0
2026-08-21,4,900.0,CALL,2363.0
2026-08-21,4,905.0,CALL,575.0
2026-08-21,4,910.0,CALL,2249.0
2026-08-21,4,915.0,CALL,721.0
2026-08-21,4,920.0,CALL,764.0
2026-08-21,4,925.0,CALL,736.0
2026-08-21,4,930.0,CALL,1269.0
2026-08-21,4,935.0,CALL,682.0
2026-08-21,4,940.0,CALL,829.0
2026-08-21,4,945.0,CALL,2021.0
2026-08-21,4,950.0,CALL,1609.0
2026-08-21,4,955.0,CALL,1113.0
2026-08-21,4,960.0,CALL,761.0
2026-08-21,4,965.0,CALL,657.0
2026-08-21,4,970.0,CALL,1105.0
2026-08-21,4,975.0,CALL,963.0
2026-08-21,4,980.0,CALL,337.0
2026-08-21,4,985.0,CALL,379.0
2026-08-21,4,990.0,CALL,1742.0
2026-08-21,4,1000.0,CALL,5128.0
2026-08-21,4,1010.0,CALL,1746.0
2026-08-21,4,1020.0,CALL,937.0
2026-08-21,4,1030.0,CALL,1300.0
2026-08-21,4,1040.0,CALL,2349.0
2026-08-21,4,1050.0,CALL,5429.0
2026-08-21,4,1060.0,CALL,3419.0
2026-08-21,4,1070.0,CALL,340.0
2026-08-21,4,1080.0,CALL,1510.0
2026-08-21,4,1090.0,CALL,1955.0
2026-08-21,4,1100.0,CALL,907.0
2026-08-21,4,1110.0,CALL,1553.0
2026-08-21,4,1120.0,CALL,879.0
2026-08-21,4,1130.0,CALL,522.0
2026-08-21,4,1140.0,CALL,975.0
2026-08-21,4,1150.0,CALL,1416.0
2026-08-21,4,1160.0,CALL,1040.0
2026-08-21,4,1170.0,CALL,346.0
2026-08-21,4,1180.0,CALL,1237.0
2026-08-21,4,1190.0,CALL,494.0
2026-08-21,4,1200.0,CALL,800.0
2026-08-21,4,1210.0,CALL,647.0
2026-08-21,4,1220.0,CALL,377.0
2026-08-21,4,1230.0,CALL,777.0
2026-08-21,4,1240.0,CALL,180.0
2026-08-21,4,1250.0,CALL,1253.0
2026-08-21,4,1260.0,CALL,255.0
2026-08-21,4,1270.0,CALL,1176.0
2026-08-21,4,1280.0,CALL,1031.0
2026-08-21,4,1290.0,CALL,422.0
2026-08-21,4,1300.0,CALL,1975.0
2026-08-21,4,1310.0,CALL,716.0
2026-08-21,4,1320.0,CALL,1021.0
2026-08-21,4,1330.0,CALL,1194.0
2026-08-21,4,1340.0,CALL,1449.0
2026-08-21,4,1350.0,CALL,347.0
2026-08-21,4,1360.0,CALL,797.0
2026-08-21,4,1370.0,CALL,1491.0
2026-08-21,4,1380.0,CALL,554.0
2026-08-21,4,1390.0,CALL,747.0
2026-08-21,4,1400.0,CALL,1513.0
2026-08-21,4,1410.0,CALL,649.0
2026-08-21,4,1420.0,CALL,283.0
2026-08-21,4,1430.0,CALL,260.0
2026-08-21,4,1440.0,CALL,1280.0
2026-08-21,4,1450.0,CALL,1351.0
2026-08-21,4,1460.0,CALL,107.0
2026-08-21,4,1470.0,CALL,1313.0
2026-08-21,4,1480.0,CALL,3595.0
2026-08-21,4,290.0,PUT,3470.0
2026-08-21,4,300.0,PUT,937.0
2026-08-21,4,310.0,PUT,360.0
2026-08-21,4,320.0,PUT,337.0
2026-08-21,4,330.0,PUT,1138.0
2026-08-21,4,340.0,PUT,525.0
2026-08-21,4,350.0,PUT,691.0
2026-08-21,4,360.0,PUT,497.0
2026-08-21,4,370.0,PUT,232.0
2026-08-21,4,380.0,PUT,411.0
2026-08-21,4,390.0,PUT,423.0
2026-08-21,4,395.0,PUT,217.0
2026-08-21,4,400.0,PUT,1266.0
2026-08-21,4,405.0,PUT,620.0
2026-08-21,4,410.0,PUT,392.0
2026-08-21,4,415.0,PUT,153.0
2026-08-21,4,420.0,PUT,818.0
2026-08-21,4,425.0,PUT,1926.0
2026-08-21,4,430.0,PUT,1428.0
2026-08-21,4,435.0,PUT,210.0
2026-08-21,4,440.0,PUT,487.0
2026-08-21,4,445.0,PUT,695.0
2026-08-21,4,450.0,PUT,1352.0
2026-08-21,4,455.0,PUT,313.0
2026-08-21,4,460.0,PUT,992.0
2026-08-21,4,465.0,PUT,2493.0
2026-08-21,4,470.0,PUT,872.0
2026-08-21,4,475.0,PUT,1330.0
2026-08-21,4,480.0,PUT,5623.0
2026-08-21,4,485.0,PUT,1075.0
2026-08-21,4,490.0,PUT,3568.0
2026-08-21,4,495.0,PUT,664.0
2026-08-21,4,500.0,PUT,7315.0
2026-08-21,4,505.0,PUT,3195.0
2026-08-21,4,510.0,PUT,1769.0
2026-08-21,4,515.0,PUT,782.0
2026-08-21,4,520.0,PUT,3386.0
2026-08-21,4,525.0,PUT,1527.0
2026-08-21,4,530.0,PUT,5464.0
2026-08-21,4,535.0,PUT,1154.0
2026-08-21,4,540.0,PUT,3371.0
2026-08-21,4,545.0,PUT,2501.0
2026-08-21,4,550.0,PUT,7506.0
2026-08-21,4,555.0,PUT,1967.0
2026-08-21,4,560.0,PUT,3540.0
2026-08-21,4,565.0,PUT,1270.0
2026-08-21,4,570.0,PUT,2445.0
2026-08-21,4,572.5,PUT,155.0
2026-08-21,4,575.0,PUT,1536.0
2026-08-21,4,577.5,PUT,371.0
2026-08-21,4,580.0,PUT,6928.0
2026-08-21,4,582.5,PUT,131.0
2026-08-21,4,585.0,PUT,1542.0
2026-08-21,4,587.5,PUT,217.0
2026-08-21,4,590.0,PUT,3573.0
2026-08-21,4,592.5,PUT,86.0
2026-08-21,4,595.0,PUT,1284.0
2026-08-21,4,597.5,PUT,167.0
2026-08-21,4,600.0,PUT,5066.0
2026-08-21,4,602.5,PUT,60.0
2026-08-21,4,605.0,PUT,1434.0
2026-08-21,4,607.5,PUT,83.0
2026-08-21,4,610.0,PUT,3059.0
2026-08-21,4,612.5,PUT,148.0
2026-08-21,4,615.0,PUT,1161.0
2026-08-21,4,617.5,PUT,80.0
2026-08-21,4,620.0,PUT,4000.0
2026-08-21,4,622.5,PUT,94.0
2026-08-21,4,625.0,PUT,2538.0
2026-08-21,4,627.5,PUT,171.0
2026-08-21,4,630.0,PUT,1680.0
2026-08-21,4,632.5,PUT,65.0
2026-08-21,4,635.0,PUT,296.0
2026-08-21,4,637.5,PUT,54.0
2026-08-21,4,640.0,PUT,1374.0
2026-08-21,4,642.5,PUT,76.0
2026-08-21,4,645.0,PUT,277.0
2026-08-21,4,647.5,PUT,94.0
2026-08-21,4,650.0,PUT,3173.0
2026-08-21,4,652.5,PUT,19.0
2026-08-21,4,655.0,PUT,117.0
2026-08-21,4,657.5,PUT,25.0
2026-08-21,4,660.0,PUT,813.0
2026-08-21,4,665.0,PUT,120.0
2026-08-21,4,670.0,PUT,73.0
2026-08-21,4,675.0,PUT,13.0
2026-08-21,4,680.0,PUT,214.0
2026-08-21,4,685.0,PUT,0.0
2026-08-21,4,690.0,PUT,146.0
2026-08-21,4,695.0,PUT,20.0
2026-08-21,4,700.0,PUT,92.0
2026-08-21,4,705.0,PUT,24.0
2026-08-21,4,710.0,PUT,0.0
2026-08-21,4,715.0,PUT,0.0
2026-08-21,4,720.0,PUT,4.0
2026-08-21,4,725.0,PUT,0.0
2026-08-21,4,730.0,PUT,33.0
2026-08-21,4,735.0,PUT,0.0
2026-08-21,4,740.0,PUT,34.0
2026-08-21,4,745.0,PUT,0.0
2026-08-21,4,750.0,PUT,28.0
2026-08-21,4,755.0,PUT,0.0
2026-08-21,4,760.0,PUT,4.0
2026-08-21,4,765.0,PUT,0.0
2026-08-21,4,770.0,PUT,0.0
2026-08-21,4,775.0,PUT,5.0
2026-08-21,4,780.0,PUT,0.0
2026-08-21,4,785.0,PUT,14.0
2026-08-21,4,790.0,PUT,0.0
2026-08-21,4,795.0,PUT,0.0
2026-08-21,4,800.0,PUT,1.0
2026-08-21,4,805.0,PUT,0.0
2026-08-21,4,810.0,PUT,0.0
2026-08-21,4,815.0,PUT,0.0
2026-08-21,4,820.0,PUT,1.0
2026-08-21,4,830.0,PUT,0.0
2026-08-21,4,840.0,PUT,0.0
2026-08-21,4,845.0,PUT,0.0
2026-08-21,4,850.0,PUT,4.0
2026-08-21,4,855.0,PUT,0.0
2026-08-21,4,860.0,PUT,0.0
2026-08-21,4,870.0,PUT,0.0
2026-08-21,4,880.0,PUT,0.0
2026-08-21,4,890.0,PUT,0.0
2026-08-21,4,895.0,PUT,0.0
2026-08-21,4,900.0,PUT,0.0
2026-08-21,4,905.0,PUT,0.0
2026-08-21,4,910.0,PUT,0.0
2026-08-21,4,920.0,PUT,0.0
2026-08-21,4,930.0,PUT,0.0
2026-08-21,4,940.0,PUT,0.0
2026-08-21,4,950.0,PUT,0.0
2026-08-21,4,960.0,PUT,0.0
2026-08-21,4,970.0,PUT,0.0
2026-08-21,4,980.0,PUT,0.0
2026-08-21,4,990.0,PUT,0.0
2026-08-21,4,1000.0,PUT,0.0
2026-08-21,4,1010.0,PUT,0.0
2026-08-21,4,1020.0,PUT,0.0
2026-08-21,4,1030.0,PUT,10.0
2026-08-21,4,1040.0,PUT,0.0
2026-08-21,4,1050.0,PUT,10.0
2026-08-21,4,1090.0,PUT,0.0
2026-08-24,7,500.0,CALL,8.0
2026-08-24,7,505.0,CALL,4.0
2026-08-24,7,510.0,CALL,5.0
2026-08-24,7,515.0,CALL,7.0
2026-08-24,7,520.0,CALL,7.0
2026-08-24,7,522.5,CALL,2.0
2026-08-24,7,525.0,CALL,3.0
2026-08-24,7,527.5,CALL,11.0
2026-08-24,7,530.0,CALL,18.0
2026-08-24,7,532.5,CALL,10.0
2026-08-24,7,535.0,CALL,17.0
2026-08-24,7,537.5,CALL,11.0
2026-08-24,7,540.0,CALL,13.0
2026-08-24,7,542.5,CALL,11.0
2026-08-24,7,545.0,CALL,12.0
2026-08-24,7,552.5,CALL,3.0
2026-08-24,7,555.0,CALL,1.0
2026-08-24,7,557.5,CALL,2.0
2026-08-24,7,560.0,CALL,42.0
2026-08-24,7,562.5,CALL,1.0
2026-08-24,7,565.0,CALL,1.0
2026-08-24,7,570.0,CALL,100.0
2026-08-24,7,572.5,CALL,27.0
2026-08-24,7,575.0,CALL,4.0
2026-08-24,7,577.5,CALL,1.0
2026-08-24,7,580.0,CALL,53.0
2026-08-24,7,582.5,CALL,59.0
2026-08-24,7,585.0,CALL,65.0
2026-08-24,7,587.5,CALL,15.0
2026-08-24,7,590.0,CALL,83.0
2026-08-24,7,592.5,CALL,42.0
2026-08-24,7,595.0,CALL,84.0
2026-08-24,7,597.5,CALL,27.0
2026-08-24,7,600.0,CALL,229.0
2026-08-24,7,602.5,CALL,14.0
2026-08-24,7,605.0,CALL,49.0
2026-08-24,7,607.5,CALL,19.0
2026-08-24,7,610.0,CALL,75.0
2026-08-24,7,612.5,CALL,27.0
2026-08-24,7,615.0,CALL,38.0
2026-08-24,7,617.5,CALL,7.0
2026-08-24,7,620.0,CALL,69.0
2026-08-24,7,622.5,CALL,9.0
2026-08-24,7,625.0,CALL,63.0
2026-08-24,7,627.5,CALL,26.0
2026-08-24,7,630.0,CALL,45.0
2026-08-24,7,632.5,CALL,4.0
2026-08-24,7,635.0,CALL,28.0
2026-08-24,7,637.5,CALL,35.0
2026-08-24,7,640.0,CALL,45.0
2026-08-24,7,642.5,CALL,2.0
2026-08-24,7,645.0,CALL,202.0
2026-08-24,7,647.5,CALL,1.0
2026-08-24,7,650.0,CALL,52.0
2026-08-24,7,652.5,CALL,4.0
2026-08-24,7,655.0,CALL,51.0
2026-08-24,7,657.5,CALL,4.0
2026-08-24,7,660.0,CALL,50.0
2026-08-24,7,662.5,CALL,8.0
2026-08-24,7,665.0,CALL,50.0
2026-08-24,7,667.5,CALL,13.0
2026-08-24,7,670.0,CALL,232.0
2026-08-24,7,672.5,CALL,21.0
2026-08-24,7,675.0,CALL,15.0
2026-08-24,7,677.5,CALL,6.0
2026-08-24,7,680.0,CALL,17.0
2026-08-24,7,682.5,CALL,6.0
2026-08-24,7,685.0,CALL,8.0
2026-08-24,7,687.5,CALL,8.0
2026-08-24,7,690.0,CALL,6.0
2026-08-24,7,695.0,CALL,5.0
2026-08-24,7,700.0,CALL,13.0
2026-08-24,7,705.0,CALL,9.0
2026-08-24,7,710.0,CALL,3.0
2026-08-24,7,715.0,CALL,6.0
2026-08-24,7,720.0,CALL,7.0
2026-08-24,7,725.0,CALL,8.0
2026-08-24,7,730.0,CALL,4.0
2026-08-24,7,735.0,CALL,2.0
2026-08-24,7,740.0,CALL,11.0
2026-08-24,7,745.0,CALL,5.0
2026-08-24,7,750.0,CALL,7.0
2026-08-24,7,755.0,CALL,5.0
2026-08-24,7,760.0,CALL,1.0
2026-08-24,7,765.0,CALL,26.0
2026-08-24,7,770.0,CALL,8.0
2026-08-24,7,775.0,CALL,6.0
2026-08-24,7,780.0,CALL,9.0
2026-08-24,7,785.0,CALL,4.0
2026-08-24,7,790.0,CALL,4.0
2026-08-24,7,795.0,CALL,7.0
2026-08-24,7,800.0,CALL,1.0
2026-08-24,7,805.0,CALL,7.0
2026-08-24,7,810.0,CALL,5.0
2026-08-24,7,815.0,CALL,4.0
2026-08-24,7,820.0,CALL,2.0
2026-08-24,7,825.0,CALL,1.0
2026-08-24,7,830.0,CALL,1.0
2026-08-24,7,835.0,CALL,2.0
2026-08-24,7,850.0,CALL,2.0
2026-08-24,7,885.0,CALL,9.0
2026-08-24,7,890.0,CALL,19.0
2026-08-24,7,895.0,CALL,27.0
2026-08-24,7,425.0,PUT,1.0
2026-08-24,7,430.0,PUT,4.0
2026-08-24,7,435.0,PUT,1.0
2026-08-24,7,440.0,PUT,4.0
2026-08-24,7,445.0,PUT,5.0
2026-08-24,7,450.0,PUT,9.0
2026-08-24,7,460.0,PUT,3.0
2026-08-24,7,465.0,PUT,13.0
2026-08-24,7,470.0,PUT,9.0
2026-08-24,7,475.0,PUT,11.0
2026-08-24,7,480.0,PUT,14.0
2026-08-24,7,485.0,PUT,8.0
2026-08-24,7,490.0,PUT,1.0
2026-08-24,7,495.0,PUT,2.0
2026-08-24,7,500.0,PUT,3.0
2026-08-24,7,505.0,PUT,5.0
2026-08-24,7,510.0,PUT,27.0
2026-08-24,7,515.0,PUT,14.0
2026-08-24,7,520.0,PUT,22.0
2026-08-24,7,522.5,PUT,25.0
2026-08-24,7,525.0,PUT,16.0
2026-08-24,7,527.5,PUT,19.0
2026-08-24,7,530.0,PUT,17.0
2026-08-24,7,532.5,PUT,6.0
2026-08-24,7,535.0,PUT,264.0
2026-08-24,7,537.5,PUT,19.0
2026-08-24,7,540.0,PUT,152.0
2026-08-24,7,542.5,PUT,9.0
2026-08-24,7,545.0,PUT,104.0
2026-08-24,7,547.5,PUT,1.0
2026-08-24,7,550.0,PUT,45.0
2026-08-24,7,552.5,PUT,11.0
2026-08-24,7,555.0,PUT,21.0
2026-08-24,7,557.5,PUT,6.0
2026-08-24,7,560.0,PUT,172.0
2026-08-24,7,562.5,PUT,27.0
2026-08-24,7,565.0,PUT,27.0
2026-08-24,7,567.5,PUT,28.0
2026-08-24,7,570.0,PUT,51.0
2026-08-24,7,572.5,PUT,11.0
2026-08-24,7,575.0,PUT,38.0
2026-08-24,7,577.5,PUT,13.0
2026-08-24,7,580.0,PUT,71.0
2026-08-24,7,582.5,PUT,8.0
2026-08-24,7,585.0,PUT,120.0
2026-08-24,7,587.5,PUT,13.0
2026-08-24,7,590.0,PUT,54.0
2026-08-24,7,592.5,PUT,21.0
2026-08-24,7,595.0,PUT,38.0
2026-08-24,7,597.5,PUT,2.0
2026-08-24,7,600.0,PUT,130.0
2026-08-24,7,602.5,PUT,12.0
2026-08-24,7,605.0,PUT,58.0
2026-08-24,7,607.5,PUT,2.0
2026-08-24,7,610.0,PUT,3.0
2026-08-24,7,615.0,PUT,1.0
2026-08-24,7,620.0,PUT,2.0
2026-08-24,7,630.0,PUT,1.0
2026-08-24,7,635.0,PUT,10.0
2026-08-24,7,637.5,PUT,2.0
2026-08-24,7,640.0,PUT,4.0
2026-08-24,7,645.0,PUT,1.0
2026-08-24,7,647.5,PUT,14.0
2026-08-24,7,650.0,PUT,14.0
2026-08-24,7,670.0,PUT,1.0
2026-08-24,7,680.0,PUT,0.0
2026-08-26,9,490.0,CALL,2.0
2026-08-26,9,495.0,CALL,1.0
2026-08-26,9,500.0,CALL,4.0
2026-08-26,9,505.0,CALL,7.0
2026-08-26,9,510.0,CALL,4.0
2026-08-26,9,515.0,CALL,5.0
2026-08-26,9,520.0,CALL,5.0
2026-08-26,9,525.0,CALL,7.0
2026-08-26,9,530.0,CALL,3.0
2026-08-26,9,560.0,CALL,1.0
2026-08-26,9,565.0,CALL,1.0
2026-08-26,9,570.0,CALL,2.0
2026-08-26,9,572.5,CALL,2.0
2026-08-26,9,575.0,CALL,6.0
2026-08-26,9,577.5,CALL,2.0
2026-08-26,9,580.0,CALL,11.0
2026-08-26,9,582.5,CALL,10.0
2026-08-26,9,585.0,CALL,82.0
2026-08-26,9,587.5,CALL,112.0
2026-08-26,9,590.0,CALL,66.0
2026-08-26,9,592.5,CALL,123.0
2026-08-26,9,595.0,CALL,37.0
2026-08-26,9,597.5,CALL,16.0
2026-08-26,9,600.0,CALL,45.0
2026-08-26,9,602.5,CALL,5.0
2026-08-26,9,605.0,CALL,18.0
2026-08-26,9,607.5,CALL,11.0
2026-08-26,9,610.0,CALL,40.0
2026-08-26,9,612.5,CALL,3.0
2026-08-26,9,615.0,CALL,22.0
2026-08-26,9,617.5,CALL,6.0
2026-08-26,9,620.0,CALL,36.0
2026-08-26,9,622.5,CALL,4.0
2026-08-26,9,625.0,CALL,40.0
2026-08-26,9,630.0,CALL,16.0
2026-08-26,9,632.5,CALL,6.0
2026-08-26,9,635.0,CALL,31.0
2026-08-26,9,637.5,CALL,1.0
2026-08-26,9,640.0,CALL,47.0
2026-08-26,9,642.5,CALL,1.0
2026-08-26,9,645.0,CALL,29.0
2026-08-26,9,647.5,CALL,6.0
2026-08-26,9,650.0,CALL,46.0
2026-08-26,9,655.0,CALL,9.0
2026-08-26,9,660.0,CALL,32.0
2026-08-26,9,670.0,CALL,1.0
2026-08-26,9,675.0,CALL,12.0
2026-08-26,9,680.0,CALL,7.0
2026-08-26,9,685.0,CALL,1.0
2026-08-26,9,690.0,CALL,1.0
2026-08-26,9,695.0,CALL,2.0
2026-08-26,9,700.0,CALL,3.0
2026-08-26,9,705.0,CALL,3.0
2026-08-26,9,710.0,CALL,2.0
2026-08-26,9,715.0,CALL,2.0
2026-08-26,9,720.0,CALL,2.0
2026-08-26,9,725.0,CALL,2.0
2026-08-26,9,730.0,CALL,3.0
2026-08-26,9,735.0,CALL,1.0
2026-08-26,9,740.0,CALL,11.0
2026-08-26,9,745.0,CALL,9.0
2026-08-26,9,750.0,CALL,3.0
2026-08-26,9,755.0,CALL,1.0
2026-08-26,9,760.0,CALL,2.0
2026-08-26,9,770.0,CALL,8.0
2026-08-26,9,775.0,CALL,3.0
2026-08-26,9,780.0,CALL,1.0
2026-08-26,9,785.0,CALL,1.0
2026-08-26,9,790.0,CALL,3.0
2026-08-26,9,800.0,CALL,32.0
2026-08-26,9,805.0,CALL,4.0
2026-08-26,9,815.0,CALL,3.0
2026-08-26,9,820.0,CALL,6.0
2026-08-26,9,825.0,CALL,9.0
2026-08-26,9,830.0,CALL,9.0
2026-08-26,9,835.0,CALL,3.0
2026-08-26,9,840.0,CALL,3.0
2026-08-26,9,845.0,CALL,1.0
2026-08-26,9,415.0,PUT,10.0
2026-08-26,9,420.0,PUT,2.0
2026-08-26,9,425.0,PUT,8.0
2026-08-26,9,435.0,PUT,3.0
2026-08-26,9,440.0,PUT,1.0
2026-08-26,9,445.0,PUT,3.0
2026-08-26,9,450.0,PUT,2.0
2026-08-26,9,460.0,PUT,2.0
2026-08-26,9,465.0,PUT,1.0
2026-08-26,9,470.0,PUT,4.0
2026-08-26,9,475.0,PUT,3.0
2026-08-26,9,480.0,PUT,4.0
2026-08-26,9,485.0,PUT,3.0
2026-08-26,9,490.0,PUT,5.0
2026-08-26,9,495.0,PUT,17.0
2026-08-26,9,500.0,PUT,29.0
2026-08-26,9,505.0,PUT,22.0
2026-08-26,9,510.0,PUT,2.0
2026-08-26,9,525.0,PUT,16.0
2026-08-26,9,530.0,PUT,16.0
2026-08-26,9,535.0,PUT,14.0
2026-08-26,9,540.0,PUT,26.0
2026-08-26,9,545.0,PUT,46.0
2026-08-26,9,550.0,PUT,22.0
2026-08-26,9,555.0,PUT,16.0
2026-08-26,9,560.0,PUT,8.0
2026-08-26,9,565.0,PUT,15.0
2026-08-26,9,567.5,PUT,2.0
2026-08-26,9,570.0,PUT,12.0
2026-08-26,9,572.5,PUT,12.0
2026-08-26,9,575.0,PUT,255.0
2026-08-26,9,577.5,PUT,12.0
2026-08-26,9,580.0,PUT,15.0
2026-08-26,9,582.5,PUT,17.0
2026-08-26,9,585.0,PUT,14.0
2026-08-26,9,587.5,PUT,11.0
2026-08-26,9,590.0,PUT,205.0
2026-08-26,9,592.5,PUT,23.0
2026-08-26,9,595.0,PUT,12.0
2026-08-26,9,597.5,PUT,11.0
2026-08-26,9,600.0,PUT,117.0
2026-08-26,9,605.0,PUT,1.0
2026-08-26,9,610.0,PUT,3.0
2026-08-26,9,615.0,PUT,6.0
2026-08-26,9,620.0,PUT,1.0
2026-08-26,9,635.0,PUT,0.0
2026-08-26,9,637.5,PUT,1.0
2026-08-26,9,640.0,PUT,1.0
2026-08-26,9,645.0,PUT,1.0
2026-08-26,9,650.0,PUT,16.0
2026-08-26,9,655.0,PUT,1.0
2026-08-26,9,665.0,PUT,1.0
2026-08-28,11,100.0,CALL,35.0
2026-08-28,11,170.0,CALL,1.0
2026-08-28,11,220.0,CALL,3.0
2026-08-28,11,260.0,CALL,0.0
2026-08-28,11,290.0,CALL,1.0
2026-08-28,11,300.0,CALL,8.0
2026-08-28,11,320.0,CALL,4.0
2026-08-28,11,330.0,CALL,4.0
2026-08-28,11,340.0,CALL,4.0
2026-08-28,11,360.0,CALL,4.0
2026-08-28,11,370.0,CALL,4.0
2026-08-28,11,390.0,CALL,17.0
2026-08-28,11,400.0,CALL,4.0
2026-08-28,11,410.0,CALL,4.0
2026-08-28,11,420.0,CALL,5.0
2026-08-28,11,425.0,CALL,11.0
2026-08-28,11,430.0,CALL,10.0
2026-08-28,11,435.0,CALL,0.0
2026-08-28,11,440.0,CALL,1.0
2026-08-28,11,450.0,CALL,3.0
2026-08-28,11,460.0,CALL,1.0
2026-08-28,11,465.0,CALL,1.0
2026-08-28,11,470.0,CALL,0.0
2026-08-28,11,475.0,CALL,1.0
2026-08-28,11,480.0,CALL,2.0
2026-08-28,11,485.0,CALL,2.0
2026-08-28,11,490.0,CALL,9.0
2026-08-28,11,495.0,CALL,2.0
2026-08-28,11,500.0,CALL,27.0
2026-08-28,11,505.0,CALL,2.0
2026-08-28,11,510.0,CALL,49.0
2026-08-28,11,515.0,CALL,22.0
2026-08-28,11,520.0,CALL,57.0
2026-08-28,11,525.0,CALL,54.0
2026-08-28,11,530.0,CALL,251.0
2026-08-28,11,535.0,CALL,206.0
2026-08-28,11,540.0,CALL,212.0
2026-08-28,11,545.0,CALL,151.0
2026-08-28,11,550.0,CALL,169.0
2026-08-28,11,555.0,CALL,176.0
2026-08-28,11,560.0,CALL,180.0
2026-08-28,11,565.0,CALL,315.0
2026-08-28,11,567.5,CALL,1.0
2026-08-28,11,570.0,CALL,385.0
2026-08-28,11,572.5,CALL,4.0
2026-08-28,11,575.0,CALL,337.0
2026-08-28,11,577.5,CALL,43.0
2026-08-28,11,580.0,CALL,339.0
2026-08-28,11,582.5,CALL,74.0
2026-08-28,11,585.0,CALL,320.0
2026-08-28,11,587.5,CALL,63.0
2026-08-28,11,590.0,CALL,623.0
2026-08-28,11,592.5,CALL,88.0
2026-08-28,11,595.0,CALL,645.0
2026-08-28,11,597.5,CALL,173.0
2026-08-28,11,600.0,CALL,1122.0
2026-08-28,11,602.5,CALL,136.0
2026-08-28,11,605.0,CALL,583.0
2026-08-28,11,607.5,CALL,52.0
2026-08-28,11,610.0,CALL,708.0
2026-08-28,11,612.5,CALL,52.0
2026-08-28,11,615.0,CALL,456.0
2026-08-28,11,617.5,CALL,99.0
2026-08-28,11,620.0,CALL,576.0
2026-08-28,11,625.0,CALL,1338.0
2026-08-28,11,630.0,CALL,2082.0
2026-08-28,11,635.0,CALL,728.0
2026-08-28,11,640.0,CALL,608.0
2026-08-28,11,645.0,CALL,928.0
2026-08-28,11,650.0,CALL,2165.0
2026-08-28,11,655.0,CALL,399.0
2026-08-28,11,660.0,CALL,769.0
2026-08-28,11,665.0,CALL,202.0
2026-08-28,11,670.0,CALL,288.0
2026-08-28,11,675.0,CALL,438.0
2026-08-28,11,680.0,CALL,669.0
2026-08-28,11,685.0,CALL,229.0
2026-08-28,11,690.0,CALL,134.0
2026-08-28,11,695.0,CALL,166.0
2026-08-28,11,700.0,CALL,1686.0
2026-08-28,11,705.0,CALL,334.0
2026-08-28,11,710.0,CALL,688.0
2026-08-28,11,715.0,CALL,70.0
2026-08-28,11,720.0,CALL,334.0
2026-08-28,11,725.0,CALL,241.0
2026-08-28,11,730.0,CALL,145.0
2026-08-28,11,735.0,CALL,130.0
2026-08-28,11,740.0,CALL,226.0
2026-08-28,11,745.0,CALL,84.0
2026-08-28,11,750.0,CALL,475.0
2026-08-28,11,755.0,CALL,63.0
2026-08-28,11,760.0,CALL,319.0
2026-08-28,11,765.0,CALL,38.0
2026-08-28,11,770.0,CALL,1497.0
2026-08-28,11,775.0,CALL,48.0
2026-08-28,11,780.0,CALL,499.0
2026-08-28,11,785.0,CALL,40.0
2026-08-28,11,790.0,CALL,181.0
2026-08-28,11,795.0,CALL,82.0
2026-08-28,11,800.0,CALL,1572.0
2026-08-28,11,805.0,CALL,162.0
2026-08-28,11,810.0,CALL,283.0
2026-08-28,11,815.0,CALL,27.0
2026-08-28,11,820.0,CALL,510.0
2026-08-28,11,825.0,CALL,32.0
2026-08-28,11,830.0,CALL,53.0
2026-08-28,11,835.0,CALL,20.0
2026-08-28,11,840.0,CALL,346.0
2026-08-28,11,845.0,CALL,21.0
2026-08-28,11,850.0,CALL,795.0
2026-08-28,11,855.0,CALL,59.0
2026-08-28,11,860.0,CALL,1131.0
2026-08-28,11,865.0,CALL,116.0
2026-08-28,11,870.0,CALL,42.0
2026-08-28,11,875.0,CALL,122.0
2026-08-28,11,880.0,CALL,45.0
2026-08-28,11,885.0,CALL,59.0
2026-08-28,11,890.0,CALL,99.0
2026-08-28,11,895.0,CALL,32.0
2026-08-28,11,900.0,CALL,119.0
2026-08-28,11,905.0,CALL,61.0
2026-08-28,11,910.0,CALL,102.0
2026-08-28,11,915.0,CALL,157.0
2026-08-28,11,920.0,CALL,42.0
2026-08-28,11,925.0,CALL,164.0
2026-08-28,11,930.0,CALL,166.0
2026-08-28,11,935.0,CALL,342.0
2026-08-28,11,940.0,CALL,217.0
2026-08-28,11,945.0,CALL,288.0
2026-08-28,11,950.0,CALL,179.0
2026-08-28,11,955.0,CALL,75.0
2026-08-28,11,960.0,CALL,52.0
2026-08-28,11,965.0,CALL,31.0
2026-08-28,11,970.0,CALL,21.0
2026-08-28,11,975.0,CALL,23.0
2026-08-28,11,980.0,CALL,127.0
2026-08-28,11,985.0,CALL,99.0
2026-08-28,11,990.0,CALL,225.0
2026-08-28,11,995.0,CALL,538.0
2026-08-28,11,1000.0,CALL,49.0
2026-08-28,11,1010.0,CALL,99.0
2026-08-28,11,1020.0,CALL,64.0
2026-08-28,11,1030.0,CALL,240.0
2026-08-28,11,1040.0,CALL,18.0
2026-08-28,11,1050.0,CALL,143.0
2026-08-28,11,1060.0,CALL,242.0
2026-08-28,11,1070.0,CALL,49.0
2026-08-28,11,1080.0,CALL,75.0
2026-08-28,11,1090.0,CALL,16.0
2026-08-28,11,1100.0,CALL,95.0
2026-08-28,11,1110.0,CALL,324.0
2026-08-28,11,100.0,PUT,41.0
2026-08-28,11,110.0,PUT,42.0
2026-08-28,11,120.0,PUT,70.0
2026-08-28,11,130.0,PUT,277.0
2026-08-28,11,140.0,PUT,311.0
2026-08-28,11,150.0,PUT,224.0
2026-08-28,11,160.0,PUT,7.0
2026-08-28,11,170.0,PUT,35.0
2026-08-28,11,190.0,PUT,43.0
2026-08-28,11,200.0,PUT,77.0
2026-08-28,11,210.0,PUT,252.0
2026-08-28,11,220.0,PUT,232.0
2026-08-28,11,230.0,PUT,141.0
2026-08-28,11,240.0,PUT,297.0
2026-08-28,11,250.0,PUT,40.0
2026-08-28,11,260.0,PUT,304.0
2026-08-28,11,270.0,PUT,1.0
2026-08-28,11,280.0,PUT,2.0
2026-08-28,11,290.0,PUT,6.0
2026-08-28,11,300.0,PUT,175.0
2026-08-28,11,310.0,PUT,32.0
2026-08-28,11,320.0,PUT,20.0
2026-08-28,11,330.0,PUT,13.0
2026-08-28,11,340.0,PUT,63.0
2026-08-28,11,350.0,PUT,240.0
2026-08-28,11,360.0,PUT,182.0
2026-08-28,11,370.0,PUT,59.0
2026-08-28,11,380.0,PUT,40.0
2026-08-28,11,390.0,PUT,89.0
2026-08-28,11,400.0,PUT,289.0
2026-08-28,11,405.0,PUT,80.0
2026-08-28,11,410.0,PUT,35.0
2026-08-28,11,415.0,PUT,125.0
2026-08-28,11,420.0,PUT,346.0
2026-08-28,11,425.0,PUT,59.0
2026-08-28,11,430.0,PUT,85.0
2026-08-28,11,435.0,PUT,49.0
2026-08-28,11,440.0,PUT,131.0
2026-08-28,11,445.0,PUT,80.0
2026-08-28,11,450.0,PUT,309.0
2026-08-28,11,455.0,PUT,99.0
2026-08-28,11,460.0,PUT,208.0
2026-08-28,11,465.0,PUT,283.0
2026-08-28,11,470.0,PUT,4297.0
2026-08-28,11,475.0,PUT,202.0
2026-08-28,11,480.0,PUT,422.0
2026-08-28,11,485.0,PUT,169.0
2026-08-28,11,490.0,PUT,615.0
2026-08-28,11,495.0,PUT,122.0
2026-08-28,11,500.0,PUT,684.0
2026-08-28,11,505.0,PUT,257.0
2026-08-28,11,510.0,PUT,334.0
2026-08-28,11,515.0,PUT,198.0
2026-08-28,11,520.0,PUT,642.0
2026-08-28,11,525.0,PUT,373.0
2026-08-28,11,530.0,PUT,595.0
2026-08-28,11,535.0,PUT,485.0
2026-08-28,11,540.0,PUT,499.0
2026-08-28,11,545.0,PUT,369.0
2026-08-28,11,550.0,PUT,993.0
2026-08-28,11,555.0,PUT,443.0
2026-08-28,11,560.0,PUT,636.0
2026-08-28,11,565.0,PUT,526.0
2026-08-28,11,567.5,PUT,30.0
2026-08-28,11,570.0,PUT,489.0
2026-08-28,11,572.5,PUT,38.0
2026-08-28,11,575.0,PUT,1077.0
2026-08-28,11,577.5,PUT,30.0
2026-08-28,11,580.0,PUT,545.0
2026-08-28,11,582.5,PUT,31.0
2026-08-28,11,585.0,PUT,167.0
2026-08-28,11,587.5,PUT,22.0
2026-08-28,11,590.0,PUT,336.0
2026-08-28,11,592.5,PUT,31.0
2026-08-28,11,595.0,PUT,200.0
2026-08-28,11,597.5,PUT,64.0
2026-08-28,11,600.0,PUT,833.0
2026-08-28,11,602.5,PUT,9.0
2026-08-28,11,605.0,PUT,159.0
2026-08-28,11,607.5,PUT,25.0
2026-08-28,11,610.0,PUT,203.0
2026-08-28,11,612.5,PUT,1.0
2026-08-28,11,615.0,PUT,70.0
2026-08-28,11,617.5,PUT,7.0
2026-08-28,11,620.0,PUT,211.0
2026-08-28,11,625.0,PUT,98.0
2026-08-28,11,630.0,PUT,141.0
2026-08-28,11,635.0,PUT,110.0
2026-08-28,11,640.0,PUT,37.0
2026-08-28,11,645.0,PUT,40.0
2026-08-28,11,650.0,PUT,100.0
2026-08-28,11,655.0,PUT,75.0
2026-08-28,11,660.0,PUT,63.0
2026-08-28,11,665.0,PUT,12.0
2026-08-28,11,670.0,PUT,65.0
2026-08-28,11,675.0,PUT,31.0
2026-08-28,11,680.0,PUT,29.0
2026-08-28,11,685.0,PUT,15.0
2026-08-28,11,690.0,PUT,11.0
2026-08-28,11,695.0,PUT,0.0
2026-08-28,11,700.0,PUT,0.0
2026-08-28,11,705.0,PUT,0.0
2026-08-28,11,710.0,PUT,0.0
2026-08-28,11,715.0,PUT,0.0
2026-08-28,11,720.0,PUT,0.0
2026-08-28,11,725.0,PUT,0.0
2026-08-28,11,730.0,PUT,0.0
2026-08-28,11,735.0,PUT,0.0
2026-08-28,11,740.0,PUT,0.0
2026-08-28,11,750.0,PUT,0.0
2026-08-28,11,755.0,PUT,0.0
2026-08-28,11,760.0,PUT,0.0
2026-08-28,11,765.0,PUT,0.0
2026-08-28,11,770.0,PUT,0.0
2026-08-28,11,790.0,PUT,0.0
2026-08-28,11,810.0,PUT,0.0
2026-08-28,11,815.0,PUT,0.0
2026-09-04,18,260.0,CALL,2.0
2026-09-04,18,290.0,CALL,4.0
2026-09-04,18,300.0,CALL,5.0
2026-09-04,18,310.0,CALL,13.0
2026-09-04,18,320.0,CALL,13.0
2026-09-04,18,330.0,CALL,9.0
2026-09-04,18,340.0,CALL,4.0
2026-09-04,18,360.0,CALL,8.0
2026-09-04,18,370.0,CALL,4.0
2026-09-04,18,390.0,CALL,4.0
2026-09-04,18,400.0,CALL,5.0
2026-09-04,18,405.0,CALL,4.0
2026-09-04,18,410.0,CALL,4.0
2026-09-04,18,415.0,CALL,4.0
2026-09-04,18,425.0,CALL,4.0
2026-09-04,18,435.0,CALL,1.0
2026-09-04,18,445.0,CALL,1.0
2026-09-04,18,460.0,CALL,3.0
2026-09-04,18,480.0,CALL,2.0
2026-09-04,18,490.0,CALL,2.0
2026-09-04,18,495.0,CALL,2.0
2026-09-04,18,500.0,CALL,26.0
2026-09-04,18,505.0,CALL,1.0
2026-09-04,18,510.0,CALL,15.0
2026-09-04,18,515.0,CALL,12.0
2026-09-04,18,520.0,CALL,12.0
2026-09-04,18,525.0,CALL,29.0
2026-09-04,18,530.0,CALL,49.0
2026-09-04,18,535.0,CALL,73.0
2026-09-04,18,540.0,CALL,204.0
2026-09-04,18,545.0,CALL,71.0
2026-09-04,18,550.0,CALL,160.0
2026-09-04,18,555.0,CALL,49.0
2026-09-04,18,560.0,CALL,80.0
2026-09-04,18,565.0,CALL,51.0
2026-09-04,18,570.0,CALL,582.0
2026-09-04,18,575.0,CALL,308.0
2026-09-04,18,580.0,CALL,767.0
2026-09-04,18,585.0,CALL,328.0
2026-09-04,18,590.0,CALL,437.0
2026-09-04,18,595.0,CALL,273.0
2026-09-04,18,600.0,CALL,1126.0
2026-09-04,18,605.0,CALL,222.0
2026-09-04,18,610.0,CALL,425.0
2026-09-04,18,615.0,CALL,308.0
2026-09-04,18,620.0,CALL,480.0
2026-09-04,18,625.0,CALL,1025.0
2026-09-04,18,630.0,CALL,574.0
2026-09-04,18,635.0,CALL,201.0
2026-09-04,18,640.0,CALL,706.0
2026-09-04,18,645.0,CALL,180.0
2026-09-04,18,650.0,CALL,653.0
2026-09-04,18,655.0,CALL,103.0
2026-09-04,18,660.0,CALL,274.0
2026-09-04,18,665.0,CALL,101.0
2026-09-04,18,670.0,CALL,146.0
2026-09-04,18,675.0,CALL,624.0
2026-09-04,18,680.0,CALL,245.0
2026-09-04,18,685.0,CALL,151.0
2026-09-04,18,690.0,CALL,179.0
2026-09-04,18,695.0,CALL,139.0
2026-09-04,18,700.0,CALL,1053.0
2026-09-04,18,705.0,CALL,48.0
2026-09-04,18,710.0,CALL,123.0
2026-09-04,18,715.0,CALL,22.0
2026-09-04,18,720.0,CALL,86.0
2026-09-04,18,725.0,CALL,161.0
2026-09-04,18,730.0,CALL,67.0
2026-09-04,18,735.0,CALL,36.0
2026-09-04,18,740.0,CALL,61.0
2026-09-04,18,745.0,CALL,21.0
2026-09-04,18,750.0,CALL,177.0
2026-09-04,18,755.0,CALL,28.0
2026-09-04,18,760.0,CALL,83.0
2026-09-04,18,765.0,CALL,16.0
2026-09-04,18,770.0,CALL,14.0
2026-09-04,18,775.0,CALL,11.0
2026-09-04,18,780.0,CALL,317.0
2026-09-04,18,785.0,CALL,7.0
2026-09-04,18,790.0,CALL,160.0
2026-09-04,18,795.0,CALL,16.0
2026-09-04,18,800.0,CALL,262.0
2026-09-04,18,805.0,CALL,6.0
2026-09-04,18,810.0,CALL,5.0
2026-09-04,18,815.0,CALL,12.0
2026-09-04,18,820.0,CALL,317.0
2026-09-04,18,825.0,CALL,33.0
2026-09-04,18,830.0,CALL,14.0
2026-09-04,18,835.0,CALL,24.0
2026-09-04,18,840.0,CALL,7.0
2026-09-04,18,845.0,CALL,15.0
2026-09-04,18,850.0,CALL,11.0
2026-09-04,18,855.0,CALL,55.0
2026-09-04,18,860.0,CALL,124.0
2026-09-04,18,865.0,CALL,56.0
2026-09-04,18,870.0,CALL,41.0
2026-09-04,18,875.0,CALL,18.0
2026-09-04,18,880.0,CALL,24.0
2026-09-04,18,885.0,CALL,17.0
2026-09-04,18,890.0,CALL,14.0
2026-09-04,18,895.0,CALL,28.0
2026-09-04,18,900.0,CALL,66.0
2026-09-04,18,905.0,CALL,418.0
2026-09-04,18,910.0,CALL,67.0
2026-09-04,18,915.0,CALL,20.0
2026-09-04,18,920.0,CALL,418.0
2026-09-04,18,925.0,CALL,203.0
2026-09-04,18,930.0,CALL,234.0
2026-09-04,18,935.0,CALL,310.0
2026-09-04,18,940.0,CALL,136.0
2026-09-04,18,945.0,CALL,169.0
2026-09-04,18,950.0,CALL,993.0
2026-09-04,18,955.0,CALL,328.0
2026-09-04,18,960.0,CALL,331.0
2026-09-04,18,965.0,CALL,1000.0
2026-09-04,18,970.0,CALL,493.0
2026-09-04,18,975.0,CALL,577.0
2026-09-04,18,980.0,CALL,950.0
2026-09-04,18,985.0,CALL,1013.0
2026-09-04,18,990.0,CALL,363.0
2026-09-04,18,995.0,CALL,933.0
2026-09-04,18,1000.0,CALL,807.0
2026-09-04,18,1010.0,CALL,679.0
2026-09-04,18,1020.0,CALL,789.0
2026-09-04,18,1030.0,CALL,487.0
2026-09-04,18,1040.0,CALL,548.0
2026-09-04,18,1050.0,CALL,1140.0
2026-09-04,18,1060.0,CALL,818.0
2026-09-04,18,1070.0,CALL,522.0
2026-09-04,18,1080.0,CALL,914.0
2026-09-04,18,1090.0,CALL,574.0
2026-09-04,18,1100.0,CALL,766.0
2026-09-04,18,1110.0,CALL,113.0
2026-09-04,18,100.0,PUT,54.0
2026-09-04,18,110.0,PUT,27.0
2026-09-04,18,190.0,PUT,2.0
2026-09-04,18,200.0,PUT,1.0
2026-09-04,18,210.0,PUT,90.0
2026-09-04,18,250.0,PUT,103.0
2026-09-04,18,260.0,PUT,25.0
2026-09-04,18,270.0,PUT,29.0
2026-09-04,18,280.0,PUT,141.0
2026-09-04,18,290.0,PUT,1.0
2026-09-04,18,300.0,PUT,110.0
2026-09-04,18,310.0,PUT,21.0
2026-09-04,18,320.0,PUT,15.0
2026-09-04,18,330.0,PUT,35.0
2026-09-04,18,340.0,PUT,39.0
2026-09-04,18,350.0,PUT,135.0
2026-09-04,18,360.0,PUT,152.0
2026-09-04,18,370.0,PUT,119.0
2026-09-04,18,380.0,PUT,81.0
2026-09-04,18,390.0,PUT,279.0
2026-09-04,18,400.0,PUT,49.0
2026-09-04,18,405.0,PUT,56.0
2026-09-04,18,410.0,PUT,69.0
2026-09-04,18,415.0,PUT,32.0
2026-09-04,18,420.0,PUT,63.0
2026-09-04,18,425.0,PUT,32.0
2026-09-04,18,430.0,PUT,88.0
2026-09-04,18,435.0,PUT,21.0
2026-09-04,18,440.0,PUT,73.0
2026-09-04,18,445.0,PUT,29.0
2026-09-04,18,450.0,PUT,208.0
2026-09-04,18,455.0,PUT,57.0
2026-09-04,18,460.0,PUT,190.0
2026-09-04,18,465.0,PUT,93.0
2026-09-04,18,470.0,PUT,220.0
2026-09-04,18,475.0,PUT,244.0
2026-09-04,18,480.0,PUT,176.0
2026-09-04,18,485.0,PUT,76.0
2026-09-04,18,490.0,PUT,284.0
2026-09-04,18,495.0,PUT,207.0
2026-09-04,18,500.0,PUT,340.0
2026-09-04,18,505.0,PUT,121.0
2026-09-04,18,510.0,PUT,242.0
2026-09-04,18,515.0,PUT,197.0
2026-09-04,18,520.0,PUT,314.0
2026-09-04,18,525.0,PUT,362.0
2026-09-04,18,530.0,PUT,259.0
2026-09-04,18,535.0,PUT,170.0
2026-09-04,18,540.0,PUT,356.0
2026-09-04,18,545.0,PUT,420.0
2026-09-04,18,550.0,PUT,941.0
2026-09-04,18,555.0,PUT,306.0
2026-09-04,18,560.0,PUT,317.0
2026-09-04,18,565.0,PUT,220.0
2026-09-04,18,570.0,PUT,275.0
2026-09-04,18,575.0,PUT,333.0
2026-09-04,18,580.0,PUT,389.0
2026-09-04,18,585.0,PUT,130.0
2026-09-04,18,590.0,PUT,516.0
2026-09-04,18,595.0,PUT,152.0
2026-09-04,18,600.0,PUT,158.0
2026-09-04,18,605.0,PUT,130.0
2026-09-04,18,610.0,PUT,102.0
2026-09-04,18,615.0,PUT,91.0
2026-09-04,18,620.0,PUT,96.0
2026-09-04,18,625.0,PUT,72.0
2026-09-04,18,630.0,PUT,50.0
2026-09-04,18,635.0,PUT,35.0
2026-09-04,18,640.0,PUT,42.0
2026-09-04,18,645.0,PUT,8.0
2026-09-04,18,650.0,PUT,4.0
2026-09-04,18,655.0,PUT,7.0
2026-09-04,18,660.0,PUT,9.0
2026-09-04,18,665.0,PUT,5.0
2026-09-04,18,670.0,PUT,11.0
2026-09-04,18,675.0,PUT,1.0
2026-09-04,18,680.0,PUT,20.0
2026-09-04,18,685.0,PUT,3.0
2026-09-04,18,690.0,PUT,3.0
2026-09-04,18,695.0,PUT,2.0
2026-09-04,18,700.0,PUT,3.0
2026-09-04,18,725.0,PUT,0.0
2026-09-04,18,790.0,PUT,0.0
2026-09-04,18,935.0,PUT,0.0
2026-09-04,18,945.0,PUT,0.0
2026-09-11,25,240.0,CALL,7.0
2026-09-11,25,260.0,CALL,2.0
2026-09-11,25,290.0,CALL,8.0
2026-09-11,25,330.0,CALL,4.0
2026-09-11,25,340.0,CALL,4.0
2026-09-11,25,350.0,CALL,4.0
2026-09-11,25,360.0,CALL,4.0
2026-09-11,25,370.0,CALL,4.0
2026-09-11,25,380.0,CALL,8.0
2026-09-11,25,390.0,CALL,4.0
2026-09-11,25,400.0,CALL,2.0
2026-09-11,25,410.0,CALL,4.0
2026-09-11,25,415.0,CALL,4.0
2026-09-11,25,425.0,CALL,8.0
2026-09-11,25,430.0,CALL,8.0
2026-09-11,25,435.0,CALL,8.0
2026-09-11,25,450.0,CALL,2.0
2026-09-11,25,460.0,CALL,10.0
2026-09-11,25,465.0,CALL,10.0
2026-09-11,25,470.0,CALL,1.0
2026-09-11,25,485.0,CALL,2.0
2026-09-11,25,490.0,CALL,1.0
2026-09-11,25,500.0,CALL,27.0
2026-09-11,25,510.0,CALL,4.0
2026-09-11,25,515.0,CALL,3.0
2026-09-11,25,520.0,CALL,11.0
2026-09-11,25,525.0,CALL,10.0
2026-09-11,25,530.0,CALL,19.0
2026-09-11,25,535.0,CALL,52.0
2026-09-11,25,540.0,CALL,74.0
2026-09-11,25,545.0,CALL,8.0
2026-09-11,25,550.0,CALL,40.0
2026-09-11,25,555.0,CALL,42.0
2026-09-11,25,560.0,CALL,38.0
2026-09-11,25,565.0,CALL,17.0
2026-09-11,25,570.0,CALL,43.0
2026-09-11,25,575.0,CALL,166.0
2026-09-11,25,580.0,CALL,511.0
2026-09-11,25,585.0,CALL,814.0
2026-09-11,25,590.0,CALL,242.0
2026-09-11,25,595.0,CALL,227.0
2026-09-11,25,600.0,CALL,934.0
2026-09-11,25,605.0,CALL,110.0
2026-09-11,25,610.0,CALL,270.0
2026-09-11,25,615.0,CALL,65.0
2026-09-11,25,620.0,CALL,609.0
2026-09-11,25,625.0,CALL,120.0
2026-09-11,25,630.0,CALL,406.0
2026-09-11,25,635.0,CALL,411.0
2026-09-11,25,640.0,CALL,440.0
2026-09-11,25,645.0,CALL,113.0
2026-09-11,25,650.0,CALL,440.0
2026-09-11,25,655.0,CALL,153.0
2026-09-11,25,660.0,CALL,194.0
2026-09-11,25,665.0,CALL,126.0
2026-09-11,25,670.0,CALL,166.0
2026-09-11,25,675.0,CALL,119.0
2026-09-11,25,680.0,CALL,239.0
2026-09-11,25,685.0,CALL,291.0
2026-09-11,25,690.0,CALL,64.0
2026-09-11,25,695.0,CALL,8.0
2026-09-11,25,700.0,CALL,713.0
2026-09-11,25,705.0,CALL,27.0
2026-09-11,25,710.0,CALL,48.0
2026-09-11,25,715.0,CALL,13.0
2026-09-11,25,720.0,CALL,52.0
2026-09-11,25,725.0,CALL,61.0
2026-09-11,25,730.0,CALL,31.0
2026-09-11,25,735.0,CALL,17.0
2026-09-11,25,740.0,CALL,45.0
2026-09-11,25,745.0,CALL,21.0
2026-09-11,25,750.0,CALL,129.0
2026-09-11,25,755.0,CALL,7.0
2026-09-11,25,760.0,CALL,8.0
2026-09-11,25,765.0,CALL,11.0
2026-09-11,25,770.0,CALL,23.0
2026-09-11,25,775.0,CALL,25.0
2026-09-11,25,780.0,CALL,46.0
2026-09-11,25,785.0,CALL,17.0
2026-09-11,25,790.0,CALL,11.0
2026-09-11,25,795.0,CALL,11.0
2026-09-11,25,800.0,CALL,159.0
2026-09-11,25,805.0,CALL,10.0
2026-09-11,25,810.0,CALL,6.0
2026-09-11,25,815.0,CALL,7.0
2026-09-11,25,820.0,CALL,7.0
2026-09-11,25,825.0,CALL,12.0
2026-09-11,25,830.0,CALL,6.0
2026-09-11,25,835.0,CALL,10.0
2026-09-11,25,840.0,CALL,7.0
2026-09-11,25,845.0,CALL,5.0
2026-09-11,25,850.0,CALL,9.0
2026-09-11,25,855.0,CALL,1.0
2026-09-11,25,860.0,CALL,5.0
2026-09-11,25,865.0,CALL,14.0
2026-09-11,25,870.0,CALL,12.0
2026-09-11,25,875.0,CALL,20.0
2026-09-11,25,880.0,CALL,14.0
2026-09-11,25,885.0,CALL,22.0
2026-09-11,25,890.0,CALL,14.0
2026-09-11,25,895.0,CALL,13.0
2026-09-11,25,900.0,CALL,21.0
2026-09-11,25,905.0,CALL,54.0
2026-09-11,25,910.0,CALL,10.0
2026-09-11,25,915.0,CALL,4.0
2026-09-11,25,920.0,CALL,7.0
2026-09-11,25,925.0,CALL,3.0
2026-09-11,25,930.0,CALL,8.0
2026-09-11,25,935.0,CALL,186.0
2026-09-11,25,940.0,CALL,9.0
2026-09-11,25,945.0,CALL,36.0
2026-09-11,25,950.0,CALL,30.0
2026-09-11,25,955.0,CALL,637.0
2026-09-11,25,960.0,CALL,82.0
2026-09-11,25,965.0,CALL,48.0
2026-09-11,25,970.0,CALL,36.0
2026-09-11,25,975.0,CALL,281.0
2026-09-11,25,980.0,CALL,62.0
2026-09-11,25,985.0,CALL,505.0
2026-09-11,25,990.0,CALL,324.0
2026-09-11,25,995.0,CALL,888.0
2026-09-11,25,1000.0,CALL,195.0
2026-09-11,25,1010.0,CALL,18.0
2026-09-11,25,1020.0,CALL,1.0
2026-09-11,25,1030.0,CALL,3.0
2026-09-11,25,100.0,PUT,53.0
2026-09-11,25,110.0,PUT,109.0
2026-09-11,25,120.0,PUT,33.0
2026-09-11,25,260.0,PUT,12.0
2026-09-11,25,280.0,PUT,4.0
2026-09-11,25,300.0,PUT,248.0
2026-09-11,25,320.0,PUT,4.0
2026-09-11,25,330.0,PUT,4.0
2026-09-11,25,340.0,PUT,6.0
2026-09-11,25,350.0,PUT,6.0
2026-09-11,25,360.0,PUT,6.0
2026-09-11,25,370.0,PUT,38.0
2026-09-11,25,380.0,PUT,16.0
2026-09-11,25,390.0,PUT,11.0
2026-09-11,25,400.0,PUT,10.0
2026-09-11,25,405.0,PUT,8.0
2026-09-11,25,410.0,PUT,6.0
2026-09-11,25,415.0,PUT,13.0
2026-09-11,25,420.0,PUT,16.0
2026-09-11,25,425.0,PUT,12.0
2026-09-11,25,430.0,PUT,62.0
2026-09-11,25,435.0,PUT,5.0
2026-09-11,25,440.0,PUT,9.0
2026-09-11,25,445.0,PUT,4.0
2026-09-11,25,450.0,PUT,35.0
2026-09-11,25,455.0,PUT,30.0
2026-09-11,25,460.0,PUT,48.0
2026-09-11,25,465.0,PUT,140.0
2026-09-11,25,470.0,PUT,45.0
2026-09-11,25,475.0,PUT,11.0
2026-09-11,25,480.0,PUT,66.0
2026-09-11,25,485.0,PUT,69.0
2026-09-11,25,490.0,PUT,192.0
2026-09-11,25,495.0,PUT,227.0
2026-09-11,25,500.0,PUT,253.0
2026-09-11,25,505.0,PUT,627.0
2026-09-11,25,510.0,PUT,462.0
2026-09-11,25,515.0,PUT,140.0
2026-09-11,25,520.0,PUT,265.0
2026-09-11,25,525.0,PUT,266.0
2026-09-11,25,530.0,PUT,337.0
2026-09-11,25,535.0,PUT,740.0
2026-09-11,25,540.0,PUT,850.0
2026-09-11,25,545.0,PUT,374.0
2026-09-11,25,550.0,PUT,461.0
2026-09-11,25,555.0,PUT,213.0
2026-09-11,25,560.0,PUT,205.0
2026-09-11,25,565.0,PUT,102.0
2026-09-11,25,570.0,PUT,107.0
2026-09-11,25,575.0,PUT,252.0
2026-09-11,25,580.0,PUT,228.0
2026-09-11,25,585.0,PUT,85.0
2026-09-11,25,590.0,PUT,156.0
2026-09-11,25,595.0,PUT,48.0
2026-09-11,25,600.0,PUT,81.0
2026-09-11,25,605.0,PUT,44.0
2026-09-11,25,610.0,PUT,22.0
2026-09-11,25,615.0,PUT,31.0
2026-09-11,25,620.0,PUT,43.0
2026-09-11,25,625.0,PUT,18.0
2026-09-11,25,630.0,PUT,35.0
2026-09-11,25,635.0,PUT,0.0
2026-09-11,25,640.0,PUT,9.0
2026-09-11,25,645.0,PUT,1.0
2026-09-11,25,650.0,PUT,28.0
2026-09-11,25,655.0,PUT,10.0
2026-09-11,25,660.0,PUT,3.0
2026-09-11,25,665.0,PUT,1.0
2026-09-11,25,670.0,PUT,1.0
2026-09-11,25,680.0,PUT,3.0
2026-09-11,25,685.0,PUT,3.0
2026-09-11,25,700.0,PUT,4.0
2026-09-11,25,710.0,PUT,3.0
2026-09-11,25,790.0,PUT,0.0
2026-09-18,32,5.0,CALL,825.0
2026-09-18,32,10.0,CALL,6.0
2026-09-18,32,20.0,CALL,1.0
2026-09-18,32,30.0,CALL,0.0
2026-09-18,32,40.0,CALL,70.0
2026-09-18,32,45.0,CALL,10.0
2026-09-18,32,50.0,CALL,17.0
2026-09-18,32,60.0,CALL,4.0
2026-09-18,32,65.0,CALL,4.0
2026-09-18,32,70.0,CALL,1.0
2026-09-18,32,80.0,CALL,0.0
2026-09-18,32,100.0,CALL,118.0
2026-09-18,32,120.0,CALL,6.0
2026-09-18,32,130.0,CALL,0.0
2026-09-18,32,140.0,CALL,37.0
2026-09-18,32,280.0,CALL,1.0
2026-09-18,32,290.0,CALL,2.0
2026-09-18,32,300.0,CALL,20.0
2026-09-18,32,310.0,CALL,13.0
2026-09-18,32,320.0,CALL,99.0
2026-09-18,32,330.0,CALL,34.0
2026-09-18,32,340.0,CALL,42.0
2026-09-18,32,350.0,CALL,137.0
2026-09-18,32,360.0,CALL,41.0
2026-09-18,32,370.0,CALL,30.0
2026-09-18,32,380.0,CALL,26.0
2026-09-18,32,390.0,CALL,39.0
2026-09-18,32,400.0,CALL,235.0
2026-09-18,32,410.0,CALL,31.0
2026-09-18,32,420.0,CALL,29.0
2026-09-18,32,430.0,CALL,88.0
2026-09-18,32,435.0,CALL,5.0
2026-09-18,32,440.0,CALL,84.0
2026-09-18,32,450.0,CALL,676.0
2026-09-18,32,455.0,CALL,38.0
2026-09-18,32,460.0,CALL,59.0
2026-09-18,32,465.0,CALL,17.0
2026-09-18,32,470.0,CALL,126.0
2026-09-18,32,475.0,CALL,7.0
2026-09-18,32,480.0,CALL,133.0
2026-09-18,32,485.0,CALL,20.0
2026-09-18,32,490.0,CALL,127.0
2026-09-18,32,495.0,CALL,36.0
2026-09-18,32,500.0,CALL,537.0
2026-09-18,32,505.0,CALL,234.0
2026-09-18,32,510.0,CALL,252.0
2026-09-18,32,515.0,CALL,254.0
2026-09-18,32,520.0,CALL,465.0
2026-09-18,32,525.0,CALL,600.0
2026-09-18,32,530.0,CALL,619.0
2026-09-18,32,535.0,CALL,710.0
2026-09-18,32,540.0,CALL,1133.0
2026-09-18,32,545.0,CALL,991.0
2026-09-18,32,550.0,CALL,1281.0
2026-09-18,32,555.0,CALL,350.0
2026-09-18,32,560.0,CALL,993.0
2026-09-18,32,565.0,CALL,912.0
2026-09-18,32,570.0,CALL,1266.0
2026-09-18,32,575.0,CALL,681.0
2026-09-18,32,580.0,CALL,1989.0
2026-09-18,32,585.0,CALL,2549.0
2026-09-18,32,590.0,CALL,1880.0
2026-09-18,32,595.0,CALL,1985.0
2026-09-18,32,600.0,CALL,5123.0
2026-09-18,32,605.0,CALL,2114.0
2026-09-18,32,610.0,CALL,2115.0
2026-09-18,32,615.0,CALL,1097.0
2026-09-18,32,620.0,CALL,2301.0
2026-09-18,32,625.0,CALL,1674.0
2026-09-18,32,630.0,CALL,3376.0
2026-09-18,32,635.0,CALL,1105.0
2026-09-18,32,640.0,CALL,3077.0
2026-09-18,32,645.0,CALL,734.0
2026-09-18,32,650.0,CALL,13070.0
2026-09-18,32,655.0,CALL,4395.0
2026-09-18,32,660.0,CALL,2630.0
2026-09-18,32,665.0,CALL,3018.0
2026-09-18,32,670.0,CALL,6371.0
2026-09-18,32,675.0,CALL,3660.0
2026-09-18,32,680.0,CALL,6426.0
2026-09-18,32,685.0,CALL,1305.0
2026-09-18,32,690.0,CALL,2321.0
2026-09-18,32,695.0,CALL,1462.0
2026-09-18,32,700.0,CALL,10538.0
2026-09-18,32,705.0,CALL,2029.0
2026-09-18,32,710.0,CALL,2544.0
2026-09-18,32,715.0,CALL,1003.0
2026-09-18,32,720.0,CALL,4005.0
2026-09-18,32,725.0,CALL,1969.0
2026-09-18,32,730.0,CALL,4527.0
2026-09-18,32,735.0,CALL,1223.0
2026-09-18,32,740.0,CALL,1778.0
2026-09-18,32,745.0,CALL,324.0
2026-09-18,32,750.0,CALL,10838.0
2026-09-18,32,755.0,CALL,485.0
2026-09-18,32,760.0,CALL,3565.0
2026-09-18,32,765.0,CALL,381.0
2026-09-18,32,770.0,CALL,2430.0
2026-09-18,32,775.0,CALL,237.0
2026-09-18,32,780.0,CALL,3687.0
2026-09-18,32,785.0,CALL,87.0
2026-09-18,32,790.0,CALL,1530.0
2026-09-18,32,795.0,CALL,137.0
2026-09-18,32,800.0,CALL,5627.0
2026-09-18,32,805.0,CALL,207.0
2026-09-18,32,810.0,CALL,854.0
2026-09-18,32,815.0,CALL,259.0
2026-09-18,32,820.0,CALL,1111.0
2026-09-18,32,825.0,CALL,142.0
2026-09-18,32,830.0,CALL,477.0
2026-09-18,32,835.0,CALL,452.0
2026-09-18,32,840.0,CALL,375.0
2026-09-18,32,845.0,CALL,29.0
2026-09-18,32,850.0,CALL,11054.0
2026-09-18,32,855.0,CALL,166.0
2026-09-18,32,860.0,CALL,529.0
2026-09-18,32,865.0,CALL,93.0
2026-09-18,32,870.0,CALL,391.0
2026-09-18,32,875.0,CALL,163.0
2026-09-18,32,880.0,CALL,446.0
2026-09-18,32,885.0,CALL,42.0
2026-09-18,32,890.0,CALL,512.0
2026-09-18,32,895.0,CALL,72.0
2026-09-18,32,900.0,CALL,3686.0
2026-09-18,32,905.0,CALL,33.0
2026-09-18,32,910.0,CALL,378.0
2026-09-18,32,915.0,CALL,50.0
2026-09-18,32,920.0,CALL,367.0
2026-09-18,32,925.0,CALL,8.0
2026-09-18,32,930.0,CALL,487.0
2026-09-18,32,935.0,CALL,4.0
2026-09-18,32,940.0,CALL,370.0
2026-09-18,32,945.0,CALL,15.0
2026-09-18,32,950.0,CALL,1365.0
2026-09-18,32,955.0,CALL,73.0
2026-09-18,32,960.0,CALL,374.0
2026-09-18,32,965.0,CALL,75.0
2026-09-18,32,970.0,CALL,121.0
2026-09-18,32,975.0,CALL,25.0
2026-09-18,32,980.0,CALL,314.0
2026-09-18,32,985.0,CALL,39.0
2026-09-18,32,990.0,CALL,1105.0
2026-09-18,32,995.0,CALL,28.0
2026-09-18,32,1000.0,CALL,2588.0
2026-09-18,32,1010.0,CALL,3236.0
2026-09-18,32,1020.0,CALL,289.0
2026-09-18,32,1030.0,CALL,120.0
2026-09-18,32,1040.0,CALL,221.0
2026-09-18,32,1050.0,CALL,332.0
2026-09-18,32,1060.0,CALL,638.0
2026-09-18,32,1070.0,CALL,109.0
2026-09-18,32,1080.0,CALL,512.0
2026-09-18,32,1090.0,CALL,1880.0
2026-09-18,32,1100.0,CALL,2065.0
2026-09-18,32,1110.0,CALL,300.0
2026-09-18,32,1120.0,CALL,231.0
2026-09-18,32,1130.0,CALL,527.0
2026-09-18,32,1140.0,CALL,194.0
2026-09-18,32,1150.0,CALL,213.0
2026-09-18,32,1160.0,CALL,443.0
2026-09-18,32,1170.0,CALL,375.0
2026-09-18,32,1180.0,CALL,144.0
2026-09-18,32,1190.0,CALL,489.0
2026-09-18,32,1200.0,CALL,381.0
2026-09-18,32,1210.0,CALL,1555.0
2026-09-18,32,1220.0,CALL,523.0
2026-09-18,32,1230.0,CALL,46.0
2026-09-18,32,1240.0,CALL,182.0
2026-09-18,32,1250.0,CALL,275.0
2026-09-18,32,1260.0,CALL,312.0
2026-09-18,32,1270.0,CALL,298.0
2026-09-18,32,1280.0,CALL,293.0
2026-09-18,32,1290.0,CALL,282.0
2026-09-18,32,1300.0,CALL,2304.0
2026-09-18,32,1310.0,CALL,324.0
2026-09-18,32,1320.0,CALL,868.0
2026-09-18,32,1330.0,CALL,723.0
2026-09-18,32,1340.0,CALL,1587.0
2026-09-18,32,1350.0,CALL,745.0
2026-09-18,32,1360.0,CALL,280.0
2026-09-18,32,1370.0,CALL,877.0
2026-09-18,32,1380.0,CALL,369.0
2026-09-18,32,1390.0,CALL,891.0
2026-09-18,32,1400.0,CALL,933.0
2026-09-18,32,1410.0,CALL,1961.0
2026-09-18,32,1420.0,CALL,1721.0
2026-09-18,32,1430.0,CALL,1430.0
2026-09-18,32,1440.0,CALL,2784.0
2026-09-18,32,1450.0,CALL,1836.0
2026-09-18,32,1460.0,CALL,557.0
2026-09-18,32,1470.0,CALL,192.0
2026-09-18,32,1480.0,CALL,11084.0
2026-09-18,32,5.0,PUT,0.0
2026-09-18,32,10.0,PUT,194.0
2026-09-18,32,15.0,PUT,501.0
2026-09-18,32,20.0,PUT,297.0
2026-09-18,32,25.0,PUT,3.0
2026-09-18,32,30.0,PUT,37.0
2026-09-18,32,35.0,PUT,49.0
2026-09-18,32,40.0,PUT,992.0
2026-09-18,32,45.0,PUT,852.0
2026-09-18,32,50.0,PUT,224.0
2026-09-18,32,55.0,PUT,2710.0
2026-09-18,32,60.0,PUT,727.0
2026-09-18,32,65.0,PUT,3387.0
2026-09-18,32,70.0,PUT,4675.0
2026-09-18,32,75.0,PUT,3722.0
2026-09-18,32,80.0,PUT,5576.0
2026-09-18,32,85.0,PUT,3770.0
2026-09-18,32,90.0,PUT,5633.0
2026-09-18,32,95.0,PUT,6838.0
2026-09-18,32,100.0,PUT,4879.0
2026-09-18,32,120.0,PUT,5980.0
2026-09-18,32,130.0,PUT,1513.0
2026-09-18,32,140.0,PUT,30585.0
2026-09-18,32,280.0,PUT,623.0
2026-09-18,32,290.0,PUT,253.0
2026-09-18,32,300.0,PUT,3418.0
2026-09-18,32,310.0,PUT,1666.0
2026-09-18,32,320.0,PUT,774.0
2026-09-18,32,330.0,PUT,358.0
2026-09-18,32,340.0,PUT,928.0
2026-09-18,32,350.0,PUT,1971.0
2026-09-18,32,360.0,PUT,705.0
2026-09-18,32,370.0,PUT,180.0
2026-09-18,32,375.0,PUT,147.0
2026-09-18,32,380.0,PUT,532.0
2026-09-18,32,385.0,PUT,276.0
2026-09-18,32,390.0,PUT,1497.0
2026-09-18,32,395.0,PUT,137.0
2026-09-18,32,400.0,PUT,1746.0
2026-09-18,32,405.0,PUT,187.0
2026-09-18,32,410.0,PUT,1016.0
2026-09-18,32,415.0,PUT,88.0
2026-09-18,32,420.0,PUT,512.0
2026-09-18,32,425.0,PUT,167.0
2026-09-18,32,430.0,PUT,1682.0
2026-09-18,32,435.0,PUT,181.0
2026-09-18,32,440.0,PUT,2563.0
2026-09-18,32,445.0,PUT,185.0
2026-09-18,32,450.0,PUT,4745.0
2026-09-18,32,455.0,PUT,293.0
2026-09-18,32,460.0,PUT,6857.0
2026-09-18,32,465.0,PUT,491.0
2026-09-18,32,470.0,PUT,2855.0
2026-09-18,32,475.0,PUT,452.0
2026-09-18,32,480.0,PUT,2370.0
2026-09-18,32,485.0,PUT,466.0
2026-09-18,32,490.0,PUT,4460.0
2026-09-18,32,495.0,PUT,374.0
2026-09-18,32,500.0,PUT,7492.0
2026-09-18,32,505.0,PUT,809.0
2026-09-18,32,510.0,PUT,3968.0
2026-09-18,32,515.0,PUT,1005.0
2026-09-18,32,520.0,PUT,4218.0
2026-09-18,32,525.0,PUT,910.0
2026-09-18,32,530.0,PUT,3952.0
2026-09-18,32,535.0,PUT,2187.0
2026-09-18,32,540.0,PUT,4193.0
2026-09-18,32,545.0,PUT,1713.0
2026-09-18,32,550.0,PUT,11470.0
2026-09-18,32,555.0,PUT,1236.0
2026-09-18,32,560.0,PUT,3149.0
2026-09-18,32,565.0,PUT,946.0
2026-09-18,32,570.0,PUT,3256.0
2026-09-18,32,575.0,PUT,1445.0
2026-09-18,32,580.0,PUT,4859.0
2026-09-18,32,585.0,PUT,1435.0
2026-09-18,32,590.0,PUT,2641.0
2026-09-18,32,595.0,PUT,1393.0
2026-09-18,32,600.0,PUT,5490.0
2026-09-18,32,605.0,PUT,1027.0
2026-09-18,32,610.0,PUT,3267.0
2026-09-18,32,615.0,PUT,1066.0
2026-09-18,32,620.0,PUT,3219.0
2026-09-18,32,625.0,PUT,521.0
2026-09-18,32,630.0,PUT,2376.0
2026-09-18,32,635.0,PUT,442.0
2026-09-18,32,640.0,PUT,1274.0
2026-09-18,32,645.0,PUT,748.0
2026-09-18,32,650.0,PUT,3946.0
2026-09-18,32,655.0,PUT,310.0
2026-09-18,32,660.0,PUT,929.0
2026-09-18,32,665.0,PUT,522.0
2026-09-18,32,670.0,PUT,3368.0
2026-09-18,32,675.0,PUT,449.0
2026-09-18,32,680.0,PUT,950.0
2026-09-18,32,685.0,PUT,171.0
2026-09-18,32,690.0,PUT,971.0
2026-09-18,32,695.0,PUT,111.0
2026-09-18,32,700.0,PUT,1947.0
2026-09-18,32,705.0,PUT,62.0
2026-09-18,32,710.0,PUT,438.0
2026-09-18,32,715.0,PUT,62.0
2026-09-18,32,720.0,PUT,363.0
2026-09-18,32,725.0,PUT,21.0
2026-09-18,32,730.0,PUT,873.0
2026-09-18,32,735.0,PUT,0.0
2026-09-18,32,740.0,PUT,13.0
2026-09-18,32,745.0,PUT,1.0
2026-09-18,32,750.0,PUT,58.0
2026-09-18,32,755.0,PUT,0.0
2026-09-18,32,760.0,PUT,28.0
2026-09-18,32,765.0,PUT,0.0
2026-09-18,32,770.0,PUT,40.0
2026-09-18,32,775.0,PUT,0.0
2026-09-18,32,780.0,PUT,37.0
2026-09-18,32,785.0,PUT,0.0
2026-09-18,32,790.0,PUT,296.0
2026-09-18,32,795.0,PUT,0.0
2026-09-18,32,800.0,PUT,8.0
2026-09-18,32,810.0,PUT,6.0
2026-09-18,32,820.0,PUT,141.0
2026-09-18,32,830.0,PUT,1.0
2026-09-18,32,840.0,PUT,0.0
2026-09-18,32,850.0,PUT,0.0
2026-09-18,32,860.0,PUT,0.0
2026-09-18,32,870.0,PUT,0.0
2026-09-18,32,880.0,PUT,0.0
2026-09-18,32,890.0,PUT,0.0
2026-09-18,32,900.0,PUT,0.0
2026-09-18,32,910.0,PUT,0.0
2026-09-18,32,920.0,PUT,0.0
2026-09-18,32,930.0,PUT,15.0
2026-09-18,32,940.0,PUT,0.0
2026-09-18,32,950.0,PUT,0.0
2026-09-18,32,960.0,PUT,0.0
2026-09-18,32,970.0,PUT,0.0
2026-09-18,32,980.0,PUT,0.0
2026-09-18,32,1000.0,PUT,0.0
2026-09-18,32,1020.0,PUT,0.0
2026-09-18,32,1040.0,PUT,0.0
2026-09-18,32,1060.0,PUT,0.0
2026-09-18,32,1080.0,PUT,10.0
2026-09-18,32,1100.0,PUT,0.0
2026-09-18,32,1120.0,PUT,0.0
2026-09-18,32,1140.0,PUT,0.0
2026-09-18,32,1160.0,PUT,0.0
2026-09-25,39,260.0,CALL,2.0
2026-09-25,39,450.0,CALL,3.0
2026-09-25,39,470.0,CALL,2.0
2026-09-25,39,475.0,CALL,1.0
2026-09-25,39,495.0,CALL,6.0
2026-09-25,39,500.0,CALL,3.0
2026-09-25,39,505.0,CALL,1.0
2026-09-25,39,510.0,CALL,1.0
2026-09-25,39,520.0,CALL,10.0
2026-09-25,39,525.0,CALL,1.0
2026-09-25,39,530.0,CALL,18.0
2026-09-25,39,535.0,CALL,11.0
2026-09-25,39,540.0,CALL,5.0
2026-09-25,39,545.0,CALL,1.0
2026-09-25,39,550.0,CALL,12.0
2026-09-25,39,555.0,CALL,6.0
2026-09-25,39,560.0,CALL,3.0
2026-09-25,39,565.0,CALL,14.0
2026-09-25,39,570.0,CALL,12.0
2026-09-25,39,575.0,CALL,30.0
2026-09-25,39,580.0,CALL,65.0
2026-09-25,39,585.0,CALL,259.0
2026-09-25,39,590.0,CALL,194.0
2026-09-25,39,595.0,CALL,149.0
2026-09-25,39,600.0,CALL,242.0
2026-09-25,39,605.0,CALL,105.0
2026-09-25,39,610.0,CALL,170.0
2026-09-25,39,615.0,CALL,156.0
2026-09-25,39,620.0,CALL,86.0
2026-09-25,39,625.0,CALL,157.0
2026-09-25,39,630.0,CALL,77.0
2026-09-25,39,635.0,CALL,73.0
2026-09-25,39,640.0,CALL,313.0
2026-09-25,39,645.0,CALL,39.0
2026-09-25,39,650.0,CALL,107.0
2026-09-25,39,655.0,CALL,523.0
2026-09-25,39,660.0,CALL,78.0
2026-09-25,39,665.0,CALL,60.0
2026-09-25,39,670.0,CALL,68.0
2026-09-25,39,675.0,CALL,36.0
2026-09-25,39,680.0,CALL,200.0
2026-09-25,39,685.0,CALL,49.0
2026-09-25,39,690.0,CALL,115.0
2026-09-25,39,695.0,CALL,13.0
2026-09-25,39,700.0,CALL,166.0
2026-09-25,39,705.0,CALL,27.0
2026-09-25,39,710.0,CALL,40.0
2026-09-25,39,715.0,CALL,6.0
2026-09-25,39,720.0,CALL,14.0
2026-09-25,39,725.0,CALL,261.0
2026-09-25,39,730.0,CALL,3.0
2026-09-25,39,735.0,CALL,6.0
2026-09-25,39,740.0,CALL,62.0
2026-09-25,39,745.0,CALL,5.0
2026-09-25,39,750.0,CALL,37.0
2026-09-25,39,755.0,CALL,17.0
2026-09-25,39,760.0,CALL,5.0
2026-09-25,39,765.0,CALL,9.0
2026-09-25,39,770.0,CALL,6.0
2026-09-25,39,775.0,CALL,2.0
2026-09-25,39,780.0,CALL,2.0
2026-09-25,39,785.0,CALL,6.0
2026-09-25,39,790.0,CALL,2.0
2026-09-25,39,795.0,CALL,4.0
2026-09-25,39,800.0,CALL,79.0
2026-09-25,39,805.0,CALL,5.0
2026-09-25,39,810.0,CALL,2.0
2026-09-25,39,815.0,CALL,6.0
2026-09-25,39,820.0,CALL,1.0
2026-09-25,39,825.0,CALL,4.0
2026-09-25,39,830.0,CALL,7.0
2026-09-25,39,835.0,CALL,4.0
2026-09-25,39,840.0,CALL,47.0
2026-09-25,39,845.0,CALL,2.0
2026-09-25,39,850.0,CALL,8.0
2026-09-25,39,855.0,CALL,6.0
2026-09-25,39,860.0,CALL,7.0
2026-09-25,39,865.0,CALL,5.0
2026-09-25,39,870.0,CALL,2.0
2026-09-25,39,875.0,CALL,5.0
2026-09-25,39,880.0,CALL,12.0
2026-09-25,39,885.0,CALL,4.0
2026-09-25,39,890.0,CALL,7.0
2026-09-25,39,895.0,CALL,9.0
2026-09-25,39,900.0,CALL,11.0
2026-09-25,39,905.0,CALL,5.0
2026-09-25,39,910.0,CALL,2.0
2026-09-25,39,915.0,CALL,4.0
2026-09-25,39,920.0,CALL,5.0
2026-09-25,39,925.0,CALL,5.0
2026-09-25,39,930.0,CALL,2.0
2026-09-25,39,935.0,CALL,6.0
2026-09-25,39,940.0,CALL,24.0
2026-09-25,39,945.0,CALL,6.0
2026-09-25,39,950.0,CALL,4.0
2026-09-25,39,955.0,CALL,6.0
2026-09-25,39,960.0,CALL,5.0
2026-09-25,39,965.0,CALL,15.0
2026-09-25,39,970.0,CALL,8.0
2026-09-25,39,975.0,CALL,4.0
2026-09-25,39,980.0,CALL,6.0
2026-09-25,39,985.0,CALL,15.0
2026-09-25,39,990.0,CALL,6.0
2026-09-25,39,995.0,CALL,25.0
2026-09-25,39,1000.0,CALL,21.0
2026-09-25,39,1010.0,CALL,30.0
2026-09-25,39,1020.0,CALL,28.0
2026-09-25,39,1030.0,CALL,10.0
2026-09-25,39,1040.0,CALL,10.0
2026-09-25,39,1050.0,CALL,10.0
2026-09-25,39,1060.0,CALL,8.0
2026-09-25,39,1070.0,CALL,11.0
2026-09-25,39,200.0,PUT,118.0
2026-09-25,39,210.0,PUT,83.0
2026-09-25,39,220.0,PUT,36.0
2026-09-25,39,230.0,PUT,26.0
2026-09-25,39,240.0,PUT,16.0
2026-09-25,39,250.0,PUT,45.0
2026-09-25,39,270.0,PUT,1.0
2026-09-25,39,300.0,PUT,101.0
2026-09-25,39,340.0,PUT,2.0
2026-09-25,39,350.0,PUT,1.0
2026-09-25,39,360.0,PUT,6.0
2026-09-25,39,370.0,PUT,2.0
2026-09-25,39,380.0,PUT,1.0
2026-09-25,39,390.0,PUT,1.0
2026-09-25,39,400.0,PUT,12.0
2026-09-25,39,405.0,PUT,11.0
2026-09-25,39,410.0,PUT,9.0
2026-09-25,39,415.0,PUT,3.0
2026-09-25,39,420.0,PUT,2.0
2026-09-25,39,425.0,PUT,14.0
2026-09-25,39,430.0,PUT,1.0
2026-09-25,39,435.0,PUT,4.0
2026-09-25,39,440.0,PUT,2.0
2026-09-25,39,445.0,PUT,6.0
2026-09-25,39,450.0,PUT,14.0
2026-09-25,39,460.0,PUT,5.0
2026-09-25,39,465.0,PUT,13.0
2026-09-25,39,470.0,PUT,4.0
2026-09-25,39,475.0,PUT,137.0
2026-09-25,39,480.0,PUT,64.0
2026-09-25,39,485.0,PUT,9.0
2026-09-25,39,490.0,PUT,75.0
2026-09-25,39,495.0,PUT,97.0
2026-09-25,39,500.0,PUT,99.0
2026-09-25,39,505.0,PUT,38.0
2026-09-25,39,510.0,PUT,139.0
2026-09-25,39,515.0,PUT,77.0
2026-09-25,39,520.0,PUT,2322.0
2026-09-25,39,525.0,PUT,266.0
2026-09-25,39,530.0,PUT,368.0
2026-09-25,39,535.0,PUT,191.0
2026-09-25,39,540.0,PUT,255.0
2026-09-25,39,545.0,PUT,109.0
2026-09-25,39,550.0,PUT,343.0
2026-09-25,39,555.0,PUT,149.0
2026-09-25,39,560.0,PUT,243.0
2026-09-25,39,565.0,PUT,86.0
2026-09-25,39,570.0,PUT,116.0
2026-09-25,39,575.0,PUT,83.0
2026-09-25,39,580.0,PUT,66.0
2026-09-25,39,585.0,PUT,224.0
2026-09-25,39,590.0,PUT,624.0
2026-09-25,39,595.0,PUT,97.0
2026-09-25,39,600.0,PUT,84.0
2026-09-25,39,605.0,PUT,7.0
2026-09-25,39,610.0,PUT,9.0
2026-09-25,39,615.0,PUT,8.0
2026-09-25,39,620.0,PUT,72.0
2026-09-25,39,625.0,PUT,3.0
2026-09-25,39,630.0,PUT,9.0
2026-09-25,39,635.0,PUT,12.0
2026-09-25,39,640.0,PUT,5.0
2026-09-25,39,645.0,PUT,17.0
2026-09-25,39,650.0,PUT,9.0
2026-09-25,39,655.0,PUT,45.0
2026-09-25,39,660.0,PUT,10.0
2026-09-25,39,665.0,PUT,53.0
2026-09-25,39,670.0,PUT,53.0
2026-09-25,39,675.0,PUT,2.0
2026-09-25,39,680.0,PUT,1.0
2026-09-25,39,685.0,PUT,2.0
2026-09-25,39,690.0,PUT,7.0
2026-09-25,39,695.0,PUT,7.0
2026-09-25,39,700.0,PUT,17.0
2026-09-25,39,705.0,PUT,2.0
2026-09-25,39,715.0,PUT,9.0
2026-09-25,39,720.0,PUT,5.0
2026-09-25,39,725.0,PUT,0.0
2026-10-02,46,505.0,CALL,1.0
2026-10-02,46,555.0,CALL,2.0
2026-10-02,46,560.0,CALL,15.0
2026-10-02,46,570.0,CALL,17.0
2026-10-02,46,575.0,CALL,1.0
2026-10-02,46,580.0,CALL,25.0
2026-10-02,46,585.0,CALL,1.0
2026-10-02,46,590.0,CALL,14.0
2026-10-02,46,595.0,CALL,6.0
2026-10-02,46,600.0,CALL,52.0
2026-10-02,46,605.0,CALL,2.0
2026-10-02,46,610.0,CALL,14.0
2026-10-02,46,620.0,CALL,2.0
2026-10-02,46,625.0,CALL,6.0
2026-10-02,46,630.0,CALL,22.0
2026-10-02,46,650.0,CALL,4.0
2026-10-02,46,660.0,CALL,1.0
2026-10-02,46,665.0,CALL,2.0
2026-10-02,46,670.0,CALL,1.0
2026-10-02,46,685.0,CALL,2.0
2026-10-02,46,700.0,CALL,1.0
2026-10-02,46,710.0,CALL,10.0
2026-10-02,46,720.0,CALL,1.0
2026-10-02,46,300.0,PUT,100.0
2026-10-02,46,455.0,PUT,2.0
2026-10-02,46,470.0,PUT,2.0
2026-10-02,46,475.0,PUT,120.0
2026-10-02,46,495.0,PUT,5.0
2026-10-02,46,500.0,PUT,11.0
2026-10-02,46,505.0,PUT,3.0
2026-10-02,46,510.0,PUT,14.0
2026-10-02,46,515.0,PUT,2.0
2026-10-02,46,520.0,PUT,31.0
2026-10-02,46,525.0,PUT,14.0
2026-10-02,46,530.0,PUT,8.0
2026-10-02,46,540.0,PUT,11.0
2026-10-02,46,545.0,PUT,3.0
2026-10-02,46,550.0,PUT,39.0
2026-10-02,46,560.0,PUT,37.0
2026-10-02,46,565.0,PUT,3.0
2026-10-02,46,570.0,PUT,2.0
2026-10-02,46,575.0,PUT,2.0
2026-10-02,46,580.0,PUT,2.0
2026-10-02,46,585.0,PUT,2.0
2026-10-02,46,595.0,PUT,1.0
2026-10-02,46,600.0,PUT,4.0
2026-10-02,46,605.0,PUT,1.0
2026-10-02,46,610.0,PUT,5.0
2026-10-02,46,635.0,PUT,1.0
2026-10-02,46,640.0,PUT,1.0
2026-10-02,46,645.0,PUT,2.0
2026-10-02,46,650.0,PUT,34.0
2026-10-02,46,690.0,PUT,11.0
2026-10-02,46,695.0,PUT,5.0
2026-10-02,46,700.0,PUT,31.0
2026-10-16,60,270.0,CALL,2.0
2026-10-16,60,280.0,CALL,1.0
2026-10-16,60,300.0,CALL,32.0
2026-10-16,60,310.0,CALL,2.0
2026-10-16,60,320.0,CALL,2.0
2026-10-16,60,350.0,CALL,10.0
2026-10-16,60,360.0,CALL,0.0
2026-10-16,60,370.0,CALL,2.0
2026-10-16,60,390.0,CALL,2.0
2026-10-16,60,400.0,CALL,11.0
2026-10-16,60,410.0,CALL,10.0
2026-10-16,60,420.0,CALL,7.0
2026-10-16,60,425.0,CALL,1.0
2026-10-16,60,430.0,CALL,20.0
2026-10-16,60,435.0,CALL,24.0
2026-10-16,60,440.0,CALL,29.0
2026-10-16,60,445.0,CALL,27.0
2026-10-16,60,450.0,CALL,684.0
2026-10-16,60,455.0,CALL,23.0
2026-10-16,60,460.0,CALL,8.0
2026-10-16,60,465.0,CALL,16.0
2026-10-16,60,470.0,CALL,25.0
2026-10-16,60,475.0,CALL,8.0
2026-10-16,60,480.0,CALL,200.0
2026-10-16,60,485.0,CALL,8.0
2026-10-16,60,490.0,CALL,54.0
2026-10-16,60,495.0,CALL,28.0
2026-10-16,60,500.0,CALL,563.0
2026-10-16,60,505.0,CALL,26.0
2026-10-16,60,510.0,CALL,68.0
2026-10-16,60,515.0,CALL,59.0
2026-10-16,60,520.0,CALL,271.0
2026-10-16,60,525.0,CALL,109.0
2026-10-16,60,530.0,CALL,329.0
2026-10-16,60,535.0,CALL,207.0
2026-10-16,60,540.0,CALL,275.0
2026-10-16,60,545.0,CALL,112.0
2026-10-16,60,550.0,CALL,1007.0
2026-10-16,60,555.0,CALL,142.0
2026-10-16,60,560.0,CALL,391.0
2026-10-16,60,565.0,CALL,132.0
2026-10-16,60,570.0,CALL,1252.0
2026-10-16,60,575.0,CALL,782.0
2026-10-16,60,580.0,CALL,1181.0
2026-10-16,60,585.0,CALL,3610.0
2026-10-16,60,590.0,CALL,1344.0
2026-10-16,60,595.0,CALL,868.0
2026-10-16,60,600.0,CALL,7117.0
2026-10-16,60,605.0,CALL,347.0
2026-10-16,60,610.0,CALL,1166.0
2026-10-16,60,615.0,CALL,436.0
2026-10-16,60,620.0,CALL,3498.0
2026-10-16,60,625.0,CALL,378.0
2026-10-16,60,630.0,CALL,1920.0
2026-10-16,60,635.0,CALL,441.0
2026-10-16,60,640.0,CALL,1079.0
2026-10-16,60,645.0,CALL,417.0
2026-10-16,60,650.0,CALL,3561.0
2026-10-16,60,655.0,CALL,104.0
2026-10-16,60,660.0,CALL,1808.0
2026-10-16,60,665.0,CALL,104.0
2026-10-16,60,670.0,CALL,1652.0
2026-10-16,60,675.0,CALL,612.0
2026-10-16,60,680.0,CALL,2213.0
2026-10-16,60,685.0,CALL,142.0
2026-10-16,60,690.0,CALL,2272.0
2026-10-16,60,695.0,CALL,2024.0
2026-10-16,60,700.0,CALL,5359.0
2026-10-16,60,705.0,CALL,1090.0
2026-10-16,60,710.0,CALL,2303.0
2026-10-16,60,715.0,CALL,169.0
2026-10-16,60,720.0,CALL,2069.0
2026-10-16,60,725.0,CALL,199.0
2026-10-16,60,730.0,CALL,1522.0
2026-10-16,60,735.0,CALL,72.0
2026-10-16,60,740.0,CALL,2006.0
2026-10-16,60,745.0,CALL,94.0
2026-10-16,60,750.0,CALL,5130.0
2026-10-16,60,755.0,CALL,2918.0
2026-10-16,60,760.0,CALL,4863.0
2026-10-16,60,765.0,CALL,4632.0
2026-10-16,60,770.0,CALL,3494.0
2026-10-16,60,775.0,CALL,5059.0
2026-10-16,60,780.0,CALL,5804.0
2026-10-16,60,785.0,CALL,76.0
2026-10-16,60,790.0,CALL,2110.0
2026-10-16,60,795.0,CALL,45.0
2026-10-16,60,800.0,CALL,3227.0
2026-10-16,60,805.0,CALL,2930.0
2026-10-16,60,810.0,CALL,2711.0
2026-10-16,60,815.0,CALL,4743.0
2026-10-16,60,820.0,CALL,2784.0
2026-10-16,60,825.0,CALL,4658.0
2026-10-16,60,830.0,CALL,6113.0
2026-10-16,60,835.0,CALL,32.0
2026-10-16,60,840.0,CALL,864.0
2026-10-16,60,845.0,CALL,10.0
2026-10-16,60,850.0,CALL,1459.0
2026-10-16,60,855.0,CALL,30.0
2026-10-16,60,860.0,CALL,962.0
2026-10-16,60,865.0,CALL,12.0
2026-10-16,60,870.0,CALL,1023.0
2026-10-16,60,875.0,CALL,5.0
2026-10-16,60,880.0,CALL,197.0
2026-10-16,60,885.0,CALL,6.0
2026-10-16,60,890.0,CALL,207.0
2026-10-16,60,895.0,CALL,15.0
2026-10-16,60,900.0,CALL,2954.0
2026-10-16,60,905.0,CALL,14.0
2026-10-16,60,910.0,CALL,207.0
2026-10-16,60,915.0,CALL,50.0
2026-10-16,60,920.0,CALL,98.0
2026-10-16,60,925.0,CALL,9.0
2026-10-16,60,930.0,CALL,222.0
2026-10-16,60,935.0,CALL,4.0
2026-10-16,60,940.0,CALL,93.0
2026-10-16,60,945.0,CALL,4.0
2026-10-16,60,950.0,CALL,680.0
2026-10-16,60,955.0,CALL,1.0
2026-10-16,60,960.0,CALL,65.0
2026-10-16,60,965.0,CALL,21.0
2026-10-16,60,970.0,CALL,89.0
2026-10-16,60,975.0,CALL,2.0
2026-10-16,60,980.0,CALL,133.0
2026-10-16,60,990.0,CALL,119.0
2026-10-16,60,1000.0,CALL,612.0
2026-10-16,60,1010.0,CALL,56.0
2026-10-16,60,1020.0,CALL,29.0
2026-10-16,60,1030.0,CALL,54.0
2026-10-16,60,1040.0,CALL,138.0
2026-10-16,60,1050.0,CALL,101.0
2026-10-16,60,1060.0,CALL,85.0
2026-10-16,60,1070.0,CALL,37.0
2026-10-16,60,1080.0,CALL,412.0
2026-10-16,60,1090.0,CALL,34.0
2026-10-16,60,1100.0,CALL,458.0
2026-10-16,60,1110.0,CALL,66.0
2026-10-16,60,1120.0,CALL,25.0
2026-10-16,60,1130.0,CALL,178.0
2026-10-16,60,1140.0,CALL,13.0
2026-10-16,60,1150.0,CALL,24.0
2026-10-16,60,1160.0,CALL,14.0
2026-10-16,60,1170.0,CALL,40.0
2026-10-16,60,1180.0,CALL,167.0
2026-10-16,60,1190.0,CALL,92.0
2026-10-16,60,1200.0,CALL,83.0
2026-10-16,60,1210.0,CALL,41.0
2026-10-16,60,1220.0,CALL,29.0
2026-10-16,60,1230.0,CALL,53.0
2026-10-16,60,1240.0,CALL,69.0
2026-10-16,60,1250.0,CALL,237.0
2026-10-16,60,270.0,PUT,329.0
2026-10-16,60,280.0,PUT,178.0
2026-10-16,60,290.0,PUT,125.0
2026-10-16,60,300.0,PUT,225.0
2026-10-16,60,310.0,PUT,302.0
2026-10-16,60,320.0,PUT,174.0
2026-10-16,60,330.0,PUT,169.0
2026-10-16,60,340.0,PUT,129.0
2026-10-16,60,350.0,PUT,215.0
2026-10-16,60,360.0,PUT,248.0
2026-10-16,60,370.0,PUT,179.0
2026-10-16,60,380.0,PUT,200.0
2026-10-16,60,390.0,PUT,592.0
2026-10-16,60,400.0,PUT,468.0
2026-10-16,60,405.0,PUT,55.0
2026-10-16,60,410.0,PUT,349.0
2026-10-16,60,415.0,PUT,87.0
2026-10-16,60,420.0,PUT,259.0
2026-10-16,60,425.0,PUT,107.0
2026-10-16,60,430.0,PUT,356.0
2026-10-16,60,435.0,PUT,51.0
2026-10-16,60,440.0,PUT,697.0
2026-10-16,60,445.0,PUT,61.0
2026-10-16,60,450.0,PUT,2446.0
2026-10-16,60,455.0,PUT,361.0
2026-10-16,60,460.0,PUT,1035.0
2026-10-16,60,465.0,PUT,586.0
2026-10-16,60,470.0,PUT,1050.0
2026-10-16,60,475.0,PUT,705.0
2026-10-16,60,480.0,PUT,1062.0
2026-10-16,60,485.0,PUT,2236.0
2026-10-16,60,490.0,PUT,1099.0
2026-10-16,60,495.0,PUT,642.0
2026-10-16,60,500.0,PUT,2162.0
2026-10-16,60,505.0,PUT,523.0
2026-10-16,60,510.0,PUT,1167.0
2026-10-16,60,515.0,PUT,616.0
2026-10-16,60,520.0,PUT,1980.0
2026-10-16,60,525.0,PUT,456.0
2026-10-16,60,530.0,PUT,1563.0
2026-10-16,60,535.0,PUT,666.0
2026-10-16,60,540.0,PUT,1795.0
2026-10-16,60,545.0,PUT,811.0
2026-10-16,60,550.0,PUT,6169.0
2026-10-16,60,555.0,PUT,236.0
2026-10-16,60,560.0,PUT,1905.0
2026-10-16,60,565.0,PUT,121.0
2026-10-16,60,570.0,PUT,1302.0
2026-10-16,60,575.0,PUT,293.0
2026-10-16,60,580.0,PUT,1274.0
2026-10-16,60,585.0,PUT,3131.0
2026-10-16,60,590.0,PUT,1289.0
2026-10-16,60,595.0,PUT,121.0
2026-10-16,60,600.0,PUT,4596.0
2026-10-16,60,605.0,PUT,82.0
2026-10-16,60,610.0,PUT,702.0
2026-10-16,60,615.0,PUT,82.0
2026-10-16,60,620.0,PUT,745.0
2026-10-16,60,625.0,PUT,77.0
2026-10-16,60,630.0,PUT,453.0
2026-10-16,60,635.0,PUT,24.0
2026-10-16,60,640.0,PUT,505.0
2026-10-16,60,645.0,PUT,54.0
2026-10-16,60,650.0,PUT,621.0
2026-10-16,60,655.0,PUT,10.0
2026-10-16,60,660.0,PUT,589.0
2026-10-16,60,665.0,PUT,57.0
2026-10-16,60,670.0,PUT,335.0
2026-10-16,60,675.0,PUT,7.0
2026-10-16,60,680.0,PUT,234.0
2026-10-16,60,685.0,PUT,14.0
2026-10-16,60,690.0,PUT,162.0
2026-10-16,60,695.0,PUT,36.0
2026-10-16,60,700.0,PUT,543.0
2026-10-16,60,705.0,PUT,3.0
2026-10-16,60,710.0,PUT,68.0
2026-10-16,60,715.0,PUT,6.0
2026-10-16,60,720.0,PUT,294.0
2026-10-16,60,725.0,PUT,2.0
2026-10-16,60,730.0,PUT,14.0
2026-10-16,60,740.0,PUT,215.0
2026-10-16,60,745.0,PUT,16.0
2026-10-16,60,750.0,PUT,342.0
2026-10-16,60,760.0,PUT,181.0
2026-10-16,60,770.0,PUT,4.0
2026-10-16,60,780.0,PUT,50.0
2026-10-16,60,790.0,PUT,32.0
2026-10-16,60,800.0,PUT,0.0
2026-10-16,60,810.0,PUT,0.0
2026-10-16,60,820.0,PUT,0.0
2026-10-16,60,830.0,PUT,0.0
2026-10-16,60,850.0,PUT,0.0
2026-10-16,60,860.0,PUT,5.0
2026-10-16,60,890.0,PUT,0.0
2026-10-16,60,900.0,PUT,0.0
2026-10-16,60,910.0,PUT,0.0
2026-10-16,60,920.0,PUT,0.0
2026-10-16,60,930.0,PUT,0.0
2026-10-16,60,950.0,PUT,0.0
2026-10-16,60,960.0,PUT,0.0
2026-10-16,60,970.0,PUT,0.0
2026-10-16,60,980.0,PUT,0.0
2026-10-16,60,990.0,PUT,0.0
2026-11-20,95,5.0,CALL,1354.0
2026-11-20,95,10.0,CALL,0.0
2026-11-20,95,15.0,CALL,0.0
2026-11-20,95,20.0,CALL,0.0
2026-11-20,95,25.0,CALL,14.0
2026-11-20,95,30.0,CALL,0.0
2026-11-20,95,35.0,CALL,0.0
2026-11-20,95,40.0,CALL,0.0
2026-11-20,95,45.0,CALL,0.0
2026-11-20,95,50.0,CALL,0.0
2026-11-20,95,250.0,CALL,85.0
2026-11-20,95,260.0,CALL,4.0
2026-11-20,95,290.0,CALL,2.0
2026-11-20,95,300.0,CALL,4.0
2026-11-20,95,310.0,CALL,3.0
2026-11-20,95,320.0,CALL,0.0
2026-11-20,95,340.0,CALL,8.0
2026-11-20,95,350.0,CALL,15.0
2026-11-20,95,360.0,CALL,17.0
2026-11-20,95,370.0,CALL,3.0
2026-11-20,95,380.0,CALL,6.0
2026-11-20,95,390.0,CALL,37.0
2026-11-20,95,400.0,CALL,52.0
2026-11-20,95,405.0,CALL,37.0
2026-11-20,95,410.0,CALL,9.0
2026-11-20,95,415.0,CALL,16.0
2026-11-20,95,420.0,CALL,5.0
2026-11-20,95,425.0,CALL,39.0
2026-11-20,95,430.0,CALL,0.0
2026-11-20,95,435.0,CALL,0.0
2026-11-20,95,440.0,CALL,15.0
2026-11-20,95,445.0,CALL,20.0
2026-11-20,95,450.0,CALL,142.0
2026-11-20,95,455.0,CALL,11.0
2026-11-20,95,460.0,CALL,53.0
2026-11-20,95,465.0,CALL,28.0
2026-11-20,95,470.0,CALL,32.0
2026-11-20,95,475.0,CALL,39.0
2026-11-20,95,480.0,CALL,24.0
2026-11-20,95,485.0,CALL,21.0
2026-11-20,95,490.0,CALL,12.0
2026-11-20,95,495.0,CALL,39.0
2026-11-20,95,500.0,CALL,272.0
2026-11-20,95,505.0,CALL,41.0
2026-11-20,95,510.0,CALL,668.0
2026-11-20,95,515.0,CALL,28.0
2026-11-20,95,520.0,CALL,43.0
2026-11-20,95,525.0,CALL,45.0
2026-11-20,95,530.0,CALL,940.0
2026-11-20,95,535.0,CALL,171.0
2026-11-20,95,540.0,CALL,225.0
2026-11-20,95,545.0,CALL,148.0
2026-11-20,95,550.0,CALL,710.0
2026-11-20,95,555.0,CALL,92.0
2026-11-20,95,560.0,CALL,1015.0
2026-11-20,95,565.0,CALL,429.0
2026-11-20,95,570.0,CALL,772.0
2026-11-20,95,575.0,CALL,407.0
2026-11-20,95,580.0,CALL,785.0
2026-11-20,95,585.0,CALL,6406.0
2026-11-20,95,590.0,CALL,2472.0
2026-11-20,95,595.0,CALL,588.0
2026-11-20,95,600.0,CALL,2196.0
2026-11-20,95,605.0,CALL,582.0
2026-11-20,95,610.0,CALL,1331.0
2026-11-20,95,615.0,CALL,1001.0
2026-11-20,95,620.0,CALL,713.0
2026-11-20,95,625.0,CALL,530.0
2026-11-20,95,630.0,CALL,1018.0
2026-11-20,95,635.0,CALL,2349.0
2026-11-20,95,640.0,CALL,1479.0
2026-11-20,95,645.0,CALL,292.0
2026-11-20,95,650.0,CALL,3807.0
2026-11-20,95,655.0,CALL,322.0
2026-11-20,95,660.0,CALL,1820.0
2026-11-20,95,665.0,CALL,360.0
2026-11-20,95,670.0,CALL,402.0
2026-11-20,95,675.0,CALL,743.0
2026-11-20,95,680.0,CALL,741.0
2026-11-20,95,685.0,CALL,414.0
2026-11-20,95,690.0,CALL,627.0
2026-11-20,95,695.0,CALL,540.0
2026-11-20,95,700.0,CALL,15862.0
2026-11-20,95,705.0,CALL,582.0
2026-11-20,95,710.0,CALL,1347.0
2026-11-20,95,715.0,CALL,150.0
2026-11-20,95,720.0,CALL,853.0
2026-11-20,95,725.0,CALL,542.0
2026-11-20,95,730.0,CALL,382.0
2026-11-20,95,735.0,CALL,259.0
2026-11-20,95,740.0,CALL,400.0
2026-11-20,95,745.0,CALL,298.0
2026-11-20,95,750.0,CALL,5465.0
2026-11-20,95,755.0,CALL,3999.0
2026-11-20,95,760.0,CALL,4375.0
2026-11-20,95,765.0,CALL,3951.0
2026-11-20,95,770.0,CALL,4913.0
2026-11-20,95,775.0,CALL,4435.0
2026-11-20,95,780.0,CALL,4980.0
2026-11-20,95,785.0,CALL,100.0
2026-11-20,95,790.0,CALL,834.0
2026-11-20,95,795.0,CALL,334.0
2026-11-20,95,800.0,CALL,20378.0
2026-11-20,95,805.0,CALL,4013.0
2026-11-20,95,810.0,CALL,6417.0
2026-11-20,95,815.0,CALL,3958.0
2026-11-20,95,820.0,CALL,4305.0
2026-11-20,95,825.0,CALL,4435.0
2026-11-20,95,830.0,CALL,4966.0
2026-11-20,95,835.0,CALL,83.0
2026-11-20,95,840.0,CALL,715.0
2026-11-20,95,845.0,CALL,68.0
2026-11-20,95,850.0,CALL,1392.0
2026-11-20,95,855.0,CALL,194.0
2026-11-20,95,860.0,CALL,706.0
2026-11-20,95,865.0,CALL,169.0
2026-11-20,95,870.0,CALL,764.0
2026-11-20,95,875.0,CALL,1149.0
2026-11-20,95,880.0,CALL,161.0
2026-11-20,95,885.0,CALL,97.0
2026-11-20,95,890.0,CALL,60.0
2026-11-20,95,895.0,CALL,37.0
2026-11-20,95,900.0,CALL,2343.0
2026-11-20,95,905.0,CALL,60.0
2026-11-20,95,910.0,CALL,162.0
2026-11-20,95,915.0,CALL,19.0
2026-11-20,95,920.0,CALL,111.0
2026-11-20,95,925.0,CALL,36.0
2026-11-20,95,930.0,CALL,103.0
2026-11-20,95,935.0,CALL,101.0
2026-11-20,95,940.0,CALL,91.0
2026-11-20,95,945.0,CALL,57.0
2026-11-20,95,950.0,CALL,2121.0
2026-11-20,95,955.0,CALL,58.0
2026-11-20,95,960.0,CALL,114.0
2026-11-20,95,965.0,CALL,132.0
2026-11-20,95,970.0,CALL,46.0
2026-11-20,95,975.0,CALL,43.0
2026-11-20,95,980.0,CALL,80.0
2026-11-20,95,985.0,CALL,57.0
2026-11-20,95,990.0,CALL,50.0
2026-11-20,95,1000.0,CALL,999.0
2026-11-20,95,1010.0,CALL,62.0
2026-11-20,95,1020.0,CALL,83.0
2026-11-20,95,1030.0,CALL,153.0
2026-11-20,95,1040.0,CALL,52.0
2026-11-20,95,1050.0,CALL,152.0
2026-11-20,95,1060.0,CALL,91.0
2026-11-20,95,1070.0,CALL,67.0
2026-11-20,95,1080.0,CALL,231.0
2026-11-20,95,1090.0,CALL,34.0
2026-11-20,95,1100.0,CALL,1206.0
2026-11-20,95,1110.0,CALL,119.0
2026-11-20,95,1120.0,CALL,89.0
2026-11-20,95,1130.0,CALL,51.0
2026-11-20,95,1140.0,CALL,101.0
2026-11-20,95,1150.0,CALL,168.0
2026-11-20,95,1160.0,CALL,109.0
2026-11-20,95,1170.0,CALL,42.0
2026-11-20,95,1180.0,CALL,31.0
2026-11-20,95,1190.0,CALL,54.0
2026-11-20,95,1200.0,CALL,1369.0
2026-11-20,95,1210.0,CALL,74.0
2026-11-20,95,1220.0,CALL,24.0
2026-11-20,95,1230.0,CALL,27.0
2026-11-20,95,1240.0,CALL,49.0
2026-11-20,95,1250.0,CALL,325.0
2026-11-20,95,1260.0,CALL,85.0
2026-11-20,95,1270.0,CALL,64.0
2026-11-20,95,1280.0,CALL,33.0
2026-11-20,95,1290.0,CALL,63.0
2026-11-20,95,1300.0,CALL,170.0
2026-11-20,95,1310.0,CALL,3.0
2026-11-20,95,1320.0,CALL,17.0
2026-11-20,95,1330.0,CALL,20.0
2026-11-20,95,1340.0,CALL,13.0
2026-11-20,95,1350.0,CALL,33.0
2026-11-20,95,1360.0,CALL,31.0
2026-11-20,95,1370.0,CALL,55.0
2026-11-20,95,1380.0,CALL,13.0
2026-11-20,95,1390.0,CALL,16.0
2026-11-20,95,1400.0,CALL,68.0
2026-11-20,95,1410.0,CALL,18.0
2026-11-20,95,1420.0,CALL,10.0
2026-11-20,95,1430.0,CALL,19.0
2026-11-20,95,1440.0,CALL,91.0
2026-11-20,95,1450.0,CALL,102.0
2026-11-20,95,1460.0,CALL,77.0
2026-11-20,95,1470.0,CALL,81.0
2026-11-20,95,1480.0,CALL,2613.0
2026-11-20,95,5.0,PUT,3003.0
2026-11-20,95,10.0,PUT,1.0
2026-11-20,95,20.0,PUT,0.0
2026-11-20,95,25.0,PUT,0.0
2026-11-20,95,30.0,PUT,1.0
2026-11-20,95,35.0,PUT,0.0
2026-11-20,95,40.0,PUT,0.0
2026-11-20,95,45.0,PUT,0.0
2026-11-20,95,50.0,PUT,12.0
2026-11-20,95,250.0,PUT,432.0
2026-11-20,95,260.0,PUT,173.0
2026-11-20,95,270.0,PUT,110.0
2026-11-20,95,280.0,PUT,43.0
2026-11-20,95,290.0,PUT,104.0
2026-11-20,95,300.0,PUT,164.0
2026-11-20,95,310.0,PUT,97.0
2026-11-20,95,320.0,PUT,38.0
2026-11-20,95,330.0,PUT,51.0
2026-11-20,95,340.0,PUT,143.0
2026-11-20,95,350.0,PUT,374.0
2026-11-20,95,360.0,PUT,246.0
2026-11-20,95,370.0,PUT,121.0
2026-11-20,95,380.0,PUT,116.0
2026-11-20,95,390.0,PUT,182.0
2026-11-20,95,400.0,PUT,703.0
2026-11-20,95,405.0,PUT,175.0
2026-11-20,95,410.0,PUT,186.0
2026-11-20,95,415.0,PUT,122.0
2026-11-20,95,420.0,PUT,929.0
2026-11-20,95,425.0,PUT,449.0
2026-11-20,95,430.0,PUT,181.0
2026-11-20,95,435.0,PUT,684.0
2026-11-20,95,440.0,PUT,369.0
2026-11-20,95,445.0,PUT,302.0
2026-11-20,95,450.0,PUT,1531.0
2026-11-20,95,455.0,PUT,263.0
2026-11-20,95,460.0,PUT,293.0
2026-11-20,95,465.0,PUT,289.0
2026-11-20,95,470.0,PUT,1235.0
2026-11-20,95,475.0,PUT,616.0
2026-11-20,95,480.0,PUT,881.0
2026-11-20,95,485.0,PUT,415.0
2026-11-20,95,490.0,PUT,674.0
2026-11-20,95,495.0,PUT,484.0
2026-11-20,95,500.0,PUT,2429.0
2026-11-20,95,505.0,PUT,471.0
2026-11-20,95,510.0,PUT,1172.0
2026-11-20,95,515.0,PUT,699.0
2026-11-20,95,520.0,PUT,718.0
2026-11-20,95,525.0,PUT,553.0
2026-11-20,95,530.0,PUT,1783.0
2026-11-20,95,535.0,PUT,855.0
2026-11-20,95,540.0,PUT,1236.0
2026-11-20,95,545.0,PUT,680.0
2026-11-20,95,550.0,PUT,1946.0
2026-11-20,95,555.0,PUT,635.0
2026-11-20,95,560.0,PUT,1284.0
2026-11-20,95,565.0,PUT,355.0
2026-11-20,95,570.0,PUT,1250.0
2026-11-20,95,575.0,PUT,678.0
2026-11-20,95,580.0,PUT,916.0
2026-11-20,95,585.0,PUT,7074.0
2026-11-20,95,590.0,PUT,2483.0
2026-11-20,95,595.0,PUT,650.0
2026-11-20,95,600.0,PUT,3280.0
2026-11-20,95,605.0,PUT,403.0
2026-11-20,95,610.0,PUT,722.0
2026-11-20,95,615.0,PUT,270.0
2026-11-20,95,620.0,PUT,862.0
2026-11-20,95,625.0,PUT,674.0
2026-11-20,95,630.0,PUT,738.0
2026-11-20,95,635.0,PUT,258.0
2026-11-20,95,640.0,PUT,1258.0
2026-11-20,95,645.0,PUT,332.0
2026-11-20,95,650.0,PUT,1772.0
2026-11-20,95,655.0,PUT,128.0
2026-11-20,95,660.0,PUT,498.0
2026-11-20,95,665.0,PUT,112.0
2026-11-20,95,670.0,PUT,156.0
2026-11-20,95,675.0,PUT,130.0
2026-11-20,95,680.0,PUT,484.0
2026-11-20,95,685.0,PUT,138.0
2026-11-20,95,690.0,PUT,155.0
2026-11-20,95,695.0,PUT,70.0
2026-11-20,95,700.0,PUT,234.0
2026-11-20,95,705.0,PUT,20.0
2026-11-20,95,710.0,PUT,26.0
2026-11-20,95,715.0,PUT,35.0
2026-11-20,95,720.0,PUT,65.0
2026-11-20,95,725.0,PUT,12.0
2026-11-20,95,730.0,PUT,110.0
2026-11-20,95,735.0,PUT,80.0
2026-11-20,95,740.0,PUT,128.0
2026-11-20,95,745.0,PUT,13.0
2026-11-20,95,750.0,PUT,34.0
2026-11-20,95,755.0,PUT,31.0
2026-11-20,95,760.0,PUT,31.0
2026-11-20,95,765.0,PUT,20.0
2026-11-20,95,770.0,PUT,24.0
2026-11-20,95,775.0,PUT,17.0
2026-11-20,95,780.0,PUT,62.0
2026-11-20,95,785.0,PUT,25.0
2026-11-20,95,790.0,PUT,49.0
2026-11-20,95,795.0,PUT,1.0
2026-11-20,95,800.0,PUT,26.0
2026-11-20,95,805.0,PUT,8.0
2026-11-20,95,810.0,PUT,1.0
2026-11-20,95,815.0,PUT,1.0
2026-11-20,95,820.0,PUT,9.0
2026-11-20,95,825.0,PUT,1.0
2026-11-20,95,830.0,PUT,0.0
2026-11-20,95,835.0,PUT,2.0
2026-11-20,95,845.0,PUT,1.0
2026-11-20,95,850.0,PUT,0.0
2026-11-20,95,870.0,PUT,5.0
2026-11-20,95,875.0,PUT,0.0
2026-11-20,95,880.0,PUT,0.0
2026-11-20,95,885.0,PUT,5.0
2026-11-20,95,890.0,PUT,0.0
2026-11-20,95,895.0,PUT,1.0
2026-11-20,95,900.0,PUT,0.0
2026-11-20,95,905.0,PUT,0.0
2026-11-20,95,910.0,PUT,0.0
2026-11-20,95,915.0,PUT,0.0
2026-11-20,95,920.0,PUT,0.0
2026-11-20,95,925.0,PUT,0.0
2026-11-20,95,930.0,PUT,0.0
2026-11-20,95,935.0,PUT,0.0
2026-11-20,95,940.0,PUT,0.0
2026-11-20,95,985.0,PUT,0.0
2026-11-20,95,1000.0,PUT,0.0
2026-11-20,95,1230.0,PUT,0.0
2026-11-20,95,1470.0,PUT,0.0
2026-11-20,95,1480.0,PUT,0.0
2026-12-18,123,5.0,CALL,3539.0
2026-12-18,123,10.0,CALL,52.0
2026-12-18,123,15.0,CALL,1.0
2026-12-18,123,20.0,CALL,6.0
2026-12-18,123,25.0,CALL,0.0
2026-12-18,123,30.0,CALL,1.0
2026-12-18,123,45.0,CALL,1.0
2026-12-18,123,50.0,CALL,6.0
2026-12-18,123,55.0,CALL,1.0
2026-12-18,123,70.0,CALL,1.0
2026-12-18,123,75.0,CALL,0.0
2026-12-18,123,80.0,CALL,2.0
2026-12-18,123,95.0,CALL,2.0
2026-12-18,123,100.0,CALL,110.0
2026-12-18,123,110.0,CALL,26.0
2026-12-18,123,120.0,CALL,0.0
2026-12-18,123,130.0,CALL,13.0
2026-12-18,123,140.0,CALL,114.0
2026-12-18,123,150.0,CALL,126.0
2026-12-18,123,160.0,CALL,62.0
2026-12-18,123,170.0,CALL,83.0
2026-12-18,123,180.0,CALL,199.0
2026-12-18,123,190.0,CALL,225.0
2026-12-18,123,200.0,CALL,337.0
2026-12-18,123,210.0,CALL,269.0
2026-12-18,123,220.0,CALL,288.0
2026-12-18,123,230.0,CALL,160.0
2026-12-18,123,240.0,CALL,48.0
2026-12-18,123,250.0,CALL,299.0
2026-12-18,123,260.0,CALL,827.0
2026-12-18,123,270.0,CALL,52.0
2026-12-18,123,280.0,CALL,0.0
2026-12-18,123,290.0,CALL,0.0
2026-12-18,123,300.0,CALL,185.0
2026-12-18,123,310.0,CALL,22.0
2026-12-18,123,320.0,CALL,85.0
2026-12-18,123,330.0,CALL,31.0
2026-12-18,123,340.0,CALL,61.0
2026-12-18,123,350.0,CALL,152.0
2026-12-18,123,360.0,CALL,32.0
2026-12-18,123,370.0,CALL,110.0
2026-12-18,123,380.0,CALL,32.0
2026-12-18,123,390.0,CALL,490.0
2026-12-18,123,400.0,CALL,1530.0
2026-12-18,123,410.0,CALL,2612.0
2026-12-18,123,420.0,CALL,852.0
2026-12-18,123,430.0,CALL,91.0
2026-12-18,123,440.0,CALL,154.0
2026-12-18,123,450.0,CALL,1276.0
2026-12-18,123,460.0,CALL,169.0
2026-12-18,123,470.0,CALL,2123.0
2026-12-18,123,480.0,CALL,205.0
2026-12-18,123,490.0,CALL,851.0
2026-12-18,123,500.0,CALL,1790.0
2026-12-18,123,510.0,CALL,151.0
2026-12-18,123,520.0,CALL,1007.0
2026-12-18,123,530.0,CALL,971.0
2026-12-18,123,540.0,CALL,568.0
2026-12-18,123,550.0,CALL,1108.0
2026-12-18,123,560.0,CALL,834.0
2026-12-18,123,565.0,CALL,559.0
2026-12-18,123,570.0,CALL,992.0
2026-12-18,123,575.0,CALL,564.0
2026-12-18,123,580.0,CALL,1065.0
2026-12-18,123,585.0,CALL,341.0
2026-12-18,123,590.0,CALL,604.0
2026-12-18,123,595.0,CALL,451.0
2026-12-18,123,600.0,CALL,3772.0
2026-12-18,123,605.0,CALL,426.0
2026-12-18,123,610.0,CALL,970.0
2026-12-18,123,615.0,CALL,407.0
2026-12-18,123,620.0,CALL,1422.0
2026-12-18,123,625.0,CALL,420.0
2026-12-18,123,630.0,CALL,1641.0
2026-12-18,123,635.0,CALL,184.0
2026-12-18,123,640.0,CALL,1500.0
2026-12-18,123,645.0,CALL,650.0
2026-12-18,123,650.0,CALL,5650.0
2026-12-18,123,655.0,CALL,361.0
2026-12-18,123,660.0,CALL,2197.0
2026-12-18,123,665.0,CALL,409.0
2026-12-18,123,670.0,CALL,1295.0
2026-12-18,123,675.0,CALL,276.0
2026-12-18,123,680.0,CALL,1757.0
2026-12-18,123,685.0,CALL,170.0
2026-12-18,123,690.0,CALL,797.0
2026-12-18,123,695.0,CALL,273.0
2026-12-18,123,700.0,CALL,8761.0
2026-12-18,123,705.0,CALL,453.0
2026-12-18,123,710.0,CALL,474.0
2026-12-18,123,715.0,CALL,278.0
2026-12-18,123,720.0,CALL,2418.0
2026-12-18,123,725.0,CALL,816.0
2026-12-18,123,730.0,CALL,1719.0
2026-12-18,123,735.0,CALL,436.0
2026-12-18,123,740.0,CALL,995.0
2026-12-18,123,745.0,CALL,462.0
2026-12-18,123,750.0,CALL,5244.0
2026-12-18,123,755.0,CALL,2032.0
2026-12-18,123,760.0,CALL,2840.0
2026-12-18,123,765.0,CALL,2049.0
2026-12-18,123,770.0,CALL,2452.0
2026-12-18,123,775.0,CALL,2416.0
2026-12-18,123,780.0,CALL,3404.0
2026-12-18,123,785.0,CALL,642.0
2026-12-18,123,790.0,CALL,1746.0
2026-12-18,123,795.0,CALL,243.0
2026-12-18,123,800.0,CALL,8256.0
2026-12-18,123,805.0,CALL,1951.0
2026-12-18,123,810.0,CALL,1888.0
2026-12-18,123,815.0,CALL,2117.0
2026-12-18,123,820.0,CALL,2282.0
2026-12-18,123,825.0,CALL,2302.0
2026-12-18,123,830.0,CALL,2988.0
2026-12-18,123,835.0,CALL,189.0
2026-12-18,123,840.0,CALL,1007.0
2026-12-18,123,845.0,CALL,1909.0
2026-12-18,123,850.0,CALL,2041.0
2026-12-18,123,860.0,CALL,817.0
2026-12-18,123,870.0,CALL,772.0
2026-12-18,123,880.0,CALL,273.0
2026-12-18,123,890.0,CALL,144.0
2026-12-18,123,900.0,CALL,2416.0
2026-12-18,123,910.0,CALL,356.0
2026-12-18,123,920.0,CALL,278.0
2026-12-18,123,930.0,CALL,244.0
2026-12-18,123,940.0,CALL,395.0
2026-12-18,123,950.0,CALL,1105.0
2026-12-18,123,960.0,CALL,231.0
2026-12-18,123,970.0,CALL,1507.0
2026-12-18,123,980.0,CALL,174.0
2026-12-18,123,990.0,CALL,311.0
2026-12-18,123,1000.0,CALL,3182.0
2026-12-18,123,1020.0,CALL,599.0
2026-12-18,123,1030.0,CALL,127.0
2026-12-18,123,1040.0,CALL,133.0
2026-12-18,123,1050.0,CALL,230.0
2026-12-18,123,1060.0,CALL,209.0
2026-12-18,123,1070.0,CALL,202.0
2026-12-18,123,1080.0,CALL,166.0
2026-12-18,123,1090.0,CALL,71.0
2026-12-18,123,1100.0,CALL,1314.0
2026-12-18,123,1110.0,CALL,161.0
2026-12-18,123,1120.0,CALL,215.0
2026-12-18,123,1130.0,CALL,100.0
2026-12-18,123,1140.0,CALL,38.0
2026-12-18,123,1150.0,CALL,1687.0
2026-12-18,123,1160.0,CALL,40.0
2026-12-18,123,1170.0,CALL,52.0
2026-12-18,123,1180.0,CALL,214.0
2026-12-18,123,1190.0,CALL,78.0
2026-12-18,123,1200.0,CALL,727.0
2026-12-18,123,1210.0,CALL,44.0
2026-12-18,123,1220.0,CALL,99.0
2026-12-18,123,1230.0,CALL,368.0
2026-12-18,123,1240.0,CALL,1840.0
2026-12-18,123,1250.0,CALL,1191.0
2026-12-18,123,1260.0,CALL,92.0
2026-12-18,123,1270.0,CALL,200.0
2026-12-18,123,1280.0,CALL,305.0
2026-12-18,123,1290.0,CALL,8565.0
2026-12-18,123,1300.0,CALL,9016.0
2026-12-18,123,1310.0,CALL,112.0
2026-12-18,123,1320.0,CALL,85.0
2026-12-18,123,1330.0,CALL,78.0
2026-12-18,123,1340.0,CALL,280.0
2026-12-18,123,1350.0,CALL,121.0
2026-12-18,123,1360.0,CALL,90.0
2026-12-18,123,1370.0,CALL,147.0
2026-12-18,123,1380.0,CALL,62.0
2026-12-18,123,1390.0,CALL,110.0
2026-12-18,123,1400.0,CALL,2518.0
2026-12-18,123,1410.0,CALL,149.0
2026-12-18,123,1420.0,CALL,832.0
2026-12-18,123,1430.0,CALL,966.0
2026-12-18,123,1440.0,CALL,42.0
2026-12-18,123,1450.0,CALL,51.0
2026-12-18,123,1460.0,CALL,264.0
2026-12-18,123,1470.0,CALL,129.0
2026-12-18,123,1480.0,CALL,1390.0
2026-12-18,123,5.0,PUT,76.0
2026-12-18,123,10.0,PUT,130.0
2026-12-18,123,15.0,PUT,25.0
2026-12-18,123,20.0,PUT,325.0
2026-12-18,123,25.0,PUT,10.0
2026-12-18,123,30.0,PUT,63.0
2026-12-18,123,35.0,PUT,14.0
2026-12-18,123,40.0,PUT,17.0
2026-12-18,123,45.0,PUT,2.0
2026-12-18,123,50.0,PUT,427.0
2026-12-18,123,55.0,PUT,41.0
2026-12-18,123,60.0,PUT,22.0
2026-12-18,123,65.0,PUT,34.0
2026-12-18,123,70.0,PUT,28.0
2026-12-18,123,75.0,PUT,16.0
2026-12-18,123,80.0,PUT,45.0
2026-12-18,123,85.0,PUT,0.0
2026-12-18,123,90.0,PUT,271.0
2026-12-18,123,95.0,PUT,203.0
2026-12-18,123,100.0,PUT,413.0
2026-12-18,123,110.0,PUT,98.0
2026-12-18,123,120.0,PUT,176.0
2026-12-18,123,130.0,PUT,323.0
2026-12-18,123,140.0,PUT,237.0
2026-12-18,123,150.0,PUT,358.0
2026-12-18,123,160.0,PUT,414.0
2026-12-18,123,170.0,PUT,578.0
2026-12-18,123,180.0,PUT,143.0
2026-12-18,123,190.0,PUT,216.0
2026-12-18,123,200.0,PUT,908.0
2026-12-18,123,210.0,PUT,458.0
2026-12-18,123,220.0,PUT,232.0
2026-12-18,123,230.0,PUT,141.0
2026-12-18,123,240.0,PUT,281.0
2026-12-18,123,250.0,PUT,711.0
2026-12-18,123,260.0,PUT,644.0
2026-12-18,123,270.0,PUT,303.0
2026-12-18,123,280.0,PUT,322.0
2026-12-18,123,290.0,PUT,344.0
2026-12-18,123,300.0,PUT,1633.0
2026-12-18,123,310.0,PUT,335.0
2026-12-18,123,320.0,PUT,517.0
2026-12-18,123,330.0,PUT,203.0
2026-12-18,123,340.0,PUT,303.0
2026-12-18,123,350.0,PUT,1885.0
2026-12-18,123,360.0,PUT,2608.0
2026-12-18,123,370.0,PUT,415.0
2026-12-18,123,380.0,PUT,541.0
2026-12-18,123,390.0,PUT,425.0
2026-12-18,123,400.0,PUT,2157.0
2026-12-18,123,410.0,PUT,479.0
2026-12-18,123,420.0,PUT,1444.0
2026-12-18,123,430.0,PUT,560.0
2026-12-18,123,440.0,PUT,883.0
2026-12-18,123,450.0,PUT,4104.0
2026-12-18,123,460.0,PUT,1963.0
2026-12-18,123,470.0,PUT,1328.0
2026-12-18,123,480.0,PUT,2402.0
2026-12-18,123,490.0,PUT,1682.0
2026-12-18,123,500.0,PUT,7753.0
2026-12-18,123,510.0,PUT,2374.0
2026-12-18,123,520.0,PUT,1574.0
2026-12-18,123,530.0,PUT,2822.0
2026-12-18,123,540.0,PUT,1589.0
2026-12-18,123,550.0,PUT,3919.0
2026-12-18,123,560.0,PUT,2113.0
2026-12-18,123,565.0,PUT,507.0
2026-12-18,123,570.0,PUT,2397.0
2026-12-18,123,575.0,PUT,650.0
2026-12-18,123,580.0,PUT,1486.0
2026-12-18,123,585.0,PUT,509.0
2026-12-18,123,590.0,PUT,1888.0
2026-12-18,123,595.0,PUT,847.0
2026-12-18,123,600.0,PUT,3953.0
2026-12-18,123,605.0,PUT,208.0
2026-12-18,123,610.0,PUT,1062.0
2026-12-18,123,615.0,PUT,579.0
2026-12-18,123,620.0,PUT,1376.0
2026-12-18,123,625.0,PUT,142.0
2026-12-18,123,630.0,PUT,1544.0
2026-12-18,123,635.0,PUT,234.0
2026-12-18,123,640.0,PUT,1136.0
2026-12-18,123,645.0,PUT,193.0
2026-12-18,123,650.0,PUT,1396.0
2026-12-18,123,655.0,PUT,155.0
2026-12-18,123,660.0,PUT,1137.0
2026-12-18,123,665.0,PUT,68.0
2026-12-18,123,670.0,PUT,576.0
2026-12-18,123,675.0,PUT,66.0
2026-12-18,123,680.0,PUT,1319.0
2026-12-18,123,685.0,PUT,36.0
2026-12-18,123,690.0,PUT,202.0
2026-12-18,123,695.0,PUT,46.0
2026-12-18,123,700.0,PUT,802.0
2026-12-18,123,705.0,PUT,341.0
2026-12-18,123,710.0,PUT,263.0
2026-12-18,123,715.0,PUT,193.0
2026-12-18,123,720.0,PUT,281.0
2026-12-18,123,725.0,PUT,118.0
2026-12-18,123,730.0,PUT,93.0
2026-12-18,123,735.0,PUT,181.0
2026-12-18,123,740.0,PUT,139.0
2026-12-18,123,745.0,PUT,78.0
2026-12-18,123,750.0,PUT,786.0
2026-12-18,123,755.0,PUT,52.0
2026-12-18,123,760.0,PUT,354.0
2026-12-18,123,765.0,PUT,34.0
2026-12-18,123,770.0,PUT,52.0
2026-12-18,123,775.0,PUT,35.0
2026-12-18,123,780.0,PUT,46.0
2026-12-18,123,785.0,PUT,22.0
2026-12-18,123,790.0,PUT,107.0
2026-12-18,123,795.0,PUT,22.0
2026-12-18,123,800.0,PUT,212.0
2026-12-18,123,805.0,PUT,39.0
2026-12-18,123,810.0,PUT,8.0
2026-12-18,123,815.0,PUT,7.0
2026-12-18,123,820.0,PUT,90.0
2026-12-18,123,825.0,PUT,6.0
2026-12-18,123,830.0,PUT,20.0
2026-12-18,123,835.0,PUT,23.0
2026-12-18,123,840.0,PUT,46.0
2026-12-18,123,845.0,PUT,13.0
2026-12-18,123,850.0,PUT,65.0
2026-12-18,123,860.0,PUT,0.0
2026-12-18,123,870.0,PUT,75.0
2026-12-18,123,880.0,PUT,0.0
2026-12-18,123,890.0,PUT,0.0
2026-12-18,123,900.0,PUT,100.0
2026-12-18,123,910.0,PUT,0.0
2026-12-18,123,920.0,PUT,0.0
2026-12-18,123,930.0,PUT,0.0
2026-12-18,123,940.0,PUT,0.0
2026-12-18,123,950.0,PUT,0.0
2026-12-18,123,960.0,PUT,1.0
2026-12-18,123,970.0,PUT,6.0
2026-12-18,123,980.0,PUT,0.0
2026-12-18,123,990.0,PUT,4.0
2026-12-18,123,1000.0,PUT,0.0
2026-12-18,123,1020.0,PUT,0.0
2026-12-18,123,1030.0,PUT,0.0
2026-12-18,123,1040.0,PUT,0.0
2026-12-18,123,1050.0,PUT,0.0
2026-12-18,123,1060.0,PUT,0.0
2026-12-18,123,1070.0,PUT,0.0
2026-12-18,123,1080.0,PUT,0.0
2026-12-18,123,1090.0,PUT,0.0
2026-12-18,123,1100.0,PUT,0.0
2026-12-18,123,1110.0,PUT,0.0
2026-12-18,123,1120.0,PUT,13.0
2026-12-18,123,1130.0,PUT,0.0
2026-12-18,123,1140.0,PUT,0.0
2026-12-18,123,1150.0,PUT,0.0
2026-12-18,123,1160.0,PUT,0.0
2026-12-18,123,1170.0,PUT,0.0
2026-12-18,123,1180.0,PUT,0.0
2026-12-18,123,1190.0,PUT,0.0
2026-12-18,123,1200.0,PUT,0.0
2026-12-18,123,1210.0,PUT,0.0
2026-12-18,123,1220.0,PUT,0.0
2026-12-18,123,1230.0,PUT,0.0
2026-12-18,123,1240.0,PUT,0.0
2026-12-18,123,1270.0,PUT,0.0
2026-12-18,123,1280.0,PUT,0.0
2026-12-18,123,1300.0,PUT,0.0
2026-12-18,123,1400.0,PUT,0.0
2026-12-18,123,1410.0,PUT,0.0
2026-12-18,123,1420.0,PUT,0.0
2027-01-15,151,5.0,CALL,763.0
2027-01-15,151,10.0,CALL,270.0
2027-01-15,151,15.0,CALL,2.0
2027-01-15,151,20.0,CALL,8.0
2027-01-15,151,40.0,CALL,0.0
2027-01-15,151,45.0,CALL,0.0
2027-01-15,151,50.0,CALL,53.0
2027-01-15,151,100.0,CALL,126.0
2027-01-15,151,110.0,CALL,468.0
2027-01-15,151,120.0,CALL,11.0
2027-01-15,151,130.0,CALL,0.0
2027-01-15,151,140.0,CALL,13.0
2027-01-15,151,150.0,CALL,0.0
2027-01-15,151,160.0,CALL,38.0
2027-01-15,151,170.0,CALL,36.0
2027-01-15,151,180.0,CALL,204.0
2027-01-15,151,190.0,CALL,27.0
2027-01-15,151,200.0,CALL,160.0
2027-01-15,151,210.0,CALL,0.0
2027-01-15,151,220.0,CALL,175.0
2027-01-15,151,230.0,CALL,55.0
2027-01-15,151,240.0,CALL,73.0
2027-01-15,151,250.0,CALL,87.0
2027-01-15,151,260.0,CALL,60.0
2027-01-15,151,270.0,CALL,284.0
2027-01-15,151,280.0,CALL,54.0
2027-01-15,151,290.0,CALL,168.0
2027-01-15,151,300.0,CALL,369.0
2027-01-15,151,310.0,CALL,27.0
2027-01-15,151,320.0,CALL,78.0
2027-01-15,151,330.0,CALL,64.0
2027-01-15,151,340.0,CALL,40.0
2027-01-15,151,350.0,CALL,123.0
2027-01-15,151,360.0,CALL,67.0
2027-01-15,151,370.0,CALL,46.0
2027-01-15,151,380.0,CALL,59.0
2027-01-15,151,390.0,CALL,128.0
2027-01-15,151,400.0,CALL,443.0
2027-01-15,151,410.0,CALL,123.0
2027-01-15,151,420.0,CALL,171.0
2027-01-15,151,430.0,CALL,110.0
2027-01-15,151,440.0,CALL,158.0
2027-01-15,151,450.0,CALL,274.0
2027-01-15,151,460.0,CALL,137.0
2027-01-15,151,470.0,CALL,100.0
2027-01-15,151,480.0,CALL,229.0
2027-01-15,151,490.0,CALL,353.0
2027-01-15,151,500.0,CALL,3878.0
2027-01-15,151,510.0,CALL,2327.0
2027-01-15,151,520.0,CALL,458.0
2027-01-15,151,530.0,CALL,613.0
2027-01-15,151,540.0,CALL,780.0
2027-01-15,151,550.0,CALL,1799.0
2027-01-15,151,560.0,CALL,1124.0
2027-01-15,151,570.0,CALL,933.0
2027-01-15,151,580.0,CALL,1401.0
2027-01-15,151,590.0,CALL,1354.0
2027-01-15,151,600.0,CALL,6724.0
2027-01-15,151,610.0,CALL,1731.0
2027-01-15,151,620.0,CALL,2162.0
2027-01-15,151,630.0,CALL,3243.0
2027-01-15,151,640.0,CALL,1604.0
2027-01-15,151,650.0,CALL,4455.0
2027-01-15,151,660.0,CALL,3755.0
2027-01-15,151,670.0,CALL,2591.0
2027-01-15,151,680.0,CALL,2650.0
2027-01-15,151,690.0,CALL,1302.0
2027-01-15,151,700.0,CALL,118552.0
2027-01-15,151,710.0,CALL,2613.0
2027-01-15,151,720.0,CALL,3408.0
2027-01-15,151,730.0,CALL,2285.0
2027-01-15,151,740.0,CALL,2192.0
2027-01-15,151,750.0,CALL,256483.0
2027-01-15,151,760.0,CALL,3164.0
2027-01-15,151,770.0,CALL,4390.0
2027-01-15,151,780.0,CALL,3352.0
2027-01-15,151,790.0,CALL,1676.0
2027-01-15,151,800.0,CALL,107548.0
2027-01-15,151,810.0,CALL,2565.0
2027-01-15,151,820.0,CALL,3269.0
2027-01-15,151,830.0,CALL,2710.0
2027-01-15,151,840.0,CALL,1281.0
2027-01-15,151,850.0,CALL,4098.0
2027-01-15,151,860.0,CALL,1322.0
2027-01-15,151,870.0,CALL,743.0
2027-01-15,151,880.0,CALL,751.0
2027-01-15,151,890.0,CALL,700.0
2027-01-15,151,900.0,CALL,18207.0
2027-01-15,151,910.0,CALL,1411.0
2027-01-15,151,920.0,CALL,1395.0
2027-01-15,151,930.0,CALL,711.0
2027-01-15,151,940.0,CALL,715.0
2027-01-15,151,950.0,CALL,1132.0
2027-01-15,151,960.0,CALL,468.0
2027-01-15,151,970.0,CALL,673.0
2027-01-15,151,980.0,CALL,295.0
2027-01-15,151,990.0,CALL,442.0
2027-01-15,151,1000.0,CALL,8192.0
2027-01-15,151,1010.0,CALL,340.0
2027-01-15,151,1020.0,CALL,435.0
2027-01-15,151,1030.0,CALL,354.0
2027-01-15,151,1040.0,CALL,258.0
2027-01-15,151,1050.0,CALL,1022.0
2027-01-15,151,1060.0,CALL,272.0
2027-01-15,151,1070.0,CALL,140.0
2027-01-15,151,1080.0,CALL,373.0
2027-01-15,151,1090.0,CALL,301.0
2027-01-15,151,1100.0,CALL,4151.0
2027-01-15,151,1110.0,CALL,434.0
2027-01-15,151,1120.0,CALL,275.0
2027-01-15,151,1130.0,CALL,425.0
2027-01-15,151,1140.0,CALL,271.0
2027-01-15,151,1150.0,CALL,3671.0
2027-01-15,151,1160.0,CALL,283.0
2027-01-15,151,1170.0,CALL,211.0
2027-01-15,151,1180.0,CALL,118.0
2027-01-15,151,1190.0,CALL,560.0
2027-01-15,151,1200.0,CALL,1661.0
2027-01-15,151,1210.0,CALL,182.0
2027-01-15,151,1220.0,CALL,116.0
2027-01-15,151,1230.0,CALL,152.0
2027-01-15,151,1240.0,CALL,502.0
2027-01-15,151,1250.0,CALL,38311.0
2027-01-15,151,1260.0,CALL,483.0
2027-01-15,151,1270.0,CALL,863.0
2027-01-15,151,1280.0,CALL,300.0
2027-01-15,151,1290.0,CALL,314.0
2027-01-15,151,1300.0,CALL,1524.0
2027-01-15,151,1310.0,CALL,97.0
2027-01-15,151,1320.0,CALL,390.0
2027-01-15,151,1330.0,CALL,375.0
2027-01-15,151,1340.0,CALL,167.0
2027-01-15,151,1350.0,CALL,624.0
2027-01-15,151,1360.0,CALL,682.0
2027-01-15,151,1370.0,CALL,98.0
2027-01-15,151,1380.0,CALL,46.0
2027-01-15,151,1390.0,CALL,108.0
2027-01-15,151,1400.0,CALL,1657.0
2027-01-15,151,1410.0,CALL,195.0
2027-01-15,151,1420.0,CALL,525.0
2027-01-15,151,1430.0,CALL,45924.0
2027-01-15,151,1440.0,CALL,58.0
2027-01-15,151,1450.0,CALL,153.0
2027-01-15,151,1460.0,CALL,157.0
2027-01-15,151,1470.0,CALL,168.0
2027-01-15,151,1480.0,CALL,2715.0
2027-01-15,151,5.0,PUT,3004.0
2027-01-15,151,10.0,PUT,1.0
2027-01-15,151,15.0,PUT,4.0
2027-01-15,151,20.0,PUT,2.0
2027-01-15,151,25.0,PUT,2.0
2027-01-15,151,30.0,PUT,4.0
2027-01-15,151,35.0,PUT,2.0
2027-01-15,151,40.0,PUT,204.0
2027-01-15,151,45.0,PUT,7.0
2027-01-15,151,50.0,PUT,440.0
2027-01-15,151,100.0,PUT,3066.0
2027-01-15,151,110.0,PUT,347.0
2027-01-15,151,120.0,PUT,93.0
2027-01-15,151,130.0,PUT,44.0
2027-01-15,151,140.0,PUT,236.0
2027-01-15,151,150.0,PUT,223.0
2027-01-15,151,160.0,PUT,160.0
2027-01-15,151,170.0,PUT,460.0
2027-01-15,151,180.0,PUT,214.0
2027-01-15,151,190.0,PUT,163.0
2027-01-15,151,200.0,PUT,472.0
2027-01-15,151,210.0,PUT,390.0
2027-01-15,151,220.0,PUT,1115.0
2027-01-15,151,230.0,PUT,596.0
2027-01-15,151,240.0,PUT,367.0
2027-01-15,151,250.0,PUT,1051.0
2027-01-15,151,260.0,PUT,209.0
2027-01-15,151,270.0,PUT,1033.0
2027-01-15,151,280.0,PUT,327.0
2027-01-15,151,290.0,PUT,333.0
2027-01-15,151,300.0,PUT,1235.0
2027-01-15,151,310.0,PUT,531.0
2027-01-15,151,320.0,PUT,799.0
2027-01-15,151,330.0,PUT,508.0
2027-01-15,151,340.0,PUT,456.0
2027-01-15,151,350.0,PUT,1459.0
2027-01-15,151,360.0,PUT,520.0
2027-01-15,151,370.0,PUT,837.0
2027-01-15,151,380.0,PUT,830.0
2027-01-15,151,390.0,PUT,993.0
2027-01-15,151,400.0,PUT,2565.0
2027-01-15,151,410.0,PUT,1204.0
2027-01-15,151,420.0,PUT,1992.0
2027-01-15,151,430.0,PUT,2685.0
2027-01-15,151,440.0,PUT,2374.0
2027-01-15,151,450.0,PUT,7174.0
2027-01-15,151,460.0,PUT,2813.0
2027-01-15,151,470.0,PUT,2075.0
2027-01-15,151,480.0,PUT,2636.0
2027-01-15,151,490.0,PUT,2900.0
2027-01-15,151,500.0,PUT,7522.0
2027-01-15,151,510.0,PUT,4893.0
2027-01-15,151,520.0,PUT,3783.0
2027-01-15,151,530.0,PUT,2873.0
2027-01-15,151,540.0,PUT,2246.0
2027-01-15,151,550.0,PUT,6715.0
2027-01-15,151,560.0,PUT,2728.0
2027-01-15,151,570.0,PUT,5183.0
2027-01-15,151,580.0,PUT,4509.0
2027-01-15,151,590.0,PUT,1670.0
2027-01-15,151,600.0,PUT,6078.0
2027-01-15,151,610.0,PUT,1933.0
2027-01-15,151,620.0,PUT,2117.0
2027-01-15,151,630.0,PUT,2532.0
2027-01-15,151,640.0,PUT,2038.0
2027-01-15,151,650.0,PUT,2831.0
2027-01-15,151,660.0,PUT,1512.0
2027-01-15,151,670.0,PUT,2252.0
2027-01-15,151,680.0,PUT,851.0
2027-01-15,151,690.0,PUT,405.0
2027-01-15,151,700.0,PUT,2615.0
2027-01-15,151,710.0,PUT,811.0
2027-01-15,151,720.0,PUT,854.0
2027-01-15,151,730.0,PUT,523.0
2027-01-15,151,740.0,PUT,296.0
2027-01-15,151,750.0,PUT,582.0
2027-01-15,151,760.0,PUT,549.0
2027-01-15,151,770.0,PUT,631.0
2027-01-15,151,780.0,PUT,331.0
2027-01-15,151,790.0,PUT,242.0
2027-01-15,151,800.0,PUT,472.0
2027-01-15,151,810.0,PUT,223.0
2027-01-15,151,820.0,PUT,78.0
2027-01-15,151,830.0,PUT,71.0
2027-01-15,151,840.0,PUT,111.0
2027-01-15,151,850.0,PUT,111.0
2027-01-15,151,860.0,PUT,33.0
2027-01-15,151,870.0,PUT,23.0
2027-01-15,151,880.0,PUT,0.0
2027-01-15,151,890.0,PUT,3.0
2027-01-15,151,900.0,PUT,63.0
2027-01-15,151,910.0,PUT,0.0
2027-01-15,151,920.0,PUT,0.0
2027-01-15,151,930.0,PUT,0.0
2027-01-15,151,940.0,PUT,0.0
2027-01-15,151,950.0,PUT,0.0
2027-01-15,151,960.0,PUT,0.0
2027-01-15,151,970.0,PUT,0.0
2027-01-15,151,980.0,PUT,0.0
2027-01-15,151,990.0,PUT,0.0
2027-01-15,151,1000.0,PUT,0.0
2027-01-15,151,1010.0,PUT,1.0
2027-01-15,151,1020.0,PUT,4.0
2027-01-15,151,1030.0,PUT,0.0
2027-01-15,151,1040.0,PUT,0.0
2027-01-15,151,1050.0,PUT,0.0
2027-01-15,151,1060.0,PUT,0.0
2027-01-15,151,1080.0,PUT,0.0
2027-01-15,151,1090.0,PUT,0.0
2027-01-15,151,1100.0,PUT,0.0
2027-01-15,151,1110.0,PUT,0.0
2027-01-15,151,1120.0,PUT,0.0
2027-01-15,151,1130.0,PUT,48.0
2027-01-15,151,1140.0,PUT,0.0
2027-01-15,151,1150.0,PUT,0.0
2027-01-15,151,1160.0,PUT,0.0
2027-01-15,151,1170.0,PUT,0.0
2027-01-15,151,1180.0,PUT,0.0
2027-01-15,151,1190.0,PUT,0.0
2027-01-15,151,1200.0,PUT,0.0
2027-01-15,151,1210.0,PUT,0.0
2027-01-15,151,1220.0,PUT,0.0
2027-01-15,151,1230.0,PUT,0.0
2027-01-15,151,1240.0,PUT,0.0
2027-01-15,151,1250.0,PUT,0.0
2027-01-15,151,1280.0,PUT,0.0
2027-01-15,151,1290.0,PUT,0.0
2027-01-15,151,1300.0,PUT,0.0
2027-01-15,151,1320.0,PUT,0.0
2027-01-15,151,1380.0,PUT,0.0
2027-01-15,151,1390.0,PUT,0.0
2027-01-15,151,1400.0,PUT,0.0
2027-01-15,151,1410.0,PUT,0.0
2027-01-15,151,1430.0,PUT,0.0
2027-01-15,151,1440.0,PUT,0.0
