expiration,DTE,strike,option_type,openInterest
2026-09-23,0,510.0,CALL,29.0
2026-09-23,0,515.0,CALL,24.0
2026-09-23,0,520.0,CALL,26.0
2026-09-23,0,525.0,CALL,22.0
2026-09-23,0,530.0,CALL,18.0
2026-09-23,0,535.0,CALL,13.0
2026-09-23,0,540.0,CALL,20.0
2026-09-23,0,545.0,CALL,29.0
2026-09-23,0,550.0,CALL,16.0
2026-09-23,0,555.0,CALL,6.0
2026-09-23,0,560.0,CALL,31.0
2026-09-23,0,562.5,CALL,31.0
2026-09-23,0,565.0,CALL,42.0
2026-09-23,0,567.5,CALL,39.0
2026-09-23,0,570.0,CALL,29.0
2026-09-23,0,572.5,CALL,31.0
2026-09-23,0,575.0,CALL,33.0
2026-09-23,0,577.5,CALL,9.0
2026-09-23,0,580.0,CALL,5.0
2026-09-23,0,582.5,CALL,5.0
2026-09-23,0,585.0,CALL,16.0
2026-09-23,0,587.5,CALL,13.0
2026-09-23,0,590.0,CALL,18.0
2026-09-23,0,592.5,CALL,18.0
2026-09-23,0,595.0,CALL,3.0
2026-09-23,0,597.5,CALL,27.0
2026-09-23,0,600.0,CALL,30.0
2026-09-23,0,602.5,CALL,3.0
2026-09-23,0,605.0,CALL,6.0
2026-09-23,0,607.5,CALL,3.0
2026-09-23,0,610.0,CALL,2.0
2026-09-23,0,612.5,CALL,9.0
2026-09-23,0,615.0,CALL,39.0
2026-09-23,0,617.5,CALL,51.0
2026-09-23,0,620.0,CALL,24.0
2026-09-23,0,622.5,CALL,13.0
2026-09-23,0,625.0,CALL,26.0
2026-09-23,0,627.5,CALL,21.0
2026-09-23,0,630.0,CALL,39.0
2026-09-23,0,632.5,CALL,15.0
2026-09-23,0,635.0,CALL,63.0
2026-09-23,0,637.5,CALL,4.0
2026-09-23,0,640.0,CALL,69.0
2026-09-23,0,642.5,CALL,33.0
2026-09-23,0,645.0,CALL,155.0
2026-09-23,0,647.5,CALL,64.0
2026-09-23,0,650.0,CALL,104.0
2026-09-23,0,652.5,CALL,44.0
2026-09-23,0,655.0,CALL,276.0
2026-09-23,0,657.5,CALL,84.0
2026-09-23,0,660.0,CALL,92.0
2026-09-23,0,662.5,CALL,63.0
2026-09-23,0,665.0,CALL,314.0
2026-09-23,0,667.5,CALL,153.0
2026-09-23,0,670.0,CALL,529.0
2026-09-23,0,672.5,CALL,279.0
2026-09-23,0,675.0,CALL,504.0
2026-09-23,0,677.5,CALL,227.0
2026-09-23,0,680.0,CALL,354.0
2026-09-23,0,682.5,CALL,698.0
2026-09-23,0,685.0,CALL,1368.0
2026-09-23,0,687.5,CALL,1082.0
2026-09-23,0,690.0,CALL,474.0
2026-09-23,0,692.5,CALL,485.0
2026-09-23,0,695.0,CALL,357.0
2026-09-23,0,697.5,CALL,326.0
2026-09-23,0,700.0,CALL,821.0
2026-09-23,0,702.5,CALL,123.0
2026-09-23,0,705.0,CALL,373.0
2026-09-23,0,707.5,CALL,275.0
2026-09-23,0,710.0,CALL,587.0
2026-09-23,0,712.5,CALL,755.0
2026-09-23,0,715.0,CALL,827.0
2026-09-23,0,717.5,CALL,640.0
2026-09-23,0,720.0,CALL,1119.0
2026-09-23,0,722.5,CALL,648.0
2026-09-23,0,725.0,CALL,905.0
2026-09-23,0,727.5,CALL,329.0
2026-09-23,0,730.0,CALL,1722.0
2026-09-23,0,732.5,CALL,702.0
2026-09-23,0,735.0,CALL,974.0
2026-09-23,0,737.5,CALL,782.0
2026-09-23,0,740.0,CALL,2787.0
2026-09-23,0,742.5,CALL,1010.0
2026-09-23,0,745.0,CALL,2804.0
2026-09-23,0,747.5,CALL,1147.0
2026-09-23,0,750.0,CALL,3636.0
2026-09-23,0,755.0,CALL,2113.0
2026-09-23,0,760.0,CALL,3527.0
2026-09-23,0,765.0,CALL,2669.0
2026-09-23,0,770.0,CALL,5994.0
2026-09-23,0,775.0,CALL,1932.0
2026-09-23,0,780.0,CALL,5043.0
2026-09-23,0,785.0,CALL,1956.0
2026-09-23,0,790.0,CALL,4618.0
2026-09-23,0,795.0,CALL,1622.0
2026-09-23,0,800.0,CALL,10075.0
2026-09-23,0,805.0,CALL,1178.0
2026-09-23,0,810.0,CALL,2007.0
2026-09-23,0,815.0,CALL,1568.0
2026-09-23,0,820.0,CALL,799.0
2026-09-23,0,825.0,CALL,1005.0
2026-09-23,0,830.0,CALL,419.0
2026-09-23,0,835.0,CALL,277.0
2026-09-23,0,840.0,CALL,929.0
2026-09-23,0,845.0,CALL,478.0
2026-09-23,0,850.0,CALL,1051.0
2026-09-23,0,855.0,CALL,444.0
2026-09-23,0,860.0,CALL,666.0
2026-09-23,0,865.0,CALL,141.0
2026-09-23,0,870.0,CALL,264.0
2026-09-23,0,875.0,CALL,166.0
2026-09-23,0,880.0,CALL,812.0
2026-09-23,0,885.0,CALL,228.0
2026-09-23,0,890.0,CALL,86.0
2026-09-23,0,895.0,CALL,59.0
2026-09-23,0,900.0,CALL,250.0
2026-09-23,0,905.0,CALL,17.0
2026-09-23,0,910.0,CALL,73.0
2026-09-23,0,915.0,CALL,21.0
2026-09-23,0,920.0,CALL,210.0
2026-09-23,0,925.0,CALL,128.0
2026-09-23,0,930.0,CALL,142.0
2026-09-23,0,935.0,CALL,4.0
2026-09-23,0,940.0,CALL,22.0
2026-09-23,0,945.0,CALL,11.0
2026-09-23,0,950.0,CALL,4.0
2026-09-23,0,955.0,CALL,3.0
2026-09-23,0,960.0,CALL,29.0
2026-09-23,0,965.0,CALL,1.0
2026-09-23,0,985.0,CALL,22.0
2026-09-23,0,1010.0,CALL,20.0
2026-09-23,0,1020.0,CALL,1.0
2026-09-23,0,1170.0,CALL,1.0
2026-09-23,0,1240.0,CALL,1.0
2026-09-23,0,1470.0,CALL,1.0
2026-09-23,0,1480.0,CALL,33.0
2026-09-23,0,510.0,PUT,3.0
2026-09-23,0,525.0,PUT,4.0
2026-09-23,0,530.0,PUT,19.0
2026-09-23,0,535.0,PUT,62.0
2026-09-23,0,540.0,PUT,28.0
2026-09-23,0,545.0,PUT,38.0
2026-09-23,0,550.0,PUT,597.0
2026-09-23,0,555.0,PUT,44.0
2026-09-23,0,560.0,PUT,53.0
2026-09-23,0,562.5,PUT,18.0
2026-09-23,0,565.0,PUT,15.0
2026-09-23,0,567.5,PUT,21.0
2026-09-23,0,570.0,PUT,58.0
2026-09-23,0,572.5,PUT,3.0
2026-09-23,0,575.0,PUT,186.0
2026-09-23,0,577.5,PUT,6.0
2026-09-23,0,580.0,PUT,58.0
2026-09-23,0,582.5,PUT,9.0
2026-09-23,0,585.0,PUT,41.0
2026-09-23,0,587.5,PUT,59.0
2026-09-23,0,590.0,PUT,133.0
2026-09-23,0,592.5,PUT,16.0
2026-09-23,0,595.0,PUT,50.0
2026-09-23,0,597.5,PUT,53.0
2026-09-23,0,600.0,PUT,442.0
2026-09-23,0,602.5,PUT,30.0
2026-09-23,0,605.0,PUT,72.0
2026-09-23,0,607.5,PUT,120.0
2026-09-23,0,610.0,PUT,628.0
2026-09-23,0,612.5,PUT,58.0
2026-09-23,0,615.0,PUT,71.0
2026-09-23,0,617.5,PUT,72.0
2026-09-23,0,620.0,PUT,196.0
2026-09-23,0,622.5,PUT,126.0
2026-09-23,0,625.0,PUT,306.0
2026-09-23,0,627.5,PUT,110.0
2026-09-23,0,630.0,PUT,175.0
2026-09-23,0,632.5,PUT,315.0
2026-09-23,0,635.0,PUT,345.0
2026-09-23,0,637.5,PUT,67.0
2026-09-23,0,640.0,PUT,280.0
2026-09-23,0,642.5,PUT,244.0
2026-09-23,0,645.0,PUT,762.0
2026-09-23,0,647.5,PUT,736.0
2026-09-23,0,650.0,PUT,870.0
2026-09-23,0,652.5,PUT,163.0
2026-09-23,0,655.0,PUT,427.0
2026-09-23,0,657.5,PUT,172.0
2026-09-23,0,660.0,PUT,686.0
2026-09-23,0,662.5,PUT,435.0
2026-09-23,0,665.0,PUT,526.0
2026-09-23,0,667.5,PUT,449.0
2026-09-23,0,670.0,PUT,1944.0
2026-09-23,0,672.5,PUT,401.0
2026-09-23,0,675.0,PUT,837.0
2026-09-23,0,677.5,PUT,683.0
2026-09-23,0,680.0,PUT,1933.0
2026-09-23,0,682.5,PUT,388.0
2026-09-23,0,685.0,PUT,1722.0
2026-09-23,0,687.5,PUT,572.0
2026-09-23,0,690.0,PUT,1856.0
2026-09-23,0,692.5,PUT,452.0
2026-09-23,0,695.0,PUT,1174.0
2026-09-23,0,697.5,PUT,1503.0
2026-09-23,0,700.0,PUT,5025.0
2026-09-23,0,702.5,PUT,915.0
2026-09-23,0,705.0,PUT,2747.0
2026-09-23,0,707.5,PUT,716.0
2026-09-23,0,710.0,PUT,2054.0
2026-09-23,0,712.5,PUT,1831.0
2026-09-23,0,715.0,PUT,2804.0
2026-09-23,0,717.5,PUT,1192.0
2026-09-23,0,720.0,PUT,2679.0
2026-09-23,0,722.5,PUT,1138.0
2026-09-23,0,725.0,PUT,3028.0
2026-09-23,0,727.5,PUT,1131.0
2026-09-23,0,730.0,PUT,2171.0
2026-09-23,0,732.5,PUT,565.0
2026-09-23,0,735.0,PUT,900.0
2026-09-23,0,737.5,PUT,975.0
2026-09-23,0,740.0,PUT,1949.0
2026-09-23,0,742.5,PUT,760.0
2026-09-23,0,745.0,PUT,1642.0
2026-09-23,0,747.5,PUT,1348.0
2026-09-23,0,750.0,PUT,1469.0
2026-09-23,0,755.0,PUT,308.0
2026-09-23,0,760.0,PUT,154.0
2026-09-23,0,765.0,PUT,85.0
2026-09-23,0,770.0,PUT,231.0
2026-09-23,0,775.0,PUT,57.0
2026-09-23,0,780.0,PUT,31.0
2026-09-23,0,785.0,PUT,34.0
2026-09-23,0,790.0,PUT,14.0
2026-09-23,0,795.0,PUT,2.0
2026-09-23,0,800.0,PUT,43.0
2026-09-23,0,805.0,PUT,8.0
2026-09-23,0,810.0,PUT,0.0
2026-09-23,0,815.0,PUT,0.0
2026-09-23,0,820.0,PUT,5.0
2026-09-23,0,830.0,PUT,0.0
2026-09-23,0,850.0,PUT,0.0
2026-09-23,0,870.0,PUT,0.0
2026-09-23,0,875.0,PUT,0.0
2026-09-23,0,880.0,PUT,0.0
2026-09-23,0,900.0,PUT,0.0
2026-09-25,2,100.0,CALL,0.0
2026-09-25,2,130.0,CALL,0.0
2026-09-25,2,170.0,CALL,0.0
2026-09-25,2,180.0,CALL,0.0
2026-09-25,2,200.0,CALL,0.0
2026-09-25,2,260.0,CALL,0.0
2026-09-25,2,290.0,CALL,0.0
2026-09-25,2,300.0,CALL,0.0
2026-09-25,2,400.0,CALL,1.0
2026-09-25,2,435.0,CALL,0.0
2026-09-25,2,440.0,CALL,31.0
2026-09-25,2,445.0,CALL,0.0
2026-09-25,2,450.0,CALL,27.0
2026-09-25,2,460.0,CALL,0.0
2026-09-25,2,470.0,CALL,0.0
2026-09-25,2,475.0,CALL,0.0
2026-09-25,2,480.0,CALL,0.0
2026-09-25,2,485.0,CALL,0.0
2026-09-25,2,490.0,CALL,0.0
2026-09-25,2,495.0,CALL,0.0
2026-09-25,2,500.0,CALL,6.0
2026-09-25,2,505.0,CALL,1.0
2026-09-25,2,510.0,CALL,0.0
2026-09-25,2,515.0,CALL,3.0
2026-09-25,2,520.0,CALL,5.0
2026-09-25,2,525.0,CALL,3.0
2026-09-25,2,530.0,CALL,16.0
2026-09-25,2,535.0,CALL,10.0
2026-09-25,2,540.0,CALL,60.0
2026-09-25,2,545.0,CALL,127.0
2026-09-25,2,547.5,CALL,8.0
2026-09-25,2,550.0,CALL,169.0
2026-09-25,2,552.5,CALL,5.0
2026-09-25,2,555.0,CALL,14.0
2026-09-25,2,557.5,CALL,3.0
2026-09-25,2,560.0,CALL,31.0
2026-09-25,2,562.5,CALL,5.0
2026-09-25,2,565.0,CALL,320.0
2026-09-25,2,567.5,CALL,3.0
2026-09-25,2,570.0,CALL,320.0
2026-09-25,2,572.5,CALL,5.0
2026-09-25,2,575.0,CALL,275.0
2026-09-25,2,577.5,CALL,4.0
2026-09-25,2,580.0,CALL,558.0
2026-09-25,2,582.5,CALL,10.0
2026-09-25,2,585.0,CALL,592.0
2026-09-25,2,587.5,CALL,14.0
2026-09-25,2,590.0,CALL,738.0
2026-09-25,2,592.5,CALL,28.0
2026-09-25,2,595.0,CALL,409.0
2026-09-25,2,597.5,CALL,11.0
2026-09-25,2,600.0,CALL,1641.0
2026-09-25,2,602.5,CALL,16.0
2026-09-25,2,605.0,CALL,601.0
2026-09-25,2,607.5,CALL,5.0
2026-09-25,2,610.0,CALL,699.0
2026-09-25,2,612.5,CALL,59.0
2026-09-25,2,615.0,CALL,866.0
2026-09-25,2,617.5,CALL,25.0
2026-09-25,2,620.0,CALL,1208.0
2026-09-25,2,622.5,CALL,28.0
2026-09-25,2,625.0,CALL,1136.0
2026-09-25,2,627.5,CALL,88.0
2026-09-25,2,630.0,CALL,300.0
2026-09-25,2,632.5,CALL,109.0
2026-09-25,2,635.0,CALL,800.0
2026-09-25,2,637.5,CALL,36.0
2026-09-25,2,640.0,CALL,707.0
2026-09-25,2,642.5,CALL,30.0
2026-09-25,2,645.0,CALL,646.0
2026-09-25,2,647.5,CALL,2544.0
2026-09-25,2,650.0,CALL,4093.0
2026-09-25,2,652.5,CALL,86.0
2026-09-25,2,655.0,CALL,884.0
2026-09-25,2,657.5,CALL,159.0
2026-09-25,2,660.0,CALL,2383.0
2026-09-25,2,662.5,CALL,62.0
2026-09-25,2,665.0,CALL,622.0
2026-09-25,2,667.5,CALL,287.0
2026-09-25,2,670.0,CALL,1431.0
2026-09-25,2,672.5,CALL,349.0
2026-09-25,2,675.0,CALL,2029.0
2026-09-25,2,677.5,CALL,457.0
2026-09-25,2,680.0,CALL,1912.0
2026-09-25,2,682.5,CALL,171.0
2026-09-25,2,685.0,CALL,1798.0
2026-09-25,2,687.5,CALL,2218.0
2026-09-25,2,690.0,CALL,2665.0
2026-09-25,2,692.5,CALL,1011.0
2026-09-25,2,695.0,CALL,699.0
2026-09-25,2,697.5,CALL,365.0
2026-09-25,2,700.0,CALL,4591.0
2026-09-25,2,702.5,CALL,2536.0
2026-09-25,2,705.0,CALL,3380.0
2026-09-25,2,707.5,CALL,214.0
2026-09-25,2,710.0,CALL,2040.0
2026-09-25,2,712.5,CALL,475.0
2026-09-25,2,715.0,CALL,876.0
2026-09-25,2,717.5,CALL,1635.0
2026-09-25,2,720.0,CALL,2840.0
2026-09-25,2,722.5,CALL,829.0
2026-09-25,2,725.0,CALL,1559.0
2026-09-25,2,727.5,CALL,1059.0
2026-09-25,2,730.0,CALL,2100.0
2026-09-25,2,732.5,CALL,435.0
2026-09-25,2,735.0,CALL,1326.0
2026-09-25,2,737.5,CALL,428.0
2026-09-25,2,740.0,CALL,3814.0
2026-09-25,2,742.5,CALL,1251.0
2026-09-25,2,745.0,CALL,1996.0
2026-09-25,2,747.5,CALL,881.0
2026-09-25,2,750.0,CALL,9745.0
2026-09-25,2,755.0,CALL,1674.0
2026-09-25,2,760.0,CALL,3240.0
2026-09-25,2,765.0,CALL,5697.0
2026-09-25,2,770.0,CALL,2954.0
2026-09-25,2,775.0,CALL,5883.0
2026-09-25,2,780.0,CALL,1772.0
2026-09-25,2,785.0,CALL,1795.0
2026-09-25,2,790.0,CALL,1169.0
2026-09-25,2,795.0,CALL,554.0
2026-09-25,2,800.0,CALL,5482.0
2026-09-25,2,805.0,CALL,668.0
2026-09-25,2,810.0,CALL,1529.0
2026-09-25,2,815.0,CALL,796.0
2026-09-25,2,820.0,CALL,1477.0
2026-09-25,2,825.0,CALL,1344.0
2026-09-25,2,830.0,CALL,814.0
2026-09-25,2,835.0,CALL,433.0
2026-09-25,2,840.0,CALL,321.0
2026-09-25,2,845.0,CALL,923.0
2026-09-25,2,850.0,CALL,2728.0
2026-09-25,2,855.0,CALL,1091.0
2026-09-25,2,860.0,CALL,462.0
2026-09-25,2,865.0,CALL,569.0
2026-09-25,2,870.0,CALL,677.0
2026-09-25,2,875.0,CALL,272.0
2026-09-25,2,880.0,CALL,3079.0
2026-09-25,2,885.0,CALL,92.0
2026-09-25,2,890.0,CALL,592.0
2026-09-25,2,895.0,CALL,233.0
2026-09-25,2,900.0,CALL,1183.0
2026-09-25,2,905.0,CALL,323.0
2026-09-25,2,910.0,CALL,271.0
2026-09-25,2,915.0,CALL,216.0
2026-09-25,2,920.0,CALL,601.0
2026-09-25,2,925.0,CALL,253.0
2026-09-25,2,930.0,CALL,421.0
2026-09-25,2,935.0,CALL,244.0
2026-09-25,2,940.0,CALL,451.0
2026-09-25,2,945.0,CALL,212.0
2026-09-25,2,950.0,CALL,173.0
2026-09-25,2,955.0,CALL,136.0
2026-09-25,2,960.0,CALL,189.0
2026-09-25,2,965.0,CALL,132.0
2026-09-25,2,970.0,CALL,186.0
2026-09-25,2,975.0,CALL,187.0
2026-09-25,2,980.0,CALL,338.0
2026-09-25,2,985.0,CALL,266.0
2026-09-25,2,990.0,CALL,195.0
2026-09-25,2,995.0,CALL,187.0
2026-09-25,2,1000.0,CALL,1284.0
2026-09-25,2,1010.0,CALL,463.0
2026-09-25,2,1020.0,CALL,559.0
2026-09-25,2,1030.0,CALL,217.0
2026-09-25,2,1040.0,CALL,458.0
2026-09-25,2,1050.0,CALL,316.0
2026-09-25,2,1060.0,CALL,209.0
2026-09-25,2,1070.0,CALL,467.0
2026-09-25,2,1220.0,CALL,9.0
2026-09-25,2,1250.0,CALL,5.0
2026-09-25,2,1300.0,CALL,6.0
2026-09-25,2,1490.0,CALL,3.0
2026-09-25,2,130.0,PUT,1002.0
2026-09-25,2,140.0,PUT,1000.0
2026-09-25,2,150.0,PUT,1000.0
2026-09-25,2,200.0,PUT,129.0
2026-09-25,2,210.0,PUT,143.0
2026-09-25,2,220.0,PUT,38.0
2026-09-25,2,230.0,PUT,36.0
2026-09-25,2,240.0,PUT,19.0
2026-09-25,2,250.0,PUT,46.0
2026-09-25,2,260.0,PUT,71.0
2026-09-25,2,270.0,PUT,12.0
2026-09-25,2,290.0,PUT,3.0
2026-09-25,2,300.0,PUT,145.0
2026-09-25,2,310.0,PUT,0.0
2026-09-25,2,320.0,PUT,98.0
2026-09-25,2,330.0,PUT,19.0
2026-09-25,2,340.0,PUT,17.0
2026-09-25,2,350.0,PUT,634.0
2026-09-25,2,360.0,PUT,70.0
2026-09-25,2,370.0,PUT,765.0
2026-09-25,2,380.0,PUT,138.0
2026-09-25,2,390.0,PUT,154.0
2026-09-25,2,400.0,PUT,245.0
2026-09-25,2,405.0,PUT,164.0
2026-09-25,2,410.0,PUT,251.0
2026-09-25,2,415.0,PUT,334.0
2026-09-25,2,420.0,PUT,112.0
2026-09-25,2,425.0,PUT,134.0
2026-09-25,2,430.0,PUT,55.0
2026-09-25,2,435.0,PUT,83.0
2026-09-25,2,440.0,PUT,72.0
2026-09-25,2,445.0,PUT,316.0
2026-09-25,2,450.0,PUT,309.0
2026-09-25,2,455.0,PUT,119.0
2026-09-25,2,460.0,PUT,82.0
2026-09-25,2,465.0,PUT,207.0
2026-09-25,2,470.0,PUT,194.0
2026-09-25,2,475.0,PUT,307.0
2026-09-25,2,480.0,PUT,561.0
2026-09-25,2,485.0,PUT,302.0
2026-09-25,2,490.0,PUT,315.0
2026-09-25,2,495.0,PUT,341.0
2026-09-25,2,500.0,PUT,391.0
2026-09-25,2,505.0,PUT,294.0
2026-09-25,2,510.0,PUT,545.0
2026-09-25,2,515.0,PUT,532.0
2026-09-25,2,520.0,PUT,4945.0
2026-09-25,2,525.0,PUT,390.0
2026-09-25,2,530.0,PUT,955.0
2026-09-25,2,535.0,PUT,547.0
2026-09-25,2,540.0,PUT,445.0
2026-09-25,2,545.0,PUT,281.0
2026-09-25,2,547.5,PUT,55.0
2026-09-25,2,550.0,PUT,1691.0
2026-09-25,2,552.5,PUT,128.0
2026-09-25,2,555.0,PUT,260.0
2026-09-25,2,557.5,PUT,18.0
2026-09-25,2,560.0,PUT,2144.0
2026-09-25,2,562.5,PUT,67.0
2026-09-25,2,565.0,PUT,608.0
2026-09-25,2,567.5,PUT,952.0
2026-09-25,2,570.0,PUT,724.0
2026-09-25,2,572.5,PUT,40.0
2026-09-25,2,575.0,PUT,1240.0
2026-09-25,2,577.5,PUT,258.0
2026-09-25,2,580.0,PUT,834.0
2026-09-25,2,582.5,PUT,38.0
2026-09-25,2,585.0,PUT,582.0
2026-09-25,2,587.5,PUT,61.0
2026-09-25,2,590.0,PUT,710.0
2026-09-25,2,592.5,PUT,44.0
2026-09-25,2,595.0,PUT,399.0
2026-09-25,2,597.5,PUT,159.0
2026-09-25,2,600.0,PUT,1746.0
2026-09-25,2,602.5,PUT,59.0
2026-09-25,2,605.0,PUT,944.0
2026-09-25,2,607.5,PUT,126.0
2026-09-25,2,610.0,PUT,1990.0
2026-09-25,2,612.5,PUT,517.0
2026-09-25,2,615.0,PUT,995.0
2026-09-25,2,617.5,PUT,189.0
2026-09-25,2,620.0,PUT,1074.0
2026-09-25,2,622.5,PUT,170.0
2026-09-25,2,625.0,PUT,1239.0
2026-09-25,2,627.5,PUT,248.0
2026-09-25,2,630.0,PUT,803.0
2026-09-25,2,632.5,PUT,186.0
2026-09-25,2,635.0,PUT,743.0
2026-09-25,2,637.5,PUT,390.0
2026-09-25,2,640.0,PUT,5719.0
2026-09-25,2,642.5,PUT,212.0
2026-09-25,2,645.0,PUT,808.0
2026-09-25,2,647.5,PUT,264.0
2026-09-25,2,650.0,PUT,6012.0
2026-09-25,2,652.5,PUT,295.0
2026-09-25,2,655.0,PUT,700.0
2026-09-25,2,657.5,PUT,274.0
2026-09-25,2,660.0,PUT,1170.0
2026-09-25,2,662.5,PUT,586.0
2026-09-25,2,665.0,PUT,966.0
2026-09-25,2,667.5,PUT,407.0
2026-09-25,2,670.0,PUT,2058.0
2026-09-25,2,672.5,PUT,1934.0
2026-09-25,2,675.0,PUT,1547.0
2026-09-25,2,677.5,PUT,632.0
2026-09-25,2,680.0,PUT,1503.0
2026-09-25,2,682.5,PUT,785.0
2026-09-25,2,685.0,PUT,1193.0
2026-09-25,2,687.5,PUT,607.0
2026-09-25,2,690.0,PUT,1341.0
2026-09-25,2,692.5,PUT,524.0
2026-09-25,2,695.0,PUT,2023.0
2026-09-25,2,697.5,PUT,326.0
2026-09-25,2,700.0,PUT,4508.0
2026-09-25,2,702.5,PUT,2463.0
2026-09-25,2,705.0,PUT,1145.0
2026-09-25,2,707.5,PUT,285.0
2026-09-25,2,710.0,PUT,2421.0
2026-09-25,2,712.5,PUT,222.0
2026-09-25,2,715.0,PUT,2930.0
2026-09-25,2,717.5,PUT,602.0
2026-09-25,2,720.0,PUT,1787.0
2026-09-25,2,722.5,PUT,995.0
2026-09-25,2,725.0,PUT,2835.0
2026-09-25,2,727.5,PUT,633.0
2026-09-25,2,730.0,PUT,1600.0
2026-09-25,2,732.5,PUT,214.0
2026-09-25,2,735.0,PUT,1759.0
2026-09-25,2,737.5,PUT,276.0
2026-09-25,2,740.0,PUT,1808.0
2026-09-25,2,742.5,PUT,220.0
2026-09-25,2,745.0,PUT,444.0
2026-09-25,2,747.5,PUT,2765.0
2026-09-25,2,750.0,PUT,1779.0
2026-09-25,2,755.0,PUT,672.0
2026-09-25,2,760.0,PUT,570.0
2026-09-25,2,765.0,PUT,99.0
2026-09-25,2,770.0,PUT,99.0
2026-09-25,2,775.0,PUT,52.0
2026-09-25,2,780.0,PUT,26.0
2026-09-25,2,785.0,PUT,57.0
2026-09-25,2,790.0,PUT,168.0
2026-09-25,2,795.0,PUT,6.0
2026-09-25,2,800.0,PUT,151.0
2026-09-25,2,805.0,PUT,5.0
2026-09-25,2,810.0,PUT,5.0
2026-09-25,2,815.0,PUT,1.0
2026-09-25,2,820.0,PUT,11.0
2026-09-25,2,830.0,PUT,15.0
2026-09-25,2,840.0,PUT,14.0
2026-09-25,2,850.0,PUT,1.0
2026-09-25,2,865.0,PUT,1.0
2026-09-25,2,880.0,PUT,0.0
2026-09-25,2,935.0,PUT,0.0
2026-09-28,5,565.0,CALL,1.0
2026-09-28,5,570.0,CALL,2.0
2026-09-28,5,575.0,CALL,3.0
2026-09-28,5,580.0,CALL,26.0
2026-09-28,5,585.0,CALL,5.0
2026-09-28,5,590.0,CALL,11.0
2026-09-28,5,592.5,CALL,3.0
2026-09-28,5,595.0,CALL,9.0
2026-09-28,5,597.5,CALL,3.0
2026-09-28,5,600.0,CALL,16.0
2026-09-28,5,605.0,CALL,2.0
2026-09-28,5,615.0,CALL,2.0
2026-09-28,5,617.5,CALL,5.0
2026-09-28,5,620.0,CALL,2.0
2026-09-28,5,622.5,CALL,2.0
2026-09-28,5,625.0,CALL,7.0
2026-09-28,5,627.5,CALL,1.0
2026-09-28,5,630.0,CALL,2.0
2026-09-28,5,635.0,CALL,3.0
2026-09-28,5,637.5,CALL,0.0
2026-09-28,5,640.0,CALL,8.0
2026-09-28,5,645.0,CALL,7.0
2026-09-28,5,647.5,CALL,6.0
2026-09-28,5,650.0,CALL,88.0
2026-09-28,5,652.5,CALL,4.0
2026-09-28,5,655.0,CALL,24.0
2026-09-28,5,657.5,CALL,10.0
2026-09-28,5,660.0,CALL,27.0
2026-09-28,5,662.5,CALL,40.0
2026-09-28,5,665.0,CALL,68.0
2026-09-28,5,667.5,CALL,184.0
2026-09-28,5,670.0,CALL,151.0
2026-09-28,5,672.5,CALL,142.0
2026-09-28,5,675.0,CALL,118.0
2026-09-28,5,677.5,CALL,42.0
2026-09-28,5,680.0,CALL,196.0
2026-09-28,5,682.5,CALL,35.0
2026-09-28,5,685.0,CALL,119.0
2026-09-28,5,687.5,CALL,26.0
2026-09-28,5,690.0,CALL,171.0
2026-09-28,5,692.5,CALL,29.0
2026-09-28,5,695.0,CALL,101.0
2026-09-28,5,697.5,CALL,64.0
2026-09-28,5,700.0,CALL,270.0
2026-09-28,5,702.5,CALL,47.0
2026-09-28,5,705.0,CALL,170.0
2026-09-28,5,707.5,CALL,48.0
2026-09-28,5,710.0,CALL,131.0
2026-09-28,5,712.5,CALL,59.0
2026-09-28,5,715.0,CALL,73.0
2026-09-28,5,717.5,CALL,58.0
2026-09-28,5,720.0,CALL,157.0
2026-09-28,5,722.5,CALL,43.0
2026-09-28,5,725.0,CALL,283.0
2026-09-28,5,727.5,CALL,84.0
2026-09-28,5,730.0,CALL,136.0
2026-09-28,5,732.5,CALL,35.0
2026-09-28,5,735.0,CALL,91.0
2026-09-28,5,737.5,CALL,402.0
2026-09-28,5,740.0,CALL,218.0
2026-09-28,5,742.5,CALL,129.0
2026-09-28,5,745.0,CALL,193.0
2026-09-28,5,747.5,CALL,131.0
2026-09-28,5,750.0,CALL,645.0
2026-09-28,5,755.0,CALL,391.0
2026-09-28,5,760.0,CALL,492.0
2026-09-28,5,765.0,CALL,660.0
2026-09-28,5,770.0,CALL,791.0
2026-09-28,5,775.0,CALL,193.0
2026-09-28,5,780.0,CALL,492.0
2026-09-28,5,785.0,CALL,115.0
2026-09-28,5,790.0,CALL,500.0
2026-09-28,5,795.0,CALL,123.0
2026-09-28,5,800.0,CALL,1321.0
2026-09-28,5,805.0,CALL,91.0
2026-09-28,5,810.0,CALL,118.0
2026-09-28,5,815.0,CALL,92.0
2026-09-28,5,820.0,CALL,259.0
2026-09-28,5,825.0,CALL,54.0
2026-09-28,5,830.0,CALL,81.0
2026-09-28,5,835.0,CALL,56.0
2026-09-28,5,840.0,CALL,275.0
2026-09-28,5,845.0,CALL,41.0
2026-09-28,5,850.0,CALL,368.0
2026-09-28,5,855.0,CALL,55.0
2026-09-28,5,860.0,CALL,27.0
2026-09-28,5,865.0,CALL,423.0
2026-09-28,5,870.0,CALL,31.0
2026-09-28,5,875.0,CALL,46.0
2026-09-28,5,880.0,CALL,318.0
2026-09-28,5,885.0,CALL,22.0
2026-09-28,5,890.0,CALL,90.0
2026-09-28,5,895.0,CALL,51.0
2026-09-28,5,900.0,CALL,128.0
2026-09-28,5,905.0,CALL,1.0
2026-09-28,5,910.0,CALL,3.0
2026-09-28,5,920.0,CALL,1.0
2026-09-28,5,925.0,CALL,3.0
2026-09-28,5,930.0,CALL,1.0
2026-09-28,5,940.0,CALL,179.0
2026-09-28,5,950.0,CALL,3.0
2026-09-28,5,955.0,CALL,7.0
2026-09-28,5,960.0,CALL,18.0
2026-09-28,5,965.0,CALL,12.0
2026-09-28,5,970.0,CALL,6.0
2026-09-28,5,975.0,CALL,3.0
2026-09-28,5,980.0,CALL,7.0
2026-09-28,5,985.0,CALL,4.0
2026-09-28,5,990.0,CALL,4.0
2026-09-28,5,1000.0,CALL,2.0
2026-09-28,5,1490.0,CALL,10.0
2026-09-28,5,510.0,PUT,10.0
2026-09-28,5,515.0,PUT,8.0
2026-09-28,5,520.0,PUT,1.0
2026-09-28,5,525.0,PUT,2.0
2026-09-28,5,530.0,PUT,5.0
2026-09-28,5,535.0,PUT,5.0
2026-09-28,5,540.0,PUT,5.0
2026-09-28,5,545.0,PUT,37.0
2026-09-28,5,550.0,PUT,6.0
2026-09-28,5,555.0,PUT,16.0
2026-09-28,5,560.0,PUT,4.0
2026-09-28,5,565.0,PUT,105.0
2026-09-28,5,570.0,PUT,7.0
2026-09-28,5,575.0,PUT,12.0
2026-09-28,5,580.0,PUT,24.0
2026-09-28,5,585.0,PUT,17.0
2026-09-28,5,587.5,PUT,8.0
2026-09-28,5,590.0,PUT,35.0
2026-09-28,5,592.5,PUT,2.0
2026-09-28,5,595.0,PUT,15.0
2026-09-28,5,597.5,PUT,2.0
2026-09-28,5,600.0,PUT,56.0
2026-09-28,5,602.5,PUT,1.0
2026-09-28,5,605.0,PUT,4.0
2026-09-28,5,607.5,PUT,6.0
2026-09-28,5,610.0,PUT,57.0
2026-09-28,5,612.5,PUT,6.0
2026-09-28,5,615.0,PUT,17.0
2026-09-28,5,617.5,PUT,12.0
2026-09-28,5,620.0,PUT,38.0
2026-09-28,5,622.5,PUT,25.0
2026-09-28,5,625.0,PUT,24.0
2026-09-28,5,627.5,PUT,78.0
2026-09-28,5,630.0,PUT,105.0
2026-09-28,5,632.5,PUT,11.0
2026-09-28,5,635.0,PUT,165.0
2026-09-28,5,637.5,PUT,20.0
2026-09-28,5,640.0,PUT,67.0
2026-09-28,5,642.5,PUT,133.0
2026-09-28,5,645.0,PUT,33.0
2026-09-28,5,647.5,PUT,14.0
2026-09-28,5,650.0,PUT,199.0
2026-09-28,5,652.5,PUT,14.0
2026-09-28,5,655.0,PUT,263.0
2026-09-28,5,657.5,PUT,58.0
2026-09-28,5,660.0,PUT,265.0
2026-09-28,5,662.5,PUT,59.0
2026-09-28,5,665.0,PUT,208.0
2026-09-28,5,667.5,PUT,58.0
2026-09-28,5,670.0,PUT,238.0
2026-09-28,5,672.5,PUT,82.0
2026-09-28,5,675.0,PUT,247.0
2026-09-28,5,677.5,PUT,238.0
2026-09-28,5,680.0,PUT,387.0
2026-09-28,5,682.5,PUT,229.0
2026-09-28,5,685.0,PUT,321.0
2026-09-28,5,687.5,PUT,30.0
2026-09-28,5,690.0,PUT,172.0
2026-09-28,5,692.5,PUT,40.0
2026-09-28,5,695.0,PUT,163.0
2026-09-28,5,697.5,PUT,252.0
2026-09-28,5,700.0,PUT,1030.0
2026-09-28,5,702.5,PUT,128.0
2026-09-28,5,705.0,PUT,136.0
2026-09-28,5,707.5,PUT,79.0
2026-09-28,5,710.0,PUT,1026.0
2026-09-28,5,712.5,PUT,74.0
2026-09-28,5,715.0,PUT,228.0
2026-09-28,5,717.5,PUT,186.0
2026-09-28,5,720.0,PUT,165.0
2026-09-28,5,722.5,PUT,59.0
2026-09-28,5,725.0,PUT,226.0
2026-09-28,5,727.5,PUT,66.0
2026-09-28,5,730.0,PUT,163.0
2026-09-28,5,732.5,PUT,149.0
2026-09-28,5,735.0,PUT,139.0
2026-09-28,5,737.5,PUT,96.0
2026-09-28,5,740.0,PUT,126.0
2026-09-28,5,742.5,PUT,187.0
2026-09-28,5,745.0,PUT,127.0
2026-09-28,5,747.5,PUT,125.0
2026-09-28,5,750.0,PUT,148.0
2026-09-28,5,755.0,PUT,60.0
2026-09-28,5,760.0,PUT,29.0
2026-09-28,5,765.0,PUT,41.0
2026-09-28,5,770.0,PUT,32.0
2026-09-28,5,775.0,PUT,36.0
2026-09-28,5,780.0,PUT,9.0
2026-09-28,5,785.0,PUT,1.0
2026-09-28,5,790.0,PUT,11.0
2026-09-28,5,795.0,PUT,12.0
2026-09-28,5,800.0,PUT,1.0
2026-09-28,5,810.0,PUT,2.0
2026-09-28,5,820.0,PUT,5.0
2026-09-28,5,830.0,PUT,1.0
2026-09-28,5,840.0,PUT,14.0
2026-09-28,5,850.0,PUT,2.0
2026-09-28,5,945.0,PUT,0.0
2026-09-28,5,955.0,PUT,0.0
2026-09-28,5,985.0,PUT,0.0
2026-09-28,5,1030.0,PUT,0.0
2026-09-30,7,565.0,CALL,1.0
2026-09-30,7,570.0,CALL,4.0
2026-09-30,7,575.0,CALL,5.0
2026-09-30,7,577.5,CALL,3.0
2026-09-30,7,580.0,CALL,3.0
2026-09-30,7,582.5,CALL,6.0
2026-09-30,7,585.0,CALL,1.0
2026-09-30,7,587.5,CALL,2.0
2026-09-30,7,590.0,CALL,1.0
2026-09-30,7,595.0,CALL,1.0
2026-09-30,7,602.5,CALL,1.0
2026-09-30,7,605.0,CALL,8.0
2026-09-30,7,607.5,CALL,4.0
2026-09-30,7,610.0,CALL,5.0
2026-09-30,7,612.5,CALL,3.0
2026-09-30,7,615.0,CALL,7.0
2026-09-30,7,617.5,CALL,7.0
2026-09-30,7,620.0,CALL,8.0
2026-09-30,7,622.5,CALL,2.0
2026-09-30,7,625.0,CALL,5.0
2026-09-30,7,627.5,CALL,1.0
2026-09-30,7,630.0,CALL,8.0
2026-09-30,7,632.5,CALL,4.0
2026-09-30,7,635.0,CALL,6.0
2026-09-30,7,637.5,CALL,4.0
2026-09-30,7,640.0,CALL,7.0
2026-09-30,7,642.5,CALL,20.0
2026-09-30,7,645.0,CALL,37.0
2026-09-30,7,647.5,CALL,1.0
2026-09-30,7,650.0,CALL,33.0
2026-09-30,7,652.5,CALL,3.0
2026-09-30,7,655.0,CALL,47.0
2026-09-30,7,660.0,CALL,6.0
2026-09-30,7,662.5,CALL,4.0
2026-09-30,7,665.0,CALL,24.0
2026-09-30,7,667.5,CALL,3.0
2026-09-30,7,670.0,CALL,157.0
2026-09-30,7,672.5,CALL,81.0
2026-09-30,7,675.0,CALL,102.0
2026-09-30,7,677.5,CALL,48.0
2026-09-30,7,680.0,CALL,135.0
2026-09-30,7,682.5,CALL,21.0
2026-09-30,7,685.0,CALL,59.0
2026-09-30,7,687.5,CALL,11.0
2026-09-30,7,690.0,CALL,139.0
2026-09-30,7,692.5,CALL,14.0
2026-09-30,7,695.0,CALL,71.0
2026-09-30,7,697.5,CALL,9.0
2026-09-30,7,700.0,CALL,211.0
2026-09-30,7,702.5,CALL,23.0
2026-09-30,7,705.0,CALL,99.0
2026-09-30,7,707.5,CALL,13.0
2026-09-30,7,710.0,CALL,46.0
2026-09-30,7,712.5,CALL,8.0
2026-09-30,7,715.0,CALL,53.0
2026-09-30,7,717.5,CALL,16.0
2026-09-30,7,720.0,CALL,156.0
2026-09-30,7,722.5,CALL,68.0
2026-09-30,7,725.0,CALL,77.0
2026-09-30,7,727.5,CALL,17.0
2026-09-30,7,730.0,CALL,69.0
2026-09-30,7,732.5,CALL,24.0
2026-09-30,7,735.0,CALL,107.0
2026-09-30,7,737.5,CALL,19.0
2026-09-30,7,740.0,CALL,195.0
2026-09-30,7,742.5,CALL,57.0
2026-09-30,7,745.0,CALL,158.0
2026-09-30,7,747.5,CALL,115.0
2026-09-30,7,750.0,CALL,1796.0
2026-09-30,7,755.0,CALL,91.0
2026-09-30,7,760.0,CALL,272.0
2026-09-30,7,765.0,CALL,256.0
2026-09-30,7,770.0,CALL,450.0
2026-09-30,7,775.0,CALL,183.0
2026-09-30,7,780.0,CALL,160.0
2026-09-30,7,785.0,CALL,169.0
2026-09-30,7,790.0,CALL,244.0
2026-09-30,7,795.0,CALL,61.0
2026-09-30,7,800.0,CALL,6460.0
2026-09-30,7,805.0,CALL,94.0
2026-09-30,7,810.0,CALL,85.0
2026-09-30,7,815.0,CALL,45.0
2026-09-30,7,820.0,CALL,80.0
2026-09-30,7,825.0,CALL,42.0
2026-09-30,7,830.0,CALL,207.0
2026-09-30,7,835.0,CALL,30.0
2026-09-30,7,840.0,CALL,97.0
2026-09-30,7,845.0,CALL,8.0
2026-09-30,7,850.0,CALL,655.0
2026-09-30,7,855.0,CALL,82.0
2026-09-30,7,860.0,CALL,16.0
2026-09-30,7,865.0,CALL,3.0
2026-09-30,7,870.0,CALL,15.0
2026-09-30,7,875.0,CALL,16.0
2026-09-30,7,880.0,CALL,18.0
2026-09-30,7,885.0,CALL,4.0
2026-09-30,7,890.0,CALL,18.0
2026-09-30,7,895.0,CALL,2.0
2026-09-30,7,900.0,CALL,187.0
2026-09-30,7,905.0,CALL,3.0
2026-09-30,7,910.0,CALL,1.0
2026-09-30,7,915.0,CALL,7.0
2026-09-30,7,920.0,CALL,70.0
2026-09-30,7,925.0,CALL,6.0
2026-09-30,7,930.0,CALL,32.0
2026-09-30,7,935.0,CALL,13.0
2026-09-30,7,945.0,CALL,0.0
2026-09-30,7,950.0,CALL,4.0
2026-09-30,7,955.0,CALL,1.0
2026-09-30,7,960.0,CALL,103.0
2026-09-30,7,965.0,CALL,4.0
2026-09-30,7,970.0,CALL,1.0
2026-09-30,7,975.0,CALL,1.0
2026-09-30,7,980.0,CALL,3.0
2026-09-30,7,985.0,CALL,10.0
2026-09-30,7,990.0,CALL,5.0
2026-09-30,7,1000.0,CALL,16.0
2026-09-30,7,1010.0,CALL,87.0
2026-09-30,7,1020.0,CALL,6.0
2026-09-30,7,1030.0,CALL,31.0
2026-09-30,7,1040.0,CALL,12.0
2026-09-30,7,1050.0,CALL,13.0
2026-09-30,7,1060.0,CALL,2.0
2026-09-30,7,1490.0,CALL,5.0
2026-09-30,7,510.0,PUT,52.0
2026-09-30,7,515.0,PUT,1.0
2026-09-30,7,520.0,PUT,2.0
2026-09-30,7,525.0,PUT,9.0
2026-09-30,7,530.0,PUT,55.0
2026-09-30,7,535.0,PUT,2.0
2026-09-30,7,540.0,PUT,2.0
2026-09-30,7,550.0,PUT,21.0
2026-09-30,7,555.0,PUT,8.0
2026-09-30,7,560.0,PUT,25.0
2026-09-30,7,565.0,PUT,3.0
2026-09-30,7,570.0,PUT,10.0
2026-09-30,7,575.0,PUT,7.0
2026-09-30,7,577.5,PUT,4.0
2026-09-30,7,580.0,PUT,15.0
2026-09-30,7,582.5,PUT,2.0
2026-09-30,7,585.0,PUT,12.0
2026-09-30,7,590.0,PUT,4.0
2026-09-30,7,592.5,PUT,3.0
2026-09-30,7,595.0,PUT,57.0
2026-09-30,7,597.5,PUT,14.0
2026-09-30,7,600.0,PUT,211.0
2026-09-30,7,602.5,PUT,2.0
2026-09-30,7,605.0,PUT,31.0
2026-09-30,7,607.5,PUT,18.0
2026-09-30,7,610.0,PUT,117.0
2026-09-30,7,612.5,PUT,11.0
2026-09-30,7,615.0,PUT,46.0
2026-09-30,7,617.5,PUT,16.0
2026-09-30,7,620.0,PUT,48.0
2026-09-30,7,622.5,PUT,14.0
2026-09-30,7,625.0,PUT,265.0
2026-09-30,7,627.5,PUT,15.0
2026-09-30,7,630.0,PUT,42.0
2026-09-30,7,632.5,PUT,15.0
2026-09-30,7,635.0,PUT,33.0
2026-09-30,7,637.5,PUT,57.0
2026-09-30,7,640.0,PUT,110.0
2026-09-30,7,642.5,PUT,5.0
2026-09-30,7,645.0,PUT,181.0
2026-09-30,7,647.5,PUT,21.0
2026-09-30,7,650.0,PUT,604.0
2026-09-30,7,652.5,PUT,9.0
2026-09-30,7,655.0,PUT,98.0
2026-09-30,7,657.5,PUT,275.0
2026-09-30,7,660.0,PUT,51.0
2026-09-30,7,662.5,PUT,12.0
2026-09-30,7,665.0,PUT,46.0
2026-09-30,7,667.5,PUT,24.0
2026-09-30,7,670.0,PUT,284.0
2026-09-30,7,672.5,PUT,55.0
2026-09-30,7,675.0,PUT,187.0
2026-09-30,7,677.5,PUT,44.0
2026-09-30,7,680.0,PUT,448.0
2026-09-30,7,682.5,PUT,43.0
2026-09-30,7,685.0,PUT,151.0
2026-09-30,7,687.5,PUT,42.0
2026-09-30,7,690.0,PUT,109.0
2026-09-30,7,692.5,PUT,21.0
2026-09-30,7,695.0,PUT,63.0
2026-09-30,7,697.5,PUT,40.0
2026-09-30,7,700.0,PUT,365.0
2026-09-30,7,702.5,PUT,16.0
2026-09-30,7,705.0,PUT,78.0
2026-09-30,7,707.5,PUT,100.0
2026-09-30,7,710.0,PUT,127.0
2026-09-30,7,712.5,PUT,33.0
2026-09-30,7,715.0,PUT,88.0
2026-09-30,7,717.5,PUT,17.0
2026-09-30,7,720.0,PUT,453.0
2026-09-30,7,722.5,PUT,18.0
2026-09-30,7,725.0,PUT,54.0
2026-09-30,7,727.5,PUT,14.0
2026-09-30,7,730.0,PUT,115.0
2026-09-30,7,732.5,PUT,22.0
2026-09-30,7,735.0,PUT,120.0
2026-09-30,7,737.5,PUT,34.0
2026-09-30,7,740.0,PUT,121.0
2026-09-30,7,742.5,PUT,42.0
2026-09-30,7,745.0,PUT,109.0
2026-09-30,7,747.5,PUT,26.0
2026-09-30,7,750.0,PUT,130.0
2026-09-30,7,755.0,PUT,35.0
2026-09-30,7,760.0,PUT,16.0
2026-09-30,7,765.0,PUT,1.0
2026-09-30,7,770.0,PUT,251.0
2026-09-30,7,775.0,PUT,16.0
2026-09-30,7,780.0,PUT,1.0
2026-09-30,7,785.0,PUT,2.0
2026-09-30,7,790.0,PUT,5.0
2026-09-30,7,800.0,PUT,1.0
2026-09-30,7,810.0,PUT,0.0
2026-09-30,7,845.0,PUT,1.0
2026-10-02,9,100.0,CALL,0.0
2026-10-02,9,220.0,CALL,2.0
2026-10-02,9,240.0,CALL,1.0
2026-10-02,9,260.0,CALL,0.0
2026-10-02,9,290.0,CALL,3.0
2026-10-02,9,300.0,CALL,3.0
2026-10-02,9,400.0,CALL,3.0
2026-10-02,9,415.0,CALL,1.0
2026-10-02,9,435.0,CALL,1.0
2026-10-02,9,470.0,CALL,1.0
2026-10-02,9,475.0,CALL,1.0
2026-10-02,9,480.0,CALL,2.0
2026-10-02,9,485.0,CALL,1.0
2026-10-02,9,490.0,CALL,13.0
2026-10-02,9,495.0,CALL,42.0
2026-10-02,9,500.0,CALL,39.0
2026-10-02,9,505.0,CALL,13.0
2026-10-02,9,510.0,CALL,12.0
2026-10-02,9,515.0,CALL,7.0
2026-10-02,9,520.0,CALL,59.0
2026-10-02,9,525.0,CALL,15.0
2026-10-02,9,530.0,CALL,62.0
2026-10-02,9,535.0,CALL,15.0
2026-10-02,9,540.0,CALL,79.0
2026-10-02,9,545.0,CALL,39.0
2026-10-02,9,550.0,CALL,158.0
2026-10-02,9,555.0,CALL,137.0
2026-10-02,9,560.0,CALL,84.0
2026-10-02,9,565.0,CALL,272.0
2026-10-02,9,570.0,CALL,350.0
2026-10-02,9,572.5,CALL,2.0
2026-10-02,9,575.0,CALL,191.0
2026-10-02,9,577.5,CALL,0.0
2026-10-02,9,580.0,CALL,235.0
2026-10-02,9,585.0,CALL,145.0
2026-10-02,9,590.0,CALL,262.0
2026-10-02,9,592.5,CALL,1.0
2026-10-02,9,595.0,CALL,788.0
2026-10-02,9,597.5,CALL,3.0
2026-10-02,9,600.0,CALL,514.0
2026-10-02,9,602.5,CALL,1.0
2026-10-02,9,605.0,CALL,368.0
2026-10-02,9,607.5,CALL,20.0
2026-10-02,9,610.0,CALL,191.0
2026-10-02,9,612.5,CALL,1.0
2026-10-02,9,615.0,CALL,1201.0
2026-10-02,9,617.5,CALL,29.0
2026-10-02,9,620.0,CALL,432.0
2026-10-02,9,622.5,CALL,6.0
2026-10-02,9,625.0,CALL,216.0
2026-10-02,9,627.5,CALL,5.0
2026-10-02,9,630.0,CALL,494.0
2026-10-02,9,632.5,CALL,3.0
2026-10-02,9,635.0,CALL,213.0
2026-10-02,9,637.5,CALL,18.0
2026-10-02,9,640.0,CALL,521.0
2026-10-02,9,642.5,CALL,6.0
2026-10-02,9,645.0,CALL,458.0
2026-10-02,9,647.5,CALL,33.0
2026-10-02,9,650.0,CALL,1670.0
2026-10-02,9,652.5,CALL,13.0
2026-10-02,9,655.0,CALL,857.0
2026-10-02,9,657.5,CALL,17.0
2026-10-02,9,660.0,CALL,1085.0
2026-10-02,9,662.5,CALL,66.0
2026-10-02,9,665.0,CALL,339.0
2026-10-02,9,667.5,CALL,183.0
2026-10-02,9,670.0,CALL,4658.0
2026-10-02,9,672.5,CALL,67.0
2026-10-02,9,675.0,CALL,547.0
2026-10-02,9,677.5,CALL,36.0
2026-10-02,9,680.0,CALL,1023.0
2026-10-02,9,682.5,CALL,48.0
2026-10-02,9,685.0,CALL,327.0
2026-10-02,9,687.5,CALL,16.0
2026-10-02,9,690.0,CALL,580.0
2026-10-02,9,692.5,CALL,1006.0
2026-10-02,9,695.0,CALL,399.0
2026-10-02,9,697.5,CALL,66.0
2026-10-02,9,700.0,CALL,1223.0
2026-10-02,9,702.5,CALL,20.0
2026-10-02,9,705.0,CALL,237.0
2026-10-02,9,707.5,CALL,27.0
2026-10-02,9,710.0,CALL,374.0
2026-10-02,9,712.5,CALL,144.0
2026-10-02,9,715.0,CALL,1025.0
2026-10-02,9,717.5,CALL,74.0
2026-10-02,9,720.0,CALL,2141.0
2026-10-02,9,722.5,CALL,73.0
2026-10-02,9,725.0,CALL,388.0
2026-10-02,9,727.5,CALL,64.0
2026-10-02,9,730.0,CALL,668.0
2026-10-02,9,732.5,CALL,1094.0
2026-10-02,9,735.0,CALL,605.0
2026-10-02,9,737.5,CALL,175.0
2026-10-02,9,740.0,CALL,3254.0
2026-10-02,9,742.5,CALL,158.0
2026-10-02,9,745.0,CALL,2021.0
2026-10-02,9,747.5,CALL,109.0
2026-10-02,9,750.0,CALL,2419.0
2026-10-02,9,755.0,CALL,587.0
2026-10-02,9,760.0,CALL,524.0
2026-10-02,9,765.0,CALL,237.0
2026-10-02,9,770.0,CALL,1328.0
2026-10-02,9,775.0,CALL,563.0
2026-10-02,9,780.0,CALL,649.0
2026-10-02,9,785.0,CALL,197.0
2026-10-02,9,790.0,CALL,391.0
2026-10-02,9,795.0,CALL,112.0
2026-10-02,9,800.0,CALL,5708.0
2026-10-02,9,805.0,CALL,670.0
2026-10-02,9,810.0,CALL,1175.0
2026-10-02,9,815.0,CALL,104.0
2026-10-02,9,820.0,CALL,1225.0
2026-10-02,9,825.0,CALL,601.0
2026-10-02,9,830.0,CALL,408.0
2026-10-02,9,835.0,CALL,158.0
2026-10-02,9,840.0,CALL,210.0
2026-10-02,9,845.0,CALL,50.0
2026-10-02,9,850.0,CALL,771.0
2026-10-02,9,855.0,CALL,80.0
2026-10-02,9,860.0,CALL,305.0
2026-10-02,9,865.0,CALL,78.0
2026-10-02,9,870.0,CALL,608.0
2026-10-02,9,875.0,CALL,78.0
2026-10-02,9,880.0,CALL,240.0
2026-10-02,9,885.0,CALL,37.0
2026-10-02,9,890.0,CALL,95.0
2026-10-02,9,895.0,CALL,13.0
2026-10-02,9,900.0,CALL,1200.0
2026-10-02,9,905.0,CALL,48.0
2026-10-02,9,910.0,CALL,82.0
2026-10-02,9,915.0,CALL,56.0
2026-10-02,9,920.0,CALL,98.0
2026-10-02,9,925.0,CALL,32.0
2026-10-02,9,930.0,CALL,116.0
2026-10-02,9,935.0,CALL,181.0
2026-10-02,9,940.0,CALL,131.0
2026-10-02,9,945.0,CALL,109.0
2026-10-02,9,950.0,CALL,56.0
2026-10-02,9,955.0,CALL,74.0
2026-10-02,9,960.0,CALL,253.0
2026-10-02,9,965.0,CALL,132.0
2026-10-02,9,970.0,CALL,207.0
2026-10-02,9,975.0,CALL,82.0
2026-10-02,9,980.0,CALL,49.0
2026-10-02,9,985.0,CALL,118.0
2026-10-02,9,990.0,CALL,253.0
2026-10-02,9,995.0,CALL,226.0
2026-10-02,9,1000.0,CALL,391.0
2026-10-02,9,1010.0,CALL,154.0
2026-10-02,9,1020.0,CALL,239.0
2026-10-02,9,1030.0,CALL,169.0
2026-10-02,9,1040.0,CALL,242.0
2026-10-02,9,1050.0,CALL,148.0
2026-10-02,9,1060.0,CALL,56.0
2026-10-02,9,1070.0,CALL,72.0
2026-10-02,9,1230.0,CALL,1.0
2026-10-02,9,1490.0,CALL,10.0
2026-10-02,9,130.0,PUT,11.0
2026-10-02,9,150.0,PUT,1053.0
2026-10-02,9,200.0,PUT,12.0
2026-10-02,9,270.0,PUT,2.0
2026-10-02,9,280.0,PUT,1.0
2026-10-02,9,300.0,PUT,0.0
2026-10-02,9,310.0,PUT,5.0
2026-10-02,9,320.0,PUT,0.0
2026-10-02,9,330.0,PUT,13.0
2026-10-02,9,340.0,PUT,6.0
2026-10-02,9,350.0,PUT,153.0
2026-10-02,9,360.0,PUT,29.0
2026-10-02,9,370.0,PUT,17.0
2026-10-02,9,380.0,PUT,21.0
2026-10-02,9,390.0,PUT,10.0
2026-10-02,9,400.0,PUT,192.0
2026-10-02,9,405.0,PUT,25.0
2026-10-02,9,410.0,PUT,35.0
2026-10-02,9,415.0,PUT,121.0
2026-10-02,9,420.0,PUT,13.0
2026-10-02,9,425.0,PUT,35.0
2026-10-02,9,430.0,PUT,57.0
2026-10-02,9,435.0,PUT,38.0
2026-10-02,9,440.0,PUT,183.0
2026-10-02,9,445.0,PUT,48.0
2026-10-02,9,450.0,PUT,82.0
2026-10-02,9,455.0,PUT,288.0
2026-10-02,9,460.0,PUT,232.0
2026-10-02,9,465.0,PUT,60.0
2026-10-02,9,470.0,PUT,266.0
2026-10-02,9,475.0,PUT,407.0
2026-10-02,9,480.0,PUT,213.0
2026-10-02,9,485.0,PUT,146.0
2026-10-02,9,490.0,PUT,422.0
2026-10-02,9,495.0,PUT,199.0
2026-10-02,9,500.0,PUT,619.0
2026-10-02,9,505.0,PUT,368.0
2026-10-02,9,510.0,PUT,323.0
2026-10-02,9,515.0,PUT,1940.0
2026-10-02,9,520.0,PUT,351.0
2026-10-02,9,525.0,PUT,408.0
2026-10-02,9,530.0,PUT,463.0
2026-10-02,9,535.0,PUT,240.0
2026-10-02,9,540.0,PUT,2064.0
2026-10-02,9,545.0,PUT,494.0
2026-10-02,9,550.0,PUT,534.0
2026-10-02,9,555.0,PUT,286.0
2026-10-02,9,560.0,PUT,870.0
2026-10-02,9,565.0,PUT,151.0
2026-10-02,9,570.0,PUT,232.0
2026-10-02,9,572.5,PUT,25.0
2026-10-02,9,575.0,PUT,215.0
2026-10-02,9,580.0,PUT,463.0
2026-10-02,9,582.5,PUT,1.0
2026-10-02,9,585.0,PUT,549.0
2026-10-02,9,587.5,PUT,22.0
2026-10-02,9,590.0,PUT,445.0
2026-10-02,9,592.5,PUT,6.0
2026-10-02,9,595.0,PUT,249.0
2026-10-02,9,597.5,PUT,4.0
2026-10-02,9,600.0,PUT,2025.0
2026-10-02,9,602.5,PUT,5.0
2026-10-02,9,605.0,PUT,1038.0
2026-10-02,9,607.5,PUT,87.0
2026-10-02,9,610.0,PUT,229.0
2026-10-02,9,612.5,PUT,35.0
2026-10-02,9,615.0,PUT,1100.0
2026-10-02,9,617.5,PUT,23.0
2026-10-02,9,620.0,PUT,901.0
2026-10-02,9,622.5,PUT,6.0
2026-10-02,9,625.0,PUT,328.0
2026-10-02,9,627.5,PUT,47.0
2026-10-02,9,630.0,PUT,935.0
2026-10-02,9,632.5,PUT,125.0
2026-10-02,9,635.0,PUT,606.0
2026-10-02,9,637.5,PUT,70.0
2026-10-02,9,640.0,PUT,324.0
2026-10-02,9,642.5,PUT,84.0
2026-10-02,9,645.0,PUT,405.0
2026-10-02,9,647.5,PUT,80.0
2026-10-02,9,650.0,PUT,1165.0
2026-10-02,9,652.5,PUT,2026.0
2026-10-02,9,655.0,PUT,1931.0
2026-10-02,9,657.5,PUT,61.0
2026-10-02,9,660.0,PUT,735.0
2026-10-02,9,662.5,PUT,85.0
2026-10-02,9,665.0,PUT,212.0
2026-10-02,9,667.5,PUT,55.0
2026-10-02,9,670.0,PUT,501.0
2026-10-02,9,672.5,PUT,111.0
2026-10-02,9,675.0,PUT,477.0
2026-10-02,9,677.5,PUT,60.0
2026-10-02,9,680.0,PUT,690.0
2026-10-02,9,682.5,PUT,19.0
2026-10-02,9,685.0,PUT,422.0
2026-10-02,9,687.5,PUT,12.0
2026-10-02,9,690.0,PUT,452.0
2026-10-02,9,692.5,PUT,55.0
2026-10-02,9,695.0,PUT,164.0
2026-10-02,9,697.5,PUT,161.0
2026-10-02,9,700.0,PUT,1157.0
2026-10-02,9,702.5,PUT,60.0
2026-10-02,9,705.0,PUT,157.0
2026-10-02,9,707.5,PUT,146.0
2026-10-02,9,710.0,PUT,480.0
2026-10-02,9,712.5,PUT,174.0
2026-10-02,9,715.0,PUT,226.0
2026-10-02,9,717.5,PUT,69.0
2026-10-02,9,720.0,PUT,296.0
2026-10-02,9,722.5,PUT,72.0
2026-10-02,9,725.0,PUT,370.0
2026-10-02,9,727.5,PUT,124.0
2026-10-02,9,730.0,PUT,1843.0
2026-10-02,9,732.5,PUT,49.0
2026-10-02,9,735.0,PUT,266.0
2026-10-02,9,737.5,PUT,88.0
2026-10-02,9,740.0,PUT,514.0
2026-10-02,9,742.5,PUT,82.0
2026-10-02,9,745.0,PUT,199.0
2026-10-02,9,747.5,PUT,278.0
2026-10-02,9,750.0,PUT,337.0
2026-10-02,9,755.0,PUT,38.0
2026-10-02,9,760.0,PUT,135.0
2026-10-02,9,765.0,PUT,27.0
2026-10-02,9,770.0,PUT,46.0
2026-10-02,9,775.0,PUT,6.0
2026-10-02,9,780.0,PUT,12.0
2026-10-02,9,785.0,PUT,5.0
2026-10-02,9,790.0,PUT,30.0
2026-10-02,9,795.0,PUT,6.0
2026-10-02,9,800.0,PUT,10.0
2026-10-02,9,805.0,PUT,1.0
2026-10-02,9,810.0,PUT,1.0
2026-10-02,9,820.0,PUT,4.0
2026-10-02,9,825.0,PUT,5.0
2026-10-02,9,830.0,PUT,18.0
2026-10-02,9,835.0,PUT,5.0
2026-10-02,9,850.0,PUT,8.0
2026-10-02,9,855.0,PUT,2.0
2026-10-05,12,635.0,CALL,2.0
2026-10-05,12,645.0,CALL,2.0
2026-10-05,12,650.0,CALL,2.0
2026-10-05,12,660.0,CALL,1.0
2026-10-05,12,670.0,CALL,5.0
2026-10-05,12,675.0,CALL,1.0
2026-10-05,12,680.0,CALL,5.0
2026-10-05,12,685.0,CALL,5.0
2026-10-05,12,690.0,CALL,5.0
2026-10-05,12,695.0,CALL,4.0
2026-10-05,12,700.0,CALL,27.0
2026-10-05,12,705.0,CALL,2.0
2026-10-05,12,710.0,CALL,22.0
2026-10-05,12,715.0,CALL,9.0
2026-10-05,12,720.0,CALL,1654.0
2026-10-05,12,725.0,CALL,13.0
2026-10-05,12,730.0,CALL,335.0
2026-10-05,12,735.0,CALL,107.0
2026-10-05,12,737.5,CALL,22.0
2026-10-05,12,740.0,CALL,2735.0
2026-10-05,12,742.5,CALL,7.0
2026-10-05,12,745.0,CALL,1642.0
2026-10-05,12,747.5,CALL,24.0
2026-10-05,12,750.0,CALL,97.0
2026-10-05,12,755.0,CALL,32.0
2026-10-05,12,760.0,CALL,45.0
2026-10-05,12,765.0,CALL,3.0
2026-10-05,12,770.0,CALL,51.0
2026-10-05,12,775.0,CALL,6.0
2026-10-05,12,780.0,CALL,12.0
2026-10-05,12,785.0,CALL,11.0
2026-10-05,12,790.0,CALL,7.0
2026-10-05,12,795.0,CALL,3.0
2026-10-05,12,800.0,CALL,111.0
2026-10-05,12,805.0,CALL,10.0
2026-10-05,12,815.0,CALL,1.0
2026-10-05,12,825.0,CALL,9.0
2026-10-05,12,830.0,CALL,3.0
2026-10-05,12,835.0,CALL,1.0
2026-10-05,12,840.0,CALL,5.0
2026-10-05,12,845.0,CALL,2.0
2026-10-05,12,850.0,CALL,11.0
2026-10-05,12,855.0,CALL,5.0
2026-10-05,12,860.0,CALL,5.0
2026-10-05,12,865.0,CALL,4.0
2026-10-05,12,870.0,CALL,1.0
2026-10-05,12,880.0,CALL,7.0
2026-10-05,12,895.0,CALL,2.0
2026-10-05,12,900.0,CALL,3.0
2026-10-05,12,910.0,CALL,15.0
2026-10-05,12,920.0,CALL,1.0
2026-10-05,12,925.0,CALL,2.0
2026-10-05,12,930.0,CALL,2.0
2026-10-05,12,1000.0,CALL,11.0
2026-10-05,12,515.0,PUT,2.0
2026-10-05,12,530.0,PUT,11.0
2026-10-05,12,540.0,PUT,6.0
2026-10-05,12,590.0,PUT,2.0
2026-10-05,12,595.0,PUT,1.0
2026-10-05,12,600.0,PUT,6.0
2026-10-05,12,605.0,PUT,2.0
2026-10-05,12,615.0,PUT,2.0
2026-10-05,12,620.0,PUT,5.0
2026-10-05,12,625.0,PUT,2.0
2026-10-05,12,630.0,PUT,17.0
2026-10-05,12,635.0,PUT,2.0
2026-10-05,12,640.0,PUT,14.0
2026-10-05,12,645.0,PUT,3.0
2026-10-05,12,650.0,PUT,36.0
2026-10-05,12,655.0,PUT,7.0
2026-10-05,12,660.0,PUT,29.0
2026-10-05,12,665.0,PUT,4.0
2026-10-05,12,670.0,PUT,12.0
2026-10-05,12,675.0,PUT,59.0
2026-10-05,12,680.0,PUT,34.0
2026-10-05,12,685.0,PUT,20.0
2026-10-05,12,690.0,PUT,16.0
2026-10-05,12,692.5,PUT,1.0
2026-10-05,12,695.0,PUT,29.0
2026-10-05,12,700.0,PUT,369.0
2026-10-05,12,702.5,PUT,2.0
2026-10-05,12,705.0,PUT,40.0
2026-10-05,12,707.5,PUT,47.0
2026-10-05,12,710.0,PUT,81.0
2026-10-05,12,715.0,PUT,28.0
2026-10-05,12,720.0,PUT,33.0
2026-10-05,12,725.0,PUT,141.0
2026-10-05,12,727.5,PUT,1.0
2026-10-05,12,730.0,PUT,339.0
2026-10-05,12,732.5,PUT,1.0
2026-10-05,12,735.0,PUT,151.0
2026-10-05,12,737.5,PUT,89.0
2026-10-05,12,740.0,PUT,28.0
2026-10-05,12,742.5,PUT,24.0
2026-10-05,12,745.0,PUT,28.0
2026-10-05,12,747.5,PUT,180.0
2026-10-05,12,750.0,PUT,28.0
2026-10-05,12,755.0,PUT,4.0
2026-10-05,12,765.0,PUT,2.0
2026-10-05,12,770.0,PUT,12.0
2026-10-05,12,805.0,PUT,7.0
2026-10-09,16,240.0,CALL,7.0
2026-10-09,16,400.0,CALL,2.0
2026-10-09,16,435.0,CALL,0.0
2026-10-09,16,490.0,CALL,2.0
2026-10-09,16,500.0,CALL,3.0
2026-10-09,16,510.0,CALL,1.0
2026-10-09,16,520.0,CALL,1.0
2026-10-09,16,525.0,CALL,5.0
2026-10-09,16,530.0,CALL,1.0
2026-10-09,16,535.0,CALL,2.0
2026-10-09,16,540.0,CALL,2.0
2026-10-09,16,545.0,CALL,13.0
2026-10-09,16,550.0,CALL,22.0
2026-10-09,16,555.0,CALL,85.0
2026-10-09,16,560.0,CALL,22.0
2026-10-09,16,565.0,CALL,29.0
2026-10-09,16,570.0,CALL,76.0
2026-10-09,16,575.0,CALL,97.0
2026-10-09,16,580.0,CALL,72.0
2026-10-09,16,585.0,CALL,81.0
2026-10-09,16,590.0,CALL,34.0
2026-10-09,16,595.0,CALL,26.0
2026-10-09,16,600.0,CALL,46.0
2026-10-09,16,605.0,CALL,90.0
2026-10-09,16,610.0,CALL,118.0
2026-10-09,16,615.0,CALL,342.0
2026-10-09,16,620.0,CALL,124.0
2026-10-09,16,625.0,CALL,56.0
2026-10-09,16,630.0,CALL,265.0
2026-10-09,16,635.0,CALL,68.0
2026-10-09,16,640.0,CALL,210.0
2026-10-09,16,645.0,CALL,128.0
2026-10-09,16,650.0,CALL,250.0
2026-10-09,16,655.0,CALL,143.0
2026-10-09,16,657.5,CALL,2.0
2026-10-09,16,660.0,CALL,351.0
2026-10-09,16,662.5,CALL,5.0
2026-10-09,16,665.0,CALL,749.0
2026-10-09,16,670.0,CALL,459.0
2026-10-09,16,672.5,CALL,15.0
2026-10-09,16,675.0,CALL,323.0
2026-10-09,16,677.5,CALL,7.0
2026-10-09,16,680.0,CALL,244.0
2026-10-09,16,682.5,CALL,2.0
2026-10-09,16,685.0,CALL,418.0
2026-10-09,16,687.5,CALL,8.0
2026-10-09,16,690.0,CALL,229.0
2026-10-09,16,692.5,CALL,6.0
2026-10-09,16,695.0,CALL,196.0
2026-10-09,16,697.5,CALL,15.0
2026-10-09,16,700.0,CALL,618.0
2026-10-09,16,702.5,CALL,38.0
2026-10-09,16,705.0,CALL,150.0
2026-10-09,16,710.0,CALL,266.0
2026-10-09,16,715.0,CALL,403.0
2026-10-09,16,720.0,CALL,464.0
2026-10-09,16,725.0,CALL,304.0
2026-10-09,16,730.0,CALL,231.0
2026-10-09,16,735.0,CALL,129.0
2026-10-09,16,740.0,CALL,269.0
2026-10-09,16,745.0,CALL,169.0
2026-10-09,16,750.0,CALL,776.0
2026-10-09,16,755.0,CALL,128.0
2026-10-09,16,760.0,CALL,284.0
2026-10-09,16,765.0,CALL,188.0
2026-10-09,16,770.0,CALL,379.0
2026-10-09,16,775.0,CALL,149.0
2026-10-09,16,780.0,CALL,220.0
2026-10-09,16,785.0,CALL,121.0
2026-10-09,16,790.0,CALL,232.0
2026-10-09,16,795.0,CALL,222.0
2026-10-09,16,800.0,CALL,489.0
2026-10-09,16,805.0,CALL,60.0
2026-10-09,16,810.0,CALL,193.0
2026-10-09,16,815.0,CALL,64.0
2026-10-09,16,820.0,CALL,164.0
2026-10-09,16,825.0,CALL,85.0
2026-10-09,16,830.0,CALL,46.0
2026-10-09,16,835.0,CALL,147.0
2026-10-09,16,840.0,CALL,101.0
2026-10-09,16,845.0,CALL,264.0
2026-10-09,16,850.0,CALL,278.0
2026-10-09,16,855.0,CALL,68.0
2026-10-09,16,860.0,CALL,61.0
2026-10-09,16,865.0,CALL,54.0
2026-10-09,16,870.0,CALL,57.0
2026-10-09,16,875.0,CALL,33.0
2026-10-09,16,880.0,CALL,58.0
2026-10-09,16,885.0,CALL,29.0
2026-10-09,16,890.0,CALL,81.0
2026-10-09,16,895.0,CALL,83.0
2026-10-09,16,900.0,CALL,423.0
2026-10-09,16,905.0,CALL,31.0
2026-10-09,16,910.0,CALL,118.0
2026-10-09,16,915.0,CALL,99.0
2026-10-09,16,920.0,CALL,31.0
2026-10-09,16,925.0,CALL,141.0
2026-10-09,16,930.0,CALL,28.0
2026-10-09,16,935.0,CALL,52.0
2026-10-09,16,940.0,CALL,38.0
2026-10-09,16,945.0,CALL,35.0
2026-10-09,16,950.0,CALL,42.0
2026-10-09,16,955.0,CALL,120.0
2026-10-09,16,960.0,CALL,43.0
2026-10-09,16,965.0,CALL,66.0
2026-10-09,16,970.0,CALL,49.0
2026-10-09,16,975.0,CALL,36.0
2026-10-09,16,980.0,CALL,29.0
2026-10-09,16,985.0,CALL,43.0
2026-10-09,16,990.0,CALL,56.0
2026-10-09,16,995.0,CALL,26.0
2026-10-09,16,1000.0,CALL,36.0
2026-10-09,16,1010.0,CALL,121.0
2026-10-09,16,1020.0,CALL,105.0
2026-10-09,16,1030.0,CALL,117.0
2026-10-09,16,1040.0,CALL,138.0
2026-10-09,16,1050.0,CALL,124.0
2026-10-09,16,1060.0,CALL,132.0
2026-10-09,16,1070.0,CALL,199.0
2026-10-09,16,100.0,PUT,1.0
2026-10-09,16,260.0,PUT,17.0
2026-10-09,16,270.0,PUT,3.0
2026-10-09,16,280.0,PUT,3.0
2026-10-09,16,290.0,PUT,0.0
2026-10-09,16,300.0,PUT,1.0
2026-10-09,16,320.0,PUT,1.0
2026-10-09,16,330.0,PUT,1.0
2026-10-09,16,340.0,PUT,7.0
2026-10-09,16,350.0,PUT,13.0
2026-10-09,16,360.0,PUT,9.0
2026-10-09,16,370.0,PUT,22.0
2026-10-09,16,380.0,PUT,7.0
2026-10-09,16,390.0,PUT,6.0
2026-10-09,16,400.0,PUT,18.0
2026-10-09,16,405.0,PUT,12.0
2026-10-09,16,410.0,PUT,13.0
2026-10-09,16,415.0,PUT,13.0
2026-10-09,16,420.0,PUT,9.0
2026-10-09,16,425.0,PUT,15.0
2026-10-09,16,430.0,PUT,17.0
2026-10-09,16,435.0,PUT,111.0
2026-10-09,16,440.0,PUT,52.0
2026-10-09,16,445.0,PUT,34.0
2026-10-09,16,450.0,PUT,15.0
2026-10-09,16,455.0,PUT,7.0
2026-10-09,16,460.0,PUT,23.0
2026-10-09,16,465.0,PUT,110.0
2026-10-09,16,470.0,PUT,39.0
2026-10-09,16,475.0,PUT,29.0
2026-10-09,16,480.0,PUT,299.0
2026-10-09,16,485.0,PUT,264.0
2026-10-09,16,490.0,PUT,292.0
2026-10-09,16,495.0,PUT,43.0
2026-10-09,16,500.0,PUT,1578.0
2026-10-09,16,505.0,PUT,62.0
2026-10-09,16,510.0,PUT,163.0
2026-10-09,16,515.0,PUT,1153.0
2026-10-09,16,520.0,PUT,68.0
2026-10-09,16,525.0,PUT,91.0
2026-10-09,16,530.0,PUT,89.0
2026-10-09,16,535.0,PUT,73.0
2026-10-09,16,540.0,PUT,148.0
2026-10-09,16,545.0,PUT,201.0
2026-10-09,16,550.0,PUT,313.0
2026-10-09,16,555.0,PUT,54.0
2026-10-09,16,560.0,PUT,90.0
2026-10-09,16,565.0,PUT,3661.0
2026-10-09,16,570.0,PUT,180.0
2026-10-09,16,575.0,PUT,76.0
2026-10-09,16,580.0,PUT,236.0
2026-10-09,16,585.0,PUT,125.0
2026-10-09,16,590.0,PUT,188.0
2026-10-09,16,595.0,PUT,383.0
2026-10-09,16,600.0,PUT,524.0
2026-10-09,16,605.0,PUT,365.0
2026-10-09,16,610.0,PUT,168.0
2026-10-09,16,615.0,PUT,109.0
2026-10-09,16,620.0,PUT,187.0
2026-10-09,16,625.0,PUT,457.0
2026-10-09,16,630.0,PUT,150.0
2026-10-09,16,635.0,PUT,180.0
2026-10-09,16,640.0,PUT,318.0
2026-10-09,16,645.0,PUT,452.0
2026-10-09,16,650.0,PUT,242.0
2026-10-09,16,655.0,PUT,189.0
2026-10-09,16,657.5,PUT,8.0
2026-10-09,16,660.0,PUT,131.0
2026-10-09,16,662.5,PUT,24.0
2026-10-09,16,665.0,PUT,173.0
2026-10-09,16,667.5,PUT,2.0
2026-10-09,16,670.0,PUT,159.0
2026-10-09,16,672.5,PUT,22.0
2026-10-09,16,675.0,PUT,190.0
2026-10-09,16,677.5,PUT,7.0
2026-10-09,16,680.0,PUT,196.0
2026-10-09,16,682.5,PUT,22.0
2026-10-09,16,685.0,PUT,134.0
2026-10-09,16,687.5,PUT,111.0
2026-10-09,16,690.0,PUT,191.0
2026-10-09,16,692.5,PUT,11.0
2026-10-09,16,695.0,PUT,46.0
2026-10-09,16,697.5,PUT,18.0
2026-10-09,16,700.0,PUT,472.0
2026-10-09,16,702.5,PUT,279.0
2026-10-09,16,705.0,PUT,193.0
2026-10-09,16,710.0,PUT,374.0
2026-10-09,16,715.0,PUT,142.0
2026-10-09,16,720.0,PUT,144.0
2026-10-09,16,725.0,PUT,110.0
2026-10-09,16,730.0,PUT,224.0
2026-10-09,16,735.0,PUT,58.0
2026-10-09,16,740.0,PUT,142.0
2026-10-09,16,745.0,PUT,79.0
2026-10-09,16,750.0,PUT,144.0
2026-10-09,16,755.0,PUT,43.0
2026-10-09,16,760.0,PUT,46.0
2026-10-09,16,765.0,PUT,52.0
2026-10-09,16,770.0,PUT,20.0
2026-10-09,16,775.0,PUT,11.0
2026-10-09,16,780.0,PUT,13.0
2026-10-09,16,785.0,PUT,5.0
2026-10-09,16,790.0,PUT,1.0
2026-10-09,16,795.0,PUT,2.0
2026-10-09,16,800.0,PUT,11.0
2026-10-09,16,805.0,PUT,2.0
2026-10-09,16,810.0,PUT,1.0
2026-10-09,16,815.0,PUT,1.0
2026-10-09,16,820.0,PUT,3.0
2026-10-09,16,830.0,PUT,1.0
2026-10-09,16,855.0,PUT,1.0
2026-10-09,16,890.0,PUT,1.0
2026-10-16,23,270.0,CALL,1247.0
2026-10-16,23,280.0,CALL,2.0
2026-10-16,23,300.0,CALL,305.0
2026-10-16,23,310.0,CALL,2.0
2026-10-16,23,320.0,CALL,8.0
2026-10-16,23,330.0,CALL,0.0
2026-10-16,23,340.0,CALL,1.0
2026-10-16,23,350.0,CALL,10.0
2026-10-16,23,360.0,CALL,0.0
2026-10-16,23,370.0,CALL,0.0
2026-10-16,23,380.0,CALL,16.0
2026-10-16,23,390.0,CALL,3.0
2026-10-16,23,400.0,CALL,19.0
2026-10-16,23,410.0,CALL,15.0
2026-10-16,23,415.0,CALL,7.0
2026-10-16,23,420.0,CALL,0.0
2026-10-16,23,425.0,CALL,1.0
2026-10-16,23,430.0,CALL,21.0
2026-10-16,23,435.0,CALL,24.0
2026-10-16,23,440.0,CALL,29.0
2026-10-16,23,445.0,CALL,25.0
2026-10-16,23,450.0,CALL,602.0
2026-10-16,23,455.0,CALL,34.0
2026-10-16,23,460.0,CALL,20.0
2026-10-16,23,465.0,CALL,15.0
2026-10-16,23,470.0,CALL,23.0
2026-10-16,23,475.0,CALL,0.0
2026-10-16,23,480.0,CALL,161.0
2026-10-16,23,485.0,CALL,27.0
2026-10-16,23,490.0,CALL,64.0
2026-10-16,23,495.0,CALL,41.0
2026-10-16,23,500.0,CALL,524.0
2026-10-16,23,505.0,CALL,30.0
2026-10-16,23,510.0,CALL,50.0
2026-10-16,23,515.0,CALL,121.0
2026-10-16,23,520.0,CALL,393.0
2026-10-16,23,525.0,CALL,165.0
2026-10-16,23,530.0,CALL,263.0
2026-10-16,23,535.0,CALL,537.0
2026-10-16,23,540.0,CALL,444.0
2026-10-16,23,545.0,CALL,215.0
2026-10-16,23,550.0,CALL,2629.0
2026-10-16,23,555.0,CALL,350.0
2026-10-16,23,560.0,CALL,1119.0
2026-10-16,23,565.0,CALL,607.0
2026-10-16,23,570.0,CALL,2176.0
2026-10-16,23,575.0,CALL,1840.0
2026-10-16,23,580.0,CALL,1658.0
2026-10-16,23,585.0,CALL,3973.0
2026-10-16,23,590.0,CALL,1789.0
2026-10-16,23,595.0,CALL,687.0
2026-10-16,23,600.0,CALL,7638.0
2026-10-16,23,605.0,CALL,806.0
2026-10-16,23,610.0,CALL,1396.0
2026-10-16,23,615.0,CALL,1155.0
2026-10-16,23,620.0,CALL,4288.0
2026-10-16,23,625.0,CALL,1142.0
2026-10-16,23,630.0,CALL,3207.0
2026-10-16,23,635.0,CALL,751.0
2026-10-16,23,640.0,CALL,4461.0
2026-10-16,23,645.0,CALL,1010.0
2026-10-16,23,650.0,CALL,7744.0
2026-10-16,23,655.0,CALL,1624.0
2026-10-16,23,657.5,CALL,14.0
2026-10-16,23,660.0,CALL,2573.0
2026-10-16,23,662.5,CALL,15.0
2026-10-16,23,665.0,CALL,1563.0
2026-10-16,23,667.5,CALL,8.0
2026-10-16,23,670.0,CALL,3472.0
2026-10-16,23,672.5,CALL,15.0
2026-10-16,23,675.0,CALL,3631.0
2026-10-16,23,677.5,CALL,31.0
2026-10-16,23,680.0,CALL,5497.0
2026-10-16,23,682.5,CALL,86.0
2026-10-16,23,685.0,CALL,1226.0
2026-10-16,23,687.5,CALL,45.0
2026-10-16,23,690.0,CALL,3612.0
2026-10-16,23,692.5,CALL,32.0
2026-10-16,23,695.0,CALL,2819.0
2026-10-16,23,697.5,CALL,167.0
2026-10-16,23,700.0,CALL,23095.0
2026-10-16,23,702.5,CALL,101.0
2026-10-16,23,705.0,CALL,2161.0
2026-10-16,23,710.0,CALL,7239.0
2026-10-16,23,715.0,CALL,1637.0
2026-10-16,23,720.0,CALL,4275.0
2026-10-16,23,725.0,CALL,3809.0
2026-10-16,23,730.0,CALL,3929.0
2026-10-16,23,735.0,CALL,2137.0
2026-10-16,23,740.0,CALL,4996.0
2026-10-16,23,745.0,CALL,722.0
2026-10-16,23,750.0,CALL,14126.0
2026-10-16,23,755.0,CALL,3256.0
2026-10-16,23,760.0,CALL,7032.0
2026-10-16,23,765.0,CALL,15032.0
2026-10-16,23,770.0,CALL,5765.0
2026-10-16,23,775.0,CALL,19445.0
2026-10-16,23,780.0,CALL,6250.0
2026-10-16,23,785.0,CALL,472.0
2026-10-16,23,790.0,CALL,2146.0
2026-10-16,23,795.0,CALL,470.0
2026-10-16,23,800.0,CALL,15623.0
2026-10-16,23,805.0,CALL,3081.0
2026-10-16,23,810.0,CALL,3284.0
2026-10-16,23,815.0,CALL,5393.0
2026-10-16,23,820.0,CALL,11284.0
2026-10-16,23,825.0,CALL,5244.0
2026-10-16,23,830.0,CALL,6944.0
2026-10-16,23,835.0,CALL,2029.0
2026-10-16,23,840.0,CALL,1163.0
2026-10-16,23,845.0,CALL,185.0
2026-10-16,23,850.0,CALL,3638.0
2026-10-16,23,855.0,CALL,346.0
2026-10-16,23,860.0,CALL,1263.0
2026-10-16,23,865.0,CALL,438.0
2026-10-16,23,870.0,CALL,1110.0
2026-10-16,23,875.0,CALL,424.0
2026-10-16,23,880.0,CALL,553.0
2026-10-16,23,885.0,CALL,530.0
2026-10-16,23,890.0,CALL,229.0
2026-10-16,23,895.0,CALL,74.0
2026-10-16,23,900.0,CALL,4415.0
2026-10-16,23,905.0,CALL,95.0
2026-10-16,23,910.0,CALL,225.0
2026-10-16,23,915.0,CALL,151.0
2026-10-16,23,920.0,CALL,157.0
2026-10-16,23,925.0,CALL,119.0
2026-10-16,23,930.0,CALL,432.0
2026-10-16,23,935.0,CALL,68.0
2026-10-16,23,940.0,CALL,156.0
2026-10-16,23,945.0,CALL,25.0
2026-10-16,23,950.0,CALL,682.0
2026-10-16,23,955.0,CALL,68.0
2026-10-16,23,960.0,CALL,99.0
2026-10-16,23,965.0,CALL,199.0
2026-10-16,23,970.0,CALL,530.0
2026-10-16,23,975.0,CALL,67.0
2026-10-16,23,980.0,CALL,231.0
2026-10-16,23,990.0,CALL,134.0
2026-10-16,23,1000.0,CALL,2267.0
2026-10-16,23,1010.0,CALL,57.0
2026-10-16,23,1020.0,CALL,64.0
2026-10-16,23,1030.0,CALL,117.0
2026-10-16,23,1040.0,CALL,380.0
2026-10-16,23,1050.0,CALL,831.0
2026-10-16,23,1060.0,CALL,436.0
2026-10-16,23,1070.0,CALL,550.0
2026-10-16,23,1080.0,CALL,451.0
2026-10-16,23,1090.0,CALL,122.0
2026-10-16,23,1100.0,CALL,767.0
2026-10-16,23,1110.0,CALL,364.0
2026-10-16,23,1120.0,CALL,765.0
2026-10-16,23,1130.0,CALL,561.0
2026-10-16,23,1140.0,CALL,355.0
2026-10-16,23,1150.0,CALL,201.0
2026-10-16,23,1160.0,CALL,3030.0
2026-10-16,23,1170.0,CALL,2394.0
2026-10-16,23,1180.0,CALL,1868.0
2026-10-16,23,1190.0,CALL,221.0
2026-10-16,23,1200.0,CALL,3219.0
2026-10-16,23,1210.0,CALL,2081.0
2026-10-16,23,1220.0,CALL,3148.0
2026-10-16,23,1230.0,CALL,1286.0
2026-10-16,23,1240.0,CALL,2065.0
2026-10-16,23,1250.0,CALL,525.0
2026-10-16,23,1490.0,CALL,19.0
2026-10-16,23,270.0,PUT,428.0
2026-10-16,23,280.0,PUT,616.0
2026-10-16,23,290.0,PUT,1487.0
2026-10-16,23,300.0,PUT,1680.0
2026-10-16,23,310.0,PUT,961.0
2026-10-16,23,320.0,PUT,270.0
2026-10-16,23,330.0,PUT,829.0
2026-10-16,23,340.0,PUT,369.0
2026-10-16,23,350.0,PUT,540.0
2026-10-16,23,360.0,PUT,301.0
2026-10-16,23,370.0,PUT,222.0
2026-10-16,23,380.0,PUT,292.0
2026-10-16,23,390.0,PUT,450.0
2026-10-16,23,400.0,PUT,1390.0
2026-10-16,23,405.0,PUT,72.0
2026-10-16,23,410.0,PUT,1179.0
2026-10-16,23,415.0,PUT,232.0
2026-10-16,23,420.0,PUT,362.0
2026-10-16,23,425.0,PUT,188.0
2026-10-16,23,430.0,PUT,529.0
2026-10-16,23,435.0,PUT,151.0
2026-10-16,23,440.0,PUT,767.0
2026-10-16,23,445.0,PUT,105.0
2026-10-16,23,450.0,PUT,3025.0
2026-10-16,23,455.0,PUT,593.0
2026-10-16,23,460.0,PUT,1066.0
2026-10-16,23,465.0,PUT,609.0
2026-10-16,23,470.0,PUT,1768.0
2026-10-16,23,475.0,PUT,542.0
2026-10-16,23,480.0,PUT,2320.0
2026-10-16,23,485.0,PUT,2113.0
2026-10-16,23,490.0,PUT,1424.0
2026-10-16,23,495.0,PUT,715.0
2026-10-16,23,500.0,PUT,4343.0
2026-10-16,23,505.0,PUT,923.0
2026-10-16,23,510.0,PUT,1651.0
2026-10-16,23,515.0,PUT,1711.0
2026-10-16,23,520.0,PUT,2180.0
2026-10-16,23,525.0,PUT,1738.0
2026-10-16,23,530.0,PUT,2032.0
2026-10-16,23,535.0,PUT,755.0
2026-10-16,23,540.0,PUT,4379.0
2026-10-16,23,545.0,PUT,735.0
2026-10-16,23,550.0,PUT,6001.0
2026-10-16,23,555.0,PUT,596.0
2026-10-16,23,560.0,PUT,2414.0
2026-10-16,23,565.0,PUT,653.0
2026-10-16,23,570.0,PUT,2475.0
2026-10-16,23,575.0,PUT,878.0
2026-10-16,23,580.0,PUT,3599.0
2026-10-16,23,585.0,PUT,3291.0
2026-10-16,23,590.0,PUT,1920.0
2026-10-16,23,595.0,PUT,683.0
2026-10-16,23,600.0,PUT,7154.0
2026-10-16,23,605.0,PUT,841.0
2026-10-16,23,610.0,PUT,1764.0
2026-10-16,23,615.0,PUT,1272.0
2026-10-16,23,620.0,PUT,2257.0
2026-10-16,23,625.0,PUT,1302.0
2026-10-16,23,630.0,PUT,1545.0
2026-10-16,23,635.0,PUT,470.0
2026-10-16,23,640.0,PUT,2691.0
2026-10-16,23,645.0,PUT,893.0
2026-10-16,23,650.0,PUT,2701.0
2026-10-16,23,655.0,PUT,833.0
2026-10-16,23,657.5,PUT,36.0
2026-10-16,23,660.0,PUT,2014.0
2026-10-16,23,662.5,PUT,82.0
2026-10-16,23,665.0,PUT,530.0
2026-10-16,23,667.5,PUT,139.0
2026-10-16,23,670.0,PUT,1823.0
2026-10-16,23,672.5,PUT,86.0
2026-10-16,23,675.0,PUT,1367.0
2026-10-16,23,677.5,PUT,154.0
2026-10-16,23,680.0,PUT,1165.0
2026-10-16,23,682.5,PUT,131.0
2026-10-16,23,685.0,PUT,753.0
2026-10-16,23,687.5,PUT,185.0
2026-10-16,23,690.0,PUT,532.0
2026-10-16,23,692.5,PUT,125.0
2026-10-16,23,695.0,PUT,539.0
2026-10-16,23,697.5,PUT,128.0
2026-10-16,23,700.0,PUT,2975.0
2026-10-16,23,702.5,PUT,198.0
2026-10-16,23,705.0,PUT,493.0
2026-10-16,23,710.0,PUT,1456.0
2026-10-16,23,715.0,PUT,597.0
2026-10-16,23,720.0,PUT,789.0
2026-10-16,23,725.0,PUT,933.0
2026-10-16,23,730.0,PUT,513.0
2026-10-16,23,735.0,PUT,436.0
2026-10-16,23,740.0,PUT,1256.0
2026-10-16,23,745.0,PUT,423.0
2026-10-16,23,750.0,PUT,1589.0
2026-10-16,23,755.0,PUT,120.0
2026-10-16,23,760.0,PUT,320.0
2026-10-16,23,765.0,PUT,41.0
2026-10-16,23,770.0,PUT,78.0
2026-10-16,23,775.0,PUT,44.0
2026-10-16,23,780.0,PUT,31.0
2026-10-16,23,785.0,PUT,31.0
2026-10-16,23,790.0,PUT,74.0
2026-10-16,23,795.0,PUT,36.0
2026-10-16,23,800.0,PUT,517.0
2026-10-16,23,805.0,PUT,22.0
2026-10-16,23,810.0,PUT,31.0
2026-10-16,23,815.0,PUT,22.0
2026-10-16,23,820.0,PUT,45.0
2026-10-16,23,825.0,PUT,23.0
2026-10-16,23,830.0,PUT,37.0
2026-10-16,23,835.0,PUT,81.0
2026-10-16,23,850.0,PUT,4.0
2026-10-16,23,855.0,PUT,3.0
2026-10-16,23,860.0,PUT,1.0
2026-10-16,23,890.0,PUT,0.0
2026-10-16,23,900.0,PUT,5.0
2026-10-16,23,910.0,PUT,0.0
2026-10-16,23,920.0,PUT,0.0
2026-10-16,23,930.0,PUT,0.0
2026-10-16,23,950.0,PUT,1.0
2026-10-16,23,960.0,PUT,0.0
2026-10-16,23,970.0,PUT,0.0
2026-10-16,23,975.0,PUT,0.0
2026-10-16,23,980.0,PUT,0.0
2026-10-16,23,990.0,PUT,0.0
2026-10-16,23,1000.0,PUT,1.0
2026-10-23,30,400.0,CALL,2.0
2026-10-23,30,425.0,CALL,1.0
2026-10-23,30,475.0,CALL,1.0
2026-10-23,30,480.0,CALL,1.0
2026-10-23,30,500.0,CALL,2.0
2026-10-23,30,525.0,CALL,2.0
2026-10-23,30,535.0,CALL,2.0
2026-10-23,30,540.0,CALL,1.0
2026-10-23,30,545.0,CALL,3.0
2026-10-23,30,550.0,CALL,21.0
2026-10-23,30,555.0,CALL,6.0
2026-10-23,30,560.0,CALL,5.0
2026-10-23,30,565.0,CALL,37.0
2026-10-23,30,570.0,CALL,6.0
2026-10-23,30,575.0,CALL,12.0
2026-10-23,30,580.0,CALL,11.0
2026-10-23,30,585.0,CALL,12.0
2026-10-23,30,590.0,CALL,11.0
2026-10-23,30,595.0,CALL,5.0
2026-10-23,30,600.0,CALL,106.0
2026-10-23,30,605.0,CALL,8.0
2026-10-23,30,610.0,CALL,32.0
2026-10-23,30,615.0,CALL,23.0
2026-10-23,30,620.0,CALL,78.0
2026-10-23,30,625.0,CALL,73.0
2026-10-23,30,630.0,CALL,471.0
2026-10-23,30,635.0,CALL,81.0
2026-10-23,30,640.0,CALL,209.0
2026-10-23,30,645.0,CALL,149.0
2026-10-23,30,650.0,CALL,196.0
2026-10-23,30,655.0,CALL,148.0
2026-10-23,30,660.0,CALL,452.0
2026-10-23,30,665.0,CALL,150.0
2026-10-23,30,670.0,CALL,284.0
2026-10-23,30,675.0,CALL,234.0
2026-10-23,30,680.0,CALL,480.0
2026-10-23,30,685.0,CALL,99.0
2026-10-23,30,690.0,CALL,218.0
2026-10-23,30,695.0,CALL,107.0
2026-10-23,30,700.0,CALL,1190.0
2026-10-23,30,705.0,CALL,124.0
2026-10-23,30,710.0,CALL,301.0
2026-10-23,30,715.0,CALL,132.0
2026-10-23,30,720.0,CALL,478.0
2026-10-23,30,725.0,CALL,356.0
2026-10-23,30,730.0,CALL,198.0
2026-10-23,30,735.0,CALL,235.0
2026-10-23,30,740.0,CALL,372.0
2026-10-23,30,745.0,CALL,141.0
2026-10-23,30,750.0,CALL,498.0
2026-10-23,30,755.0,CALL,168.0
2026-10-23,30,760.0,CALL,983.0
2026-10-23,30,765.0,CALL,265.0
2026-10-23,30,770.0,CALL,408.0
2026-10-23,30,775.0,CALL,468.0
2026-10-23,30,780.0,CALL,382.0
2026-10-23,30,785.0,CALL,719.0
2026-10-23,30,790.0,CALL,183.0
2026-10-23,30,795.0,CALL,78.0
2026-10-23,30,800.0,CALL,816.0
2026-10-23,30,805.0,CALL,59.0
2026-10-23,30,810.0,CALL,143.0
2026-10-23,30,815.0,CALL,47.0
2026-10-23,30,820.0,CALL,192.0
2026-10-23,30,825.0,CALL,97.0
2026-10-23,30,830.0,CALL,143.0
2026-10-23,30,835.0,CALL,104.0
2026-10-23,30,840.0,CALL,117.0
2026-10-23,30,845.0,CALL,22.0
2026-10-23,30,850.0,CALL,167.0
2026-10-23,30,855.0,CALL,34.0
2026-10-23,30,860.0,CALL,89.0
2026-10-23,30,865.0,CALL,172.0
2026-10-23,30,870.0,CALL,119.0
2026-10-23,30,875.0,CALL,367.0
2026-10-23,30,880.0,CALL,60.0
2026-10-23,30,885.0,CALL,20.0
2026-10-23,30,890.0,CALL,194.0
2026-10-23,30,895.0,CALL,39.0
2026-10-23,30,900.0,CALL,136.0
2026-10-23,30,905.0,CALL,4.0
2026-10-23,30,910.0,CALL,107.0
2026-10-23,30,915.0,CALL,23.0
2026-10-23,30,920.0,CALL,61.0
2026-10-23,30,925.0,CALL,26.0
2026-10-23,30,930.0,CALL,20.0
2026-10-23,30,935.0,CALL,9.0
2026-10-23,30,940.0,CALL,3.0
2026-10-23,30,945.0,CALL,28.0
2026-10-23,30,950.0,CALL,43.0
2026-10-23,30,955.0,CALL,12.0
2026-10-23,30,960.0,CALL,11.0
2026-10-23,30,965.0,CALL,8.0
2026-10-23,30,970.0,CALL,13.0
2026-10-23,30,975.0,CALL,5.0
2026-10-23,30,980.0,CALL,12.0
2026-10-23,30,985.0,CALL,13.0
2026-10-23,30,990.0,CALL,4.0
2026-10-23,30,995.0,CALL,4.0
2026-10-23,30,1000.0,CALL,46.0
2026-10-23,30,1010.0,CALL,8.0
2026-10-23,30,1020.0,CALL,26.0
2026-10-23,30,1030.0,CALL,9.0
2026-10-23,30,1040.0,CALL,8.0
2026-10-23,30,1050.0,CALL,49.0
2026-10-23,30,1060.0,CALL,8.0
2026-10-23,30,1070.0,CALL,30.0
2026-10-23,30,1080.0,CALL,1.0
2026-10-23,30,1090.0,CALL,27.0
2026-10-23,30,1190.0,CALL,10.0
2026-10-23,30,100.0,PUT,4.0
2026-10-23,30,180.0,PUT,13.0
2026-10-23,30,330.0,PUT,3.0
2026-10-23,30,360.0,PUT,2.0
2026-10-23,30,370.0,PUT,2.0
2026-10-23,30,400.0,PUT,3.0
2026-10-23,30,405.0,PUT,2.0
2026-10-23,30,410.0,PUT,4.0
2026-10-23,30,415.0,PUT,4.0
2026-10-23,30,420.0,PUT,5.0
2026-10-23,30,425.0,PUT,3.0
2026-10-23,30,430.0,PUT,7.0
2026-10-23,30,435.0,PUT,16.0
2026-10-23,30,440.0,PUT,25.0
2026-10-23,30,445.0,PUT,42.0
2026-10-23,30,450.0,PUT,19.0
2026-10-23,30,455.0,PUT,8.0
2026-10-23,30,460.0,PUT,29.0
2026-10-23,30,465.0,PUT,11.0
2026-10-23,30,470.0,PUT,14.0
2026-10-23,30,475.0,PUT,3.0
2026-10-23,30,480.0,PUT,24.0
2026-10-23,30,485.0,PUT,4.0
2026-10-23,30,490.0,PUT,11.0
2026-10-23,30,495.0,PUT,14.0
2026-10-23,30,500.0,PUT,161.0
2026-10-23,30,505.0,PUT,15.0
2026-10-23,30,510.0,PUT,24.0
2026-10-23,30,515.0,PUT,15.0
2026-10-23,30,520.0,PUT,63.0
2026-10-23,30,525.0,PUT,51.0
2026-10-23,30,530.0,PUT,149.0
2026-10-23,30,535.0,PUT,84.0
2026-10-23,30,540.0,PUT,240.0
2026-10-23,30,545.0,PUT,192.0
2026-10-23,30,550.0,PUT,368.0
2026-10-23,30,555.0,PUT,97.0
2026-10-23,30,560.0,PUT,211.0
2026-10-23,30,565.0,PUT,122.0
2026-10-23,30,570.0,PUT,106.0
2026-10-23,30,575.0,PUT,141.0
2026-10-23,30,580.0,PUT,157.0
2026-10-23,30,585.0,PUT,86.0
2026-10-23,30,590.0,PUT,128.0
2026-10-23,30,595.0,PUT,335.0
2026-10-23,30,600.0,PUT,509.0
2026-10-23,30,605.0,PUT,169.0
2026-10-23,30,610.0,PUT,272.0
2026-10-23,30,615.0,PUT,410.0
2026-10-23,30,620.0,PUT,452.0
2026-10-23,30,625.0,PUT,134.0
2026-10-23,30,630.0,PUT,205.0
2026-10-23,30,635.0,PUT,203.0
2026-10-23,30,640.0,PUT,223.0
2026-10-23,30,645.0,PUT,104.0
2026-10-23,30,650.0,PUT,390.0
2026-10-23,30,655.0,PUT,230.0
2026-10-23,30,660.0,PUT,287.0
2026-10-23,30,665.0,PUT,207.0
2026-10-23,30,670.0,PUT,237.0
2026-10-23,30,675.0,PUT,249.0
2026-10-23,30,680.0,PUT,236.0
2026-10-23,30,685.0,PUT,132.0
2026-10-23,30,690.0,PUT,149.0
2026-10-23,30,695.0,PUT,81.0
2026-10-23,30,700.0,PUT,1846.0
2026-10-23,30,705.0,PUT,126.0
2026-10-23,30,710.0,PUT,106.0
2026-10-23,30,715.0,PUT,57.0
2026-10-23,30,720.0,PUT,100.0
2026-10-23,30,725.0,PUT,352.0
2026-10-23,30,730.0,PUT,70.0
2026-10-23,30,735.0,PUT,44.0
2026-10-23,30,740.0,PUT,125.0
2026-10-23,30,745.0,PUT,61.0
2026-10-23,30,750.0,PUT,188.0
2026-10-23,30,755.0,PUT,10.0
2026-10-23,30,760.0,PUT,16.0
2026-10-23,30,765.0,PUT,3.0
2026-10-23,30,770.0,PUT,0.0
2026-10-23,30,775.0,PUT,3.0
2026-10-23,30,785.0,PUT,9.0
2026-10-23,30,790.0,PUT,13.0
2026-10-23,30,800.0,PUT,25.0
2026-10-23,30,815.0,PUT,3.0
2026-10-23,30,845.0,PUT,3.0
2026-10-23,30,850.0,PUT,2.0
2026-10-23,30,900.0,PUT,1.0
2026-10-23,30,1060.0,PUT,1.0
2026-10-23,30,1070.0,PUT,0.0
2026-10-30,37,100.0,CALL,1.0
2026-10-30,37,310.0,CALL,5.0
2026-10-30,37,460.0,CALL,1.0
2026-10-30,37,480.0,CALL,1.0
2026-10-30,37,500.0,CALL,22.0
2026-10-30,37,510.0,CALL,12.0
2026-10-30,37,520.0,CALL,11.0
2026-10-30,37,530.0,CALL,1.0
2026-10-30,37,535.0,CALL,0.0
2026-10-30,37,540.0,CALL,1.0
2026-10-30,37,545.0,CALL,1.0
2026-10-30,37,550.0,CALL,25.0
2026-10-30,37,555.0,CALL,1.0
2026-10-30,37,560.0,CALL,6.0
2026-10-30,37,565.0,CALL,1.0
2026-10-30,37,570.0,CALL,4.0
2026-10-30,37,575.0,CALL,4.0
2026-10-30,37,580.0,CALL,9.0
2026-10-30,37,585.0,CALL,7.0
2026-10-30,37,590.0,CALL,8.0
2026-10-30,37,595.0,CALL,10.0
2026-10-30,37,600.0,CALL,14.0
2026-10-30,37,605.0,CALL,10.0
2026-10-30,37,610.0,CALL,20.0
2026-10-30,37,615.0,CALL,7.0
2026-10-30,37,620.0,CALL,99.0
2026-10-30,37,625.0,CALL,20.0
2026-10-30,37,630.0,CALL,40.0
2026-10-30,37,635.0,CALL,65.0
2026-10-30,37,640.0,CALL,108.0
2026-10-30,37,645.0,CALL,21.0
2026-10-30,37,650.0,CALL,716.0
2026-10-30,37,655.0,CALL,56.0
2026-10-30,37,660.0,CALL,227.0
2026-10-30,37,665.0,CALL,55.0
2026-10-30,37,670.0,CALL,243.0
2026-10-30,37,675.0,CALL,149.0
2026-10-30,37,680.0,CALL,299.0
2026-10-30,37,685.0,CALL,199.0
2026-10-30,37,690.0,CALL,214.0
2026-10-30,37,695.0,CALL,55.0
2026-10-30,37,700.0,CALL,456.0
2026-10-30,37,705.0,CALL,63.0
2026-10-30,37,710.0,CALL,185.0
2026-10-30,37,715.0,CALL,77.0
2026-10-30,37,720.0,CALL,244.0
2026-10-30,37,725.0,CALL,85.0
2026-10-30,37,730.0,CALL,361.0
2026-10-30,37,735.0,CALL,86.0
2026-10-30,37,740.0,CALL,312.0
2026-10-30,37,745.0,CALL,71.0
2026-10-30,37,750.0,CALL,496.0
2026-10-30,37,755.0,CALL,96.0
2026-10-30,37,760.0,CALL,373.0
2026-10-30,37,765.0,CALL,65.0
2026-10-30,37,770.0,CALL,243.0
2026-10-30,37,775.0,CALL,127.0
2026-10-30,37,780.0,CALL,144.0
2026-10-30,37,785.0,CALL,230.0
2026-10-30,37,790.0,CALL,205.0
2026-10-30,37,795.0,CALL,230.0
2026-10-30,37,800.0,CALL,589.0
2026-10-30,37,805.0,CALL,157.0
2026-10-30,37,810.0,CALL,202.0
2026-10-30,37,815.0,CALL,144.0
2026-10-30,37,820.0,CALL,129.0
2026-10-30,37,825.0,CALL,46.0
2026-10-30,37,830.0,CALL,95.0
2026-10-30,37,835.0,CALL,42.0
2026-10-30,37,840.0,CALL,108.0
2026-10-30,37,845.0,CALL,112.0
2026-10-30,37,850.0,CALL,409.0
2026-10-30,37,860.0,CALL,107.0
2026-10-30,37,870.0,CALL,67.0
2026-10-30,37,880.0,CALL,204.0
2026-10-30,37,890.0,CALL,58.0
2026-10-30,37,900.0,CALL,320.0
2026-10-30,37,910.0,CALL,59.0
2026-10-30,37,920.0,CALL,28.0
2026-10-30,37,930.0,CALL,26.0
2026-10-30,37,940.0,CALL,104.0
2026-10-30,37,950.0,CALL,48.0
2026-10-30,37,960.0,CALL,34.0
2026-10-30,37,970.0,CALL,622.0
2026-10-30,37,980.0,CALL,13.0
2026-10-30,37,990.0,CALL,10.0
2026-10-30,37,1000.0,CALL,173.0
2026-10-30,37,1010.0,CALL,13.0
2026-10-30,37,1020.0,CALL,3.0
2026-10-30,37,1030.0,CALL,2.0
2026-10-30,37,1040.0,CALL,8.0
2026-10-30,37,1050.0,CALL,12.0
2026-10-30,37,1060.0,CALL,4.0
2026-10-30,37,1070.0,CALL,11.0
2026-10-30,37,1090.0,CALL,2.0
2026-10-30,37,1100.0,CALL,3.0
2026-10-30,37,1110.0,CALL,1.0
2026-10-30,37,1130.0,CALL,1.0
2026-10-30,37,1150.0,CALL,1.0
2026-10-30,37,1160.0,CALL,1.0
2026-10-30,37,300.0,PUT,126.0
2026-10-30,37,350.0,PUT,6.0
2026-10-30,37,360.0,PUT,1.0
2026-10-30,37,370.0,PUT,6.0
2026-10-30,37,380.0,PUT,14.0
2026-10-30,37,390.0,PUT,5.0
2026-10-30,37,400.0,PUT,37.0
2026-10-30,37,410.0,PUT,1.0
2026-10-30,37,420.0,PUT,25.0
2026-10-30,37,440.0,PUT,8.0
2026-10-30,37,450.0,PUT,15.0
2026-10-30,37,455.0,PUT,2.0
2026-10-30,37,460.0,PUT,17.0
2026-10-30,37,470.0,PUT,237.0
2026-10-30,37,475.0,PUT,4.0
2026-10-30,37,480.0,PUT,16.0
2026-10-30,37,485.0,PUT,4.0
2026-10-30,37,490.0,PUT,14.0
2026-10-30,37,495.0,PUT,22.0
2026-10-30,37,500.0,PUT,149.0
2026-10-30,37,505.0,PUT,21.0
2026-10-30,37,510.0,PUT,18.0
2026-10-30,37,515.0,PUT,46.0
2026-10-30,37,520.0,PUT,145.0
2026-10-30,37,525.0,PUT,357.0
2026-10-30,37,530.0,PUT,23.0
2026-10-30,37,535.0,PUT,365.0
2026-10-30,37,540.0,PUT,112.0
2026-10-30,37,545.0,PUT,64.0
2026-10-30,37,550.0,PUT,266.0
2026-10-30,37,555.0,PUT,31.0
2026-10-30,37,560.0,PUT,113.0
2026-10-30,37,565.0,PUT,61.0
2026-10-30,37,570.0,PUT,111.0
2026-10-30,37,575.0,PUT,65.0
2026-10-30,37,580.0,PUT,218.0
2026-10-30,37,585.0,PUT,110.0
2026-10-30,37,590.0,PUT,250.0
2026-10-30,37,595.0,PUT,149.0
2026-10-30,37,600.0,PUT,474.0
2026-10-30,37,605.0,PUT,123.0
2026-10-30,37,610.0,PUT,222.0
2026-10-30,37,615.0,PUT,106.0
2026-10-30,37,620.0,PUT,320.0
2026-10-30,37,625.0,PUT,221.0
2026-10-30,37,630.0,PUT,236.0
2026-10-30,37,635.0,PUT,71.0
2026-10-30,37,640.0,PUT,121.0
2026-10-30,37,645.0,PUT,87.0
2026-10-30,37,650.0,PUT,414.0
2026-10-30,37,655.0,PUT,117.0
2026-10-30,37,660.0,PUT,285.0
2026-10-30,37,665.0,PUT,106.0
2026-10-30,37,670.0,PUT,125.0
2026-10-30,37,675.0,PUT,109.0
2026-10-30,37,680.0,PUT,6205.0
2026-10-30,37,685.0,PUT,20.0
2026-10-30,37,690.0,PUT,75.0
2026-10-30,37,695.0,PUT,25.0
2026-10-30,37,700.0,PUT,325.0
2026-10-30,37,705.0,PUT,107.0
2026-10-30,37,710.0,PUT,102.0
2026-10-30,37,715.0,PUT,50.0
2026-10-30,37,720.0,PUT,118.0
2026-10-30,37,725.0,PUT,31.0
2026-10-30,37,730.0,PUT,100.0
2026-10-30,37,735.0,PUT,88.0
2026-10-30,37,740.0,PUT,79.0
2026-10-30,37,745.0,PUT,54.0
2026-10-30,37,750.0,PUT,107.0
2026-10-30,37,755.0,PUT,13.0
2026-10-30,37,760.0,PUT,14.0
2026-10-30,37,765.0,PUT,5.0
2026-10-30,37,770.0,PUT,5.0
2026-10-30,37,785.0,PUT,1.0
2026-10-30,37,800.0,PUT,351.0
2026-10-30,37,830.0,PUT,1.0
2026-10-30,37,840.0,PUT,1.0
2026-10-30,37,860.0,PUT,1.0
2026-10-30,37,880.0,PUT,1.0
2026-10-30,37,900.0,PUT,24.0
2026-10-30,37,1070.0,PUT,1.0
2026-10-30,37,1480.0,PUT,0.0
2026-11-20,58,5.0,CALL,0.0
2026-11-20,58,10.0,CALL,0.0
2026-11-20,58,15.0,CALL,0.0
2026-11-20,58,20.0,CALL,0.0
2026-11-20,58,25.0,CALL,14.0
2026-11-20,58,30.0,CALL,0.0
2026-11-20,58,35.0,CALL,0.0
2026-11-20,58,40.0,CALL,0.0
2026-11-20,58,45.0,CALL,15.0
2026-11-20,58,50.0,CALL,10.0
2026-11-20,58,250.0,CALL,85.0
2026-11-20,58,260.0,CALL,4.0
2026-11-20,58,270.0,CALL,1.0
2026-11-20,58,280.0,CALL,1.0
2026-11-20,58,290.0,CALL,2.0
2026-11-20,58,300.0,CALL,17.0
2026-11-20,58,310.0,CALL,3.0
2026-11-20,58,320.0,CALL,4.0
2026-11-20,58,330.0,CALL,18.0
2026-11-20,58,340.0,CALL,6.0
2026-11-20,58,350.0,CALL,17.0
2026-11-20,58,360.0,CALL,15.0
2026-11-20,58,370.0,CALL,3.0
2026-11-20,58,380.0,CALL,16.0
2026-11-20,58,390.0,CALL,38.0
2026-11-20,58,400.0,CALL,50.0
2026-11-20,58,405.0,CALL,0.0
2026-11-20,58,410.0,CALL,0.0
2026-11-20,58,415.0,CALL,0.0
2026-11-20,58,420.0,CALL,0.0
2026-11-20,58,425.0,CALL,41.0
2026-11-20,58,430.0,CALL,8.0
2026-11-20,58,435.0,CALL,6.0
2026-11-20,58,440.0,CALL,34.0
2026-11-20,58,445.0,CALL,33.0
2026-11-20,58,450.0,CALL,756.0
2026-11-20,58,455.0,CALL,31.0
2026-11-20,58,460.0,CALL,107.0
2026-11-20,58,465.0,CALL,49.0
2026-11-20,58,470.0,CALL,54.0
2026-11-20,58,475.0,CALL,38.0
2026-11-20,58,480.0,CALL,65.0
2026-11-20,58,485.0,CALL,36.0
2026-11-20,58,490.0,CALL,16.0
2026-11-20,58,495.0,CALL,53.0
2026-11-20,58,500.0,CALL,345.0
2026-11-20,58,505.0,CALL,69.0
2026-11-20,58,510.0,CALL,679.0
2026-11-20,58,515.0,CALL,84.0
2026-11-20,58,520.0,CALL,267.0
2026-11-20,58,525.0,CALL,44.0
2026-11-20,58,530.0,CALL,982.0
2026-11-20,58,535.0,CALL,194.0
2026-11-20,58,540.0,CALL,815.0
2026-11-20,58,545.0,CALL,250.0
2026-11-20,58,550.0,CALL,1432.0
2026-11-20,58,555.0,CALL,951.0
2026-11-20,58,560.0,CALL,1461.0
2026-11-20,58,565.0,CALL,745.0
2026-11-20,58,570.0,CALL,1046.0
2026-11-20,58,575.0,CALL,772.0
2026-11-20,58,580.0,CALL,880.0
2026-11-20,58,585.0,CALL,6545.0
2026-11-20,58,590.0,CALL,3241.0
2026-11-20,58,595.0,CALL,811.0
2026-11-20,58,600.0,CALL,4850.0
2026-11-20,58,605.0,CALL,1217.0
2026-11-20,58,610.0,CALL,1613.0
2026-11-20,58,615.0,CALL,1037.0
2026-11-20,58,620.0,CALL,807.0
2026-11-20,58,625.0,CALL,947.0
2026-11-20,58,630.0,CALL,1186.0
2026-11-20,58,635.0,CALL,2366.0
2026-11-20,58,640.0,CALL,1463.0
2026-11-20,58,645.0,CALL,499.0
2026-11-20,58,650.0,CALL,4982.0
2026-11-20,58,655.0,CALL,484.0
2026-11-20,58,660.0,CALL,2989.0
2026-11-20,58,665.0,CALL,436.0
2026-11-20,58,670.0,CALL,2066.0
2026-11-20,58,675.0,CALL,933.0
2026-11-20,58,680.0,CALL,1095.0
2026-11-20,58,685.0,CALL,914.0
2026-11-20,58,690.0,CALL,932.0
2026-11-20,58,695.0,CALL,659.0
2026-11-20,58,700.0,CALL,17562.0
2026-11-20,58,705.0,CALL,715.0
2026-11-20,58,710.0,CALL,1342.0
2026-11-20,58,715.0,CALL,778.0
2026-11-20,58,720.0,CALL,1569.0
2026-11-20,58,725.0,CALL,1457.0
2026-11-20,58,730.0,CALL,914.0
2026-11-20,58,735.0,CALL,828.0
2026-11-20,58,740.0,CALL,1868.0
2026-11-20,58,745.0,CALL,739.0
2026-11-20,58,750.0,CALL,7179.0
2026-11-20,58,755.0,CALL,4319.0
2026-11-20,58,760.0,CALL,4588.0
2026-11-20,58,765.0,CALL,4085.0
2026-11-20,58,770.0,CALL,5053.0
2026-11-20,58,775.0,CALL,4618.0
2026-11-20,58,780.0,CALL,6842.0
2026-11-20,58,785.0,CALL,294.0
2026-11-20,58,790.0,CALL,1034.0
2026-11-20,58,795.0,CALL,930.0
2026-11-20,58,800.0,CALL,22426.0
2026-11-20,58,805.0,CALL,4161.0
2026-11-20,58,810.0,CALL,6738.0
2026-11-20,58,815.0,CALL,4086.0
2026-11-20,58,820.0,CALL,4773.0
2026-11-20,58,825.0,CALL,4704.0
2026-11-20,58,830.0,CALL,5221.0
2026-11-20,58,835.0,CALL,203.0
2026-11-20,58,840.0,CALL,953.0
2026-11-20,58,845.0,CALL,366.0
2026-11-20,58,850.0,CALL,2115.0
2026-11-20,58,855.0,CALL,243.0
2026-11-20,58,860.0,CALL,857.0
2026-11-20,58,865.0,CALL,210.0
2026-11-20,58,870.0,CALL,937.0
2026-11-20,58,875.0,CALL,831.0
2026-11-20,58,880.0,CALL,330.0
2026-11-20,58,885.0,CALL,155.0
2026-11-20,58,890.0,CALL,155.0
2026-11-20,58,895.0,CALL,66.0
2026-11-20,58,900.0,CALL,10136.0
2026-11-20,58,905.0,CALL,167.0
2026-11-20,58,910.0,CALL,203.0
2026-11-20,58,915.0,CALL,55.0
2026-11-20,58,920.0,CALL,244.0
2026-11-20,58,925.0,CALL,891.0
2026-11-20,58,930.0,CALL,136.0
2026-11-20,58,935.0,CALL,123.0
2026-11-20,58,940.0,CALL,178.0
2026-11-20,58,945.0,CALL,98.0
2026-11-20,58,950.0,CALL,2171.0
2026-11-20,58,955.0,CALL,66.0
2026-11-20,58,960.0,CALL,187.0
2026-11-20,58,965.0,CALL,134.0
2026-11-20,58,970.0,CALL,62.0
2026-11-20,58,975.0,CALL,52.0
2026-11-20,58,980.0,CALL,119.0
2026-11-20,58,985.0,CALL,67.0
2026-11-20,58,990.0,CALL,216.0
2026-11-20,58,995.0,CALL,29.0
2026-11-20,58,1000.0,CALL,1245.0
2026-11-20,58,1010.0,CALL,164.0
2026-11-20,58,1020.0,CALL,145.0
2026-11-20,58,1030.0,CALL,155.0
2026-11-20,58,1040.0,CALL,66.0
2026-11-20,58,1050.0,CALL,219.0
2026-11-20,58,1060.0,CALL,249.0
2026-11-20,58,1070.0,CALL,110.0
2026-11-20,58,1080.0,CALL,239.0
2026-11-20,58,1090.0,CALL,502.0
2026-11-20,58,1100.0,CALL,1491.0
2026-11-20,58,1110.0,CALL,120.0
2026-11-20,58,1120.0,CALL,93.0
2026-11-20,58,1130.0,CALL,70.0
2026-11-20,58,1140.0,CALL,122.0
2026-11-20,58,1150.0,CALL,262.0
2026-11-20,58,1160.0,CALL,120.0
2026-11-20,58,1170.0,CALL,114.0
2026-11-20,58,1180.0,CALL,35.0
2026-11-20,58,1190.0,CALL,61.0
2026-11-20,58,1200.0,CALL,1232.0
2026-11-20,58,1210.0,CALL,112.0
2026-11-20,58,1220.0,CALL,39.0
2026-11-20,58,1230.0,CALL,40.0
2026-11-20,58,1240.0,CALL,57.0
2026-11-20,58,1250.0,CALL,363.0
2026-11-20,58,1260.0,CALL,88.0
2026-11-20,58,1270.0,CALL,69.0
2026-11-20,58,1280.0,CALL,34.0
2026-11-20,58,1290.0,CALL,67.0
2026-11-20,58,1300.0,CALL,177.0
2026-11-20,58,1310.0,CALL,6.0
2026-11-20,58,1320.0,CALL,18.0
2026-11-20,58,1330.0,CALL,22.0
2026-11-20,58,1340.0,CALL,16.0
2026-11-20,58,1350.0,CALL,39.0
2026-11-20,58,1360.0,CALL,35.0
2026-11-20,58,1370.0,CALL,89.0
2026-11-20,58,1380.0,CALL,11.0
2026-11-20,58,1390.0,CALL,18.0
2026-11-20,58,1400.0,CALL,69.0
2026-11-20,58,1410.0,CALL,39.0
2026-11-20,58,1420.0,CALL,71.0
2026-11-20,58,1430.0,CALL,30.0
2026-11-20,58,1440.0,CALL,151.0
2026-11-20,58,1450.0,CALL,110.0
2026-11-20,58,1460.0,CALL,80.0
2026-11-20,58,1470.0,CALL,291.0
2026-11-20,58,1480.0,CALL,6261.0
2026-11-20,58,1490.0,CALL,1.0
2026-11-20,58,5.0,PUT,0.0
2026-11-20,58,10.0,PUT,0.0
2026-11-20,58,20.0,PUT,20.0
2026-11-20,58,25.0,PUT,0.0
2026-11-20,58,30.0,PUT,10.0
2026-11-20,58,35.0,PUT,0.0
2026-11-20,58,40.0,PUT,33.0
2026-11-20,58,45.0,PUT,0.0
2026-11-20,58,50.0,PUT,43.0
2026-11-20,58,250.0,PUT,2448.0
2026-11-20,58,260.0,PUT,196.0
2026-11-20,58,270.0,PUT,112.0
2026-11-20,58,280.0,PUT,46.0
2026-11-20,58,290.0,PUT,165.0
2026-11-20,58,300.0,PUT,502.0
2026-11-20,58,310.0,PUT,127.0
2026-11-20,58,320.0,PUT,41.0
2026-11-20,58,330.0,PUT,65.0
2026-11-20,58,340.0,PUT,252.0
2026-11-20,58,350.0,PUT,415.0
2026-11-20,58,360.0,PUT,277.0
2026-11-20,58,370.0,PUT,210.0
2026-11-20,58,380.0,PUT,146.0
2026-11-20,58,390.0,PUT,254.0
2026-11-20,58,400.0,PUT,848.0
2026-11-20,58,405.0,PUT,184.0
2026-11-20,58,410.0,PUT,161.0
2026-11-20,58,415.0,PUT,168.0
2026-11-20,58,420.0,PUT,1008.0
2026-11-20,58,425.0,PUT,640.0
2026-11-20,58,430.0,PUT,240.0
2026-11-20,58,435.0,PUT,753.0
2026-11-20,58,440.0,PUT,609.0
2026-11-20,58,445.0,PUT,359.0
2026-11-20,58,450.0,PUT,1584.0
2026-11-20,58,455.0,PUT,385.0
2026-11-20,58,460.0,PUT,609.0
2026-11-20,58,465.0,PUT,411.0
2026-11-20,58,470.0,PUT,1479.0
2026-11-20,58,475.0,PUT,674.0
2026-11-20,58,480.0,PUT,2589.0
2026-11-20,58,485.0,PUT,470.0
2026-11-20,58,490.0,PUT,876.0
2026-11-20,58,495.0,PUT,757.0
2026-11-20,58,500.0,PUT,3626.0
2026-11-20,58,505.0,PUT,734.0
2026-11-20,58,510.0,PUT,1286.0
2026-11-20,58,515.0,PUT,1349.0
2026-11-20,58,520.0,PUT,1095.0
2026-11-20,58,525.0,PUT,829.0
2026-11-20,58,530.0,PUT,2371.0
2026-11-20,58,535.0,PUT,1328.0
2026-11-20,58,540.0,PUT,2304.0
2026-11-20,58,545.0,PUT,844.0
2026-11-20,58,550.0,PUT,3046.0
2026-11-20,58,555.0,PUT,1399.0
2026-11-20,58,560.0,PUT,2018.0
2026-11-20,58,565.0,PUT,705.0
2026-11-20,58,570.0,PUT,1564.0
2026-11-20,58,575.0,PUT,893.0
2026-11-20,58,580.0,PUT,1943.0
2026-11-20,58,585.0,PUT,7404.0
2026-11-20,58,590.0,PUT,2929.0
2026-11-20,58,595.0,PUT,761.0
2026-11-20,58,600.0,PUT,4220.0
2026-11-20,58,605.0,PUT,638.0
2026-11-20,58,610.0,PUT,963.0
2026-11-20,58,615.0,PUT,746.0
2026-11-20,58,620.0,PUT,1201.0
2026-11-20,58,625.0,PUT,1208.0
2026-11-20,58,630.0,PUT,2027.0
2026-11-20,58,635.0,PUT,375.0
2026-11-20,58,640.0,PUT,1379.0
2026-11-20,58,645.0,PUT,715.0
2026-11-20,58,650.0,PUT,2566.0
2026-11-20,58,655.0,PUT,330.0
2026-11-20,58,660.0,PUT,723.0
2026-11-20,58,665.0,PUT,178.0
2026-11-20,58,670.0,PUT,455.0
2026-11-20,58,675.0,PUT,299.0
2026-11-20,58,680.0,PUT,990.0
2026-11-20,58,685.0,PUT,245.0
2026-11-20,58,690.0,PUT,351.0
2026-11-20,58,695.0,PUT,242.0
2026-11-20,58,700.0,PUT,895.0
2026-11-20,58,705.0,PUT,150.0
2026-11-20,58,710.0,PUT,120.0
2026-11-20,58,715.0,PUT,102.0
2026-11-20,58,720.0,PUT,557.0
2026-11-20,58,725.0,PUT,219.0
2026-11-20,58,730.0,PUT,120.0
2026-11-20,58,735.0,PUT,143.0
2026-11-20,58,740.0,PUT,428.0
2026-11-20,58,745.0,PUT,509.0
2026-11-20,58,750.0,PUT,179.0
2026-11-20,58,755.0,PUT,61.0
2026-11-20,58,760.0,PUT,145.0
2026-11-20,58,765.0,PUT,51.0
2026-11-20,58,770.0,PUT,37.0
2026-11-20,58,775.0,PUT,19.0
2026-11-20,58,780.0,PUT,62.0
2026-11-20,58,785.0,PUT,51.0
2026-11-20,58,790.0,PUT,87.0
2026-11-20,58,795.0,PUT,18.0
2026-11-20,58,800.0,PUT,127.0
2026-11-20,58,805.0,PUT,22.0
2026-11-20,58,810.0,PUT,1.0
2026-11-20,58,815.0,PUT,11.0
2026-11-20,58,820.0,PUT,9.0
2026-11-20,58,825.0,PUT,0.0
2026-11-20,58,830.0,PUT,0.0
2026-11-20,58,835.0,PUT,1.0
2026-11-20,58,845.0,PUT,0.0
2026-11-20,58,850.0,PUT,8.0
2026-11-20,58,860.0,PUT,1.0
2026-11-20,58,870.0,PUT,34.0
2026-11-20,58,875.0,PUT,0.0
2026-11-20,58,880.0,PUT,0.0
2026-11-20,58,885.0,PUT,5.0
2026-11-20,58,890.0,PUT,0.0
2026-11-20,58,895.0,PUT,0.0
2026-11-20,58,900.0,PUT,84.0
2026-11-20,58,905.0,PUT,0.0
2026-11-20,58,910.0,PUT,0.0
2026-11-20,58,915.0,PUT,0.0
2026-11-20,58,920.0,PUT,0.0
2026-11-20,58,925.0,PUT,0.0
2026-11-20,58,930.0,PUT,1.0
2026-11-20,58,935.0,PUT,0.0
2026-11-20,58,940.0,PUT,2.0
2026-11-20,58,950.0,PUT,1.0
2026-11-20,58,985.0,PUT,0.0
2026-11-20,58,1000.0,PUT,0.0
2026-11-20,58,1050.0,PUT,5.0
2026-11-20,58,1230.0,PUT,0.0
2026-11-20,58,1470.0,PUT,0.0
2026-11-20,58,1480.0,PUT,0.0
2026-11-20,58,1490.0,PUT,0.0
2026-12-18,86,5.0,CALL,0.0
2026-12-18,86,10.0,CALL,0.0
2026-12-18,86,15.0,CALL,1.0
2026-12-18,86,20.0,CALL,6.0
2026-12-18,86,25.0,CALL,0.0
2026-12-18,86,30.0,CALL,1.0
2026-12-18,86,45.0,CALL,1.0
2026-12-18,86,50.0,CALL,6.0
2026-12-18,86,55.0,CALL,1.0
2026-12-18,86,70.0,CALL,1.0
2026-12-18,86,75.0,CALL,0.0
2026-12-18,86,80.0,CALL,2.0
2026-12-18,86,95.0,CALL,2.0
2026-12-18,86,100.0,CALL,111.0
2026-12-18,86,110.0,CALL,26.0
2026-12-18,86,120.0,CALL,0.0
2026-12-18,86,130.0,CALL,17.0
2026-12-18,86,140.0,CALL,114.0
2026-12-18,86,150.0,CALL,126.0
2026-12-18,86,160.0,CALL,62.0
2026-12-18,86,170.0,CALL,83.0
2026-12-18,86,180.0,CALL,187.0
2026-12-18,86,190.0,CALL,225.0
2026-12-18,86,200.0,CALL,337.0
2026-12-18,86,210.0,CALL,264.0
2026-12-18,86,220.0,CALL,288.0
2026-12-18,86,230.0,CALL,157.0
2026-12-18,86,240.0,CALL,43.0
2026-12-18,86,250.0,CALL,298.0
2026-12-18,86,260.0,CALL,824.0
2026-12-18,86,270.0,CALL,48.0
2026-12-18,86,280.0,CALL,79.0
2026-12-18,86,290.0,CALL,66.0
2026-12-18,86,300.0,CALL,195.0
2026-12-18,86,310.0,CALL,94.0
2026-12-18,86,320.0,CALL,140.0
2026-12-18,86,330.0,CALL,64.0
2026-12-18,86,340.0,CALL,122.0
2026-12-18,86,350.0,CALL,250.0
2026-12-18,86,360.0,CALL,139.0
2026-12-18,86,370.0,CALL,152.0
2026-12-18,86,380.0,CALL,57.0
2026-12-18,86,390.0,CALL,493.0
2026-12-18,86,400.0,CALL,1594.0
2026-12-18,86,410.0,CALL,2614.0
2026-12-18,86,420.0,CALL,892.0
2026-12-18,86,430.0,CALL,98.0
2026-12-18,86,440.0,CALL,174.0
2026-12-18,86,450.0,CALL,903.0
2026-12-18,86,460.0,CALL,173.0
2026-12-18,86,470.0,CALL,2154.0
2026-12-18,86,480.0,CALL,213.0
2026-12-18,86,490.0,CALL,832.0
2026-12-18,86,500.0,CALL,1831.0
2026-12-18,86,510.0,CALL,164.0
2026-12-18,86,520.0,CALL,803.0
2026-12-18,86,530.0,CALL,845.0
2026-12-18,86,540.0,CALL,583.0
2026-12-18,86,550.0,CALL,1331.0
2026-12-18,86,560.0,CALL,899.0
2026-12-18,86,565.0,CALL,753.0
2026-12-18,86,570.0,CALL,1232.0
2026-12-18,86,575.0,CALL,756.0
2026-12-18,86,580.0,CALL,1091.0
2026-12-18,86,585.0,CALL,352.0
2026-12-18,86,590.0,CALL,669.0
2026-12-18,86,595.0,CALL,399.0
2026-12-18,86,600.0,CALL,3511.0
2026-12-18,86,605.0,CALL,503.0
2026-12-18,86,610.0,CALL,1041.0
2026-12-18,86,615.0,CALL,419.0
2026-12-18,86,620.0,CALL,1517.0
2026-12-18,86,625.0,CALL,411.0
2026-12-18,86,630.0,CALL,1254.0
2026-12-18,86,635.0,CALL,211.0
2026-12-18,86,640.0,CALL,1718.0
2026-12-18,86,645.0,CALL,572.0
2026-12-18,86,650.0,CALL,5179.0
2026-12-18,86,655.0,CALL,592.0
2026-12-18,86,660.0,CALL,2301.0
2026-12-18,86,665.0,CALL,682.0
2026-12-18,86,670.0,CALL,1309.0
2026-12-18,86,675.0,CALL,379.0
2026-12-18,86,680.0,CALL,1826.0
2026-12-18,86,685.0,CALL,244.0
2026-12-18,86,690.0,CALL,747.0
2026-12-18,86,695.0,CALL,300.0
2026-12-18,86,700.0,CALL,7746.0
2026-12-18,86,705.0,CALL,517.0
2026-12-18,86,710.0,CALL,614.0
2026-12-18,86,715.0,CALL,322.0
2026-12-18,86,720.0,CALL,3499.0
2026-12-18,86,725.0,CALL,871.0
2026-12-18,86,730.0,CALL,2405.0
2026-12-18,86,735.0,CALL,476.0
2026-12-18,86,740.0,CALL,965.0
2026-12-18,86,745.0,CALL,510.0
2026-12-18,86,750.0,CALL,5239.0
2026-12-18,86,755.0,CALL,2148.0
2026-12-18,86,760.0,CALL,2875.0
2026-12-18,86,765.0,CALL,2130.0
2026-12-18,86,770.0,CALL,2896.0
2026-12-18,86,775.0,CALL,2851.0
2026-12-18,86,780.0,CALL,3627.0
2026-12-18,86,785.0,CALL,681.0
2026-12-18,86,790.0,CALL,1751.0
2026-12-18,86,795.0,CALL,566.0
2026-12-18,86,800.0,CALL,12071.0
2026-12-18,86,805.0,CALL,2052.0
2026-12-18,86,810.0,CALL,1965.0
2026-12-18,86,815.0,CALL,2187.0
2026-12-18,86,820.0,CALL,2402.0
2026-12-18,86,825.0,CALL,2352.0
2026-12-18,86,830.0,CALL,3088.0
2026-12-18,86,835.0,CALL,203.0
2026-12-18,86,840.0,CALL,1198.0
2026-12-18,86,845.0,CALL,2433.0
2026-12-18,86,850.0,CALL,3174.0
2026-12-18,86,860.0,CALL,1180.0
2026-12-18,86,870.0,CALL,1046.0
2026-12-18,86,880.0,CALL,911.0
2026-12-18,86,890.0,CALL,244.0
2026-12-18,86,900.0,CALL,3581.0
2026-12-18,86,910.0,CALL,758.0
2026-12-18,86,920.0,CALL,523.0
2026-12-18,86,930.0,CALL,244.0
2026-12-18,86,940.0,CALL,382.0
2026-12-18,86,950.0,CALL,1512.0
2026-12-18,86,960.0,CALL,248.0
2026-12-18,86,970.0,CALL,1665.0
2026-12-18,86,980.0,CALL,199.0
2026-12-18,86,990.0,CALL,977.0
2026-12-18,86,1000.0,CALL,4190.0
2026-12-18,86,1020.0,CALL,600.0
2026-12-18,86,1030.0,CALL,1574.0
2026-12-18,86,1040.0,CALL,191.0
2026-12-18,86,1050.0,CALL,233.0
2026-12-18,86,1060.0,CALL,237.0
2026-12-18,86,1070.0,CALL,200.0
2026-12-18,86,1080.0,CALL,207.0
2026-12-18,86,1090.0,CALL,72.0
2026-12-18,86,1100.0,CALL,1307.0
2026-12-18,86,1110.0,CALL,159.0
2026-12-18,86,1120.0,CALL,420.0
2026-12-18,86,1130.0,CALL,113.0
2026-12-18,86,1140.0,CALL,180.0
2026-12-18,86,1150.0,CALL,1702.0
2026-12-18,86,1160.0,CALL,31.0
2026-12-18,86,1170.0,CALL,52.0
2026-12-18,86,1180.0,CALL,224.0
2026-12-18,86,1190.0,CALL,93.0
2026-12-18,86,1200.0,CALL,1903.0
2026-12-18,86,1210.0,CALL,47.0
2026-12-18,86,1220.0,CALL,150.0
2026-12-18,86,1230.0,CALL,373.0
2026-12-18,86,1240.0,CALL,1844.0
2026-12-18,86,1250.0,CALL,1883.0
2026-12-18,86,1260.0,CALL,123.0
2026-12-18,86,1270.0,CALL,200.0
2026-12-18,86,1280.0,CALL,304.0
2026-12-18,86,1290.0,CALL,8569.0
2026-12-18,86,1300.0,CALL,8911.0
2026-12-18,86,1310.0,CALL,107.0
2026-12-18,86,1320.0,CALL,85.0
2026-12-18,86,1330.0,CALL,81.0
2026-12-18,86,1340.0,CALL,294.0
2026-12-18,86,1350.0,CALL,410.0
2026-12-18,86,1360.0,CALL,96.0
2026-12-18,86,1370.0,CALL,148.0
2026-12-18,86,1380.0,CALL,64.0
2026-12-18,86,1390.0,CALL,115.0
2026-12-18,86,1400.0,CALL,2516.0
2026-12-18,86,1410.0,CALL,490.0
2026-12-18,86,1420.0,CALL,816.0
2026-12-18,86,1430.0,CALL,896.0
2026-12-18,86,1440.0,CALL,44.0
2026-12-18,86,1450.0,CALL,62.0
2026-12-18,86,1460.0,CALL,270.0
2026-12-18,86,1470.0,CALL,137.0
2026-12-18,86,1480.0,CALL,2012.0
2026-12-18,86,1490.0,CALL,71.0
2026-12-18,86,5.0,PUT,474.0
2026-12-18,86,10.0,PUT,118.0
2026-12-18,86,15.0,PUT,25.0
2026-12-18,86,20.0,PUT,325.0
2026-12-18,86,25.0,PUT,10.0
2026-12-18,86,30.0,PUT,63.0
2026-12-18,86,35.0,PUT,14.0
2026-12-18,86,40.0,PUT,17.0
2026-12-18,86,45.0,PUT,2.0
2026-12-18,86,50.0,PUT,427.0
2026-12-18,86,55.0,PUT,41.0
2026-12-18,86,60.0,PUT,22.0
2026-12-18,86,65.0,PUT,34.0
2026-12-18,86,70.0,PUT,28.0
2026-12-18,86,75.0,PUT,16.0
2026-12-18,86,80.0,PUT,45.0
2026-12-18,86,85.0,PUT,0.0
2026-12-18,86,90.0,PUT,344.0
2026-12-18,86,95.0,PUT,203.0
2026-12-18,86,100.0,PUT,446.0
2026-12-18,86,110.0,PUT,139.0
2026-12-18,86,120.0,PUT,204.0
2026-12-18,86,130.0,PUT,321.0
2026-12-18,86,140.0,PUT,263.0
2026-12-18,86,150.0,PUT,357.0
2026-12-18,86,160.0,PUT,403.0
2026-12-18,86,170.0,PUT,590.0
2026-12-18,86,180.0,PUT,225.0
2026-12-18,86,190.0,PUT,220.0
2026-12-18,86,200.0,PUT,1033.0
2026-12-18,86,210.0,PUT,460.0
2026-12-18,86,220.0,PUT,604.0
2026-12-18,86,230.0,PUT,135.0
2026-12-18,86,240.0,PUT,295.0
2026-12-18,86,250.0,PUT,689.0
2026-12-18,86,260.0,PUT,643.0
2026-12-18,86,270.0,PUT,309.0
2026-12-18,86,280.0,PUT,379.0
2026-12-18,86,290.0,PUT,362.0
2026-12-18,86,300.0,PUT,1575.0
2026-12-18,86,310.0,PUT,373.0
2026-12-18,86,320.0,PUT,579.0
2026-12-18,86,330.0,PUT,180.0
2026-12-18,86,340.0,PUT,291.0
2026-12-18,86,350.0,PUT,1780.0
2026-12-18,86,360.0,PUT,2589.0
2026-12-18,86,370.0,PUT,339.0
2026-12-18,86,380.0,PUT,875.0
2026-12-18,86,390.0,PUT,480.0
2026-12-18,86,400.0,PUT,1798.0
2026-12-18,86,410.0,PUT,701.0
2026-12-18,86,420.0,PUT,1837.0
2026-12-18,86,430.0,PUT,543.0
2026-12-18,86,440.0,PUT,842.0
2026-12-18,86,450.0,PUT,4842.0
2026-12-18,86,460.0,PUT,1809.0
2026-12-18,86,470.0,PUT,1485.0
2026-12-18,86,480.0,PUT,1967.0
2026-12-18,86,490.0,PUT,2006.0
2026-12-18,86,500.0,PUT,7014.0
2026-12-18,86,510.0,PUT,3367.0
2026-12-18,86,520.0,PUT,1832.0
2026-12-18,86,530.0,PUT,3052.0
2026-12-18,86,540.0,PUT,1843.0
2026-12-18,86,550.0,PUT,5590.0
2026-12-18,86,560.0,PUT,1927.0
2026-12-18,86,565.0,PUT,645.0
2026-12-18,86,570.0,PUT,2832.0
2026-12-18,86,575.0,PUT,887.0
2026-12-18,86,580.0,PUT,1965.0
2026-12-18,86,585.0,PUT,591.0
2026-12-18,86,590.0,PUT,2003.0
2026-12-18,86,595.0,PUT,985.0
2026-12-18,86,600.0,PUT,4299.0
2026-12-18,86,605.0,PUT,299.0
2026-12-18,86,610.0,PUT,1161.0
2026-12-18,86,615.0,PUT,771.0
2026-12-18,86,620.0,PUT,1665.0
2026-12-18,86,625.0,PUT,231.0
2026-12-18,86,630.0,PUT,1637.0
2026-12-18,86,635.0,PUT,343.0
2026-12-18,86,640.0,PUT,1219.0
2026-12-18,86,645.0,PUT,239.0
2026-12-18,86,650.0,PUT,1832.0
2026-12-18,86,655.0,PUT,223.0
2026-12-18,86,660.0,PUT,5027.0
2026-12-18,86,665.0,PUT,354.0
2026-12-18,86,670.0,PUT,2589.0
2026-12-18,86,675.0,PUT,162.0
2026-12-18,86,680.0,PUT,1787.0
2026-12-18,86,685.0,PUT,115.0
2026-12-18,86,690.0,PUT,236.0
2026-12-18,86,695.0,PUT,117.0
2026-12-18,86,700.0,PUT,1934.0
2026-12-18,86,705.0,PUT,393.0
2026-12-18,86,710.0,PUT,367.0
2026-12-18,86,715.0,PUT,266.0
2026-12-18,86,720.0,PUT,328.0
2026-12-18,86,725.0,PUT,171.0
2026-12-18,86,730.0,PUT,860.0
2026-12-18,86,735.0,PUT,217.0
2026-12-18,86,740.0,PUT,168.0
2026-12-18,86,745.0,PUT,84.0
2026-12-18,86,750.0,PUT,2729.0
2026-12-18,86,755.0,PUT,118.0
2026-12-18,86,760.0,PUT,356.0
2026-12-18,86,765.0,PUT,263.0
2026-12-18,86,770.0,PUT,77.0
2026-12-18,86,775.0,PUT,41.0
2026-12-18,86,780.0,PUT,84.0
2026-12-18,86,785.0,PUT,22.0
2026-12-18,86,790.0,PUT,140.0
2026-12-18,86,795.0,PUT,40.0
2026-12-18,86,800.0,PUT,234.0
2026-12-18,86,805.0,PUT,73.0
2026-12-18,86,810.0,PUT,29.0
2026-12-18,86,815.0,PUT,8.0
2026-12-18,86,820.0,PUT,87.0
2026-12-18,86,825.0,PUT,14.0
2026-12-18,86,830.0,PUT,13.0
2026-12-18,86,835.0,PUT,23.0
2026-12-18,86,840.0,PUT,27.0
2026-12-18,86,845.0,PUT,13.0
2026-12-18,86,850.0,PUT,0.0
2026-12-18,86,860.0,PUT,1.0
2026-12-18,86,870.0,PUT,6.0
2026-12-18,86,880.0,PUT,2.0
2026-12-18,86,890.0,PUT,1.0
2026-12-18,86,900.0,PUT,104.0
2026-12-18,86,910.0,PUT,0.0
2026-12-18,86,920.0,PUT,1.0
2026-12-18,86,930.0,PUT,2.0
2026-12-18,86,940.0,PUT,5.0
2026-12-18,86,950.0,PUT,1.0
2026-12-18,86,960.0,PUT,1.0
2026-12-18,86,970.0,PUT,6.0
2026-12-18,86,980.0,PUT,0.0
2026-12-18,86,990.0,PUT,4.0
2026-12-18,86,1000.0,PUT,2.0
2026-12-18,86,1020.0,PUT,0.0
2026-12-18,86,1030.0,PUT,0.0
2026-12-18,86,1040.0,PUT,0.0
2026-12-18,86,1050.0,PUT,0.0
2026-12-18,86,1060.0,PUT,0.0
2026-12-18,86,1070.0,PUT,0.0
2026-12-18,86,1080.0,PUT,0.0
2026-12-18,86,1090.0,PUT,0.0
2026-12-18,86,1100.0,PUT,0.0
2026-12-18,86,1110.0,PUT,0.0
2026-12-18,86,1120.0,PUT,13.0
2026-12-18,86,1130.0,PUT,0.0
2026-12-18,86,1140.0,PUT,0.0
2026-12-18,86,1150.0,PUT,0.0
2026-12-18,86,1160.0,PUT,0.0
2026-12-18,86,1170.0,PUT,0.0
2026-12-18,86,1180.0,PUT,0.0
2026-12-18,86,1190.0,PUT,0.0
2026-12-18,86,1200.0,PUT,0.0
2026-12-18,86,1210.0,PUT,0.0
2026-12-18,86,1220.0,PUT,0.0
2026-12-18,86,1230.0,PUT,0.0
2026-12-18,86,1240.0,PUT,0.0
2026-12-18,86,1270.0,PUT,0.0
2026-12-18,86,1280.0,PUT,0.0
2026-12-18,86,1300.0,PUT,0.0
2026-12-18,86,1400.0,PUT,0.0
2026-12-18,86,1410.0,PUT,0.0
2026-12-18,86,1420.0,PUT,0.0
2027-01-15,114,5.0,CALL,68.0
2027-01-15,114,10.0,CALL,0.0
2027-01-15,114,15.0,CALL,0.0
2027-01-15,114,20.0,CALL,8.0
2027-01-15,114,40.0,CALL,0.0
2027-01-15,114,45.0,CALL,0.0
2027-01-15,114,50.0,CALL,111.0
2027-01-15,114,100.0,CALL,126.0
2027-01-15,114,110.0,CALL,283.0
2027-01-15,114,120.0,CALL,11.0
2027-01-15,114,130.0,CALL,0.0
2027-01-15,114,140.0,CALL,13.0
2027-01-15,114,150.0,CALL,0.0
2027-01-15,114,160.0,CALL,38.0
2027-01-15,114,170.0,CALL,36.0
2027-01-15,114,180.0,CALL,191.0
2027-01-15,114,190.0,CALL,27.0
2027-01-15,114,200.0,CALL,160.0
2027-01-15,114,210.0,CALL,0.0
2027-01-15,114,220.0,CALL,0.0
2027-01-15,114,230.0,CALL,55.0
2027-01-15,114,240.0,CALL,73.0
2027-01-15,114,250.0,CALL,86.0
2027-01-15,114,260.0,CALL,60.0
2027-01-15,114,270.0,CALL,281.0
2027-01-15,114,280.0,CALL,55.0
2027-01-15,114,290.0,CALL,168.0
2027-01-15,114,300.0,CALL,378.0
2027-01-15,114,310.0,CALL,22.0
2027-01-15,114,320.0,CALL,77.0
2027-01-15,114,330.0,CALL,63.0
2027-01-15,114,340.0,CALL,40.0
2027-01-15,114,350.0,CALL,161.0
2027-01-15,114,360.0,CALL,91.0
2027-01-15,114,370.0,CALL,45.0
2027-01-15,114,380.0,CALL,54.0
2027-01-15,114,390.0,CALL,124.0
2027-01-15,114,400.0,CALL,515.0
2027-01-15,114,410.0,CALL,119.0
2027-01-15,114,420.0,CALL,203.0
2027-01-15,114,430.0,CALL,127.0
2027-01-15,114,440.0,CALL,152.0
2027-01-15,114,450.0,CALL,254.0
2027-01-15,114,460.0,CALL,141.0
2027-01-15,114,470.0,CALL,93.0
2027-01-15,114,480.0,CALL,263.0
2027-01-15,114,490.0,CALL,350.0
2027-01-15,114,500.0,CALL,2436.0
2027-01-15,114,510.0,CALL,1982.0
2027-01-15,114,520.0,CALL,399.0
2027-01-15,114,530.0,CALL,496.0
2027-01-15,114,540.0,CALL,835.0
2027-01-15,114,550.0,CALL,1579.0
2027-01-15,114,560.0,CALL,1247.0
2027-01-15,114,570.0,CALL,934.0
2027-01-15,114,580.0,CALL,1194.0
2027-01-15,114,590.0,CALL,1363.0
2027-01-15,114,600.0,CALL,6047.0
2027-01-15,114,610.0,CALL,1877.0
2027-01-15,114,620.0,CALL,2397.0
2027-01-15,114,630.0,CALL,3045.0
2027-01-15,114,640.0,CALL,1335.0
2027-01-15,114,650.0,CALL,4828.0
2027-01-15,114,660.0,CALL,3399.0
2027-01-15,114,670.0,CALL,2609.0
2027-01-15,114,680.0,CALL,2642.0
2027-01-15,114,690.0,CALL,1125.0
2027-01-15,114,700.0,CALL,115713.0
2027-01-15,114,710.0,CALL,1552.0
2027-01-15,114,720.0,CALL,2940.0
2027-01-15,114,730.0,CALL,3745.0
2027-01-15,114,740.0,CALL,2478.0
2027-01-15,114,750.0,CALL,245254.0
2027-01-15,114,760.0,CALL,3470.0
2027-01-15,114,770.0,CALL,4736.0
2027-01-15,114,780.0,CALL,3415.0
2027-01-15,114,790.0,CALL,1760.0
2027-01-15,114,800.0,CALL,108260.0
2027-01-15,114,810.0,CALL,4853.0
2027-01-15,114,820.0,CALL,3411.0
2027-01-15,114,830.0,CALL,33272.0
2027-01-15,114,840.0,CALL,1482.0
2027-01-15,114,850.0,CALL,5911.0
2027-01-15,114,860.0,CALL,1902.0
2027-01-15,114,870.0,CALL,1091.0
2027-01-15,114,880.0,CALL,810.0
2027-01-15,114,890.0,CALL,1106.0
2027-01-15,114,900.0,CALL,16766.0
2027-01-15,114,910.0,CALL,1282.0
2027-01-15,114,920.0,CALL,3438.0
2027-01-15,114,930.0,CALL,936.0
2027-01-15,114,940.0,CALL,1041.0
2027-01-15,114,950.0,CALL,1623.0
2027-01-15,114,960.0,CALL,578.0
2027-01-15,114,970.0,CALL,546.0
2027-01-15,114,980.0,CALL,563.0
2027-01-15,114,990.0,CALL,514.0
2027-01-15,114,1000.0,CALL,6847.0
2027-01-15,114,1010.0,CALL,479.0
2027-01-15,114,1020.0,CALL,562.0
2027-01-15,114,1030.0,CALL,358.0
2027-01-15,114,1040.0,CALL,289.0
2027-01-15,114,1050.0,CALL,1061.0
2027-01-15,114,1060.0,CALL,272.0
2027-01-15,114,1070.0,CALL,197.0
2027-01-15,114,1080.0,CALL,421.0
2027-01-15,114,1090.0,CALL,285.0
2027-01-15,114,1100.0,CALL,4051.0
2027-01-15,114,1110.0,CALL,500.0
2027-01-15,114,1120.0,CALL,348.0
2027-01-15,114,1130.0,CALL,385.0
2027-01-15,114,1140.0,CALL,285.0
2027-01-15,114,1150.0,CALL,4036.0
2027-01-15,114,1160.0,CALL,671.0
2027-01-15,114,1170.0,CALL,401.0
2027-01-15,114,1180.0,CALL,291.0
2027-01-15,114,1190.0,CALL,689.0
2027-01-15,114,1200.0,CALL,2379.0
2027-01-15,114,1210.0,CALL,181.0
2027-01-15,114,1220.0,CALL,261.0
2027-01-15,114,1230.0,CALL,142.0
2027-01-15,114,1240.0,CALL,663.0
2027-01-15,114,1250.0,CALL,37056.0
2027-01-15,114,1260.0,CALL,472.0
2027-01-15,114,1270.0,CALL,886.0
2027-01-15,114,1280.0,CALL,322.0
2027-01-15,114,1290.0,CALL,347.0
2027-01-15,114,1300.0,CALL,1682.0
2027-01-15,114,1310.0,CALL,113.0
2027-01-15,114,1320.0,CALL,390.0
2027-01-15,114,1330.0,CALL,379.0
2027-01-15,114,1340.0,CALL,164.0
2027-01-15,114,1350.0,CALL,573.0
2027-01-15,114,1360.0,CALL,747.0
2027-01-15,114,1370.0,CALL,158.0
2027-01-15,114,1380.0,CALL,52.0
2027-01-15,114,1390.0,CALL,254.0
2027-01-15,114,1400.0,CALL,1729.0
2027-01-15,114,1410.0,CALL,352.0
2027-01-15,114,1420.0,CALL,623.0
2027-01-15,114,1430.0,CALL,20432.0
2027-01-15,114,1440.0,CALL,383.0
2027-01-15,114,1450.0,CALL,181.0
2027-01-15,114,1460.0,CALL,157.0
2027-01-15,114,1470.0,CALL,166.0
2027-01-15,114,1480.0,CALL,3330.0
2027-01-15,114,1490.0,CALL,66.0
2027-01-15,114,5.0,PUT,3204.0
2027-01-15,114,10.0,PUT,1.0
2027-01-15,114,15.0,PUT,4.0
2027-01-15,114,20.0,PUT,2.0
2027-01-15,114,25.0,PUT,2.0
2027-01-15,114,30.0,PUT,4.0
2027-01-15,114,35.0,PUT,2.0
2027-01-15,114,40.0,PUT,204.0
2027-01-15,114,45.0,PUT,7.0
2027-01-15,114,50.0,PUT,440.0
2027-01-15,114,100.0,PUT,3066.0
2027-01-15,114,110.0,PUT,353.0
2027-01-15,114,120.0,PUT,98.0
2027-01-15,114,130.0,PUT,87.0
2027-01-15,114,140.0,PUT,198.0
2027-01-15,114,150.0,PUT,262.0
2027-01-15,114,160.0,PUT,173.0
2027-01-15,114,170.0,PUT,468.0
2027-01-15,114,180.0,PUT,253.0
2027-01-15,114,190.0,PUT,176.0
2027-01-15,114,200.0,PUT,483.0
2027-01-15,114,210.0,PUT,387.0
2027-01-15,114,220.0,PUT,1122.0
2027-01-15,114,230.0,PUT,601.0
2027-01-15,114,240.0,PUT,375.0
2027-01-15,114,250.0,PUT,1049.0
2027-01-15,114,260.0,PUT,209.0
2027-01-15,114,270.0,PUT,1033.0
2027-01-15,114,280.0,PUT,354.0
2027-01-15,114,290.0,PUT,347.0
2027-01-15,114,300.0,PUT,1322.0
2027-01-15,114,310.0,PUT,441.0
2027-01-15,114,320.0,PUT,797.0
2027-01-15,114,330.0,PUT,511.0
2027-01-15,114,340.0,PUT,458.0
2027-01-15,114,350.0,PUT,1591.0
2027-01-15,114,360.0,PUT,514.0
2027-01-15,114,370.0,PUT,1428.0
2027-01-15,114,380.0,PUT,850.0
2027-01-15,114,390.0,PUT,1257.0
2027-01-15,114,400.0,PUT,4254.0
2027-01-15,114,410.0,PUT,1371.0
2027-01-15,114,420.0,PUT,1990.0
2027-01-15,114,430.0,PUT,2886.0
2027-01-15,114,440.0,PUT,2721.0
2027-01-15,114,450.0,PUT,7203.0
2027-01-15,114,460.0,PUT,2868.0
2027-01-15,114,470.0,PUT,2147.0
2027-01-15,114,480.0,PUT,2735.0
2027-01-15,114,490.0,PUT,3360.0
2027-01-15,114,500.0,PUT,8102.0
2027-01-15,114,510.0,PUT,5196.0
2027-01-15,114,520.0,PUT,3894.0
2027-01-15,114,530.0,PUT,3771.0
2027-01-15,114,540.0,PUT,3503.0
2027-01-15,114,550.0,PUT,6351.0
2027-01-15,114,560.0,PUT,3392.0
2027-01-15,114,570.0,PUT,6365.0
2027-01-15,114,580.0,PUT,3778.0
2027-01-15,114,590.0,PUT,1813.0
2027-01-15,114,600.0,PUT,6192.0
2027-01-15,114,610.0,PUT,1936.0
2027-01-15,114,620.0,PUT,2327.0
2027-01-15,114,630.0,PUT,3251.0
2027-01-15,114,640.0,PUT,2210.0
2027-01-15,114,650.0,PUT,3405.0
2027-01-15,114,660.0,PUT,1661.0
2027-01-15,114,670.0,PUT,2368.0
2027-01-15,114,680.0,PUT,1018.0
2027-01-15,114,690.0,PUT,649.0
2027-01-15,114,700.0,PUT,2662.0
2027-01-15,114,710.0,PUT,813.0
2027-01-15,114,720.0,PUT,947.0
2027-01-15,114,730.0,PUT,478.0
2027-01-15,114,740.0,PUT,490.0
2027-01-15,114,750.0,PUT,929.0
2027-01-15,114,760.0,PUT,571.0
2027-01-15,114,770.0,PUT,678.0
2027-01-15,114,780.0,PUT,381.0
2027-01-15,114,790.0,PUT,233.0
2027-01-15,114,800.0,PUT,529.0
2027-01-15,114,810.0,PUT,219.0
2027-01-15,114,820.0,PUT,83.0
2027-01-15,114,830.0,PUT,103.0
2027-01-15,114,840.0,PUT,102.0
2027-01-15,114,850.0,PUT,149.0
2027-01-15,114,860.0,PUT,27.0
2027-01-15,114,870.0,PUT,2.0
2027-01-15,114,880.0,PUT,1.0
2027-01-15,114,890.0,PUT,3.0
2027-01-15,114,900.0,PUT,24.0
2027-01-15,114,910.0,PUT,0.0
2027-01-15,114,920.0,PUT,0.0
2027-01-15,114,930.0,PUT,0.0
2027-01-15,114,940.0,PUT,0.0
2027-01-15,114,950.0,PUT,1.0
2027-01-15,114,960.0,PUT,0.0
2027-01-15,114,970.0,PUT,0.0
2027-01-15,114,980.0,PUT,0.0
2027-01-15,114,990.0,PUT,0.0
2027-01-15,114,1000.0,PUT,4.0
2027-01-15,114,1010.0,PUT,1.0
2027-01-15,114,1020.0,PUT,4.0
2027-01-15,114,1030.0,PUT,1.0
2027-01-15,114,1040.0,PUT,0.0
2027-01-15,114,1050.0,PUT,0.0
2027-01-15,114,1060.0,PUT,0.0
2027-01-15,114,1080.0,PUT,0.0
2027-01-15,114,1090.0,PUT,0.0
2027-01-15,114,1100.0,PUT,0.0
2027-01-15,114,1110.0,PUT,0.0
2027-01-15,114,1120.0,PUT,0.0
2027-01-15,114,1130.0,PUT,48.0
2027-01-15,114,1140.0,PUT,0.0
2027-01-15,114,1150.0,PUT,0.0
2027-01-15,114,1160.0,PUT,0.0
2027-01-15,114,1170.0,PUT,0.0
2027-01-15,114,1180.0,PUT,0.0
2027-01-15,114,1190.0,PUT,0.0
2027-01-15,114,1200.0,PUT,0.0
2027-01-15,114,1210.0,PUT,0.0
2027-01-15,114,1220.0,PUT,0.0
2027-01-15,114,1230.0,PUT,0.0
2027-01-15,114,1240.0,PUT,0.0
2027-01-15,114,1250.0,PUT,0.0
2027-01-15,114,1280.0,PUT,0.0
2027-01-15,114,1290.0,PUT,0.0
2027-01-15,114,1300.0,PUT,0.0
2027-01-15,114,1320.0,PUT,0.0
2027-01-15,114,1380.0,PUT,0.0
2027-01-15,114,1390.0,PUT,0.0
2027-01-15,114,1400.0,PUT,0.0
2027-01-15,114,1410.0,PUT,0.0
2027-01-15,114,1430.0,PUT,0.0
2027-01-15,114,1440.0,PUT,0.0
2027-02-19,149,100.0,CALL,20.0
2027-02-19,149,130.0,CALL,9.0
2027-02-19,149,160.0,CALL,0.0
2027-02-19,149,200.0,CALL,51.0
2027-02-19,149,250.0,CALL,6.0
2027-02-19,149,270.0,CALL,2.0
2027-02-19,149,280.0,CALL,4.0
2027-02-19,149,300.0,CALL,17.0
2027-02-19,149,320.0,CALL,3.0
2027-02-19,149,330.0,CALL,6.0
2027-02-19,149,340.0,CALL,9.0
2027-02-19,149,350.0,CALL,14.0
2027-02-19,149,360.0,CALL,7.0
2027-02-19,149,370.0,CALL,2.0
2027-02-19,149,380.0,CALL,7.0
2027-02-19,149,390.0,CALL,13.0
2027-02-19,149,400.0,CALL,13.0
2027-02-19,149,410.0,CALL,52.0
2027-02-19,149,420.0,CALL,3.0
2027-02-19,149,430.0,CALL,5.0
2027-02-19,149,440.0,CALL,5.0
2027-02-19,149,450.0,CALL,57.0
2027-02-19,149,460.0,CALL,77.0
2027-02-19,149,470.0,CALL,110.0
2027-02-19,149,480.0,CALL,22.0
2027-02-19,149,490.0,CALL,51.0
2027-02-19,149,500.0,CALL,150.0
2027-02-19,149,510.0,CALL,20.0
2027-02-19,149,520.0,CALL,72.0
2027-02-19,149,530.0,CALL,74.0
2027-02-19,149,540.0,CALL,667.0
2027-02-19,149,550.0,CALL,261.0
2027-02-19,149,560.0,CALL,208.0
2027-02-19,149,570.0,CALL,139.0
2027-02-19,149,580.0,CALL,288.0
2027-02-19,149,590.0,CALL,698.0
2027-02-19,149,600.0,CALL,922.0
2027-02-19,149,610.0,CALL,287.0
2027-02-19,149,620.0,CALL,148.0
2027-02-19,149,630.0,CALL,239.0
2027-02-19,149,640.0,CALL,174.0
2027-02-19,149,650.0,CALL,3331.0
2027-02-19,149,660.0,CALL,617.0
2027-02-19,149,670.0,CALL,644.0
2027-02-19,149,680.0,CALL,219.0
2027-02-19,149,690.0,CALL,390.0
2027-02-19,149,700.0,CALL,2185.0
2027-02-19,149,710.0,CALL,280.0
2027-02-19,149,720.0,CALL,364.0
2027-02-19,149,730.0,CALL,539.0
2027-02-19,149,740.0,CALL,377.0
2027-02-19,149,750.0,CALL,1067.0
2027-02-19,149,760.0,CALL,366.0
2027-02-19,149,770.0,CALL,232.0
2027-02-19,149,780.0,CALL,366.0
2027-02-19,149,790.0,CALL,170.0
2027-02-19,149,800.0,CALL,1449.0
2027-02-19,149,810.0,CALL,146.0
2027-02-19,149,820.0,CALL,147.0
2027-02-19,149,830.0,CALL,164.0
2027-02-19,149,840.0,CALL,102.0
2027-02-19,149,850.0,CALL,516.0
2027-02-19,149,860.0,CALL,248.0
2027-02-19,149,870.0,CALL,85.0
2027-02-19,149,880.0,CALL,303.0
2027-02-19,149,890.0,CALL,48.0
2027-02-19,149,900.0,CALL,6277.0
2027-02-19,149,910.0,CALL,75.0
2027-02-19,149,920.0,CALL,58.0
2027-02-19,149,930.0,CALL,18.0
2027-02-19,149,940.0,CALL,47.0
2027-02-19,149,950.0,CALL,82.0
2027-02-19,149,960.0,CALL,189.0
2027-02-19,149,970.0,CALL,43.0
2027-02-19,149,980.0,CALL,90.0
2027-02-19,149,990.0,CALL,29.0
2027-02-19,149,1000.0,CALL,478.0
2027-02-19,149,1010.0,CALL,75.0
2027-02-19,149,1020.0,CALL,48.0
2027-02-19,149,1030.0,CALL,51.0
2027-02-19,149,1040.0,CALL,12.0
2027-02-19,149,1050.0,CALL,51.0
2027-02-19,149,1060.0,CALL,19.0
2027-02-19,149,1070.0,CALL,163.0
2027-02-19,149,1080.0,CALL,67.0
2027-02-19,149,1090.0,CALL,2.0
2027-02-19,149,1100.0,CALL,558.0
2027-02-19,149,1110.0,CALL,101.0
2027-02-19,149,1120.0,CALL,14.0
2027-02-19,149,1130.0,CALL,23.0
2027-02-19,149,1140.0,CALL,41.0
2027-02-19,149,1150.0,CALL,41.0
2027-02-19,149,1160.0,CALL,31.0
2027-02-19,149,1170.0,CALL,47.0
2027-02-19,149,1180.0,CALL,111.0
2027-02-19,149,1190.0,CALL,646.0
2027-02-19,149,1210.0,CALL,1.0
2027-02-19,149,1230.0,CALL,11.0
2027-02-19,149,1260.0,CALL,5.0
2027-02-19,149,1490.0,CALL,1.0
2027-02-19,149,100.0,PUT,3.0
2027-02-19,149,110.0,PUT,4.0
2027-02-19,149,120.0,PUT,11.0
2027-02-19,149,130.0,PUT,15.0
2027-02-19,149,140.0,PUT,13.0
2027-02-19,149,150.0,PUT,24.0
2027-02-19,149,160.0,PUT,15.0
2027-02-19,149,170.0,PUT,40.0
2027-02-19,149,180.0,PUT,32.0
2027-02-19,149,190.0,PUT,23.0
2027-02-19,149,200.0,PUT,1005.0
2027-02-19,149,210.0,PUT,67.0
2027-02-19,149,220.0,PUT,112.0
2027-02-19,149,230.0,PUT,39.0
2027-02-19,149,240.0,PUT,81.0
2027-02-19,149,250.0,PUT,31.0
2027-02-19,149,260.0,PUT,14.0
2027-02-19,149,270.0,PUT,80.0
2027-02-19,149,280.0,PUT,85.0
2027-02-19,149,290.0,PUT,77.0
2027-02-19,149,300.0,PUT,228.0
2027-02-19,149,310.0,PUT,30.0
2027-02-19,149,320.0,PUT,47.0
2027-02-19,149,330.0,PUT,39.0
2027-02-19,149,340.0,PUT,75.0
2027-02-19,149,350.0,PUT,175.0
2027-02-19,149,360.0,PUT,33.0
2027-02-19,149,370.0,PUT,60.0
2027-02-19,149,380.0,PUT,137.0
2027-02-19,149,390.0,PUT,113.0
2027-02-19,149,400.0,PUT,160.0
2027-02-19,149,410.0,PUT,404.0
2027-02-19,149,420.0,PUT,327.0
2027-02-19,149,430.0,PUT,579.0
2027-02-19,149,440.0,PUT,575.0
2027-02-19,149,450.0,PUT,915.0
2027-02-19,149,460.0,PUT,489.0
2027-02-19,149,470.0,PUT,662.0
2027-02-19,149,480.0,PUT,1624.0
2027-02-19,149,490.0,PUT,659.0
2027-02-19,149,500.0,PUT,1262.0
2027-02-19,149,510.0,PUT,666.0
2027-02-19,149,520.0,PUT,608.0
2027-02-19,149,530.0,PUT,654.0
2027-02-19,149,540.0,PUT,764.0
2027-02-19,149,550.0,PUT,888.0
2027-02-19,149,560.0,PUT,566.0
2027-02-19,149,570.0,PUT,369.0
2027-02-19,149,580.0,PUT,1158.0
2027-02-19,149,590.0,PUT,372.0
2027-02-19,149,600.0,PUT,463.0
2027-02-19,149,610.0,PUT,95.0
2027-02-19,149,620.0,PUT,115.0
2027-02-19,149,630.0,PUT,83.0
2027-02-19,149,640.0,PUT,122.0
2027-02-19,149,650.0,PUT,336.0
2027-02-19,149,660.0,PUT,52.0
2027-02-19,149,670.0,PUT,178.0
2027-02-19,149,680.0,PUT,52.0
2027-02-19,149,690.0,PUT,256.0
2027-02-19,149,700.0,PUT,75.0
2027-02-19,149,710.0,PUT,55.0
2027-02-19,149,720.0,PUT,59.0
2027-02-19,149,730.0,PUT,316.0
2027-02-19,149,740.0,PUT,38.0
2027-02-19,149,750.0,PUT,57.0
2027-02-19,149,760.0,PUT,23.0
2027-02-19,149,770.0,PUT,30.0
2027-02-19,149,780.0,PUT,18.0
2027-02-19,149,790.0,PUT,3.0
2027-02-19,149,800.0,PUT,77.0
2027-02-19,149,810.0,PUT,2.0
2027-02-19,149,820.0,PUT,0.0
2027-02-19,149,830.0,PUT,3.0
2027-02-19,149,840.0,PUT,1.0
2027-02-19,149,850.0,PUT,58.0
2027-02-19,149,900.0,PUT,4.0
2027-02-19,149,910.0,PUT,1.0
2027-02-19,149,920.0,PUT,0.0
2027-02-19,149,930.0,PUT,0.0
2027-02-19,149,950.0,PUT,0.0
2027-02-19,149,980.0,PUT,1.0
2027-02-19,149,1000.0,PUT,1.0
2027-02-19,149,1050.0,PUT,1.0
2027-02-19,149,1150.0,PUT,0.0
2027-03-19,177,5.0,CALL,1669.0
2027-03-19,177,10.0,CALL,11.0
2027-03-19,177,100.0,CALL,1.0
2027-03-19,177,110.0,CALL,209.0
2027-03-19,177,150.0,CALL,0.0
2027-03-19,177,160.0,CALL,0.0
2027-03-19,177,170.0,CALL,21.0
2027-03-19,177,180.0,CALL,1.0
2027-03-19,177,190.0,CALL,2.0
2027-03-19,177,200.0,CALL,5.0
2027-03-19,177,210.0,CALL,0.0
2027-03-19,177,230.0,CALL,35.0
2027-03-19,177,240.0,CALL,51.0
2027-03-19,177,260.0,CALL,2.0
2027-03-19,177,270.0,CALL,23.0
2027-03-19,177,280.0,CALL,44.0
2027-03-19,177,290.0,CALL,2.0
2027-03-19,177,300.0,CALL,21.0
2027-03-19,177,310.0,CALL,0.0
2027-03-19,177,320.0,CALL,12.0
2027-03-19,177,330.0,CALL,16.0
2027-03-19,177,340.0,CALL,6.0
2027-03-19,177,350.0,CALL,25.0
2027-03-19,177,360.0,CALL,24.0
2027-03-19,177,370.0,CALL,18.0
2027-03-19,177,380.0,CALL,113.0
2027-03-19,177,390.0,CALL,73.0
2027-03-19,177,400.0,CALL,86.0
2027-03-19,177,410.0,CALL,30.0
2027-03-19,177,420.0,CALL,33.0
2027-03-19,177,430.0,CALL,162.0
2027-03-19,177,440.0,CALL,18.0
2027-03-19,177,450.0,CALL,135.0
2027-03-19,177,460.0,CALL,86.0
2027-03-19,177,470.0,CALL,36.0
2027-03-19,177,480.0,CALL,48.0
2027-03-19,177,490.0,CALL,39.0
2027-03-19,177,500.0,CALL,496.0
2027-03-19,177,510.0,CALL,54.0
2027-03-19,177,520.0,CALL,64.0
2027-03-19,177,530.0,CALL,158.0
2027-03-19,177,540.0,CALL,258.0
2027-03-19,177,550.0,CALL,833.0
2027-03-19,177,560.0,CALL,290.0
2027-03-19,177,565.0,CALL,41.0
2027-03-19,177,570.0,CALL,534.0
2027-03-19,177,575.0,CALL,529.0
2027-03-19,177,580.0,CALL,779.0
2027-03-19,177,585.0,CALL,196.0
2027-03-19,177,590.0,CALL,283.0
2027-03-19,177,595.0,CALL,258.0
2027-03-19,177,600.0,CALL,2017.0
2027-03-19,177,605.0,CALL,84.0
2027-03-19,177,610.0,CALL,410.0
2027-03-19,177,615.0,CALL,249.0
2027-03-19,177,620.0,CALL,414.0
2027-03-19,177,625.0,CALL,125.0
2027-03-19,177,630.0,CALL,342.0
2027-03-19,177,635.0,CALL,95.0
2027-03-19,177,640.0,CALL,404.0
2027-03-19,177,645.0,CALL,147.0
2027-03-19,177,650.0,CALL,4540.0
2027-03-19,177,655.0,CALL,134.0
2027-03-19,177,660.0,CALL,685.0
2027-03-19,177,665.0,CALL,206.0
2027-03-19,177,670.0,CALL,445.0
2027-03-19,177,675.0,CALL,324.0
2027-03-19,177,680.0,CALL,532.0
2027-03-19,177,685.0,CALL,174.0
2027-03-19,177,690.0,CALL,450.0
2027-03-19,177,695.0,CALL,66.0
2027-03-19,177,700.0,CALL,3433.0
2027-03-19,177,705.0,CALL,84.0
2027-03-19,177,710.0,CALL,774.0
2027-03-19,177,715.0,CALL,488.0
2027-03-19,177,720.0,CALL,347.0
2027-03-19,177,725.0,CALL,177.0
2027-03-19,177,730.0,CALL,541.0
2027-03-19,177,735.0,CALL,151.0
2027-03-19,177,740.0,CALL,362.0
2027-03-19,177,745.0,CALL,222.0
2027-03-19,177,750.0,CALL,1420.0
2027-03-19,177,755.0,CALL,148.0
2027-03-19,177,760.0,CALL,444.0
2027-03-19,177,770.0,CALL,425.0
2027-03-19,177,780.0,CALL,1242.0
2027-03-19,177,790.0,CALL,337.0
2027-03-19,177,800.0,CALL,6902.0
2027-03-19,177,810.0,CALL,615.0
2027-03-19,177,820.0,CALL,455.0
2027-03-19,177,830.0,CALL,449.0
2027-03-19,177,840.0,CALL,333.0
2027-03-19,177,850.0,CALL,2034.0
2027-03-19,177,860.0,CALL,626.0
2027-03-19,177,870.0,CALL,374.0
2027-03-19,177,880.0,CALL,762.0
2027-03-19,177,890.0,CALL,183.0
2027-03-19,177,900.0,CALL,5080.0
2027-03-19,177,910.0,CALL,524.0
2027-03-19,177,920.0,CALL,895.0
2027-03-19,177,930.0,CALL,247.0
2027-03-19,177,940.0,CALL,1046.0
2027-03-19,177,950.0,CALL,4116.0
2027-03-19,177,960.0,CALL,726.0
2027-03-19,177,970.0,CALL,74.0
2027-03-19,177,980.0,CALL,632.0
2027-03-19,177,990.0,CALL,503.0
2027-03-19,177,1000.0,CALL,2833.0
2027-03-19,177,1010.0,CALL,104.0
2027-03-19,177,1020.0,CALL,774.0
2027-03-19,177,1030.0,CALL,361.0
2027-03-19,177,1040.0,CALL,1028.0
2027-03-19,177,1050.0,CALL,123.0
2027-03-19,177,1060.0,CALL,109.0
2027-03-19,177,1070.0,CALL,287.0
2027-03-19,177,1080.0,CALL,64.0
2027-03-19,177,1090.0,CALL,80.0
2027-03-19,177,1100.0,CALL,3965.0
2027-03-19,177,1110.0,CALL,55.0
2027-03-19,177,1120.0,CALL,73.0
2027-03-19,177,1130.0,CALL,60.0
2027-03-19,177,1140.0,CALL,64.0
2027-03-19,177,1150.0,CALL,76.0
2027-03-19,177,1160.0,CALL,56.0
2027-03-19,177,1170.0,CALL,65.0
2027-03-19,177,1180.0,CALL,101.0
2027-03-19,177,1190.0,CALL,34.0
2027-03-19,177,1200.0,CALL,338.0
2027-03-19,177,1210.0,CALL,396.0
2027-03-19,177,1220.0,CALL,846.0
2027-03-19,177,1230.0,CALL,45.0
2027-03-19,177,1240.0,CALL,453.0
2027-03-19,177,1250.0,CALL,1282.0
2027-03-19,177,1270.0,CALL,1.0
2027-03-19,177,1290.0,CALL,4.0
2027-03-19,177,1300.0,CALL,2.0
2027-03-19,177,1320.0,CALL,2.0
2027-03-19,177,1340.0,CALL,1.0
2027-03-19,177,1370.0,CALL,1.0
2027-03-19,177,1400.0,CALL,15.0
2027-03-19,177,1420.0,CALL,5.0
2027-03-19,177,1470.0,CALL,5.0
2027-03-19,177,1480.0,CALL,131.0
2027-03-19,177,1490.0,CALL,191.0
2027-03-19,177,10.0,PUT,3002.0
2027-03-19,177,15.0,PUT,15.0
2027-03-19,177,45.0,PUT,15.0
2027-03-19,177,50.0,PUT,0.0
2027-03-19,177,100.0,PUT,78.0
2027-03-19,177,110.0,PUT,0.0
2027-03-19,177,120.0,PUT,268.0
2027-03-19,177,130.0,PUT,22.0
2027-03-19,177,140.0,PUT,84.0
2027-03-19,177,150.0,PUT,158.0
2027-03-19,177,160.0,PUT,77.0
2027-03-19,177,170.0,PUT,137.0
2027-03-19,177,180.0,PUT,71.0
2027-03-19,177,190.0,PUT,23.0
2027-03-19,177,200.0,PUT,61.0
2027-03-19,177,210.0,PUT,35.0
2027-03-19,177,220.0,PUT,150.0
2027-03-19,177,230.0,PUT,99.0
2027-03-19,177,240.0,PUT,59.0
2027-03-19,177,250.0,PUT,204.0
2027-03-19,177,260.0,PUT,97.0
2027-03-19,177,270.0,PUT,112.0
2027-03-19,177,280.0,PUT,61.0
2027-03-19,177,290.0,PUT,46.0
2027-03-19,177,300.0,PUT,365.0
2027-03-19,177,310.0,PUT,43.0
2027-03-19,177,320.0,PUT,111.0
2027-03-19,177,330.0,PUT,48.0
2027-03-19,177,340.0,PUT,273.0
2027-03-19,177,350.0,PUT,422.0
2027-03-19,177,360.0,PUT,354.0
2027-03-19,177,370.0,PUT,428.0
2027-03-19,177,380.0,PUT,408.0
2027-03-19,177,390.0,PUT,303.0
2027-03-19,177,400.0,PUT,1400.0
2027-03-19,177,410.0,PUT,768.0
2027-03-19,177,420.0,PUT,2669.0
2027-03-19,177,430.0,PUT,948.0
2027-03-19,177,440.0,PUT,547.0
2027-03-19,177,450.0,PUT,4122.0
2027-03-19,177,460.0,PUT,2056.0
2027-03-19,177,470.0,PUT,1325.0
2027-03-19,177,480.0,PUT,1428.0
2027-03-19,177,490.0,PUT,1710.0
2027-03-19,177,500.0,PUT,4519.0
2027-03-19,177,510.0,PUT,909.0
2027-03-19,177,520.0,PUT,1121.0
2027-03-19,177,530.0,PUT,1024.0
2027-03-19,177,540.0,PUT,1784.0
2027-03-19,177,550.0,PUT,4378.0
2027-03-19,177,560.0,PUT,931.0
2027-03-19,177,565.0,PUT,381.0
2027-03-19,177,570.0,PUT,1409.0
2027-03-19,177,575.0,PUT,331.0
2027-03-19,177,580.0,PUT,1480.0
2027-03-19,177,585.0,PUT,344.0
2027-03-19,177,590.0,PUT,672.0
2027-03-19,177,595.0,PUT,171.0
2027-03-19,177,600.0,PUT,1414.0
2027-03-19,177,605.0,PUT,135.0
2027-03-19,177,610.0,PUT,1548.0
2027-03-19,177,615.0,PUT,174.0
2027-03-19,177,620.0,PUT,875.0
2027-03-19,177,625.0,PUT,233.0
2027-03-19,177,630.0,PUT,624.0
2027-03-19,177,635.0,PUT,367.0
2027-03-19,177,640.0,PUT,333.0
2027-03-19,177,645.0,PUT,226.0
2027-03-19,177,650.0,PUT,840.0
2027-03-19,177,655.0,PUT,236.0
2027-03-19,177,660.0,PUT,448.0
2027-03-19,177,665.0,PUT,5122.0
2027-03-19,177,670.0,PUT,332.0
2027-03-19,177,675.0,PUT,47.0
2027-03-19,177,680.0,PUT,332.0
2027-03-19,177,685.0,PUT,52.0
2027-03-19,177,690.0,PUT,172.0
2027-03-19,177,695.0,PUT,70.0
2027-03-19,177,700.0,PUT,374.0
2027-03-19,177,705.0,PUT,53.0
2027-03-19,177,710.0,PUT,166.0
2027-03-19,177,715.0,PUT,78.0
2027-03-19,177,720.0,PUT,155.0
2027-03-19,177,725.0,PUT,29.0
2027-03-19,177,730.0,PUT,63.0
2027-03-19,177,735.0,PUT,51.0
2027-03-19,177,740.0,PUT,195.0
2027-03-19,177,745.0,PUT,18.0
2027-03-19,177,750.0,PUT,149.0
2027-03-19,177,755.0,PUT,49.0
2027-03-19,177,760.0,PUT,52.0
2027-03-19,177,770.0,PUT,42.0
2027-03-19,177,780.0,PUT,37.0
2027-03-19,177,790.0,PUT,154.0
2027-03-19,177,800.0,PUT,178.0
2027-03-19,177,810.0,PUT,118.0
2027-03-19,177,820.0,PUT,6.0
2027-03-19,177,840.0,PUT,4.0
2027-03-19,177,850.0,PUT,122.0
2027-03-19,177,860.0,PUT,4.0
2027-03-19,177,870.0,PUT,4.0
2027-03-19,177,880.0,PUT,4.0
2027-03-19,177,890.0,PUT,6.0
2027-03-19,177,900.0,PUT,5.0
2027-03-19,177,910.0,PUT,0.0
2027-03-19,177,920.0,PUT,0.0
2027-03-19,177,930.0,PUT,0.0
2027-03-19,177,950.0,PUT,0.0
2027-03-19,177,970.0,PUT,0.0
2027-03-19,177,980.0,PUT,0.0
2027-03-19,177,990.0,PUT,0.0
2027-03-19,177,1000.0,PUT,0.0
2027-03-19,177,1030.0,PUT,0.0
2027-03-19,177,1100.0,PUT,0.0
2027-03-19,177,1220.0,PUT,0.0
