expiration,DTE,strike,option_type,openInterest
2026-09-25,0,100.0,CALL,0.0
2026-09-25,0,130.0,CALL,0.0
2026-09-25,0,170.0,CALL,0.0
2026-09-25,0,180.0,CALL,0.0
2026-09-25,0,200.0,CALL,3.0
2026-09-25,0,260.0,CALL,0.0
2026-09-25,0,290.0,CALL,0.0
2026-09-25,0,300.0,CALL,0.0
2026-09-25,0,400.0,CALL,1.0
2026-09-25,0,435.0,CALL,7.0
2026-09-25,0,440.0,CALL,21.0
2026-09-25,0,445.0,CALL,8.0
2026-09-25,0,450.0,CALL,33.0
2026-09-25,0,460.0,CALL,4.0
2026-09-25,0,470.0,CALL,6.0
2026-09-25,0,475.0,CALL,6.0
2026-09-25,0,480.0,CALL,6.0
2026-09-25,0,485.0,CALL,1.0
2026-09-25,0,490.0,CALL,3.0
2026-09-25,0,495.0,CALL,3.0
2026-09-25,0,500.0,CALL,4.0
2026-09-25,0,505.0,CALL,5.0
2026-09-25,0,510.0,CALL,7.0
2026-09-25,0,515.0,CALL,8.0
2026-09-25,0,520.0,CALL,5.0
2026-09-25,0,525.0,CALL,5.0
2026-09-25,0,530.0,CALL,17.0
2026-09-25,0,535.0,CALL,10.0
2026-09-25,0,540.0,CALL,60.0
2026-09-25,0,545.0,CALL,130.0
2026-09-25,0,547.5,CALL,5.0
2026-09-25,0,550.0,CALL,169.0
2026-09-25,0,552.5,CALL,5.0
2026-09-25,0,555.0,CALL,16.0
2026-09-25,0,557.5,CALL,6.0
2026-09-25,0,560.0,CALL,32.0
2026-09-25,0,562.5,CALL,5.0
2026-09-25,0,565.0,CALL,294.0
2026-09-25,0,567.5,CALL,2.0
2026-09-25,0,570.0,CALL,282.0
2026-09-25,0,572.5,CALL,5.0
2026-09-25,0,575.0,CALL,278.0
2026-09-25,0,577.5,CALL,4.0
2026-09-25,0,580.0,CALL,556.0
2026-09-25,0,582.5,CALL,9.0
2026-09-25,0,585.0,CALL,592.0
2026-09-25,0,587.5,CALL,15.0
2026-09-25,0,590.0,CALL,729.0
2026-09-25,0,592.5,CALL,28.0
2026-09-25,0,595.0,CALL,403.0
2026-09-25,0,597.5,CALL,30.0
2026-09-25,0,600.0,CALL,1608.0
2026-09-25,0,602.5,CALL,13.0
2026-09-25,0,605.0,CALL,601.0
2026-09-25,0,607.5,CALL,5.0
2026-09-25,0,610.0,CALL,657.0
2026-09-25,0,612.5,CALL,59.0
2026-09-25,0,615.0,CALL,786.0
2026-09-25,0,617.5,CALL,36.0
2026-09-25,0,620.0,CALL,1197.0
2026-09-25,0,622.5,CALL,28.0
2026-09-25,0,625.0,CALL,1134.0
2026-09-25,0,627.5,CALL,98.0
2026-09-25,0,630.0,CALL,273.0
2026-09-25,0,632.5,CALL,90.0
2026-09-25,0,635.0,CALL,798.0
2026-09-25,0,637.5,CALL,36.0
2026-09-25,0,640.0,CALL,634.0
2026-09-25,0,642.5,CALL,29.0
2026-09-25,0,645.0,CALL,634.0
2026-09-25,0,647.5,CALL,2522.0
2026-09-25,0,650.0,CALL,4028.0
2026-09-25,0,652.5,CALL,77.0
2026-09-25,0,655.0,CALL,761.0
2026-09-25,0,657.5,CALL,157.0
2026-09-25,0,660.0,CALL,2315.0
2026-09-25,0,662.5,CALL,64.0
2026-09-25,0,665.0,CALL,602.0
2026-09-25,0,667.5,CALL,270.0
2026-09-25,0,670.0,CALL,1344.0
2026-09-25,0,672.5,CALL,318.0
2026-09-25,0,675.0,CALL,1899.0
2026-09-25,0,677.5,CALL,388.0
2026-09-25,0,680.0,CALL,1774.0
2026-09-25,0,682.5,CALL,173.0
2026-09-25,0,685.0,CALL,1571.0
2026-09-25,0,687.5,CALL,2213.0
2026-09-25,0,690.0,CALL,2490.0
2026-09-25,0,692.5,CALL,1003.0
2026-09-25,0,695.0,CALL,448.0
2026-09-25,0,697.5,CALL,358.0
2026-09-25,0,700.0,CALL,4269.0
2026-09-25,0,702.5,CALL,2488.0
2026-09-25,0,705.0,CALL,3286.0
2026-09-25,0,707.5,CALL,214.0
2026-09-25,0,710.0,CALL,1893.0
2026-09-25,0,712.5,CALL,463.0
2026-09-25,0,715.0,CALL,808.0
2026-09-25,0,717.5,CALL,1626.0
2026-09-25,0,720.0,CALL,2605.0
2026-09-25,0,722.5,CALL,853.0
2026-09-25,0,725.0,CALL,1329.0
2026-09-25,0,727.5,CALL,904.0
2026-09-25,0,730.0,CALL,1900.0
2026-09-25,0,732.5,CALL,364.0
2026-09-25,0,735.0,CALL,1321.0
2026-09-25,0,737.5,CALL,406.0
2026-09-25,0,740.0,CALL,3049.0
2026-09-25,0,742.5,CALL,1284.0
2026-09-25,0,745.0,CALL,2820.0
2026-09-25,0,747.5,CALL,1575.0
2026-09-25,0,750.0,CALL,10460.0
2026-09-25,0,755.0,CALL,1968.0
2026-09-25,0,760.0,CALL,3013.0
2026-09-25,0,765.0,CALL,6448.0
2026-09-25,0,770.0,CALL,2898.0
2026-09-25,0,775.0,CALL,6578.0
2026-09-25,0,780.0,CALL,5362.0
2026-09-25,0,785.0,CALL,3109.0
2026-09-25,0,790.0,CALL,3162.0
2026-09-25,0,795.0,CALL,1844.0
2026-09-25,0,800.0,CALL,12662.0
2026-09-25,0,805.0,CALL,2490.0
2026-09-25,0,810.0,CALL,3925.0
2026-09-25,0,815.0,CALL,2660.0
2026-09-25,0,820.0,CALL,3975.0
2026-09-25,0,825.0,CALL,3067.0
2026-09-25,0,830.0,CALL,2307.0
2026-09-25,0,835.0,CALL,2234.0
2026-09-25,0,840.0,CALL,1536.0
2026-09-25,0,845.0,CALL,2454.0
2026-09-25,0,850.0,CALL,3793.0
2026-09-25,0,855.0,CALL,1614.0
2026-09-25,0,860.0,CALL,1243.0
2026-09-25,0,865.0,CALL,996.0
2026-09-25,0,870.0,CALL,946.0
2026-09-25,0,875.0,CALL,2656.0
2026-09-25,0,880.0,CALL,3194.0
2026-09-25,0,885.0,CALL,449.0
2026-09-25,0,890.0,CALL,643.0
2026-09-25,0,895.0,CALL,382.0
2026-09-25,0,900.0,CALL,4068.0
2026-09-25,0,905.0,CALL,334.0
2026-09-25,0,910.0,CALL,327.0
2026-09-25,0,915.0,CALL,232.0
2026-09-25,0,920.0,CALL,751.0
2026-09-25,0,925.0,CALL,302.0
2026-09-25,0,930.0,CALL,636.0
2026-09-25,0,935.0,CALL,272.0
2026-09-25,0,940.0,CALL,514.0
2026-09-25,0,945.0,CALL,203.0
2026-09-25,0,950.0,CALL,216.0
2026-09-25,0,955.0,CALL,290.0
2026-09-25,0,960.0,CALL,243.0
2026-09-25,0,965.0,CALL,321.0
2026-09-25,0,970.0,CALL,226.0
2026-09-25,0,975.0,CALL,325.0
2026-09-25,0,980.0,CALL,746.0
2026-09-25,0,985.0,CALL,343.0
2026-09-25,0,990.0,CALL,394.0
2026-09-25,0,995.0,CALL,205.0
2026-09-25,0,1000.0,CALL,1482.0
2026-09-25,0,1010.0,CALL,467.0
2026-09-25,0,1020.0,CALL,559.0
2026-09-25,0,1030.0,CALL,217.0
2026-09-25,0,1040.0,CALL,457.0
2026-09-25,0,1050.0,CALL,447.0
2026-09-25,0,1060.0,CALL,209.0
2026-09-25,0,1070.0,CALL,469.0
2026-09-25,0,1220.0,CALL,9.0
2026-09-25,0,1250.0,CALL,5.0
2026-09-25,0,1300.0,CALL,6.0
2026-09-25,0,1490.0,CALL,3.0
2026-09-25,0,130.0,PUT,1029.0
2026-09-25,0,140.0,PUT,1010.0
2026-09-25,0,150.0,PUT,1000.0
2026-09-25,0,200.0,PUT,129.0
2026-09-25,0,210.0,PUT,143.0
2026-09-25,0,220.0,PUT,38.0
2026-09-25,0,230.0,PUT,36.0
2026-09-25,0,240.0,PUT,19.0
2026-09-25,0,250.0,PUT,46.0
2026-09-25,0,260.0,PUT,71.0
2026-09-25,0,270.0,PUT,12.0
2026-09-25,0,290.0,PUT,3.0
2026-09-25,0,300.0,PUT,148.0
2026-09-25,0,310.0,PUT,0.0
2026-09-25,0,320.0,PUT,98.0
2026-09-25,0,330.0,PUT,21.0
2026-09-25,0,340.0,PUT,17.0
2026-09-25,0,350.0,PUT,634.0
2026-09-25,0,360.0,PUT,70.0
2026-09-25,0,370.0,PUT,765.0
2026-09-25,0,380.0,PUT,138.0
2026-09-25,0,390.0,PUT,154.0
2026-09-25,0,400.0,PUT,245.0
2026-09-25,0,405.0,PUT,164.0
2026-09-25,0,410.0,PUT,251.0
2026-09-25,0,415.0,PUT,334.0
2026-09-25,0,420.0,PUT,112.0
2026-09-25,0,425.0,PUT,136.0
2026-09-25,0,430.0,PUT,102.0
2026-09-25,0,435.0,PUT,83.0
2026-09-25,0,440.0,PUT,139.0
2026-09-25,0,445.0,PUT,316.0
2026-09-25,0,450.0,PUT,420.0
2026-09-25,0,455.0,PUT,212.0
2026-09-25,0,460.0,PUT,213.0
2026-09-25,0,465.0,PUT,208.0
2026-09-25,0,470.0,PUT,192.0
2026-09-25,0,475.0,PUT,307.0
2026-09-25,0,480.0,PUT,580.0
2026-09-25,0,485.0,PUT,420.0
2026-09-25,0,490.0,PUT,360.0
2026-09-25,0,495.0,PUT,341.0
2026-09-25,0,500.0,PUT,433.0
2026-09-25,0,505.0,PUT,323.0
2026-09-25,0,510.0,PUT,587.0
2026-09-25,0,515.0,PUT,552.0
2026-09-25,0,520.0,PUT,4985.0
2026-09-25,0,525.0,PUT,464.0
2026-09-25,0,530.0,PUT,1301.0
2026-09-25,0,535.0,PUT,837.0
2026-09-25,0,540.0,PUT,944.0
2026-09-25,0,545.0,PUT,685.0
2026-09-25,0,547.5,PUT,517.0
2026-09-25,0,550.0,PUT,2068.0
2026-09-25,0,552.5,PUT,975.0
2026-09-25,0,555.0,PUT,286.0
2026-09-25,0,557.5,PUT,281.0
2026-09-25,0,560.0,PUT,2936.0
2026-09-25,0,562.5,PUT,155.0
2026-09-25,0,565.0,PUT,809.0
2026-09-25,0,567.5,PUT,1024.0
2026-09-25,0,570.0,PUT,745.0
2026-09-25,0,572.5,PUT,140.0
2026-09-25,0,575.0,PUT,1245.0
2026-09-25,0,577.5,PUT,321.0
2026-09-25,0,580.0,PUT,882.0
2026-09-25,0,582.5,PUT,41.0
2026-09-25,0,585.0,PUT,581.0
2026-09-25,0,587.5,PUT,175.0
2026-09-25,0,590.0,PUT,720.0
2026-09-25,0,592.5,PUT,101.0
2026-09-25,0,595.0,PUT,401.0
2026-09-25,0,597.5,PUT,210.0
2026-09-25,0,600.0,PUT,1880.0
2026-09-25,0,602.5,PUT,98.0
2026-09-25,0,605.0,PUT,991.0
2026-09-25,0,607.5,PUT,285.0
2026-09-25,0,610.0,PUT,1991.0
2026-09-25,0,612.5,PUT,616.0
2026-09-25,0,615.0,PUT,1047.0
2026-09-25,0,617.5,PUT,212.0
2026-09-25,0,620.0,PUT,1236.0
2026-09-25,0,622.5,PUT,200.0
2026-09-25,0,625.0,PUT,1122.0
2026-09-25,0,627.5,PUT,238.0
2026-09-25,0,630.0,PUT,1130.0
2026-09-25,0,632.5,PUT,404.0
2026-09-25,0,635.0,PUT,1025.0
2026-09-25,0,637.5,PUT,395.0
2026-09-25,0,640.0,PUT,5871.0
2026-09-25,0,642.5,PUT,214.0
2026-09-25,0,645.0,PUT,750.0
2026-09-25,0,647.5,PUT,353.0
2026-09-25,0,650.0,PUT,6248.0
2026-09-25,0,652.5,PUT,281.0
2026-09-25,0,655.0,PUT,770.0
2026-09-25,0,657.5,PUT,472.0
2026-09-25,0,660.0,PUT,1542.0
2026-09-25,0,662.5,PUT,593.0
2026-09-25,0,665.0,PUT,949.0
2026-09-25,0,667.5,PUT,502.0
2026-09-25,0,670.0,PUT,2830.0
2026-09-25,0,672.5,PUT,1963.0
2026-09-25,0,675.0,PUT,1827.0
2026-09-25,0,677.5,PUT,717.0
2026-09-25,0,680.0,PUT,1845.0
2026-09-25,0,682.5,PUT,959.0
2026-09-25,0,685.0,PUT,1331.0
2026-09-25,0,687.5,PUT,588.0
2026-09-25,0,690.0,PUT,1794.0
2026-09-25,0,692.5,PUT,536.0
2026-09-25,0,695.0,PUT,1497.0
2026-09-25,0,697.5,PUT,468.0
2026-09-25,0,700.0,PUT,6558.0
2026-09-25,0,702.5,PUT,2498.0
2026-09-25,0,705.0,PUT,2863.0
2026-09-25,0,707.5,PUT,476.0
2026-09-25,0,710.0,PUT,4127.0
2026-09-25,0,712.5,PUT,717.0
2026-09-25,0,715.0,PUT,3351.0
2026-09-25,0,717.5,PUT,802.0
2026-09-25,0,720.0,PUT,3385.0
2026-09-25,0,722.5,PUT,1429.0
2026-09-25,0,725.0,PUT,5351.0
2026-09-25,0,727.5,PUT,3259.0
2026-09-25,0,730.0,PUT,5182.0
2026-09-25,0,732.5,PUT,2754.0
2026-09-25,0,735.0,PUT,3040.0
2026-09-25,0,737.5,PUT,967.0
2026-09-25,0,740.0,PUT,4698.0
2026-09-25,0,742.5,PUT,1050.0
2026-09-25,0,745.0,PUT,3123.0
2026-09-25,0,747.5,PUT,3894.0
2026-09-25,0,750.0,PUT,9221.0
2026-09-25,0,755.0,PUT,2303.0
2026-09-25,0,760.0,PUT,2774.0
2026-09-25,0,765.0,PUT,1863.0
2026-09-25,0,770.0,PUT,1969.0
2026-09-25,0,775.0,PUT,1388.0
2026-09-25,0,780.0,PUT,807.0
2026-09-25,0,785.0,PUT,263.0
2026-09-25,0,790.0,PUT,230.0
2026-09-25,0,795.0,PUT,35.0
2026-09-25,0,800.0,PUT,201.0
2026-09-25,0,805.0,PUT,54.0
2026-09-25,0,810.0,PUT,43.0
2026-09-25,0,815.0,PUT,11.0
2026-09-25,0,820.0,PUT,355.0
2026-09-25,0,830.0,PUT,15.0
2026-09-25,0,840.0,PUT,6.0
2026-09-25,0,850.0,PUT,7.0
2026-09-25,0,865.0,PUT,0.0
2026-09-25,0,880.0,PUT,0.0
2026-09-25,0,935.0,PUT,0.0
2026-09-28,3,565.0,CALL,27.0
2026-09-28,3,570.0,CALL,21.0
2026-09-28,3,575.0,CALL,4.0
2026-09-28,3,580.0,CALL,26.0
2026-09-28,3,585.0,CALL,6.0
2026-09-28,3,590.0,CALL,9.0
2026-09-28,3,592.5,CALL,3.0
2026-09-28,3,595.0,CALL,10.0
2026-09-28,3,597.5,CALL,3.0
2026-09-28,3,600.0,CALL,12.0
2026-09-28,3,605.0,CALL,2.0
2026-09-28,3,615.0,CALL,2.0
2026-09-28,3,617.5,CALL,4.0
2026-09-28,3,620.0,CALL,2.0
2026-09-28,3,622.5,CALL,2.0
2026-09-28,3,625.0,CALL,7.0
2026-09-28,3,627.5,CALL,1.0
2026-09-28,3,630.0,CALL,2.0
2026-09-28,3,635.0,CALL,19.0
2026-09-28,3,637.5,CALL,0.0
2026-09-28,3,640.0,CALL,8.0
2026-09-28,3,645.0,CALL,8.0
2026-09-28,3,647.5,CALL,5.0
2026-09-28,3,650.0,CALL,81.0
2026-09-28,3,652.5,CALL,5.0
2026-09-28,3,655.0,CALL,25.0
2026-09-28,3,657.5,CALL,6.0
2026-09-28,3,660.0,CALL,28.0
2026-09-28,3,662.5,CALL,36.0
2026-09-28,3,665.0,CALL,65.0
2026-09-28,3,667.5,CALL,184.0
2026-09-28,3,670.0,CALL,148.0
2026-09-28,3,672.5,CALL,182.0
2026-09-28,3,675.0,CALL,120.0
2026-09-28,3,677.5,CALL,60.0
2026-09-28,3,680.0,CALL,204.0
2026-09-28,3,682.5,CALL,50.0
2026-09-28,3,685.0,CALL,114.0
2026-09-28,3,687.5,CALL,35.0
2026-09-28,3,690.0,CALL,176.0
2026-09-28,3,692.5,CALL,36.0
2026-09-28,3,695.0,CALL,100.0
2026-09-28,3,697.5,CALL,73.0
2026-09-28,3,700.0,CALL,344.0
2026-09-28,3,702.5,CALL,49.0
2026-09-28,3,705.0,CALL,152.0
2026-09-28,3,707.5,CALL,49.0
2026-09-28,3,710.0,CALL,112.0
2026-09-28,3,712.5,CALL,55.0
2026-09-28,3,715.0,CALL,62.0
2026-09-28,3,717.5,CALL,50.0
2026-09-28,3,720.0,CALL,154.0
2026-09-28,3,722.5,CALL,44.0
2026-09-28,3,725.0,CALL,307.0
2026-09-28,3,727.5,CALL,87.0
2026-09-28,3,730.0,CALL,142.0
2026-09-28,3,732.5,CALL,44.0
2026-09-28,3,735.0,CALL,90.0
2026-09-28,3,737.5,CALL,355.0
2026-09-28,3,740.0,CALL,222.0
2026-09-28,3,742.5,CALL,232.0
2026-09-28,3,745.0,CALL,203.0
2026-09-28,3,747.5,CALL,563.0
2026-09-28,3,750.0,CALL,1064.0
2026-09-28,3,755.0,CALL,577.0
2026-09-28,3,760.0,CALL,1065.0
2026-09-28,3,765.0,CALL,1069.0
2026-09-28,3,770.0,CALL,1346.0
2026-09-28,3,775.0,CALL,917.0
2026-09-28,3,780.0,CALL,1675.0
2026-09-28,3,785.0,CALL,669.0
2026-09-28,3,790.0,CALL,613.0
2026-09-28,3,795.0,CALL,468.0
2026-09-28,3,800.0,CALL,4489.0
2026-09-28,3,805.0,CALL,434.0
2026-09-28,3,810.0,CALL,309.0
2026-09-28,3,815.0,CALL,614.0
2026-09-28,3,820.0,CALL,1009.0
2026-09-28,3,825.0,CALL,300.0
2026-09-28,3,830.0,CALL,357.0
2026-09-28,3,835.0,CALL,623.0
2026-09-28,3,840.0,CALL,561.0
2026-09-28,3,845.0,CALL,542.0
2026-09-28,3,850.0,CALL,813.0
2026-09-28,3,855.0,CALL,173.0
2026-09-28,3,860.0,CALL,128.0
2026-09-28,3,865.0,CALL,486.0
2026-09-28,3,870.0,CALL,70.0
2026-09-28,3,875.0,CALL,61.0
2026-09-28,3,880.0,CALL,384.0
2026-09-28,3,885.0,CALL,147.0
2026-09-28,3,890.0,CALL,90.0
2026-09-28,3,895.0,CALL,119.0
2026-09-28,3,900.0,CALL,502.0
2026-09-28,3,905.0,CALL,11.0
2026-09-28,3,910.0,CALL,4.0
2026-09-28,3,920.0,CALL,7.0
2026-09-28,3,925.0,CALL,5.0
2026-09-28,3,930.0,CALL,3.0
2026-09-28,3,940.0,CALL,184.0
2026-09-28,3,950.0,CALL,68.0
2026-09-28,3,955.0,CALL,18.0
2026-09-28,3,960.0,CALL,78.0
2026-09-28,3,965.0,CALL,26.0
2026-09-28,3,970.0,CALL,54.0
2026-09-28,3,975.0,CALL,15.0
2026-09-28,3,980.0,CALL,8.0
2026-09-28,3,985.0,CALL,4.0
2026-09-28,3,990.0,CALL,3.0
2026-09-28,3,1000.0,CALL,2.0
2026-09-28,3,1490.0,CALL,12.0
2026-09-28,3,510.0,PUT,10.0
2026-09-28,3,515.0,PUT,7.0
2026-09-28,3,520.0,PUT,1.0
2026-09-28,3,525.0,PUT,2.0
2026-09-28,3,530.0,PUT,5.0
2026-09-28,3,535.0,PUT,5.0
2026-09-28,3,540.0,PUT,5.0
2026-09-28,3,545.0,PUT,36.0
2026-09-28,3,550.0,PUT,6.0
2026-09-28,3,555.0,PUT,16.0
2026-09-28,3,560.0,PUT,4.0
2026-09-28,3,565.0,PUT,105.0
2026-09-28,3,570.0,PUT,6.0
2026-09-28,3,575.0,PUT,25.0
2026-09-28,3,580.0,PUT,27.0
2026-09-28,3,585.0,PUT,18.0
2026-09-28,3,587.5,PUT,15.0
2026-09-28,3,590.0,PUT,38.0
2026-09-28,3,592.5,PUT,5.0
2026-09-28,3,595.0,PUT,18.0
2026-09-28,3,597.5,PUT,11.0
2026-09-28,3,600.0,PUT,66.0
2026-09-28,3,602.5,PUT,20.0
2026-09-28,3,605.0,PUT,5.0
2026-09-28,3,607.5,PUT,10.0
2026-09-28,3,610.0,PUT,82.0
2026-09-28,3,612.5,PUT,7.0
2026-09-28,3,615.0,PUT,19.0
2026-09-28,3,617.5,PUT,15.0
2026-09-28,3,620.0,PUT,43.0
2026-09-28,3,622.5,PUT,25.0
2026-09-28,3,625.0,PUT,24.0
2026-09-28,3,627.5,PUT,67.0
2026-09-28,3,630.0,PUT,103.0
2026-09-28,3,632.5,PUT,10.0
2026-09-28,3,635.0,PUT,164.0
2026-09-28,3,637.5,PUT,24.0
2026-09-28,3,640.0,PUT,70.0
2026-09-28,3,642.5,PUT,149.0
2026-09-28,3,645.0,PUT,54.0
2026-09-28,3,647.5,PUT,14.0
2026-09-28,3,650.0,PUT,233.0
2026-09-28,3,652.5,PUT,11.0
2026-09-28,3,655.0,PUT,269.0
2026-09-28,3,657.5,PUT,56.0
2026-09-28,3,660.0,PUT,290.0
2026-09-28,3,662.5,PUT,95.0
2026-09-28,3,665.0,PUT,216.0
2026-09-28,3,667.5,PUT,73.0
2026-09-28,3,670.0,PUT,274.0
2026-09-28,3,672.5,PUT,128.0
2026-09-28,3,675.0,PUT,242.0
2026-09-28,3,677.5,PUT,441.0
2026-09-28,3,680.0,PUT,433.0
2026-09-28,3,682.5,PUT,265.0
2026-09-28,3,685.0,PUT,413.0
2026-09-28,3,687.5,PUT,47.0
2026-09-28,3,690.0,PUT,272.0
2026-09-28,3,692.5,PUT,387.0
2026-09-28,3,695.0,PUT,232.0
2026-09-28,3,697.5,PUT,248.0
2026-09-28,3,700.0,PUT,1628.0
2026-09-28,3,702.5,PUT,217.0
2026-09-28,3,705.0,PUT,385.0
2026-09-28,3,707.5,PUT,159.0
2026-09-28,3,710.0,PUT,2573.0
2026-09-28,3,712.5,PUT,158.0
2026-09-28,3,715.0,PUT,563.0
2026-09-28,3,717.5,PUT,228.0
2026-09-28,3,720.0,PUT,469.0
2026-09-28,3,722.5,PUT,674.0
2026-09-28,3,725.0,PUT,1117.0
2026-09-28,3,727.5,PUT,550.0
2026-09-28,3,730.0,PUT,945.0
2026-09-28,3,732.5,PUT,182.0
2026-09-28,3,735.0,PUT,397.0
2026-09-28,3,737.5,PUT,245.0
2026-09-28,3,740.0,PUT,636.0
2026-09-28,3,742.5,PUT,289.0
2026-09-28,3,745.0,PUT,498.0
2026-09-28,3,747.5,PUT,620.0
2026-09-28,3,750.0,PUT,1231.0
2026-09-28,3,755.0,PUT,684.0
2026-09-28,3,760.0,PUT,1272.0
2026-09-28,3,765.0,PUT,496.0
2026-09-28,3,770.0,PUT,721.0
2026-09-28,3,775.0,PUT,352.0
2026-09-28,3,780.0,PUT,195.0
2026-09-28,3,785.0,PUT,42.0
2026-09-28,3,790.0,PUT,22.0
2026-09-28,3,795.0,PUT,71.0
2026-09-28,3,800.0,PUT,24.0
2026-09-28,3,810.0,PUT,4.0
2026-09-28,3,820.0,PUT,37.0
2026-09-28,3,830.0,PUT,13.0
2026-09-28,3,840.0,PUT,29.0
2026-09-28,3,850.0,PUT,2.0
2026-09-28,3,945.0,PUT,0.0
2026-09-28,3,955.0,PUT,0.0
2026-09-28,3,985.0,PUT,0.0
2026-09-28,3,1030.0,PUT,0.0
2026-09-30,5,565.0,CALL,1.0
2026-09-30,5,570.0,CALL,4.0
2026-09-30,5,575.0,CALL,5.0
2026-09-30,5,577.5,CALL,3.0
2026-09-30,5,580.0,CALL,3.0
2026-09-30,5,582.5,CALL,6.0
2026-09-30,5,585.0,CALL,1.0
2026-09-30,5,587.5,CALL,2.0
2026-09-30,5,590.0,CALL,3.0
2026-09-30,5,595.0,CALL,1.0
2026-09-30,5,602.5,CALL,1.0
2026-09-30,5,605.0,CALL,9.0
2026-09-30,5,607.5,CALL,4.0
2026-09-30,5,610.0,CALL,5.0
2026-09-30,5,612.5,CALL,3.0
2026-09-30,5,615.0,CALL,7.0
2026-09-30,5,617.5,CALL,7.0
2026-09-30,5,620.0,CALL,8.0
2026-09-30,5,622.5,CALL,3.0
2026-09-30,5,625.0,CALL,6.0
2026-09-30,5,627.5,CALL,1.0
2026-09-30,5,630.0,CALL,12.0
2026-09-30,5,632.5,CALL,5.0
2026-09-30,5,635.0,CALL,14.0
2026-09-30,5,637.5,CALL,5.0
2026-09-30,5,640.0,CALL,12.0
2026-09-30,5,642.5,CALL,25.0
2026-09-30,5,645.0,CALL,33.0
2026-09-30,5,647.5,CALL,1.0
2026-09-30,5,650.0,CALL,32.0
2026-09-30,5,652.5,CALL,3.0
2026-09-30,5,655.0,CALL,46.0
2026-09-30,5,660.0,CALL,7.0
2026-09-30,5,662.5,CALL,3.0
2026-09-30,5,665.0,CALL,29.0
2026-09-30,5,667.5,CALL,3.0
2026-09-30,5,670.0,CALL,146.0
2026-09-30,5,672.5,CALL,78.0
2026-09-30,5,675.0,CALL,85.0
2026-09-30,5,677.5,CALL,48.0
2026-09-30,5,680.0,CALL,136.0
2026-09-30,5,682.5,CALL,29.0
2026-09-30,5,685.0,CALL,70.0
2026-09-30,5,687.5,CALL,11.0
2026-09-30,5,690.0,CALL,147.0
2026-09-30,5,692.5,CALL,13.0
2026-09-30,5,695.0,CALL,72.0
2026-09-30,5,697.5,CALL,8.0
2026-09-30,5,700.0,CALL,247.0
2026-09-30,5,702.5,CALL,23.0
2026-09-30,5,705.0,CALL,93.0
2026-09-30,5,707.5,CALL,28.0
2026-09-30,5,710.0,CALL,70.0
2026-09-30,5,712.5,CALL,16.0
2026-09-30,5,715.0,CALL,54.0
2026-09-30,5,717.5,CALL,20.0
2026-09-30,5,720.0,CALL,160.0
2026-09-30,5,722.5,CALL,66.0
2026-09-30,5,725.0,CALL,121.0
2026-09-30,5,727.5,CALL,30.0
2026-09-30,5,730.0,CALL,173.0
2026-09-30,5,732.5,CALL,74.0
2026-09-30,5,735.0,CALL,112.0
2026-09-30,5,737.5,CALL,33.0
2026-09-30,5,740.0,CALL,223.0
2026-09-30,5,742.5,CALL,71.0
2026-09-30,5,745.0,CALL,229.0
2026-09-30,5,747.5,CALL,157.0
2026-09-30,5,750.0,CALL,1843.0
2026-09-30,5,755.0,CALL,218.0
2026-09-30,5,760.0,CALL,306.0
2026-09-30,5,765.0,CALL,305.0
2026-09-30,5,770.0,CALL,838.0
2026-09-30,5,775.0,CALL,270.0
2026-09-30,5,780.0,CALL,389.0
2026-09-30,5,785.0,CALL,384.0
2026-09-30,5,790.0,CALL,306.0
2026-09-30,5,795.0,CALL,196.0
2026-09-30,5,800.0,CALL,7495.0
2026-09-30,5,805.0,CALL,368.0
2026-09-30,5,810.0,CALL,336.0
2026-09-30,5,815.0,CALL,81.0
2026-09-30,5,820.0,CALL,434.0
2026-09-30,5,825.0,CALL,510.0
2026-09-30,5,830.0,CALL,262.0
2026-09-30,5,835.0,CALL,453.0
2026-09-30,5,840.0,CALL,405.0
2026-09-30,5,845.0,CALL,78.0
2026-09-30,5,850.0,CALL,1314.0
2026-09-30,5,855.0,CALL,178.0
2026-09-30,5,860.0,CALL,130.0
2026-09-30,5,865.0,CALL,86.0
2026-09-30,5,870.0,CALL,134.0
2026-09-30,5,875.0,CALL,109.0
2026-09-30,5,880.0,CALL,140.0
2026-09-30,5,885.0,CALL,53.0
2026-09-30,5,890.0,CALL,52.0
2026-09-30,5,895.0,CALL,10.0
2026-09-30,5,900.0,CALL,199.0
2026-09-30,5,905.0,CALL,28.0
2026-09-30,5,910.0,CALL,53.0
2026-09-30,5,915.0,CALL,10.0
2026-09-30,5,920.0,CALL,70.0
2026-09-30,5,925.0,CALL,11.0
2026-09-30,5,930.0,CALL,39.0
2026-09-30,5,935.0,CALL,15.0
2026-09-30,5,945.0,CALL,4.0
2026-09-30,5,950.0,CALL,13.0
2026-09-30,5,955.0,CALL,6.0
2026-09-30,5,960.0,CALL,113.0
2026-09-30,5,965.0,CALL,7.0
2026-09-30,5,970.0,CALL,2.0
2026-09-30,5,975.0,CALL,6.0
2026-09-30,5,980.0,CALL,9.0
2026-09-30,5,985.0,CALL,32.0
2026-09-30,5,990.0,CALL,13.0
2026-09-30,5,1000.0,CALL,139.0
2026-09-30,5,1010.0,CALL,15.0
2026-09-30,5,1020.0,CALL,20.0
2026-09-30,5,1030.0,CALL,38.0
2026-09-30,5,1040.0,CALL,16.0
2026-09-30,5,1050.0,CALL,20.0
2026-09-30,5,1060.0,CALL,30.0
2026-09-30,5,1490.0,CALL,20.0
2026-09-30,5,510.0,PUT,52.0
2026-09-30,5,515.0,PUT,1.0
2026-09-30,5,520.0,PUT,2.0
2026-09-30,5,525.0,PUT,9.0
2026-09-30,5,530.0,PUT,55.0
2026-09-30,5,535.0,PUT,2.0
2026-09-30,5,540.0,PUT,7.0
2026-09-30,5,550.0,PUT,238.0
2026-09-30,5,555.0,PUT,24.0
2026-09-30,5,560.0,PUT,422.0
2026-09-30,5,565.0,PUT,9.0
2026-09-30,5,570.0,PUT,216.0
2026-09-30,5,575.0,PUT,46.0
2026-09-30,5,577.5,PUT,824.0
2026-09-30,5,580.0,PUT,676.0
2026-09-30,5,582.5,PUT,216.0
2026-09-30,5,585.0,PUT,10.0
2026-09-30,5,590.0,PUT,3.0
2026-09-30,5,592.5,PUT,6.0
2026-09-30,5,595.0,PUT,56.0
2026-09-30,5,597.5,PUT,15.0
2026-09-30,5,600.0,PUT,230.0
2026-09-30,5,602.5,PUT,15.0
2026-09-30,5,605.0,PUT,31.0
2026-09-30,5,607.5,PUT,75.0
2026-09-30,5,610.0,PUT,117.0
2026-09-30,5,612.5,PUT,11.0
2026-09-30,5,615.0,PUT,44.0
2026-09-30,5,617.5,PUT,16.0
2026-09-30,5,620.0,PUT,46.0
2026-09-30,5,622.5,PUT,28.0
2026-09-30,5,625.0,PUT,271.0
2026-09-30,5,627.5,PUT,16.0
2026-09-30,5,630.0,PUT,45.0
2026-09-30,5,632.5,PUT,26.0
2026-09-30,5,635.0,PUT,31.0
2026-09-30,5,637.5,PUT,65.0
2026-09-30,5,640.0,PUT,109.0
2026-09-30,5,642.5,PUT,8.0
2026-09-30,5,645.0,PUT,157.0
2026-09-30,5,647.5,PUT,54.0
2026-09-30,5,650.0,PUT,655.0
2026-09-30,5,652.5,PUT,10.0
2026-09-30,5,655.0,PUT,88.0
2026-09-30,5,657.5,PUT,283.0
2026-09-30,5,660.0,PUT,53.0
2026-09-30,5,662.5,PUT,20.0
2026-09-30,5,665.0,PUT,69.0
2026-09-30,5,667.5,PUT,59.0
2026-09-30,5,670.0,PUT,524.0
2026-09-30,5,672.5,PUT,56.0
2026-09-30,5,675.0,PUT,788.0
2026-09-30,5,677.5,PUT,284.0
2026-09-30,5,680.0,PUT,602.0
2026-09-30,5,682.5,PUT,52.0
2026-09-30,5,685.0,PUT,768.0
2026-09-30,5,687.5,PUT,85.0
2026-09-30,5,690.0,PUT,172.0
2026-09-30,5,692.5,PUT,122.0
2026-09-30,5,695.0,PUT,126.0
2026-09-30,5,697.5,PUT,105.0
2026-09-30,5,700.0,PUT,2925.0
2026-09-30,5,702.5,PUT,83.0
2026-09-30,5,705.0,PUT,2892.0
2026-09-30,5,707.5,PUT,141.0
2026-09-30,5,710.0,PUT,171.0
2026-09-30,5,712.5,PUT,93.0
2026-09-30,5,715.0,PUT,250.0
2026-09-30,5,717.5,PUT,80.0
2026-09-30,5,720.0,PUT,1445.0
2026-09-30,5,722.5,PUT,73.0
2026-09-30,5,725.0,PUT,223.0
2026-09-30,5,727.5,PUT,73.0
2026-09-30,5,730.0,PUT,354.0
2026-09-30,5,732.5,PUT,150.0
2026-09-30,5,735.0,PUT,196.0
2026-09-30,5,737.5,PUT,265.0
2026-09-30,5,740.0,PUT,2252.0
2026-09-30,5,742.5,PUT,547.0
2026-09-30,5,745.0,PUT,437.0
2026-09-30,5,747.5,PUT,207.0
2026-09-30,5,750.0,PUT,348.0
2026-09-30,5,755.0,PUT,316.0
2026-09-30,5,760.0,PUT,367.0
2026-09-30,5,765.0,PUT,463.0
2026-09-30,5,770.0,PUT,1041.0
2026-09-30,5,775.0,PUT,244.0
2026-09-30,5,780.0,PUT,181.0
2026-09-30,5,785.0,PUT,34.0
2026-09-30,5,790.0,PUT,111.0
2026-09-30,5,800.0,PUT,20.0
2026-09-30,5,810.0,PUT,3.0
2026-09-30,5,845.0,PUT,16.0
2026-10-02,7,100.0,CALL,0.0
2026-10-02,7,220.0,CALL,2.0
2026-10-02,7,240.0,CALL,1.0
2026-10-02,7,260.0,CALL,0.0
2026-10-02,7,290.0,CALL,3.0
2026-10-02,7,300.0,CALL,3.0
2026-10-02,7,400.0,CALL,3.0
2026-10-02,7,415.0,CALL,1.0
2026-10-02,7,435.0,CALL,1.0
2026-10-02,7,470.0,CALL,1.0
2026-10-02,7,475.0,CALL,1.0
2026-10-02,7,480.0,CALL,2.0
2026-10-02,7,485.0,CALL,1.0
2026-10-02,7,490.0,CALL,13.0
2026-10-02,7,495.0,CALL,42.0
2026-10-02,7,500.0,CALL,38.0
2026-10-02,7,505.0,CALL,13.0
2026-10-02,7,510.0,CALL,12.0
2026-10-02,7,515.0,CALL,7.0
2026-10-02,7,520.0,CALL,59.0
2026-10-02,7,525.0,CALL,15.0
2026-10-02,7,530.0,CALL,62.0
2026-10-02,7,535.0,CALL,15.0
2026-10-02,7,540.0,CALL,79.0
2026-10-02,7,545.0,CALL,39.0
2026-10-02,7,550.0,CALL,158.0
2026-10-02,7,555.0,CALL,137.0
2026-10-02,7,560.0,CALL,84.0
2026-10-02,7,565.0,CALL,270.0
2026-10-02,7,570.0,CALL,356.0
2026-10-02,7,572.5,CALL,2.0
2026-10-02,7,575.0,CALL,191.0
2026-10-02,7,577.5,CALL,1.0
2026-10-02,7,580.0,CALL,234.0
2026-10-02,7,585.0,CALL,145.0
2026-10-02,7,590.0,CALL,261.0
2026-10-02,7,592.5,CALL,1.0
2026-10-02,7,595.0,CALL,789.0
2026-10-02,7,597.5,CALL,3.0
2026-10-02,7,600.0,CALL,497.0
2026-10-02,7,602.5,CALL,3.0
2026-10-02,7,605.0,CALL,366.0
2026-10-02,7,607.5,CALL,20.0
2026-10-02,7,610.0,CALL,197.0
2026-10-02,7,612.5,CALL,29.0
2026-10-02,7,615.0,CALL,1188.0
2026-10-02,7,617.5,CALL,27.0
2026-10-02,7,620.0,CALL,426.0
2026-10-02,7,622.5,CALL,8.0
2026-10-02,7,625.0,CALL,211.0
2026-10-02,7,627.5,CALL,5.0
2026-10-02,7,630.0,CALL,476.0
2026-10-02,7,632.5,CALL,14.0
2026-10-02,7,635.0,CALL,205.0
2026-10-02,7,637.5,CALL,18.0
2026-10-02,7,640.0,CALL,513.0
2026-10-02,7,642.5,CALL,6.0
2026-10-02,7,645.0,CALL,435.0
2026-10-02,7,647.5,CALL,54.0
2026-10-02,7,650.0,CALL,1464.0
2026-10-02,7,652.5,CALL,14.0
2026-10-02,7,655.0,CALL,851.0
2026-10-02,7,657.5,CALL,17.0
2026-10-02,7,660.0,CALL,1055.0
2026-10-02,7,662.5,CALL,67.0
2026-10-02,7,665.0,CALL,339.0
2026-10-02,7,667.5,CALL,182.0
2026-10-02,7,670.0,CALL,4653.0
2026-10-02,7,672.5,CALL,67.0
2026-10-02,7,675.0,CALL,523.0
2026-10-02,7,677.5,CALL,36.0
2026-10-02,7,680.0,CALL,1006.0
2026-10-02,7,682.5,CALL,50.0
2026-10-02,7,685.0,CALL,326.0
2026-10-02,7,687.5,CALL,16.0
2026-10-02,7,690.0,CALL,580.0
2026-10-02,7,692.5,CALL,1007.0
2026-10-02,7,695.0,CALL,412.0
2026-10-02,7,697.5,CALL,66.0
2026-10-02,7,700.0,CALL,1176.0
2026-10-02,7,702.5,CALL,29.0
2026-10-02,7,705.0,CALL,280.0
2026-10-02,7,707.5,CALL,28.0
2026-10-02,7,710.0,CALL,360.0
2026-10-02,7,712.5,CALL,140.0
2026-10-02,7,715.0,CALL,911.0
2026-10-02,7,717.5,CALL,76.0
2026-10-02,7,720.0,CALL,2181.0
2026-10-02,7,722.5,CALL,71.0
2026-10-02,7,725.0,CALL,430.0
2026-10-02,7,727.5,CALL,59.0
2026-10-02,7,730.0,CALL,753.0
2026-10-02,7,732.5,CALL,1069.0
2026-10-02,7,735.0,CALL,659.0
2026-10-02,7,737.5,CALL,173.0
2026-10-02,7,740.0,CALL,3759.0
2026-10-02,7,742.5,CALL,112.0
2026-10-02,7,745.0,CALL,1922.0
2026-10-02,7,747.5,CALL,204.0
2026-10-02,7,750.0,CALL,2863.0
2026-10-02,7,755.0,CALL,1059.0
2026-10-02,7,760.0,CALL,641.0
2026-10-02,7,765.0,CALL,761.0
2026-10-02,7,770.0,CALL,1697.0
2026-10-02,7,775.0,CALL,699.0
2026-10-02,7,780.0,CALL,960.0
2026-10-02,7,785.0,CALL,350.0
2026-10-02,7,790.0,CALL,1070.0
2026-10-02,7,795.0,CALL,324.0
2026-10-02,7,800.0,CALL,7554.0
2026-10-02,7,805.0,CALL,959.0
2026-10-02,7,810.0,CALL,1565.0
2026-10-02,7,815.0,CALL,271.0
2026-10-02,7,820.0,CALL,1994.0
2026-10-02,7,825.0,CALL,772.0
2026-10-02,7,830.0,CALL,711.0
2026-10-02,7,835.0,CALL,229.0
2026-10-02,7,840.0,CALL,497.0
2026-10-02,7,845.0,CALL,224.0
2026-10-02,7,850.0,CALL,2655.0
2026-10-02,7,855.0,CALL,237.0
2026-10-02,7,860.0,CALL,445.0
2026-10-02,7,865.0,CALL,502.0
2026-10-02,7,870.0,CALL,890.0
2026-10-02,7,875.0,CALL,144.0
2026-10-02,7,880.0,CALL,337.0
2026-10-02,7,885.0,CALL,100.0
2026-10-02,7,890.0,CALL,215.0
2026-10-02,7,895.0,CALL,78.0
2026-10-02,7,900.0,CALL,3305.0
2026-10-02,7,905.0,CALL,248.0
2026-10-02,7,910.0,CALL,103.0
2026-10-02,7,915.0,CALL,79.0
2026-10-02,7,920.0,CALL,1101.0
2026-10-02,7,925.0,CALL,115.0
2026-10-02,7,930.0,CALL,113.0
2026-10-02,7,935.0,CALL,249.0
2026-10-02,7,940.0,CALL,160.0
2026-10-02,7,945.0,CALL,111.0
2026-10-02,7,950.0,CALL,998.0
2026-10-02,7,955.0,CALL,79.0
2026-10-02,7,960.0,CALL,162.0
2026-10-02,7,965.0,CALL,99.0
2026-10-02,7,970.0,CALL,196.0
2026-10-02,7,975.0,CALL,85.0
2026-10-02,7,980.0,CALL,82.0
2026-10-02,7,985.0,CALL,117.0
2026-10-02,7,990.0,CALL,250.0
2026-10-02,7,995.0,CALL,159.0
2026-10-02,7,1000.0,CALL,461.0
2026-10-02,7,1010.0,CALL,141.0
2026-10-02,7,1020.0,CALL,242.0
2026-10-02,7,1030.0,CALL,171.0
2026-10-02,7,1040.0,CALL,242.0
2026-10-02,7,1050.0,CALL,148.0
2026-10-02,7,1060.0,CALL,56.0
2026-10-02,7,1070.0,CALL,69.0
2026-10-02,7,1230.0,CALL,1.0
2026-10-02,7,1490.0,CALL,20.0
2026-10-02,7,130.0,PUT,11.0
2026-10-02,7,150.0,PUT,1053.0
2026-10-02,7,200.0,PUT,34.0
2026-10-02,7,270.0,PUT,2.0
2026-10-02,7,280.0,PUT,1.0
2026-10-02,7,300.0,PUT,0.0
2026-10-02,7,310.0,PUT,5.0
2026-10-02,7,320.0,PUT,0.0
2026-10-02,7,330.0,PUT,13.0
2026-10-02,7,340.0,PUT,6.0
2026-10-02,7,350.0,PUT,263.0
2026-10-02,7,360.0,PUT,85.0
2026-10-02,7,370.0,PUT,17.0
2026-10-02,7,380.0,PUT,45.0
2026-10-02,7,390.0,PUT,10.0
2026-10-02,7,400.0,PUT,192.0
2026-10-02,7,405.0,PUT,25.0
2026-10-02,7,410.0,PUT,35.0
2026-10-02,7,415.0,PUT,121.0
2026-10-02,7,420.0,PUT,13.0
2026-10-02,7,425.0,PUT,35.0
2026-10-02,7,430.0,PUT,57.0
2026-10-02,7,435.0,PUT,38.0
2026-10-02,7,440.0,PUT,283.0
2026-10-02,7,445.0,PUT,48.0
2026-10-02,7,450.0,PUT,85.0
2026-10-02,7,455.0,PUT,392.0
2026-10-02,7,460.0,PUT,237.0
2026-10-02,7,465.0,PUT,280.0
2026-10-02,7,470.0,PUT,268.0
2026-10-02,7,475.0,PUT,427.0
2026-10-02,7,480.0,PUT,230.0
2026-10-02,7,485.0,PUT,146.0
2026-10-02,7,490.0,PUT,415.0
2026-10-02,7,495.0,PUT,206.0
2026-10-02,7,500.0,PUT,634.0
2026-10-02,7,505.0,PUT,369.0
2026-10-02,7,510.0,PUT,316.0
2026-10-02,7,515.0,PUT,1944.0
2026-10-02,7,520.0,PUT,355.0
2026-10-02,7,525.0,PUT,410.0
2026-10-02,7,530.0,PUT,543.0
2026-10-02,7,535.0,PUT,238.0
2026-10-02,7,540.0,PUT,2060.0
2026-10-02,7,545.0,PUT,495.0
2026-10-02,7,550.0,PUT,534.0
2026-10-02,7,555.0,PUT,296.0
2026-10-02,7,560.0,PUT,868.0
2026-10-02,7,565.0,PUT,242.0
2026-10-02,7,570.0,PUT,378.0
2026-10-02,7,572.5,PUT,24.0
2026-10-02,7,575.0,PUT,238.0
2026-10-02,7,580.0,PUT,514.0
2026-10-02,7,582.5,PUT,20.0
2026-10-02,7,585.0,PUT,444.0
2026-10-02,7,587.5,PUT,23.0
2026-10-02,7,590.0,PUT,449.0
2026-10-02,7,592.5,PUT,6.0
2026-10-02,7,595.0,PUT,196.0
2026-10-02,7,597.5,PUT,4.0
2026-10-02,7,600.0,PUT,2819.0
2026-10-02,7,602.5,PUT,47.0
2026-10-02,7,605.0,PUT,1514.0
2026-10-02,7,607.5,PUT,97.0
2026-10-02,7,610.0,PUT,248.0
2026-10-02,7,612.5,PUT,35.0
2026-10-02,7,615.0,PUT,895.0
2026-10-02,7,617.5,PUT,15.0
2026-10-02,7,620.0,PUT,909.0
2026-10-02,7,622.5,PUT,10.0
2026-10-02,7,625.0,PUT,506.0
2026-10-02,7,627.5,PUT,52.0
2026-10-02,7,630.0,PUT,2168.0
2026-10-02,7,632.5,PUT,141.0
2026-10-02,7,635.0,PUT,659.0
2026-10-02,7,637.5,PUT,86.0
2026-10-02,7,640.0,PUT,535.0
2026-10-02,7,642.5,PUT,114.0
2026-10-02,7,645.0,PUT,387.0
2026-10-02,7,647.5,PUT,86.0
2026-10-02,7,650.0,PUT,1591.0
2026-10-02,7,652.5,PUT,1907.0
2026-10-02,7,655.0,PUT,2048.0
2026-10-02,7,657.5,PUT,67.0
2026-10-02,7,660.0,PUT,766.0
2026-10-02,7,662.5,PUT,120.0
2026-10-02,7,665.0,PUT,240.0
2026-10-02,7,667.5,PUT,53.0
2026-10-02,7,670.0,PUT,618.0
2026-10-02,7,672.5,PUT,332.0
2026-10-02,7,675.0,PUT,880.0
2026-10-02,7,677.5,PUT,64.0
2026-10-02,7,680.0,PUT,954.0
2026-10-02,7,682.5,PUT,24.0
2026-10-02,7,685.0,PUT,444.0
2026-10-02,7,687.5,PUT,432.0
2026-10-02,7,690.0,PUT,662.0
2026-10-02,7,692.5,PUT,136.0
2026-10-02,7,695.0,PUT,250.0
2026-10-02,7,697.5,PUT,242.0
2026-10-02,7,700.0,PUT,3433.0
2026-10-02,7,702.5,PUT,144.0
2026-10-02,7,705.0,PUT,276.0
2026-10-02,7,707.5,PUT,184.0
2026-10-02,7,710.0,PUT,630.0
2026-10-02,7,712.5,PUT,165.0
2026-10-02,7,715.0,PUT,663.0
2026-10-02,7,717.5,PUT,89.0
2026-10-02,7,720.0,PUT,1403.0
2026-10-02,7,722.5,PUT,245.0
2026-10-02,7,725.0,PUT,951.0
2026-10-02,7,727.5,PUT,216.0
2026-10-02,7,730.0,PUT,1686.0
2026-10-02,7,732.5,PUT,104.0
2026-10-02,7,735.0,PUT,311.0
2026-10-02,7,737.5,PUT,107.0
2026-10-02,7,740.0,PUT,1614.0
2026-10-02,7,742.5,PUT,127.0
2026-10-02,7,745.0,PUT,617.0
2026-10-02,7,747.5,PUT,436.0
2026-10-02,7,750.0,PUT,1408.0
2026-10-02,7,755.0,PUT,586.0
2026-10-02,7,760.0,PUT,1882.0
2026-10-02,7,765.0,PUT,398.0
2026-10-02,7,770.0,PUT,532.0
2026-10-02,7,775.0,PUT,166.0
2026-10-02,7,780.0,PUT,134.0
2026-10-02,7,785.0,PUT,15.0
2026-10-02,7,790.0,PUT,148.0
2026-10-02,7,795.0,PUT,51.0
2026-10-02,7,800.0,PUT,86.0
2026-10-02,7,805.0,PUT,19.0
2026-10-02,7,810.0,PUT,11.0
2026-10-02,7,820.0,PUT,30.0
2026-10-02,7,825.0,PUT,5.0
2026-10-02,7,830.0,PUT,27.0
2026-10-02,7,835.0,PUT,5.0
2026-10-02,7,850.0,PUT,20.0
2026-10-02,7,855.0,PUT,15.0
2026-10-05,10,635.0,CALL,2.0
2026-10-05,10,645.0,CALL,2.0
2026-10-05,10,650.0,CALL,3.0
2026-10-05,10,660.0,CALL,1.0
2026-10-05,10,670.0,CALL,4.0
2026-10-05,10,675.0,CALL,1.0
2026-10-05,10,680.0,CALL,6.0
2026-10-05,10,685.0,CALL,5.0
2026-10-05,10,690.0,CALL,6.0
2026-10-05,10,695.0,CALL,4.0
2026-10-05,10,700.0,CALL,38.0
2026-10-05,10,705.0,CALL,2.0
2026-10-05,10,710.0,CALL,41.0
2026-10-05,10,715.0,CALL,5.0
2026-10-05,10,720.0,CALL,1653.0
2026-10-05,10,725.0,CALL,13.0
2026-10-05,10,730.0,CALL,336.0
2026-10-05,10,735.0,CALL,109.0
2026-10-05,10,737.5,CALL,23.0
2026-10-05,10,740.0,CALL,2647.0
2026-10-05,10,742.5,CALL,6.0
2026-10-05,10,745.0,CALL,1643.0
2026-10-05,10,747.5,CALL,86.0
2026-10-05,10,750.0,CALL,215.0
2026-10-05,10,755.0,CALL,47.0
2026-10-05,10,760.0,CALL,94.0
2026-10-05,10,765.0,CALL,130.0
2026-10-05,10,770.0,CALL,121.0
2026-10-05,10,775.0,CALL,87.0
2026-10-05,10,780.0,CALL,76.0
2026-10-05,10,785.0,CALL,41.0
2026-10-05,10,790.0,CALL,32.0
2026-10-05,10,795.0,CALL,13.0
2026-10-05,10,800.0,CALL,239.0
2026-10-05,10,805.0,CALL,30.0
2026-10-05,10,815.0,CALL,24.0
2026-10-05,10,825.0,CALL,15.0
2026-10-05,10,830.0,CALL,15.0
2026-10-05,10,835.0,CALL,18.0
2026-10-05,10,840.0,CALL,27.0
2026-10-05,10,845.0,CALL,40.0
2026-10-05,10,850.0,CALL,70.0
2026-10-05,10,855.0,CALL,18.0
2026-10-05,10,860.0,CALL,13.0
2026-10-05,10,865.0,CALL,26.0
2026-10-05,10,870.0,CALL,50.0
2026-10-05,10,880.0,CALL,30.0
2026-10-05,10,895.0,CALL,16.0
2026-10-05,10,900.0,CALL,48.0
2026-10-05,10,910.0,CALL,88.0
2026-10-05,10,920.0,CALL,11.0
2026-10-05,10,925.0,CALL,12.0
2026-10-05,10,930.0,CALL,11.0
2026-10-05,10,1000.0,CALL,68.0
2026-10-05,10,515.0,PUT,9.0
2026-10-05,10,530.0,PUT,11.0
2026-10-05,10,540.0,PUT,6.0
2026-10-05,10,590.0,PUT,8.0
2026-10-05,10,595.0,PUT,1.0
2026-10-05,10,600.0,PUT,8.0
2026-10-05,10,605.0,PUT,2.0
2026-10-05,10,615.0,PUT,3.0
2026-10-05,10,620.0,PUT,6.0
2026-10-05,10,625.0,PUT,2.0
2026-10-05,10,630.0,PUT,19.0
2026-10-05,10,635.0,PUT,8.0
2026-10-05,10,640.0,PUT,36.0
2026-10-05,10,645.0,PUT,7.0
2026-10-05,10,650.0,PUT,40.0
2026-10-05,10,655.0,PUT,9.0
2026-10-05,10,660.0,PUT,27.0
2026-10-05,10,665.0,PUT,10.0
2026-10-05,10,670.0,PUT,35.0
2026-10-05,10,675.0,PUT,72.0
2026-10-05,10,680.0,PUT,42.0
2026-10-05,10,685.0,PUT,42.0
2026-10-05,10,690.0,PUT,128.0
2026-10-05,10,692.5,PUT,21.0
2026-10-05,10,695.0,PUT,82.0
2026-10-05,10,700.0,PUT,424.0
2026-10-05,10,702.5,PUT,50.0
2026-10-05,10,705.0,PUT,57.0
2026-10-05,10,707.5,PUT,52.0
2026-10-05,10,710.0,PUT,100.0
2026-10-05,10,715.0,PUT,47.0
2026-10-05,10,720.0,PUT,277.0
2026-10-05,10,725.0,PUT,143.0
2026-10-05,10,727.5,PUT,30.0
2026-10-05,10,730.0,PUT,351.0
2026-10-05,10,732.5,PUT,5.0
2026-10-05,10,735.0,PUT,182.0
2026-10-05,10,737.5,PUT,66.0
2026-10-05,10,740.0,PUT,74.0
2026-10-05,10,742.5,PUT,18.0
2026-10-05,10,745.0,PUT,115.0
2026-10-05,10,747.5,PUT,192.0
2026-10-05,10,750.0,PUT,158.0
2026-10-05,10,755.0,PUT,55.0
2026-10-05,10,765.0,PUT,276.0
2026-10-05,10,770.0,PUT,60.0
2026-10-05,10,805.0,PUT,11.0
2026-10-09,14,240.0,CALL,7.0
2026-10-09,14,400.0,CALL,2.0
2026-10-09,14,435.0,CALL,0.0
2026-10-09,14,490.0,CALL,2.0
2026-10-09,14,500.0,CALL,3.0
2026-10-09,14,510.0,CALL,1.0
2026-10-09,14,520.0,CALL,1.0
2026-10-09,14,525.0,CALL,5.0
2026-10-09,14,530.0,CALL,1.0
2026-10-09,14,535.0,CALL,2.0
2026-10-09,14,540.0,CALL,2.0
2026-10-09,14,545.0,CALL,13.0
2026-10-09,14,550.0,CALL,22.0
2026-10-09,14,555.0,CALL,85.0
2026-10-09,14,560.0,CALL,21.0
2026-10-09,14,565.0,CALL,29.0
2026-10-09,14,570.0,CALL,76.0
2026-10-09,14,575.0,CALL,97.0
2026-10-09,14,580.0,CALL,73.0
2026-10-09,14,585.0,CALL,81.0
2026-10-09,14,590.0,CALL,33.0
2026-10-09,14,595.0,CALL,25.0
2026-10-09,14,600.0,CALL,43.0
2026-10-09,14,605.0,CALL,89.0
2026-10-09,14,610.0,CALL,111.0
2026-10-09,14,615.0,CALL,338.0
2026-10-09,14,620.0,CALL,121.0
2026-10-09,14,625.0,CALL,48.0
2026-10-09,14,630.0,CALL,265.0
2026-10-09,14,635.0,CALL,65.0
2026-10-09,14,640.0,CALL,210.0
2026-10-09,14,645.0,CALL,128.0
2026-10-09,14,650.0,CALL,238.0
2026-10-09,14,655.0,CALL,137.0
2026-10-09,14,657.5,CALL,3.0
2026-10-09,14,660.0,CALL,349.0
2026-10-09,14,662.5,CALL,7.0
2026-10-09,14,665.0,CALL,745.0
2026-10-09,14,670.0,CALL,446.0
2026-10-09,14,672.5,CALL,15.0
2026-10-09,14,675.0,CALL,318.0
2026-10-09,14,677.5,CALL,8.0
2026-10-09,14,680.0,CALL,276.0
2026-10-09,14,682.5,CALL,21.0
2026-10-09,14,685.0,CALL,413.0
2026-10-09,14,687.5,CALL,9.0
2026-10-09,14,690.0,CALL,211.0
2026-10-09,14,692.5,CALL,7.0
2026-10-09,14,695.0,CALL,192.0
2026-10-09,14,697.5,CALL,15.0
2026-10-09,14,700.0,CALL,622.0
2026-10-09,14,702.5,CALL,46.0
2026-10-09,14,705.0,CALL,144.0
2026-10-09,14,710.0,CALL,263.0
2026-10-09,14,715.0,CALL,383.0
2026-10-09,14,720.0,CALL,458.0
2026-10-09,14,725.0,CALL,328.0
2026-10-09,14,730.0,CALL,313.0
2026-10-09,14,735.0,CALL,174.0
2026-10-09,14,740.0,CALL,442.0
2026-10-09,14,745.0,CALL,157.0
2026-10-09,14,750.0,CALL,2324.0
2026-10-09,14,755.0,CALL,787.0
2026-10-09,14,760.0,CALL,453.0
2026-10-09,14,765.0,CALL,426.0
2026-10-09,14,770.0,CALL,531.0
2026-10-09,14,775.0,CALL,270.0
2026-10-09,14,780.0,CALL,631.0
2026-10-09,14,785.0,CALL,389.0
2026-10-09,14,790.0,CALL,266.0
2026-10-09,14,795.0,CALL,259.0
2026-10-09,14,800.0,CALL,775.0
2026-10-09,14,805.0,CALL,184.0
2026-10-09,14,810.0,CALL,244.0
2026-10-09,14,815.0,CALL,100.0
2026-10-09,14,820.0,CALL,283.0
2026-10-09,14,825.0,CALL,160.0
2026-10-09,14,830.0,CALL,88.0
2026-10-09,14,835.0,CALL,174.0
2026-10-09,14,840.0,CALL,708.0
2026-10-09,14,845.0,CALL,230.0
2026-10-09,14,850.0,CALL,336.0
2026-10-09,14,855.0,CALL,82.0
2026-10-09,14,860.0,CALL,103.0
2026-10-09,14,865.0,CALL,98.0
2026-10-09,14,870.0,CALL,117.0
2026-10-09,14,875.0,CALL,42.0
2026-10-09,14,880.0,CALL,498.0
2026-10-09,14,885.0,CALL,39.0
2026-10-09,14,890.0,CALL,73.0
2026-10-09,14,895.0,CALL,104.0
2026-10-09,14,900.0,CALL,1001.0
2026-10-09,14,905.0,CALL,43.0
2026-10-09,14,910.0,CALL,167.0
2026-10-09,14,915.0,CALL,154.0
2026-10-09,14,920.0,CALL,57.0
2026-10-09,14,925.0,CALL,131.0
2026-10-09,14,930.0,CALL,46.0
2026-10-09,14,935.0,CALL,159.0
2026-10-09,14,940.0,CALL,36.0
2026-10-09,14,945.0,CALL,32.0
2026-10-09,14,950.0,CALL,180.0
2026-10-09,14,955.0,CALL,121.0
2026-10-09,14,960.0,CALL,350.0
2026-10-09,14,965.0,CALL,75.0
2026-10-09,14,970.0,CALL,51.0
2026-10-09,14,975.0,CALL,39.0
2026-10-09,14,980.0,CALL,35.0
2026-10-09,14,985.0,CALL,40.0
2026-10-09,14,990.0,CALL,53.0
2026-10-09,14,995.0,CALL,25.0
2026-10-09,14,1000.0,CALL,230.0
2026-10-09,14,1010.0,CALL,115.0
2026-10-09,14,1020.0,CALL,132.0
2026-10-09,14,1030.0,CALL,111.0
2026-10-09,14,1040.0,CALL,131.0
2026-10-09,14,1050.0,CALL,119.0
2026-10-09,14,1060.0,CALL,209.0
2026-10-09,14,1070.0,CALL,199.0
2026-10-09,14,100.0,PUT,1.0
2026-10-09,14,260.0,PUT,17.0
2026-10-09,14,270.0,PUT,3.0
2026-10-09,14,280.0,PUT,3.0
2026-10-09,14,290.0,PUT,0.0
2026-10-09,14,300.0,PUT,6.0
2026-10-09,14,320.0,PUT,1.0
2026-10-09,14,330.0,PUT,1.0
2026-10-09,14,340.0,PUT,7.0
2026-10-09,14,350.0,PUT,13.0
2026-10-09,14,360.0,PUT,9.0
2026-10-09,14,370.0,PUT,24.0
2026-10-09,14,380.0,PUT,7.0
2026-10-09,14,390.0,PUT,6.0
2026-10-09,14,400.0,PUT,20.0
2026-10-09,14,405.0,PUT,12.0
2026-10-09,14,410.0,PUT,11.0
2026-10-09,14,415.0,PUT,13.0
2026-10-09,14,420.0,PUT,9.0
2026-10-09,14,425.0,PUT,15.0
2026-10-09,14,430.0,PUT,17.0
2026-10-09,14,435.0,PUT,108.0
2026-10-09,14,440.0,PUT,53.0
2026-10-09,14,445.0,PUT,34.0
2026-10-09,14,450.0,PUT,15.0
2026-10-09,14,455.0,PUT,7.0
2026-10-09,14,460.0,PUT,23.0
2026-10-09,14,465.0,PUT,110.0
2026-10-09,14,470.0,PUT,38.0
2026-10-09,14,475.0,PUT,29.0
2026-10-09,14,480.0,PUT,301.0
2026-10-09,14,485.0,PUT,264.0
2026-10-09,14,490.0,PUT,292.0
2026-10-09,14,495.0,PUT,47.0
2026-10-09,14,500.0,PUT,1422.0
2026-10-09,14,505.0,PUT,61.0
2026-10-09,14,510.0,PUT,159.0
2026-10-09,14,515.0,PUT,1152.0
2026-10-09,14,520.0,PUT,89.0
2026-10-09,14,525.0,PUT,84.0
2026-10-09,14,530.0,PUT,103.0
2026-10-09,14,535.0,PUT,73.0
2026-10-09,14,540.0,PUT,139.0
2026-10-09,14,545.0,PUT,212.0
2026-10-09,14,550.0,PUT,338.0
2026-10-09,14,555.0,PUT,57.0
2026-10-09,14,560.0,PUT,85.0
2026-10-09,14,565.0,PUT,3645.0
2026-10-09,14,570.0,PUT,197.0
2026-10-09,14,575.0,PUT,93.0
2026-10-09,14,580.0,PUT,240.0
2026-10-09,14,585.0,PUT,132.0
2026-10-09,14,590.0,PUT,192.0
2026-10-09,14,595.0,PUT,382.0
2026-10-09,14,600.0,PUT,552.0
2026-10-09,14,605.0,PUT,354.0
2026-10-09,14,610.0,PUT,163.0
2026-10-09,14,615.0,PUT,108.0
2026-10-09,14,620.0,PUT,197.0
2026-10-09,14,625.0,PUT,446.0
2026-10-09,14,630.0,PUT,163.0
2026-10-09,14,635.0,PUT,242.0
2026-10-09,14,640.0,PUT,335.0
2026-10-09,14,645.0,PUT,332.0
2026-10-09,14,650.0,PUT,352.0
2026-10-09,14,655.0,PUT,193.0
2026-10-09,14,657.5,PUT,18.0
2026-10-09,14,660.0,PUT,162.0
2026-10-09,14,662.5,PUT,25.0
2026-10-09,14,665.0,PUT,212.0
2026-10-09,14,667.5,PUT,7.0
2026-10-09,14,670.0,PUT,224.0
2026-10-09,14,672.5,PUT,46.0
2026-10-09,14,675.0,PUT,205.0
2026-10-09,14,677.5,PUT,11.0
2026-10-09,14,680.0,PUT,210.0
2026-10-09,14,682.5,PUT,25.0
2026-10-09,14,685.0,PUT,98.0
2026-10-09,14,687.5,PUT,120.0
2026-10-09,14,690.0,PUT,269.0
2026-10-09,14,692.5,PUT,27.0
2026-10-09,14,695.0,PUT,82.0
2026-10-09,14,697.5,PUT,100.0
2026-10-09,14,700.0,PUT,820.0
2026-10-09,14,702.5,PUT,303.0
2026-10-09,14,705.0,PUT,201.0
2026-10-09,14,710.0,PUT,410.0
2026-10-09,14,715.0,PUT,161.0
2026-10-09,14,720.0,PUT,277.0
2026-10-09,14,725.0,PUT,131.0
2026-10-09,14,730.0,PUT,319.0
2026-10-09,14,735.0,PUT,89.0
2026-10-09,14,740.0,PUT,405.0
2026-10-09,14,745.0,PUT,118.0
2026-10-09,14,750.0,PUT,472.0
2026-10-09,14,755.0,PUT,1298.0
2026-10-09,14,760.0,PUT,209.0
2026-10-09,14,765.0,PUT,186.0
2026-10-09,14,770.0,PUT,147.0
2026-10-09,14,775.0,PUT,140.0
2026-10-09,14,780.0,PUT,113.0
2026-10-09,14,785.0,PUT,13.0
2026-10-09,14,790.0,PUT,10.0
2026-10-09,14,795.0,PUT,10.0
2026-10-09,14,800.0,PUT,13.0
2026-10-09,14,805.0,PUT,22.0
2026-10-09,14,810.0,PUT,2.0
2026-10-09,14,815.0,PUT,1.0
2026-10-09,14,820.0,PUT,6.0
2026-10-09,14,830.0,PUT,2.0
2026-10-09,14,855.0,PUT,1.0
2026-10-09,14,890.0,PUT,1.0
2026-10-16,21,270.0,CALL,1302.0
2026-10-16,21,280.0,CALL,2.0
2026-10-16,21,300.0,CALL,305.0
2026-10-16,21,310.0,CALL,2.0
2026-10-16,21,320.0,CALL,8.0
2026-10-16,21,330.0,CALL,0.0
2026-10-16,21,340.0,CALL,1.0
2026-10-16,21,350.0,CALL,10.0
2026-10-16,21,360.0,CALL,0.0
2026-10-16,21,370.0,CALL,0.0
2026-10-16,21,380.0,CALL,16.0
2026-10-16,21,390.0,CALL,3.0
2026-10-16,21,400.0,CALL,18.0
2026-10-16,21,410.0,CALL,15.0
2026-10-16,21,415.0,CALL,7.0
2026-10-16,21,420.0,CALL,0.0
2026-10-16,21,425.0,CALL,1.0
2026-10-16,21,430.0,CALL,21.0
2026-10-16,21,435.0,CALL,24.0
2026-10-16,21,440.0,CALL,29.0
2026-10-16,21,445.0,CALL,25.0
2026-10-16,21,450.0,CALL,601.0
2026-10-16,21,455.0,CALL,34.0
2026-10-16,21,460.0,CALL,20.0
2026-10-16,21,465.0,CALL,15.0
2026-10-16,21,470.0,CALL,23.0
2026-10-16,21,475.0,CALL,0.0
2026-10-16,21,480.0,CALL,160.0
2026-10-16,21,485.0,CALL,27.0
2026-10-16,21,490.0,CALL,65.0
2026-10-16,21,495.0,CALL,41.0
2026-10-16,21,500.0,CALL,500.0
2026-10-16,21,505.0,CALL,30.0
2026-10-16,21,510.0,CALL,50.0
2026-10-16,21,515.0,CALL,121.0
2026-10-16,21,520.0,CALL,393.0
2026-10-16,21,525.0,CALL,164.0
2026-10-16,21,530.0,CALL,260.0
2026-10-16,21,535.0,CALL,536.0
2026-10-16,21,540.0,CALL,443.0
2026-10-16,21,545.0,CALL,225.0
2026-10-16,21,550.0,CALL,2638.0
2026-10-16,21,555.0,CALL,350.0
2026-10-16,21,560.0,CALL,1120.0
2026-10-16,21,565.0,CALL,607.0
2026-10-16,21,570.0,CALL,2174.0
2026-10-16,21,575.0,CALL,1838.0
2026-10-16,21,580.0,CALL,1626.0
2026-10-16,21,585.0,CALL,3952.0
2026-10-16,21,590.0,CALL,1782.0
2026-10-16,21,595.0,CALL,687.0
2026-10-16,21,600.0,CALL,7562.0
2026-10-16,21,605.0,CALL,798.0
2026-10-16,21,610.0,CALL,1397.0
2026-10-16,21,615.0,CALL,1099.0
2026-10-16,21,620.0,CALL,4169.0
2026-10-16,21,625.0,CALL,1119.0
2026-10-16,21,630.0,CALL,3184.0
2026-10-16,21,635.0,CALL,726.0
2026-10-16,21,640.0,CALL,4241.0
2026-10-16,21,645.0,CALL,1000.0
2026-10-16,21,650.0,CALL,7608.0
2026-10-16,21,655.0,CALL,1625.0
2026-10-16,21,657.5,CALL,14.0
2026-10-16,21,660.0,CALL,2509.0
2026-10-16,21,662.5,CALL,15.0
2026-10-16,21,665.0,CALL,1206.0
2026-10-16,21,667.5,CALL,28.0
2026-10-16,21,670.0,CALL,3279.0
2026-10-16,21,672.5,CALL,17.0
2026-10-16,21,675.0,CALL,3149.0
2026-10-16,21,677.5,CALL,29.0
2026-10-16,21,680.0,CALL,5030.0
2026-10-16,21,682.5,CALL,86.0
2026-10-16,21,685.0,CALL,1162.0
2026-10-16,21,687.5,CALL,47.0
2026-10-16,21,690.0,CALL,3143.0
2026-10-16,21,692.5,CALL,66.0
2026-10-16,21,695.0,CALL,2768.0
2026-10-16,21,697.5,CALL,251.0
2026-10-16,21,700.0,CALL,22964.0
2026-10-16,21,702.5,CALL,109.0
2026-10-16,21,705.0,CALL,1780.0
2026-10-16,21,710.0,CALL,6535.0
2026-10-16,21,715.0,CALL,1422.0
2026-10-16,21,720.0,CALL,4474.0
2026-10-16,21,725.0,CALL,3439.0
2026-10-16,21,730.0,CALL,4478.0
2026-10-16,21,735.0,CALL,2088.0
2026-10-16,21,740.0,CALL,4299.0
2026-10-16,21,745.0,CALL,814.0
2026-10-16,21,750.0,CALL,16446.0
2026-10-16,21,755.0,CALL,3329.0
2026-10-16,21,760.0,CALL,6428.0
2026-10-16,21,765.0,CALL,9965.0
2026-10-16,21,770.0,CALL,5900.0
2026-10-16,21,775.0,CALL,20701.0
2026-10-16,21,780.0,CALL,6453.0
2026-10-16,21,785.0,CALL,982.0
2026-10-16,21,790.0,CALL,2368.0
2026-10-16,21,795.0,CALL,536.0
2026-10-16,21,800.0,CALL,15833.0
2026-10-16,21,805.0,CALL,3344.0
2026-10-16,21,810.0,CALL,3657.0
2026-10-16,21,815.0,CALL,5581.0
2026-10-16,21,820.0,CALL,9793.0
2026-10-16,21,825.0,CALL,20711.0
2026-10-16,21,830.0,CALL,7116.0
2026-10-16,21,835.0,CALL,2230.0
2026-10-16,21,840.0,CALL,1259.0
2026-10-16,21,845.0,CALL,298.0
2026-10-16,21,850.0,CALL,4017.0
2026-10-16,21,855.0,CALL,421.0
2026-10-16,21,860.0,CALL,3667.0
2026-10-16,21,865.0,CALL,450.0
2026-10-16,21,870.0,CALL,1442.0
2026-10-16,21,875.0,CALL,664.0
2026-10-16,21,880.0,CALL,600.0
2026-10-16,21,885.0,CALL,623.0
2026-10-16,21,890.0,CALL,344.0
2026-10-16,21,895.0,CALL,202.0
2026-10-16,21,900.0,CALL,26269.0
2026-10-16,21,905.0,CALL,453.0
2026-10-16,21,910.0,CALL,333.0
2026-10-16,21,915.0,CALL,505.0
2026-10-16,21,920.0,CALL,330.0
2026-10-16,21,925.0,CALL,180.0
2026-10-16,21,930.0,CALL,514.0
2026-10-16,21,935.0,CALL,92.0
2026-10-16,21,940.0,CALL,153.0
2026-10-16,21,945.0,CALL,57.0
2026-10-16,21,950.0,CALL,1064.0
2026-10-16,21,955.0,CALL,70.0
2026-10-16,21,960.0,CALL,122.0
2026-10-16,21,965.0,CALL,233.0
2026-10-16,21,970.0,CALL,382.0
2026-10-16,21,975.0,CALL,121.0
2026-10-16,21,980.0,CALL,240.0
2026-10-16,21,990.0,CALL,132.0
2026-10-16,21,1000.0,CALL,2151.0
2026-10-16,21,1010.0,CALL,130.0
2026-10-16,21,1020.0,CALL,148.0
2026-10-16,21,1030.0,CALL,102.0
2026-10-16,21,1040.0,CALL,359.0
2026-10-16,21,1050.0,CALL,398.0
2026-10-16,21,1060.0,CALL,515.0
2026-10-16,21,1070.0,CALL,508.0
2026-10-16,21,1080.0,CALL,449.0
2026-10-16,21,1090.0,CALL,114.0
2026-10-16,21,1100.0,CALL,855.0
2026-10-16,21,1110.0,CALL,353.0
2026-10-16,21,1120.0,CALL,819.0
2026-10-16,21,1130.0,CALL,564.0
2026-10-16,21,1140.0,CALL,359.0
2026-10-16,21,1150.0,CALL,205.0
2026-10-16,21,1160.0,CALL,2939.0
2026-10-16,21,1170.0,CALL,2421.0
2026-10-16,21,1180.0,CALL,1446.0
2026-10-16,21,1190.0,CALL,227.0
2026-10-16,21,1200.0,CALL,2962.0
2026-10-16,21,1210.0,CALL,2309.0
2026-10-16,21,1220.0,CALL,2991.0
2026-10-16,21,1230.0,CALL,1114.0
2026-10-16,21,1240.0,CALL,1757.0
2026-10-16,21,1250.0,CALL,539.0
2026-10-16,21,1490.0,CALL,55.0
2026-10-16,21,270.0,PUT,428.0
2026-10-16,21,280.0,PUT,618.0
2026-10-16,21,290.0,PUT,1490.0
2026-10-16,21,300.0,PUT,1680.0
2026-10-16,21,310.0,PUT,963.0
2026-10-16,21,320.0,PUT,270.0
2026-10-16,21,330.0,PUT,827.0
2026-10-16,21,340.0,PUT,369.0
2026-10-16,21,350.0,PUT,541.0
2026-10-16,21,360.0,PUT,301.0
2026-10-16,21,370.0,PUT,269.0
2026-10-16,21,380.0,PUT,292.0
2026-10-16,21,390.0,PUT,448.0
2026-10-16,21,400.0,PUT,1451.0
2026-10-16,21,405.0,PUT,72.0
2026-10-16,21,410.0,PUT,1179.0
2026-10-16,21,415.0,PUT,232.0
2026-10-16,21,420.0,PUT,362.0
2026-10-16,21,425.0,PUT,188.0
2026-10-16,21,430.0,PUT,530.0
2026-10-16,21,435.0,PUT,274.0
2026-10-16,21,440.0,PUT,763.0
2026-10-16,21,445.0,PUT,105.0
2026-10-16,21,450.0,PUT,3135.0
2026-10-16,21,455.0,PUT,659.0
2026-10-16,21,460.0,PUT,1120.0
2026-10-16,21,465.0,PUT,646.0
2026-10-16,21,470.0,PUT,1769.0
2026-10-16,21,475.0,PUT,591.0
2026-10-16,21,480.0,PUT,2640.0
2026-10-16,21,485.0,PUT,1996.0
2026-10-16,21,490.0,PUT,1422.0
2026-10-16,21,495.0,PUT,703.0
2026-10-16,21,500.0,PUT,4548.0
2026-10-16,21,505.0,PUT,922.0
2026-10-16,21,510.0,PUT,1652.0
2026-10-16,21,515.0,PUT,1707.0
2026-10-16,21,520.0,PUT,2159.0
2026-10-16,21,525.0,PUT,1725.0
2026-10-16,21,530.0,PUT,1904.0
2026-10-16,21,535.0,PUT,740.0
2026-10-16,21,540.0,PUT,4279.0
2026-10-16,21,545.0,PUT,721.0
2026-10-16,21,550.0,PUT,5859.0
2026-10-16,21,555.0,PUT,559.0
2026-10-16,21,560.0,PUT,2404.0
2026-10-16,21,565.0,PUT,646.0
2026-10-16,21,570.0,PUT,2390.0
2026-10-16,21,575.0,PUT,853.0
2026-10-16,21,580.0,PUT,3735.0
2026-10-16,21,585.0,PUT,3248.0
2026-10-16,21,590.0,PUT,1826.0
2026-10-16,21,595.0,PUT,656.0
2026-10-16,21,600.0,PUT,6883.0
2026-10-16,21,605.0,PUT,750.0
2026-10-16,21,610.0,PUT,2046.0
2026-10-16,21,615.0,PUT,1340.0
2026-10-16,21,620.0,PUT,2242.0
2026-10-16,21,625.0,PUT,1450.0
2026-10-16,21,630.0,PUT,1471.0
2026-10-16,21,635.0,PUT,486.0
2026-10-16,21,640.0,PUT,3269.0
2026-10-16,21,645.0,PUT,1033.0
2026-10-16,21,650.0,PUT,3127.0
2026-10-16,21,655.0,PUT,801.0
2026-10-16,21,657.5,PUT,103.0
2026-10-16,21,660.0,PUT,2015.0
2026-10-16,21,662.5,PUT,110.0
2026-10-16,21,665.0,PUT,778.0
2026-10-16,21,667.5,PUT,168.0
2026-10-16,21,670.0,PUT,2648.0
2026-10-16,21,672.5,PUT,105.0
2026-10-16,21,675.0,PUT,1543.0
2026-10-16,21,677.5,PUT,169.0
2026-10-16,21,680.0,PUT,2000.0
2026-10-16,21,682.5,PUT,183.0
2026-10-16,21,685.0,PUT,1718.0
2026-10-16,21,687.5,PUT,189.0
2026-10-16,21,690.0,PUT,739.0
2026-10-16,21,692.5,PUT,217.0
2026-10-16,21,695.0,PUT,725.0
2026-10-16,21,697.5,PUT,213.0
2026-10-16,21,700.0,PUT,6315.0
2026-10-16,21,702.5,PUT,279.0
2026-10-16,21,705.0,PUT,555.0
2026-10-16,21,710.0,PUT,996.0
2026-10-16,21,715.0,PUT,945.0
2026-10-16,21,720.0,PUT,1169.0
2026-10-16,21,725.0,PUT,1143.0
2026-10-16,21,730.0,PUT,714.0
2026-10-16,21,735.0,PUT,628.0
2026-10-16,21,740.0,PUT,2679.0
2026-10-16,21,745.0,PUT,422.0
2026-10-16,21,750.0,PUT,2664.0
2026-10-16,21,755.0,PUT,328.0
2026-10-16,21,760.0,PUT,1645.0
2026-10-16,21,765.0,PUT,1873.0
2026-10-16,21,770.0,PUT,465.0
2026-10-16,21,775.0,PUT,359.0
2026-10-16,21,780.0,PUT,361.0
2026-10-16,21,785.0,PUT,124.0
2026-10-16,21,790.0,PUT,356.0
2026-10-16,21,795.0,PUT,109.0
2026-10-16,21,800.0,PUT,718.0
2026-10-16,21,805.0,PUT,79.0
2026-10-16,21,810.0,PUT,70.0
2026-10-16,21,815.0,PUT,44.0
2026-10-16,21,820.0,PUT,92.0
2026-10-16,21,825.0,PUT,59.0
2026-10-16,21,830.0,PUT,47.0
2026-10-16,21,835.0,PUT,104.0
2026-10-16,21,850.0,PUT,4.0
2026-10-16,21,855.0,PUT,3.0
2026-10-16,21,860.0,PUT,1.0
2026-10-16,21,890.0,PUT,0.0
2026-10-16,21,900.0,PUT,59.0
2026-10-16,21,910.0,PUT,8.0
2026-10-16,21,920.0,PUT,5.0
2026-10-16,21,930.0,PUT,0.0
2026-10-16,21,950.0,PUT,3.0
2026-10-16,21,960.0,PUT,0.0
2026-10-16,21,970.0,PUT,0.0
2026-10-16,21,975.0,PUT,0.0
2026-10-16,21,980.0,PUT,0.0
2026-10-16,21,990.0,PUT,0.0
2026-10-16,21,1000.0,PUT,1.0
2026-10-23,28,400.0,CALL,2.0
2026-10-23,28,425.0,CALL,1.0
2026-10-23,28,475.0,CALL,0.0
2026-10-23,28,480.0,CALL,0.0
2026-10-23,28,500.0,CALL,2.0
2026-10-23,28,525.0,CALL,2.0
2026-10-23,28,535.0,CALL,2.0
2026-10-23,28,540.0,CALL,2.0
2026-10-23,28,545.0,CALL,3.0
2026-10-23,28,550.0,CALL,16.0
2026-10-23,28,555.0,CALL,6.0
2026-10-23,28,560.0,CALL,5.0
2026-10-23,28,565.0,CALL,35.0
2026-10-23,28,570.0,CALL,8.0
2026-10-23,28,575.0,CALL,12.0
2026-10-23,28,580.0,CALL,20.0
2026-10-23,28,585.0,CALL,11.0
2026-10-23,28,590.0,CALL,10.0
2026-10-23,28,595.0,CALL,5.0
2026-10-23,28,600.0,CALL,107.0
2026-10-23,28,605.0,CALL,8.0
2026-10-23,28,610.0,CALL,32.0
2026-10-23,28,615.0,CALL,24.0
2026-10-23,28,620.0,CALL,75.0
2026-10-23,28,625.0,CALL,71.0
2026-10-23,28,630.0,CALL,469.0
2026-10-23,28,635.0,CALL,94.0
2026-10-23,28,640.0,CALL,226.0
2026-10-23,28,645.0,CALL,150.0
2026-10-23,28,650.0,CALL,196.0
2026-10-23,28,655.0,CALL,149.0
2026-10-23,28,660.0,CALL,452.0
2026-10-23,28,665.0,CALL,149.0
2026-10-23,28,670.0,CALL,278.0
2026-10-23,28,675.0,CALL,171.0
2026-10-23,28,680.0,CALL,457.0
2026-10-23,28,685.0,CALL,96.0
2026-10-23,28,690.0,CALL,220.0
2026-10-23,28,695.0,CALL,117.0
2026-10-23,28,700.0,CALL,1205.0
2026-10-23,28,705.0,CALL,127.0
2026-10-23,28,710.0,CALL,297.0
2026-10-23,28,715.0,CALL,119.0
2026-10-23,28,720.0,CALL,357.0
2026-10-23,28,725.0,CALL,339.0
2026-10-23,28,730.0,CALL,184.0
2026-10-23,28,735.0,CALL,222.0
2026-10-23,28,740.0,CALL,415.0
2026-10-23,28,745.0,CALL,151.0
2026-10-23,28,750.0,CALL,484.0
2026-10-23,28,755.0,CALL,197.0
2026-10-23,28,760.0,CALL,967.0
2026-10-23,28,765.0,CALL,328.0
2026-10-23,28,770.0,CALL,450.0
2026-10-23,28,775.0,CALL,486.0
2026-10-23,28,780.0,CALL,548.0
2026-10-23,28,785.0,CALL,739.0
2026-10-23,28,790.0,CALL,206.0
2026-10-23,28,795.0,CALL,89.0
2026-10-23,28,800.0,CALL,926.0
2026-10-23,28,805.0,CALL,91.0
2026-10-23,28,810.0,CALL,314.0
2026-10-23,28,815.0,CALL,61.0
2026-10-23,28,820.0,CALL,484.0
2026-10-23,28,825.0,CALL,220.0
2026-10-23,28,830.0,CALL,202.0
2026-10-23,28,835.0,CALL,110.0
2026-10-23,28,840.0,CALL,178.0
2026-10-23,28,845.0,CALL,44.0
2026-10-23,28,850.0,CALL,457.0
2026-10-23,28,855.0,CALL,59.0
2026-10-23,28,860.0,CALL,186.0
2026-10-23,28,865.0,CALL,171.0
2026-10-23,28,870.0,CALL,167.0
2026-10-23,28,875.0,CALL,349.0
2026-10-23,28,880.0,CALL,117.0
2026-10-23,28,885.0,CALL,26.0
2026-10-23,28,890.0,CALL,209.0
2026-10-23,28,895.0,CALL,59.0
2026-10-23,28,900.0,CALL,290.0
2026-10-23,28,905.0,CALL,19.0
2026-10-23,28,910.0,CALL,203.0
2026-10-23,28,915.0,CALL,31.0
2026-10-23,28,920.0,CALL,101.0
2026-10-23,28,925.0,CALL,29.0
2026-10-23,28,930.0,CALL,51.0
2026-10-23,28,935.0,CALL,21.0
2026-10-23,28,940.0,CALL,5.0
2026-10-23,28,945.0,CALL,28.0
2026-10-23,28,950.0,CALL,85.0
2026-10-23,28,955.0,CALL,23.0
2026-10-23,28,960.0,CALL,15.0
2026-10-23,28,965.0,CALL,40.0
2026-10-23,28,970.0,CALL,26.0
2026-10-23,28,975.0,CALL,8.0
2026-10-23,28,980.0,CALL,12.0
2026-10-23,28,985.0,CALL,12.0
2026-10-23,28,990.0,CALL,10.0
2026-10-23,28,995.0,CALL,8.0
2026-10-23,28,1000.0,CALL,203.0
2026-10-23,28,1010.0,CALL,37.0
2026-10-23,28,1020.0,CALL,30.0
2026-10-23,28,1030.0,CALL,18.0
2026-10-23,28,1040.0,CALL,8.0
2026-10-23,28,1050.0,CALL,139.0
2026-10-23,28,1060.0,CALL,10.0
2026-10-23,28,1070.0,CALL,31.0
2026-10-23,28,1080.0,CALL,0.0
2026-10-23,28,1090.0,CALL,27.0
2026-10-23,28,1190.0,CALL,10.0
2026-10-23,28,100.0,PUT,4.0
2026-10-23,28,180.0,PUT,18.0
2026-10-23,28,330.0,PUT,3.0
2026-10-23,28,360.0,PUT,2.0
2026-10-23,28,370.0,PUT,2.0
2026-10-23,28,400.0,PUT,3.0
2026-10-23,28,405.0,PUT,2.0
2026-10-23,28,410.0,PUT,4.0
2026-10-23,28,415.0,PUT,4.0
2026-10-23,28,420.0,PUT,5.0
2026-10-23,28,425.0,PUT,3.0
2026-10-23,28,430.0,PUT,5.0
2026-10-23,28,435.0,PUT,16.0
2026-10-23,28,440.0,PUT,25.0
2026-10-23,28,445.0,PUT,42.0
2026-10-23,28,450.0,PUT,20.0
2026-10-23,28,455.0,PUT,8.0
2026-10-23,28,460.0,PUT,32.0
2026-10-23,28,465.0,PUT,14.0
2026-10-23,28,470.0,PUT,17.0
2026-10-23,28,475.0,PUT,8.0
2026-10-23,28,480.0,PUT,24.0
2026-10-23,28,485.0,PUT,6.0
2026-10-23,28,490.0,PUT,12.0
2026-10-23,28,495.0,PUT,18.0
2026-10-23,28,500.0,PUT,161.0
2026-10-23,28,505.0,PUT,16.0
2026-10-23,28,510.0,PUT,24.0
2026-10-23,28,515.0,PUT,16.0
2026-10-23,28,520.0,PUT,73.0
2026-10-23,28,525.0,PUT,49.0
2026-10-23,28,530.0,PUT,150.0
2026-10-23,28,535.0,PUT,88.0
2026-10-23,28,540.0,PUT,218.0
2026-10-23,28,545.0,PUT,184.0
2026-10-23,28,550.0,PUT,274.0
2026-10-23,28,555.0,PUT,95.0
2026-10-23,28,560.0,PUT,218.0
2026-10-23,28,565.0,PUT,120.0
2026-10-23,28,570.0,PUT,105.0
2026-10-23,28,575.0,PUT,213.0
2026-10-23,28,580.0,PUT,172.0
2026-10-23,28,585.0,PUT,89.0
2026-10-23,28,590.0,PUT,128.0
2026-10-23,28,595.0,PUT,325.0
2026-10-23,28,600.0,PUT,600.0
2026-10-23,28,605.0,PUT,183.0
2026-10-23,28,610.0,PUT,284.0
2026-10-23,28,615.0,PUT,549.0
2026-10-23,28,620.0,PUT,469.0
2026-10-23,28,625.0,PUT,111.0
2026-10-23,28,630.0,PUT,223.0
2026-10-23,28,635.0,PUT,189.0
2026-10-23,28,640.0,PUT,272.0
2026-10-23,28,645.0,PUT,379.0
2026-10-23,28,650.0,PUT,566.0
2026-10-23,28,655.0,PUT,266.0
2026-10-23,28,660.0,PUT,355.0
2026-10-23,28,665.0,PUT,237.0
2026-10-23,28,670.0,PUT,325.0
2026-10-23,28,675.0,PUT,283.0
2026-10-23,28,680.0,PUT,364.0
2026-10-23,28,685.0,PUT,164.0
2026-10-23,28,690.0,PUT,209.0
2026-10-23,28,695.0,PUT,152.0
2026-10-23,28,700.0,PUT,2068.0
2026-10-23,28,705.0,PUT,173.0
2026-10-23,28,710.0,PUT,140.0
2026-10-23,28,715.0,PUT,84.0
2026-10-23,28,720.0,PUT,152.0
2026-10-23,28,725.0,PUT,374.0
2026-10-23,28,730.0,PUT,128.0
2026-10-23,28,735.0,PUT,90.0
2026-10-23,28,740.0,PUT,136.0
2026-10-23,28,745.0,PUT,377.0
2026-10-23,28,750.0,PUT,438.0
2026-10-23,28,755.0,PUT,87.0
2026-10-23,28,760.0,PUT,186.0
2026-10-23,28,765.0,PUT,80.0
2026-10-23,28,770.0,PUT,117.0
2026-10-23,28,775.0,PUT,105.0
2026-10-23,28,785.0,PUT,12.0
2026-10-23,28,790.0,PUT,14.0
2026-10-23,28,800.0,PUT,59.0
2026-10-23,28,815.0,PUT,3.0
2026-10-23,28,845.0,PUT,3.0
2026-10-23,28,850.0,PUT,3.0
2026-10-23,28,900.0,PUT,8.0
2026-10-23,28,1060.0,PUT,1.0
2026-10-23,28,1070.0,PUT,0.0
2026-10-30,35,100.0,CALL,1.0
2026-10-30,35,310.0,CALL,5.0
2026-10-30,35,460.0,CALL,1.0
2026-10-30,35,480.0,CALL,1.0
2026-10-30,35,500.0,CALL,22.0
2026-10-30,35,510.0,CALL,12.0
2026-10-30,35,520.0,CALL,11.0
2026-10-30,35,530.0,CALL,1.0
2026-10-30,35,535.0,CALL,0.0
2026-10-30,35,540.0,CALL,1.0
2026-10-30,35,545.0,CALL,1.0
2026-10-30,35,550.0,CALL,23.0
2026-10-30,35,555.0,CALL,1.0
2026-10-30,35,560.0,CALL,8.0
2026-10-30,35,565.0,CALL,1.0
2026-10-30,35,570.0,CALL,4.0
2026-10-30,35,575.0,CALL,4.0
2026-10-30,35,580.0,CALL,7.0
2026-10-30,35,585.0,CALL,10.0
2026-10-30,35,590.0,CALL,12.0
2026-10-30,35,595.0,CALL,10.0
2026-10-30,35,600.0,CALL,24.0
2026-10-30,35,605.0,CALL,10.0
2026-10-30,35,610.0,CALL,25.0
2026-10-30,35,615.0,CALL,11.0
2026-10-30,35,620.0,CALL,104.0
2026-10-30,35,625.0,CALL,24.0
2026-10-30,35,630.0,CALL,40.0
2026-10-30,35,635.0,CALL,66.0
2026-10-30,35,640.0,CALL,102.0
2026-10-30,35,645.0,CALL,37.0
2026-10-30,35,650.0,CALL,719.0
2026-10-30,35,655.0,CALL,61.0
2026-10-30,35,660.0,CALL,215.0
2026-10-30,35,665.0,CALL,85.0
2026-10-30,35,670.0,CALL,253.0
2026-10-30,35,675.0,CALL,152.0
2026-10-30,35,680.0,CALL,302.0
2026-10-30,35,685.0,CALL,206.0
2026-10-30,35,690.0,CALL,229.0
2026-10-30,35,695.0,CALL,58.0
2026-10-30,35,700.0,CALL,423.0
2026-10-30,35,705.0,CALL,74.0
2026-10-30,35,710.0,CALL,211.0
2026-10-30,35,715.0,CALL,62.0
2026-10-30,35,720.0,CALL,255.0
2026-10-30,35,725.0,CALL,87.0
2026-10-30,35,730.0,CALL,349.0
2026-10-30,35,735.0,CALL,88.0
2026-10-30,35,740.0,CALL,311.0
2026-10-30,35,745.0,CALL,85.0
2026-10-30,35,750.0,CALL,799.0
2026-10-30,35,755.0,CALL,91.0
2026-10-30,35,760.0,CALL,471.0
2026-10-30,35,765.0,CALL,103.0
2026-10-30,35,770.0,CALL,332.0
2026-10-30,35,775.0,CALL,194.0
2026-10-30,35,780.0,CALL,161.0
2026-10-30,35,785.0,CALL,239.0
2026-10-30,35,790.0,CALL,263.0
2026-10-30,35,795.0,CALL,242.0
2026-10-30,35,800.0,CALL,1181.0
2026-10-30,35,805.0,CALL,311.0
2026-10-30,35,810.0,CALL,242.0
2026-10-30,35,815.0,CALL,153.0
2026-10-30,35,820.0,CALL,154.0
2026-10-30,35,825.0,CALL,97.0
2026-10-30,35,830.0,CALL,124.0
2026-10-30,35,835.0,CALL,79.0
2026-10-30,35,840.0,CALL,348.0
2026-10-30,35,845.0,CALL,212.0
2026-10-30,35,850.0,CALL,908.0
2026-10-30,35,860.0,CALL,160.0
2026-10-30,35,870.0,CALL,96.0
2026-10-30,35,880.0,CALL,277.0
2026-10-30,35,890.0,CALL,100.0
2026-10-30,35,900.0,CALL,1024.0
2026-10-30,35,910.0,CALL,129.0
2026-10-30,35,920.0,CALL,80.0
2026-10-30,35,930.0,CALL,58.0
2026-10-30,35,940.0,CALL,105.0
2026-10-30,35,950.0,CALL,175.0
2026-10-30,35,960.0,CALL,133.0
2026-10-30,35,970.0,CALL,627.0
2026-10-30,35,980.0,CALL,108.0
2026-10-30,35,990.0,CALL,16.0
2026-10-30,35,1000.0,CALL,194.0
2026-10-30,35,1010.0,CALL,12.0
2026-10-30,35,1020.0,CALL,14.0
2026-10-30,35,1030.0,CALL,7.0
2026-10-30,35,1040.0,CALL,18.0
2026-10-30,35,1050.0,CALL,13.0
2026-10-30,35,1060.0,CALL,13.0
2026-10-30,35,1070.0,CALL,11.0
2026-10-30,35,1090.0,CALL,5.0
2026-10-30,35,1100.0,CALL,16.0
2026-10-30,35,1110.0,CALL,11.0
2026-10-30,35,1130.0,CALL,3.0
2026-10-30,35,1150.0,CALL,3.0
2026-10-30,35,1160.0,CALL,1.0
2026-10-30,35,300.0,PUT,126.0
2026-10-30,35,350.0,PUT,7.0
2026-10-30,35,360.0,PUT,9.0
2026-10-30,35,370.0,PUT,4.0
2026-10-30,35,380.0,PUT,11.0
2026-10-30,35,390.0,PUT,5.0
2026-10-30,35,400.0,PUT,55.0
2026-10-30,35,410.0,PUT,4.0
2026-10-30,35,420.0,PUT,25.0
2026-10-30,35,440.0,PUT,7.0
2026-10-30,35,450.0,PUT,15.0
2026-10-30,35,455.0,PUT,2.0
2026-10-30,35,460.0,PUT,20.0
2026-10-30,35,470.0,PUT,242.0
2026-10-30,35,475.0,PUT,4.0
2026-10-30,35,480.0,PUT,17.0
2026-10-30,35,485.0,PUT,4.0
2026-10-30,35,490.0,PUT,14.0
2026-10-30,35,495.0,PUT,21.0
2026-10-30,35,500.0,PUT,166.0
2026-10-30,35,505.0,PUT,24.0
2026-10-30,35,510.0,PUT,19.0
2026-10-30,35,515.0,PUT,46.0
2026-10-30,35,520.0,PUT,142.0
2026-10-30,35,525.0,PUT,356.0
2026-10-30,35,530.0,PUT,31.0
2026-10-30,35,535.0,PUT,363.0
2026-10-30,35,540.0,PUT,117.0
2026-10-30,35,545.0,PUT,64.0
2026-10-30,35,550.0,PUT,281.0
2026-10-30,35,555.0,PUT,40.0
2026-10-30,35,560.0,PUT,77.0
2026-10-30,35,565.0,PUT,72.0
2026-10-30,35,570.0,PUT,114.0
2026-10-30,35,575.0,PUT,66.0
2026-10-30,35,580.0,PUT,215.0
2026-10-30,35,585.0,PUT,100.0
2026-10-30,35,590.0,PUT,217.0
2026-10-30,35,595.0,PUT,123.0
2026-10-30,35,600.0,PUT,578.0
2026-10-30,35,605.0,PUT,121.0
2026-10-30,35,610.0,PUT,189.0
2026-10-30,35,615.0,PUT,112.0
2026-10-30,35,620.0,PUT,302.0
2026-10-30,35,625.0,PUT,227.0
2026-10-30,35,630.0,PUT,302.0
2026-10-30,35,635.0,PUT,164.0
2026-10-30,35,640.0,PUT,226.0
2026-10-30,35,645.0,PUT,102.0
2026-10-30,35,650.0,PUT,541.0
2026-10-30,35,655.0,PUT,588.0
2026-10-30,35,660.0,PUT,642.0
2026-10-30,35,665.0,PUT,149.0
2026-10-30,35,670.0,PUT,972.0
2026-10-30,35,675.0,PUT,150.0
2026-10-30,35,680.0,PUT,6303.0
2026-10-30,35,685.0,PUT,72.0
2026-10-30,35,690.0,PUT,126.0
2026-10-30,35,695.0,PUT,160.0
2026-10-30,35,700.0,PUT,625.0
2026-10-30,35,705.0,PUT,122.0
2026-10-30,35,710.0,PUT,137.0
2026-10-30,35,715.0,PUT,118.0
2026-10-30,35,720.0,PUT,159.0
2026-10-30,35,725.0,PUT,46.0
2026-10-30,35,730.0,PUT,165.0
2026-10-30,35,735.0,PUT,116.0
2026-10-30,35,740.0,PUT,97.0
2026-10-30,35,745.0,PUT,127.0
2026-10-30,35,750.0,PUT,176.0
2026-10-30,35,755.0,PUT,32.0
2026-10-30,35,760.0,PUT,81.0
2026-10-30,35,765.0,PUT,75.0
2026-10-30,35,770.0,PUT,66.0
2026-10-30,35,785.0,PUT,2.0
2026-10-30,35,800.0,PUT,376.0
2026-10-30,35,830.0,PUT,1.0
2026-10-30,35,840.0,PUT,2.0
2026-10-30,35,860.0,PUT,2.0
2026-10-30,35,880.0,PUT,1.0
2026-10-30,35,900.0,PUT,24.0
2026-10-30,35,1070.0,PUT,1.0
2026-10-30,35,1480.0,PUT,0.0
2026-11-20,56,5.0,CALL,0.0
2026-11-20,56,10.0,CALL,0.0
2026-11-20,56,15.0,CALL,0.0
2026-11-20,56,20.0,CALL,0.0
2026-11-20,56,25.0,CALL,14.0
2026-11-20,56,30.0,CALL,0.0
2026-11-20,56,35.0,CALL,7.0
2026-11-20,56,40.0,CALL,0.0
2026-11-20,56,45.0,CALL,12.0
2026-11-20,56,50.0,CALL,10.0
2026-11-20,56,250.0,CALL,85.0
2026-11-20,56,260.0,CALL,4.0
2026-11-20,56,270.0,CALL,1.0
2026-11-20,56,280.0,CALL,1.0
2026-11-20,56,290.0,CALL,2.0
2026-11-20,56,300.0,CALL,17.0
2026-11-20,56,310.0,CALL,3.0
2026-11-20,56,320.0,CALL,4.0
2026-11-20,56,330.0,CALL,22.0
2026-11-20,56,340.0,CALL,6.0
2026-11-20,56,350.0,CALL,17.0
2026-11-20,56,360.0,CALL,15.0
2026-11-20,56,370.0,CALL,3.0
2026-11-20,56,380.0,CALL,16.0
2026-11-20,56,390.0,CALL,38.0
2026-11-20,56,400.0,CALL,50.0
2026-11-20,56,405.0,CALL,0.0
2026-11-20,56,410.0,CALL,0.0
2026-11-20,56,415.0,CALL,16.0
2026-11-20,56,420.0,CALL,0.0
2026-11-20,56,425.0,CALL,41.0
2026-11-20,56,430.0,CALL,8.0
2026-11-20,56,435.0,CALL,6.0
2026-11-20,56,440.0,CALL,34.0
2026-11-20,56,445.0,CALL,33.0
2026-11-20,56,450.0,CALL,756.0
2026-11-20,56,455.0,CALL,31.0
2026-11-20,56,460.0,CALL,107.0
2026-11-20,56,465.0,CALL,49.0
2026-11-20,56,470.0,CALL,54.0
2026-11-20,56,475.0,CALL,38.0
2026-11-20,56,480.0,CALL,65.0
2026-11-20,56,485.0,CALL,36.0
2026-11-20,56,490.0,CALL,16.0
2026-11-20,56,495.0,CALL,53.0
2026-11-20,56,500.0,CALL,355.0
2026-11-20,56,505.0,CALL,69.0
2026-11-20,56,510.0,CALL,679.0
2026-11-20,56,515.0,CALL,69.0
2026-11-20,56,520.0,CALL,247.0
2026-11-20,56,525.0,CALL,44.0
2026-11-20,56,530.0,CALL,982.0
2026-11-20,56,535.0,CALL,193.0
2026-11-20,56,540.0,CALL,798.0
2026-11-20,56,545.0,CALL,240.0
2026-11-20,56,550.0,CALL,1429.0
2026-11-20,56,555.0,CALL,951.0
2026-11-20,56,560.0,CALL,1448.0
2026-11-20,56,565.0,CALL,582.0
2026-11-20,56,570.0,CALL,1035.0
2026-11-20,56,575.0,CALL,764.0
2026-11-20,56,580.0,CALL,769.0
2026-11-20,56,585.0,CALL,6539.0
2026-11-20,56,590.0,CALL,3229.0
2026-11-20,56,595.0,CALL,800.0
2026-11-20,56,600.0,CALL,4795.0
2026-11-20,56,605.0,CALL,1213.0
2026-11-20,56,610.0,CALL,1616.0
2026-11-20,56,615.0,CALL,1026.0
2026-11-20,56,620.0,CALL,763.0
2026-11-20,56,625.0,CALL,888.0
2026-11-20,56,630.0,CALL,1185.0
2026-11-20,56,635.0,CALL,2366.0
2026-11-20,56,640.0,CALL,1459.0
2026-11-20,56,645.0,CALL,495.0
2026-11-20,56,650.0,CALL,4932.0
2026-11-20,56,655.0,CALL,479.0
2026-11-20,56,660.0,CALL,2989.0
2026-11-20,56,665.0,CALL,434.0
2026-11-20,56,670.0,CALL,2054.0
2026-11-20,56,675.0,CALL,928.0
2026-11-20,56,680.0,CALL,1077.0
2026-11-20,56,685.0,CALL,904.0
2026-11-20,56,690.0,CALL,879.0
2026-11-20,56,695.0,CALL,713.0
2026-11-20,56,700.0,CALL,17533.0
2026-11-20,56,705.0,CALL,716.0
2026-11-20,56,710.0,CALL,1139.0
2026-11-20,56,715.0,CALL,762.0
2026-11-20,56,720.0,CALL,1612.0
2026-11-20,56,725.0,CALL,1403.0
2026-11-20,56,730.0,CALL,908.0
2026-11-20,56,735.0,CALL,758.0
2026-11-20,56,740.0,CALL,1820.0
2026-11-20,56,745.0,CALL,693.0
2026-11-20,56,750.0,CALL,7159.0
2026-11-20,56,755.0,CALL,4226.0
2026-11-20,56,760.0,CALL,4722.0
2026-11-20,56,765.0,CALL,4178.0
2026-11-20,56,770.0,CALL,5208.0
2026-11-20,56,775.0,CALL,5072.0
2026-11-20,56,780.0,CALL,6800.0
2026-11-20,56,785.0,CALL,302.0
2026-11-20,56,790.0,CALL,1013.0
2026-11-20,56,795.0,CALL,943.0
2026-11-20,56,800.0,CALL,22957.0
2026-11-20,56,805.0,CALL,4268.0
2026-11-20,56,810.0,CALL,6690.0
2026-11-20,56,815.0,CALL,4183.0
2026-11-20,56,820.0,CALL,4878.0
2026-11-20,56,825.0,CALL,4858.0
2026-11-20,56,830.0,CALL,5630.0
2026-11-20,56,835.0,CALL,255.0
2026-11-20,56,840.0,CALL,1076.0
2026-11-20,56,845.0,CALL,384.0
2026-11-20,56,850.0,CALL,2337.0
2026-11-20,56,855.0,CALL,265.0
2026-11-20,56,860.0,CALL,948.0
2026-11-20,56,865.0,CALL,223.0
2026-11-20,56,870.0,CALL,976.0
2026-11-20,56,875.0,CALL,941.0
2026-11-20,56,880.0,CALL,382.0
2026-11-20,56,885.0,CALL,193.0
2026-11-20,56,890.0,CALL,185.0
2026-11-20,56,895.0,CALL,72.0
2026-11-20,56,900.0,CALL,16137.0
2026-11-20,56,905.0,CALL,199.0
2026-11-20,56,910.0,CALL,444.0
2026-11-20,56,915.0,CALL,75.0
2026-11-20,56,920.0,CALL,348.0
2026-11-20,56,925.0,CALL,849.0
2026-11-20,56,930.0,CALL,164.0
2026-11-20,56,935.0,CALL,136.0
2026-11-20,56,940.0,CALL,183.0
2026-11-20,56,945.0,CALL,110.0
2026-11-20,56,950.0,CALL,2562.0
2026-11-20,56,955.0,CALL,70.0
2026-11-20,56,960.0,CALL,298.0
2026-11-20,56,965.0,CALL,126.0
2026-11-20,56,970.0,CALL,73.0
2026-11-20,56,975.0,CALL,56.0
2026-11-20,56,980.0,CALL,133.0
2026-11-20,56,985.0,CALL,70.0
2026-11-20,56,990.0,CALL,221.0
2026-11-20,56,995.0,CALL,44.0
2026-11-20,56,1000.0,CALL,1467.0
2026-11-20,56,1010.0,CALL,170.0
2026-11-20,56,1020.0,CALL,168.0
2026-11-20,56,1030.0,CALL,170.0
2026-11-20,56,1040.0,CALL,70.0
2026-11-20,56,1050.0,CALL,310.0
2026-11-20,56,1060.0,CALL,248.0
2026-11-20,56,1070.0,CALL,110.0
2026-11-20,56,1080.0,CALL,241.0
2026-11-20,56,1090.0,CALL,505.0
2026-11-20,56,1100.0,CALL,1455.0
2026-11-20,56,1110.0,CALL,119.0
2026-11-20,56,1120.0,CALL,95.0
2026-11-20,56,1130.0,CALL,63.0
2026-11-20,56,1140.0,CALL,130.0
2026-11-20,56,1150.0,CALL,262.0
2026-11-20,56,1160.0,CALL,119.0
2026-11-20,56,1170.0,CALL,117.0
2026-11-20,56,1180.0,CALL,37.0
2026-11-20,56,1190.0,CALL,60.0
2026-11-20,56,1200.0,CALL,1281.0
2026-11-20,56,1210.0,CALL,420.0
2026-11-20,56,1220.0,CALL,40.0
2026-11-20,56,1230.0,CALL,37.0
2026-11-20,56,1240.0,CALL,58.0
2026-11-20,56,1250.0,CALL,361.0
2026-11-20,56,1260.0,CALL,91.0
2026-11-20,56,1270.0,CALL,64.0
2026-11-20,56,1280.0,CALL,39.0
2026-11-20,56,1290.0,CALL,67.0
2026-11-20,56,1300.0,CALL,186.0
2026-11-20,56,1310.0,CALL,6.0
2026-11-20,56,1320.0,CALL,12.0
2026-11-20,56,1330.0,CALL,22.0
2026-11-20,56,1340.0,CALL,17.0
2026-11-20,56,1350.0,CALL,56.0
2026-11-20,56,1360.0,CALL,35.0
2026-11-20,56,1370.0,CALL,89.0
2026-11-20,56,1380.0,CALL,11.0
2026-11-20,56,1390.0,CALL,20.0
2026-11-20,56,1400.0,CALL,72.0
2026-11-20,56,1410.0,CALL,39.0
2026-11-20,56,1420.0,CALL,70.0
2026-11-20,56,1430.0,CALL,55.0
2026-11-20,56,1440.0,CALL,141.0
2026-11-20,56,1450.0,CALL,245.0
2026-11-20,56,1460.0,CALL,93.0
2026-11-20,56,1470.0,CALL,309.0
2026-11-20,56,1480.0,CALL,6224.0
2026-11-20,56,1490.0,CALL,1.0
2026-11-20,56,5.0,PUT,0.0
2026-11-20,56,10.0,PUT,0.0
2026-11-20,56,20.0,PUT,20.0
2026-11-20,56,25.0,PUT,0.0
2026-11-20,56,30.0,PUT,10.0
2026-11-20,56,35.0,PUT,0.0
2026-11-20,56,40.0,PUT,33.0
2026-11-20,56,45.0,PUT,0.0
2026-11-20,56,50.0,PUT,43.0
2026-11-20,56,250.0,PUT,2450.0
2026-11-20,56,260.0,PUT,195.0
2026-11-20,56,270.0,PUT,112.0
2026-11-20,56,280.0,PUT,46.0
2026-11-20,56,290.0,PUT,180.0
2026-11-20,56,300.0,PUT,500.0
2026-11-20,56,310.0,PUT,124.0
2026-11-20,56,320.0,PUT,40.0
2026-11-20,56,330.0,PUT,68.0
2026-11-20,56,340.0,PUT,252.0
2026-11-20,56,350.0,PUT,413.0
2026-11-20,56,360.0,PUT,279.0
2026-11-20,56,370.0,PUT,216.0
2026-11-20,56,380.0,PUT,146.0
2026-11-20,56,390.0,PUT,255.0
2026-11-20,56,400.0,PUT,847.0
2026-11-20,56,405.0,PUT,183.0
2026-11-20,56,410.0,PUT,161.0
2026-11-20,56,415.0,PUT,168.0
2026-11-20,56,420.0,PUT,1007.0
2026-11-20,56,425.0,PUT,635.0
2026-11-20,56,430.0,PUT,240.0
2026-11-20,56,435.0,PUT,752.0
2026-11-20,56,440.0,PUT,606.0
2026-11-20,56,445.0,PUT,358.0
2026-11-20,56,450.0,PUT,1600.0
2026-11-20,56,455.0,PUT,383.0
2026-11-20,56,460.0,PUT,593.0
2026-11-20,56,465.0,PUT,401.0
2026-11-20,56,470.0,PUT,1458.0
2026-11-20,56,475.0,PUT,658.0
2026-11-20,56,480.0,PUT,2527.0
2026-11-20,56,485.0,PUT,466.0
2026-11-20,56,490.0,PUT,902.0
2026-11-20,56,495.0,PUT,741.0
2026-11-20,56,500.0,PUT,3556.0
2026-11-20,56,505.0,PUT,705.0
2026-11-20,56,510.0,PUT,1252.0
2026-11-20,56,515.0,PUT,1277.0
2026-11-20,56,520.0,PUT,1079.0
2026-11-20,56,525.0,PUT,814.0
2026-11-20,56,530.0,PUT,2343.0
2026-11-20,56,535.0,PUT,1197.0
2026-11-20,56,540.0,PUT,2272.0
2026-11-20,56,545.0,PUT,843.0
2026-11-20,56,550.0,PUT,3077.0
2026-11-20,56,555.0,PUT,1399.0
2026-11-20,56,560.0,PUT,2069.0
2026-11-20,56,565.0,PUT,950.0
2026-11-20,56,570.0,PUT,1588.0
2026-11-20,56,575.0,PUT,917.0
2026-11-20,56,580.0,PUT,1919.0
2026-11-20,56,585.0,PUT,7444.0
2026-11-20,56,590.0,PUT,2932.0
2026-11-20,56,595.0,PUT,766.0
2026-11-20,56,600.0,PUT,4491.0
2026-11-20,56,605.0,PUT,621.0
2026-11-20,56,610.0,PUT,1189.0
2026-11-20,56,615.0,PUT,771.0
2026-11-20,56,620.0,PUT,1136.0
2026-11-20,56,625.0,PUT,1287.0
2026-11-20,56,630.0,PUT,2000.0
2026-11-20,56,635.0,PUT,399.0
2026-11-20,56,640.0,PUT,1378.0
2026-11-20,56,645.0,PUT,819.0
2026-11-20,56,650.0,PUT,3357.0
2026-11-20,56,655.0,PUT,396.0
2026-11-20,56,660.0,PUT,809.0
2026-11-20,56,665.0,PUT,652.0
2026-11-20,56,670.0,PUT,1477.0
2026-11-20,56,675.0,PUT,851.0
2026-11-20,56,680.0,PUT,1178.0
2026-11-20,56,685.0,PUT,334.0
2026-11-20,56,690.0,PUT,425.0
2026-11-20,56,695.0,PUT,399.0
2026-11-20,56,700.0,PUT,1090.0
2026-11-20,56,705.0,PUT,712.0
2026-11-20,56,710.0,PUT,267.0
2026-11-20,56,715.0,PUT,136.0
2026-11-20,56,720.0,PUT,726.0
2026-11-20,56,725.0,PUT,256.0
2026-11-20,56,730.0,PUT,547.0
2026-11-20,56,735.0,PUT,1096.0
2026-11-20,56,740.0,PUT,652.0
2026-11-20,56,745.0,PUT,632.0
2026-11-20,56,750.0,PUT,1981.0
2026-11-20,56,755.0,PUT,158.0
2026-11-20,56,760.0,PUT,238.0
2026-11-20,56,765.0,PUT,184.0
2026-11-20,56,770.0,PUT,462.0
2026-11-20,56,775.0,PUT,97.0
2026-11-20,56,780.0,PUT,218.0
2026-11-20,56,785.0,PUT,57.0
2026-11-20,56,790.0,PUT,93.0
2026-11-20,56,795.0,PUT,27.0
2026-11-20,56,800.0,PUT,206.0
2026-11-20,56,805.0,PUT,29.0
2026-11-20,56,810.0,PUT,6.0
2026-11-20,56,815.0,PUT,21.0
2026-11-20,56,820.0,PUT,14.0
2026-11-20,56,825.0,PUT,0.0
2026-11-20,56,830.0,PUT,1.0
2026-11-20,56,835.0,PUT,1.0
2026-11-20,56,845.0,PUT,0.0
2026-11-20,56,850.0,PUT,16.0
2026-11-20,56,860.0,PUT,3.0
2026-11-20,56,870.0,PUT,21.0
2026-11-20,56,875.0,PUT,0.0
2026-11-20,56,880.0,PUT,11.0
2026-11-20,56,885.0,PUT,5.0
2026-11-20,56,890.0,PUT,33.0
2026-11-20,56,895.0,PUT,10.0
2026-11-20,56,900.0,PUT,84.0
2026-11-20,56,905.0,PUT,0.0
2026-11-20,56,910.0,PUT,0.0
2026-11-20,56,915.0,PUT,0.0
2026-11-20,56,920.0,PUT,0.0
2026-11-20,56,925.0,PUT,0.0
2026-11-20,56,930.0,PUT,1.0
2026-11-20,56,935.0,PUT,0.0
2026-11-20,56,940.0,PUT,27.0
2026-11-20,56,950.0,PUT,1.0
2026-11-20,56,985.0,PUT,0.0
2026-11-20,56,1000.0,PUT,10.0
2026-11-20,56,1050.0,PUT,10.0
2026-11-20,56,1230.0,PUT,0.0
2026-11-20,56,1470.0,PUT,0.0
2026-11-20,56,1480.0,PUT,0.0
2026-11-20,56,1490.0,PUT,0.0
2026-12-18,84,5.0,CALL,0.0
2026-12-18,84,10.0,CALL,0.0
2026-12-18,84,15.0,CALL,1.0
2026-12-18,84,20.0,CALL,6.0
2026-12-18,84,25.0,CALL,0.0
2026-12-18,84,30.0,CALL,1.0
2026-12-18,84,45.0,CALL,1.0
2026-12-18,84,50.0,CALL,6.0
2026-12-18,84,55.0,CALL,1.0
2026-12-18,84,70.0,CALL,1.0
2026-12-18,84,75.0,CALL,0.0
2026-12-18,84,80.0,CALL,2.0
2026-12-18,84,95.0,CALL,2.0
2026-12-18,84,100.0,CALL,111.0
2026-12-18,84,110.0,CALL,26.0
2026-12-18,84,120.0,CALL,30.0
2026-12-18,84,130.0,CALL,17.0
2026-12-18,84,140.0,CALL,114.0
2026-12-18,84,150.0,CALL,126.0
2026-12-18,84,160.0,CALL,62.0
2026-12-18,84,170.0,CALL,83.0
2026-12-18,84,180.0,CALL,187.0
2026-12-18,84,190.0,CALL,225.0
2026-12-18,84,200.0,CALL,337.0
2026-12-18,84,210.0,CALL,264.0
2026-12-18,84,220.0,CALL,288.0
2026-12-18,84,230.0,CALL,157.0
2026-12-18,84,240.0,CALL,43.0
2026-12-18,84,250.0,CALL,298.0
2026-12-18,84,260.0,CALL,824.0
2026-12-18,84,270.0,CALL,48.0
2026-12-18,84,280.0,CALL,79.0
2026-12-18,84,290.0,CALL,66.0
2026-12-18,84,300.0,CALL,195.0
2026-12-18,84,310.0,CALL,94.0
2026-12-18,84,320.0,CALL,140.0
2026-12-18,84,330.0,CALL,61.0
2026-12-18,84,340.0,CALL,122.0
2026-12-18,84,350.0,CALL,250.0
2026-12-18,84,360.0,CALL,139.0
2026-12-18,84,370.0,CALL,152.0
2026-12-18,84,380.0,CALL,57.0
2026-12-18,84,390.0,CALL,493.0
2026-12-18,84,400.0,CALL,1594.0
2026-12-18,84,410.0,CALL,2614.0
2026-12-18,84,420.0,CALL,892.0
2026-12-18,84,430.0,CALL,98.0
2026-12-18,84,440.0,CALL,174.0
2026-12-18,84,450.0,CALL,902.0
2026-12-18,84,460.0,CALL,173.0
2026-12-18,84,470.0,CALL,2150.0
2026-12-18,84,480.0,CALL,213.0
2026-12-18,84,490.0,CALL,831.0
2026-12-18,84,500.0,CALL,1828.0
2026-12-18,84,510.0,CALL,164.0
2026-12-18,84,520.0,CALL,802.0
2026-12-18,84,530.0,CALL,881.0
2026-12-18,84,540.0,CALL,582.0
2026-12-18,84,550.0,CALL,1311.0
2026-12-18,84,560.0,CALL,893.0
2026-12-18,84,565.0,CALL,753.0
2026-12-18,84,570.0,CALL,1229.0
2026-12-18,84,575.0,CALL,746.0
2026-12-18,84,580.0,CALL,1081.0
2026-12-18,84,585.0,CALL,349.0
2026-12-18,84,590.0,CALL,654.0
2026-12-18,84,595.0,CALL,395.0
2026-12-18,84,600.0,CALL,3475.0
2026-12-18,84,605.0,CALL,470.0
2026-12-18,84,610.0,CALL,928.0
2026-12-18,84,615.0,CALL,319.0
2026-12-18,84,620.0,CALL,1660.0
2026-12-18,84,625.0,CALL,414.0
2026-12-18,84,630.0,CALL,1224.0
2026-12-18,84,635.0,CALL,209.0
2026-12-18,84,640.0,CALL,1714.0
2026-12-18,84,645.0,CALL,562.0
2026-12-18,84,650.0,CALL,5151.0
2026-12-18,84,655.0,CALL,598.0
2026-12-18,84,660.0,CALL,2294.0
2026-12-18,84,665.0,CALL,688.0
2026-12-18,84,670.0,CALL,1305.0
2026-12-18,84,675.0,CALL,356.0
2026-12-18,84,680.0,CALL,1843.0
2026-12-18,84,685.0,CALL,230.0
2026-12-18,84,690.0,CALL,753.0
2026-12-18,84,695.0,CALL,301.0
2026-12-18,84,700.0,CALL,7457.0
2026-12-18,84,705.0,CALL,514.0
2026-12-18,84,710.0,CALL,610.0
2026-12-18,84,715.0,CALL,291.0
2026-12-18,84,720.0,CALL,3499.0
2026-12-18,84,725.0,CALL,880.0
2026-12-18,84,730.0,CALL,2160.0
2026-12-18,84,735.0,CALL,474.0
2026-12-18,84,740.0,CALL,951.0
2026-12-18,84,745.0,CALL,517.0
2026-12-18,84,750.0,CALL,5584.0
2026-12-18,84,755.0,CALL,2154.0
2026-12-18,84,760.0,CALL,2976.0
2026-12-18,84,765.0,CALL,2170.0
2026-12-18,84,770.0,CALL,3465.0
2026-12-18,84,775.0,CALL,2872.0
2026-12-18,84,780.0,CALL,3685.0
2026-12-18,84,785.0,CALL,709.0
2026-12-18,84,790.0,CALL,1666.0
2026-12-18,84,795.0,CALL,621.0
2026-12-18,84,800.0,CALL,11993.0
2026-12-18,84,805.0,CALL,2028.0
2026-12-18,84,810.0,CALL,1974.0
2026-12-18,84,815.0,CALL,2215.0
2026-12-18,84,820.0,CALL,3466.0
2026-12-18,84,825.0,CALL,2528.0
2026-12-18,84,830.0,CALL,3144.0
2026-12-18,84,835.0,CALL,251.0
2026-12-18,84,840.0,CALL,1210.0
2026-12-18,84,845.0,CALL,2470.0
2026-12-18,84,850.0,CALL,3608.0
2026-12-18,84,860.0,CALL,1810.0
2026-12-18,84,870.0,CALL,942.0
2026-12-18,84,880.0,CALL,892.0
2026-12-18,84,890.0,CALL,245.0
2026-12-18,84,900.0,CALL,3742.0
2026-12-18,84,910.0,CALL,762.0
2026-12-18,84,920.0,CALL,560.0
2026-12-18,84,930.0,CALL,250.0
2026-12-18,84,940.0,CALL,517.0
2026-12-18,84,950.0,CALL,1552.0
2026-12-18,84,960.0,CALL,265.0
2026-12-18,84,970.0,CALL,1665.0
2026-12-18,84,980.0,CALL,206.0
2026-12-18,84,990.0,CALL,976.0
2026-12-18,84,1000.0,CALL,4741.0
2026-12-18,84,1020.0,CALL,608.0
2026-12-18,84,1030.0,CALL,1576.0
2026-12-18,84,1040.0,CALL,193.0
2026-12-18,84,1050.0,CALL,290.0
2026-12-18,84,1060.0,CALL,238.0
2026-12-18,84,1070.0,CALL,218.0
2026-12-18,84,1080.0,CALL,213.0
2026-12-18,84,1090.0,CALL,89.0
2026-12-18,84,1100.0,CALL,1371.0
2026-12-18,84,1110.0,CALL,173.0
2026-12-18,84,1120.0,CALL,417.0
2026-12-18,84,1130.0,CALL,97.0
2026-12-18,84,1140.0,CALL,180.0
2026-12-18,84,1150.0,CALL,1738.0
2026-12-18,84,1160.0,CALL,33.0
2026-12-18,84,1170.0,CALL,51.0
2026-12-18,84,1180.0,CALL,223.0
2026-12-18,84,1190.0,CALL,94.0
2026-12-18,84,1200.0,CALL,1939.0
2026-12-18,84,1210.0,CALL,124.0
2026-12-18,84,1220.0,CALL,148.0
2026-12-18,84,1230.0,CALL,373.0
2026-12-18,84,1240.0,CALL,1846.0
2026-12-18,84,1250.0,CALL,2022.0
2026-12-18,84,1260.0,CALL,123.0
2026-12-18,84,1270.0,CALL,184.0
2026-12-18,84,1280.0,CALL,300.0
2026-12-18,84,1290.0,CALL,8569.0
2026-12-18,84,1300.0,CALL,8894.0
2026-12-18,84,1310.0,CALL,110.0
2026-12-18,84,1320.0,CALL,89.0
2026-12-18,84,1330.0,CALL,81.0
2026-12-18,84,1340.0,CALL,269.0
2026-12-18,84,1350.0,CALL,410.0
2026-12-18,84,1360.0,CALL,96.0
2026-12-18,84,1370.0,CALL,148.0
2026-12-18,84,1380.0,CALL,65.0
2026-12-18,84,1390.0,CALL,114.0
2026-12-18,84,1400.0,CALL,2509.0
2026-12-18,84,1410.0,CALL,490.0
2026-12-18,84,1420.0,CALL,791.0
2026-12-18,84,1430.0,CALL,890.0
2026-12-18,84,1440.0,CALL,42.0
2026-12-18,84,1450.0,CALL,62.0
2026-12-18,84,1460.0,CALL,270.0
2026-12-18,84,1470.0,CALL,137.0
2026-12-18,84,1480.0,CALL,2072.0
2026-12-18,84,1490.0,CALL,118.0
2026-12-18,84,5.0,PUT,474.0
2026-12-18,84,10.0,PUT,118.0
2026-12-18,84,15.0,PUT,25.0
2026-12-18,84,20.0,PUT,325.0
2026-12-18,84,25.0,PUT,10.0
2026-12-18,84,30.0,PUT,63.0
2026-12-18,84,35.0,PUT,14.0
2026-12-18,84,40.0,PUT,17.0
2026-12-18,84,45.0,PUT,2.0
2026-12-18,84,50.0,PUT,427.0
2026-12-18,84,55.0,PUT,41.0
2026-12-18,84,60.0,PUT,22.0
2026-12-18,84,65.0,PUT,34.0
2026-12-18,84,70.0,PUT,28.0
2026-12-18,84,75.0,PUT,16.0
2026-12-18,84,80.0,PUT,45.0
2026-12-18,84,85.0,PUT,0.0
2026-12-18,84,90.0,PUT,345.0
2026-12-18,84,95.0,PUT,203.0
2026-12-18,84,100.0,PUT,446.0
2026-12-18,84,110.0,PUT,139.0
2026-12-18,84,120.0,PUT,204.0
2026-12-18,84,130.0,PUT,321.0
2026-12-18,84,140.0,PUT,263.0
2026-12-18,84,150.0,PUT,357.0
2026-12-18,84,160.0,PUT,417.0
2026-12-18,84,170.0,PUT,590.0
2026-12-18,84,180.0,PUT,282.0
2026-12-18,84,190.0,PUT,220.0
2026-12-18,84,200.0,PUT,1033.0
2026-12-18,84,210.0,PUT,460.0
2026-12-18,84,220.0,PUT,941.0
2026-12-18,84,230.0,PUT,137.0
2026-12-18,84,240.0,PUT,283.0
2026-12-18,84,250.0,PUT,687.0
2026-12-18,84,260.0,PUT,644.0
2026-12-18,84,270.0,PUT,307.0
2026-12-18,84,280.0,PUT,376.0
2026-12-18,84,290.0,PUT,361.0
2026-12-18,84,300.0,PUT,1573.0
2026-12-18,84,310.0,PUT,423.0
2026-12-18,84,320.0,PUT,577.0
2026-12-18,84,330.0,PUT,182.0
2026-12-18,84,340.0,PUT,291.0
2026-12-18,84,350.0,PUT,1771.0
2026-12-18,84,360.0,PUT,2589.0
2026-12-18,84,370.0,PUT,339.0
2026-12-18,84,380.0,PUT,875.0
2026-12-18,84,390.0,PUT,480.0
2026-12-18,84,400.0,PUT,1794.0
2026-12-18,84,410.0,PUT,694.0
2026-12-18,84,420.0,PUT,1850.0
2026-12-18,84,430.0,PUT,540.0
2026-12-18,84,440.0,PUT,838.0
2026-12-18,84,450.0,PUT,4689.0
2026-12-18,84,460.0,PUT,1820.0
2026-12-18,84,470.0,PUT,1482.0
2026-12-18,84,480.0,PUT,1960.0
2026-12-18,84,490.0,PUT,1989.0
2026-12-18,84,500.0,PUT,6815.0
2026-12-18,84,510.0,PUT,3372.0
2026-12-18,84,520.0,PUT,1851.0
2026-12-18,84,530.0,PUT,3034.0
2026-12-18,84,540.0,PUT,1754.0
2026-12-18,84,550.0,PUT,5562.0
2026-12-18,84,560.0,PUT,1912.0
2026-12-18,84,565.0,PUT,612.0
2026-12-18,84,570.0,PUT,2826.0
2026-12-18,84,575.0,PUT,907.0
2026-12-18,84,580.0,PUT,1992.0
2026-12-18,84,585.0,PUT,590.0
2026-12-18,84,590.0,PUT,1972.0
2026-12-18,84,595.0,PUT,1069.0
2026-12-18,84,600.0,PUT,4365.0
2026-12-18,84,605.0,PUT,342.0
2026-12-18,84,610.0,PUT,1190.0
2026-12-18,84,615.0,PUT,776.0
2026-12-18,84,620.0,PUT,1662.0
2026-12-18,84,625.0,PUT,428.0
2026-12-18,84,630.0,PUT,1634.0
2026-12-18,84,635.0,PUT,309.0
2026-12-18,84,640.0,PUT,1220.0
2026-12-18,84,645.0,PUT,258.0
2026-12-18,84,650.0,PUT,2333.0
2026-12-18,84,655.0,PUT,237.0
2026-12-18,84,660.0,PUT,5071.0
2026-12-18,84,665.0,PUT,387.0
2026-12-18,84,670.0,PUT,1638.0
2026-12-18,84,675.0,PUT,184.0
2026-12-18,84,680.0,PUT,1828.0
2026-12-18,84,685.0,PUT,138.0
2026-12-18,84,690.0,PUT,615.0
2026-12-18,84,695.0,PUT,134.0
2026-12-18,84,700.0,PUT,2240.0
2026-12-18,84,705.0,PUT,412.0
2026-12-18,84,710.0,PUT,451.0
2026-12-18,84,715.0,PUT,278.0
2026-12-18,84,720.0,PUT,361.0
2026-12-18,84,725.0,PUT,261.0
2026-12-18,84,730.0,PUT,1850.0
2026-12-18,84,735.0,PUT,203.0
2026-12-18,84,740.0,PUT,179.0
2026-12-18,84,745.0,PUT,118.0
2026-12-18,84,750.0,PUT,1671.0
2026-12-18,84,755.0,PUT,270.0
2026-12-18,84,760.0,PUT,374.0
2026-12-18,84,765.0,PUT,321.0
2026-12-18,84,770.0,PUT,141.0
2026-12-18,84,775.0,PUT,75.0
2026-12-18,84,780.0,PUT,107.0
2026-12-18,84,785.0,PUT,26.0
2026-12-18,84,790.0,PUT,145.0
2026-12-18,84,795.0,PUT,41.0
2026-12-18,84,800.0,PUT,281.0
2026-12-18,84,805.0,PUT,82.0
2026-12-18,84,810.0,PUT,21.0
2026-12-18,84,815.0,PUT,10.0
2026-12-18,84,820.0,PUT,88.0
2026-12-18,84,825.0,PUT,14.0
2026-12-18,84,830.0,PUT,14.0
2026-12-18,84,835.0,PUT,21.0
2026-12-18,84,840.0,PUT,27.0
2026-12-18,84,845.0,PUT,13.0
2026-12-18,84,850.0,PUT,42.0
2026-12-18,84,860.0,PUT,1.0
2026-12-18,84,870.0,PUT,6.0
2026-12-18,84,880.0,PUT,2.0
2026-12-18,84,890.0,PUT,2.0
2026-12-18,84,900.0,PUT,110.0
2026-12-18,84,910.0,PUT,0.0
2026-12-18,84,920.0,PUT,1.0
2026-12-18,84,930.0,PUT,2.0
2026-12-18,84,940.0,PUT,5.0
2026-12-18,84,950.0,PUT,1.0
2026-12-18,84,960.0,PUT,1.0
2026-12-18,84,970.0,PUT,1.0
2026-12-18,84,980.0,PUT,0.0
2026-12-18,84,990.0,PUT,4.0
2026-12-18,84,1000.0,PUT,3.0
2026-12-18,84,1020.0,PUT,0.0
2026-12-18,84,1030.0,PUT,0.0
2026-12-18,84,1040.0,PUT,0.0
2026-12-18,84,1050.0,PUT,0.0
2026-12-18,84,1060.0,PUT,0.0
2026-12-18,84,1070.0,PUT,0.0
2026-12-18,84,1080.0,PUT,0.0
2026-12-18,84,1090.0,PUT,0.0
2026-12-18,84,1100.0,PUT,0.0
2026-12-18,84,1110.0,PUT,0.0
2026-12-18,84,1120.0,PUT,13.0
2026-12-18,84,1130.0,PUT,0.0
2026-12-18,84,1140.0,PUT,0.0
2026-12-18,84,1150.0,PUT,0.0
2026-12-18,84,1160.0,PUT,0.0
2026-12-18,84,1170.0,PUT,0.0
2026-12-18,84,1180.0,PUT,0.0
2026-12-18,84,1190.0,PUT,0.0
2026-12-18,84,1200.0,PUT,0.0
2026-12-18,84,1210.0,PUT,0.0
2026-12-18,84,1220.0,PUT,0.0
2026-12-18,84,1230.0,PUT,0.0
2026-12-18,84,1240.0,PUT,0.0
2026-12-18,84,1270.0,PUT,0.0
2026-12-18,84,1280.0,PUT,0.0
2026-12-18,84,1300.0,PUT,0.0
2026-12-18,84,1400.0,PUT,0.0
2026-12-18,84,1410.0,PUT,0.0
2026-12-18,84,1420.0,PUT,0.0
2027-01-15,112,5.0,CALL,68.0
2027-01-15,112,10.0,CALL,1.0
2027-01-15,112,15.0,CALL,0.0
2027-01-15,112,20.0,CALL,8.0
2027-01-15,112,40.0,CALL,0.0
2027-01-15,112,45.0,CALL,0.0
2027-01-15,112,50.0,CALL,111.0
2027-01-15,112,100.0,CALL,126.0
2027-01-15,112,110.0,CALL,283.0
2027-01-15,112,120.0,CALL,11.0
2027-01-15,112,130.0,CALL,16.0
2027-01-15,112,140.0,CALL,13.0
2027-01-15,112,150.0,CALL,0.0
2027-01-15,112,160.0,CALL,38.0
2027-01-15,112,170.0,CALL,36.0
2027-01-15,112,180.0,CALL,191.0
2027-01-15,112,190.0,CALL,27.0
2027-01-15,112,200.0,CALL,160.0
2027-01-15,112,210.0,CALL,0.0
2027-01-15,112,220.0,CALL,0.0
2027-01-15,112,230.0,CALL,55.0
2027-01-15,112,240.0,CALL,73.0
2027-01-15,112,250.0,CALL,86.0
2027-01-15,112,260.0,CALL,59.0
2027-01-15,112,270.0,CALL,281.0
2027-01-15,112,280.0,CALL,55.0
2027-01-15,112,290.0,CALL,168.0
2027-01-15,112,300.0,CALL,378.0
2027-01-15,112,310.0,CALL,22.0
2027-01-15,112,320.0,CALL,77.0
2027-01-15,112,330.0,CALL,63.0
2027-01-15,112,340.0,CALL,40.0
2027-01-15,112,350.0,CALL,161.0
2027-01-15,112,360.0,CALL,86.0
2027-01-15,112,370.0,CALL,45.0
2027-01-15,112,380.0,CALL,54.0
2027-01-15,112,390.0,CALL,124.0
2027-01-15,112,400.0,CALL,507.0
2027-01-15,112,410.0,CALL,119.0
2027-01-15,112,420.0,CALL,200.0
2027-01-15,112,430.0,CALL,127.0
2027-01-15,112,440.0,CALL,152.0
2027-01-15,112,450.0,CALL,252.0
2027-01-15,112,460.0,CALL,141.0
2027-01-15,112,470.0,CALL,91.0
2027-01-15,112,480.0,CALL,261.0
2027-01-15,112,490.0,CALL,350.0
2027-01-15,112,500.0,CALL,2227.0
2027-01-15,112,510.0,CALL,1819.0
2027-01-15,112,520.0,CALL,397.0
2027-01-15,112,530.0,CALL,485.0
2027-01-15,112,540.0,CALL,822.0
2027-01-15,112,550.0,CALL,1572.0
2027-01-15,112,560.0,CALL,1239.0
2027-01-15,112,570.0,CALL,932.0
2027-01-15,112,580.0,CALL,1158.0
2027-01-15,112,590.0,CALL,1355.0
2027-01-15,112,600.0,CALL,6010.0
2027-01-15,112,610.0,CALL,1864.0
2027-01-15,112,620.0,CALL,2371.0
2027-01-15,112,630.0,CALL,3019.0
2027-01-15,112,640.0,CALL,1279.0
2027-01-15,112,650.0,CALL,4746.0
2027-01-15,112,660.0,CALL,3340.0
2027-01-15,112,670.0,CALL,2565.0
2027-01-15,112,680.0,CALL,2522.0
2027-01-15,112,690.0,CALL,1093.0
2027-01-15,112,700.0,CALL,115456.0
2027-01-15,112,710.0,CALL,1536.0
2027-01-15,112,720.0,CALL,2738.0
2027-01-15,112,730.0,CALL,3730.0
2027-01-15,112,740.0,CALL,2489.0
2027-01-15,112,750.0,CALL,244859.0
2027-01-15,112,760.0,CALL,3991.0
2027-01-15,112,770.0,CALL,4810.0
2027-01-15,112,780.0,CALL,3477.0
2027-01-15,112,790.0,CALL,1874.0
2027-01-15,112,800.0,CALL,107886.0
2027-01-15,112,810.0,CALL,5135.0
2027-01-15,112,820.0,CALL,3480.0
2027-01-15,112,830.0,CALL,33388.0
2027-01-15,112,840.0,CALL,1514.0
2027-01-15,112,850.0,CALL,5894.0
2027-01-15,112,860.0,CALL,1980.0
2027-01-15,112,870.0,CALL,1103.0
2027-01-15,112,880.0,CALL,824.0
2027-01-15,112,890.0,CALL,1313.0
2027-01-15,112,900.0,CALL,11462.0
2027-01-15,112,910.0,CALL,1300.0
2027-01-15,112,920.0,CALL,3477.0
2027-01-15,112,930.0,CALL,937.0
2027-01-15,112,940.0,CALL,1070.0
2027-01-15,112,950.0,CALL,1647.0
2027-01-15,112,960.0,CALL,577.0
2027-01-15,112,970.0,CALL,552.0
2027-01-15,112,980.0,CALL,545.0
2027-01-15,112,990.0,CALL,534.0
2027-01-15,112,1000.0,CALL,6860.0
2027-01-15,112,1010.0,CALL,492.0
2027-01-15,112,1020.0,CALL,562.0
2027-01-15,112,1030.0,CALL,442.0
2027-01-15,112,1040.0,CALL,291.0
2027-01-15,112,1050.0,CALL,1052.0
2027-01-15,112,1060.0,CALL,401.0
2027-01-15,112,1070.0,CALL,490.0
2027-01-15,112,1080.0,CALL,472.0
2027-01-15,112,1090.0,CALL,455.0
2027-01-15,112,1100.0,CALL,4050.0
2027-01-15,112,1110.0,CALL,495.0
2027-01-15,112,1120.0,CALL,338.0
2027-01-15,112,1130.0,CALL,385.0
2027-01-15,112,1140.0,CALL,293.0
2027-01-15,112,1150.0,CALL,6134.0
2027-01-15,112,1160.0,CALL,672.0
2027-01-15,112,1170.0,CALL,444.0
2027-01-15,112,1180.0,CALL,291.0
2027-01-15,112,1190.0,CALL,643.0
2027-01-15,112,1200.0,CALL,2302.0
2027-01-15,112,1210.0,CALL,200.0
2027-01-15,112,1220.0,CALL,253.0
2027-01-15,112,1230.0,CALL,154.0
2027-01-15,112,1240.0,CALL,665.0
2027-01-15,112,1250.0,CALL,33838.0
2027-01-15,112,1260.0,CALL,473.0
2027-01-15,112,1270.0,CALL,911.0
2027-01-15,112,1280.0,CALL,379.0
2027-01-15,112,1290.0,CALL,379.0
2027-01-15,112,1300.0,CALL,1642.0
2027-01-15,112,1310.0,CALL,113.0
2027-01-15,112,1320.0,CALL,387.0
2027-01-15,112,1330.0,CALL,475.0
2027-01-15,112,1340.0,CALL,160.0
2027-01-15,112,1350.0,CALL,531.0
2027-01-15,112,1360.0,CALL,749.0
2027-01-15,112,1370.0,CALL,161.0
2027-01-15,112,1380.0,CALL,113.0
2027-01-15,112,1390.0,CALL,254.0
2027-01-15,112,1400.0,CALL,1696.0
2027-01-15,112,1410.0,CALL,347.0
2027-01-15,112,1420.0,CALL,625.0
2027-01-15,112,1430.0,CALL,15735.0
2027-01-15,112,1440.0,CALL,379.0
2027-01-15,112,1450.0,CALL,199.0
2027-01-15,112,1460.0,CALL,157.0
2027-01-15,112,1470.0,CALL,164.0
2027-01-15,112,1480.0,CALL,2784.0
2027-01-15,112,1490.0,CALL,712.0
2027-01-15,112,5.0,PUT,3204.0
2027-01-15,112,10.0,PUT,1.0
2027-01-15,112,15.0,PUT,4.0
2027-01-15,112,20.0,PUT,2.0
2027-01-15,112,25.0,PUT,2.0
2027-01-15,112,30.0,PUT,4.0
2027-01-15,112,35.0,PUT,2.0
2027-01-15,112,40.0,PUT,204.0
2027-01-15,112,45.0,PUT,7.0
2027-01-15,112,50.0,PUT,440.0
2027-01-15,112,100.0,PUT,3066.0
2027-01-15,112,110.0,PUT,362.0
2027-01-15,112,120.0,PUT,97.0
2027-01-15,112,130.0,PUT,99.0
2027-01-15,112,140.0,PUT,199.0
2027-01-15,112,150.0,PUT,277.0
2027-01-15,112,160.0,PUT,178.0
2027-01-15,112,170.0,PUT,468.0
2027-01-15,112,180.0,PUT,253.0
2027-01-15,112,190.0,PUT,176.0
2027-01-15,112,200.0,PUT,483.0
2027-01-15,112,210.0,PUT,389.0
2027-01-15,112,220.0,PUT,1124.0
2027-01-15,112,230.0,PUT,601.0
2027-01-15,112,240.0,PUT,378.0
2027-01-15,112,250.0,PUT,1046.0
2027-01-15,112,260.0,PUT,220.0
2027-01-15,112,270.0,PUT,1033.0
2027-01-15,112,280.0,PUT,355.0
2027-01-15,112,290.0,PUT,363.0
2027-01-15,112,300.0,PUT,1310.0
2027-01-15,112,310.0,PUT,442.0
2027-01-15,112,320.0,PUT,793.0
2027-01-15,112,330.0,PUT,511.0
2027-01-15,112,340.0,PUT,475.0
2027-01-15,112,350.0,PUT,1607.0
2027-01-15,112,360.0,PUT,515.0
2027-01-15,112,370.0,PUT,1438.0
2027-01-15,112,380.0,PUT,850.0
2027-01-15,112,390.0,PUT,1253.0
2027-01-15,112,400.0,PUT,4302.0
2027-01-15,112,410.0,PUT,1318.0
2027-01-15,112,420.0,PUT,1781.0
2027-01-15,112,430.0,PUT,2870.0
2027-01-15,112,440.0,PUT,2635.0
2027-01-15,112,450.0,PUT,7234.0
2027-01-15,112,460.0,PUT,2856.0
2027-01-15,112,470.0,PUT,2120.0
2027-01-15,112,480.0,PUT,2706.0
2027-01-15,112,490.0,PUT,3312.0
2027-01-15,112,500.0,PUT,8194.0
2027-01-15,112,510.0,PUT,5186.0
2027-01-15,112,520.0,PUT,3837.0
2027-01-15,112,530.0,PUT,4015.0
2027-01-15,112,540.0,PUT,3594.0
2027-01-15,112,550.0,PUT,6340.0
2027-01-15,112,560.0,PUT,3517.0
2027-01-15,112,570.0,PUT,6789.0
2027-01-15,112,580.0,PUT,3691.0
2027-01-15,112,590.0,PUT,1787.0
2027-01-15,112,600.0,PUT,5935.0
2027-01-15,112,610.0,PUT,1915.0
2027-01-15,112,620.0,PUT,2332.0
2027-01-15,112,630.0,PUT,3236.0
2027-01-15,112,640.0,PUT,5314.0
2027-01-15,112,650.0,PUT,3252.0
2027-01-15,112,660.0,PUT,1655.0
2027-01-15,112,670.0,PUT,2392.0
2027-01-15,112,680.0,PUT,1342.0
2027-01-15,112,690.0,PUT,753.0
2027-01-15,112,700.0,PUT,3088.0
2027-01-15,112,710.0,PUT,904.0
2027-01-15,112,720.0,PUT,1046.0
2027-01-15,112,730.0,PUT,492.0
2027-01-15,112,740.0,PUT,568.0
2027-01-15,112,750.0,PUT,3817.0
2027-01-15,112,760.0,PUT,701.0
2027-01-15,112,770.0,PUT,760.0
2027-01-15,112,780.0,PUT,427.0
2027-01-15,112,790.0,PUT,239.0
2027-01-15,112,800.0,PUT,596.0
2027-01-15,112,810.0,PUT,221.0
2027-01-15,112,820.0,PUT,85.0
2027-01-15,112,830.0,PUT,193.0
2027-01-15,112,840.0,PUT,129.0
2027-01-15,112,850.0,PUT,199.0
2027-01-15,112,860.0,PUT,27.0
2027-01-15,112,870.0,PUT,2.0
2027-01-15,112,880.0,PUT,1.0
2027-01-15,112,890.0,PUT,3.0
2027-01-15,112,900.0,PUT,28.0
2027-01-15,112,910.0,PUT,1.0
2027-01-15,112,920.0,PUT,1.0
2027-01-15,112,930.0,PUT,0.0
2027-01-15,112,940.0,PUT,0.0
2027-01-15,112,950.0,PUT,1.0
2027-01-15,112,960.0,PUT,0.0
2027-01-15,112,970.0,PUT,0.0
2027-01-15,112,980.0,PUT,0.0
2027-01-15,112,990.0,PUT,0.0
2027-01-15,112,1000.0,PUT,17.0
2027-01-15,112,1010.0,PUT,1.0
2027-01-15,112,1020.0,PUT,4.0
2027-01-15,112,1030.0,PUT,1.0
2027-01-15,112,1040.0,PUT,0.0
2027-01-15,112,1050.0,PUT,0.0
2027-01-15,112,1060.0,PUT,0.0
2027-01-15,112,1080.0,PUT,0.0
2027-01-15,112,1090.0,PUT,0.0
2027-01-15,112,1100.0,PUT,0.0
2027-01-15,112,1110.0,PUT,0.0
2027-01-15,112,1120.0,PUT,5.0
2027-01-15,112,1130.0,PUT,48.0
2027-01-15,112,1140.0,PUT,0.0
2027-01-15,112,1150.0,PUT,0.0
2027-01-15,112,1160.0,PUT,0.0
2027-01-15,112,1170.0,PUT,0.0
2027-01-15,112,1180.0,PUT,0.0
2027-01-15,112,1190.0,PUT,0.0
2027-01-15,112,1200.0,PUT,0.0
2027-01-15,112,1210.0,PUT,0.0
2027-01-15,112,1220.0,PUT,0.0
2027-01-15,112,1230.0,PUT,0.0
2027-01-15,112,1240.0,PUT,0.0
2027-01-15,112,1250.0,PUT,0.0
2027-01-15,112,1280.0,PUT,0.0
2027-01-15,112,1290.0,PUT,0.0
2027-01-15,112,1300.0,PUT,0.0
2027-01-15,112,1320.0,PUT,0.0
2027-01-15,112,1380.0,PUT,0.0
2027-01-15,112,1390.0,PUT,0.0
2027-01-15,112,1400.0,PUT,0.0
2027-01-15,112,1410.0,PUT,0.0
2027-01-15,112,1430.0,PUT,0.0
2027-01-15,112,1440.0,PUT,0.0
2027-02-19,147,100.0,CALL,20.0
2027-02-19,147,130.0,CALL,9.0
2027-02-19,147,160.0,CALL,0.0
2027-02-19,147,200.0,CALL,51.0
2027-02-19,147,250.0,CALL,6.0
2027-02-19,147,270.0,CALL,2.0
2027-02-19,147,280.0,CALL,5.0
2027-02-19,147,300.0,CALL,17.0
2027-02-19,147,320.0,CALL,3.0
2027-02-19,147,330.0,CALL,6.0
2027-02-19,147,340.0,CALL,9.0
2027-02-19,147,350.0,CALL,14.0
2027-02-19,147,360.0,CALL,7.0
2027-02-19,147,370.0,CALL,2.0
2027-02-19,147,380.0,CALL,7.0
2027-02-19,147,390.0,CALL,13.0
2027-02-19,147,400.0,CALL,14.0
2027-02-19,147,410.0,CALL,52.0
2027-02-19,147,420.0,CALL,3.0
2027-02-19,147,430.0,CALL,5.0
2027-02-19,147,440.0,CALL,6.0
2027-02-19,147,450.0,CALL,57.0
2027-02-19,147,460.0,CALL,77.0
2027-02-19,147,470.0,CALL,110.0
2027-02-19,147,480.0,CALL,22.0
2027-02-19,147,490.0,CALL,51.0
2027-02-19,147,500.0,CALL,141.0
2027-02-19,147,510.0,CALL,19.0
2027-02-19,147,520.0,CALL,71.0
2027-02-19,147,530.0,CALL,74.0
2027-02-19,147,540.0,CALL,662.0
2027-02-19,147,550.0,CALL,247.0
2027-02-19,147,560.0,CALL,201.0
2027-02-19,147,570.0,CALL,139.0
2027-02-19,147,580.0,CALL,287.0
2027-02-19,147,590.0,CALL,699.0
2027-02-19,147,600.0,CALL,921.0
2027-02-19,147,610.0,CALL,298.0
2027-02-19,147,620.0,CALL,148.0
2027-02-19,147,630.0,CALL,237.0
2027-02-19,147,640.0,CALL,174.0
2027-02-19,147,650.0,CALL,3333.0
2027-02-19,147,660.0,CALL,304.0
2027-02-19,147,670.0,CALL,644.0
2027-02-19,147,680.0,CALL,210.0
2027-02-19,147,690.0,CALL,390.0
2027-02-19,147,700.0,CALL,2119.0
2027-02-19,147,710.0,CALL,250.0
2027-02-19,147,720.0,CALL,360.0
2027-02-19,147,730.0,CALL,558.0
2027-02-19,147,740.0,CALL,398.0
2027-02-19,147,750.0,CALL,1062.0
2027-02-19,147,760.0,CALL,352.0
2027-02-19,147,770.0,CALL,246.0
2027-02-19,147,780.0,CALL,739.0
2027-02-19,147,790.0,CALL,182.0
2027-02-19,147,800.0,CALL,1594.0
2027-02-19,147,810.0,CALL,162.0
2027-02-19,147,820.0,CALL,283.0
2027-02-19,147,830.0,CALL,203.0
2027-02-19,147,840.0,CALL,132.0
2027-02-19,147,850.0,CALL,597.0
2027-02-19,147,860.0,CALL,272.0
2027-02-19,147,870.0,CALL,94.0
2027-02-19,147,880.0,CALL,309.0
2027-02-19,147,890.0,CALL,55.0
2027-02-19,147,900.0,CALL,6297.0
2027-02-19,147,910.0,CALL,92.0
2027-02-19,147,920.0,CALL,75.0
2027-02-19,147,930.0,CALL,66.0
2027-02-19,147,940.0,CALL,57.0
2027-02-19,147,950.0,CALL,93.0
2027-02-19,147,960.0,CALL,282.0
2027-02-19,147,970.0,CALL,58.0
2027-02-19,147,980.0,CALL,96.0
2027-02-19,147,990.0,CALL,530.0
2027-02-19,147,1000.0,CALL,1467.0
2027-02-19,147,1010.0,CALL,78.0
2027-02-19,147,1020.0,CALL,45.0
2027-02-19,147,1030.0,CALL,62.0
2027-02-19,147,1040.0,CALL,12.0
2027-02-19,147,1050.0,CALL,45.0
2027-02-19,147,1060.0,CALL,19.0
2027-02-19,147,1070.0,CALL,163.0
2027-02-19,147,1080.0,CALL,67.0
2027-02-19,147,1090.0,CALL,2.0
2027-02-19,147,1100.0,CALL,468.0
2027-02-19,147,1110.0,CALL,101.0
2027-02-19,147,1120.0,CALL,16.0
2027-02-19,147,1130.0,CALL,24.0
2027-02-19,147,1140.0,CALL,43.0
2027-02-19,147,1150.0,CALL,41.0
2027-02-19,147,1160.0,CALL,31.0
2027-02-19,147,1170.0,CALL,47.0
2027-02-19,147,1180.0,CALL,128.0
2027-02-19,147,1190.0,CALL,468.0
2027-02-19,147,1210.0,CALL,21.0
2027-02-19,147,1230.0,CALL,17.0
2027-02-19,147,1260.0,CALL,5.0
2027-02-19,147,1490.0,CALL,46.0
2027-02-19,147,100.0,PUT,3.0
2027-02-19,147,110.0,PUT,4.0
2027-02-19,147,120.0,PUT,11.0
2027-02-19,147,130.0,PUT,15.0
2027-02-19,147,140.0,PUT,13.0
2027-02-19,147,150.0,PUT,24.0
2027-02-19,147,160.0,PUT,15.0
2027-02-19,147,170.0,PUT,38.0
2027-02-19,147,180.0,PUT,38.0
2027-02-19,147,190.0,PUT,30.0
2027-02-19,147,200.0,PUT,1006.0
2027-02-19,147,210.0,PUT,70.0
2027-02-19,147,220.0,PUT,112.0
2027-02-19,147,230.0,PUT,42.0
2027-02-19,147,240.0,PUT,88.0
2027-02-19,147,250.0,PUT,34.0
2027-02-19,147,260.0,PUT,12.0
2027-02-19,147,270.0,PUT,80.0
2027-02-19,147,280.0,PUT,85.0
2027-02-19,147,290.0,PUT,77.0
2027-02-19,147,300.0,PUT,228.0
2027-02-19,147,310.0,PUT,30.0
2027-02-19,147,320.0,PUT,47.0
2027-02-19,147,330.0,PUT,46.0
2027-02-19,147,340.0,PUT,76.0
2027-02-19,147,350.0,PUT,174.0
2027-02-19,147,360.0,PUT,33.0
2027-02-19,147,370.0,PUT,59.0
2027-02-19,147,380.0,PUT,136.0
2027-02-19,147,390.0,PUT,113.0
2027-02-19,147,400.0,PUT,159.0
2027-02-19,147,410.0,PUT,306.0
2027-02-19,147,420.0,PUT,322.0
2027-02-19,147,430.0,PUT,571.0
2027-02-19,147,440.0,PUT,568.0
2027-02-19,147,450.0,PUT,919.0
2027-02-19,147,460.0,PUT,482.0
2027-02-19,147,470.0,PUT,651.0
2027-02-19,147,480.0,PUT,1619.0
2027-02-19,147,490.0,PUT,659.0
2027-02-19,147,500.0,PUT,1214.0
2027-02-19,147,510.0,PUT,666.0
2027-02-19,147,520.0,PUT,624.0
2027-02-19,147,530.0,PUT,665.0
2027-02-19,147,540.0,PUT,766.0
2027-02-19,147,550.0,PUT,948.0
2027-02-19,147,560.0,PUT,567.0
2027-02-19,147,570.0,PUT,364.0
2027-02-19,147,580.0,PUT,1167.0
2027-02-19,147,590.0,PUT,371.0
2027-02-19,147,600.0,PUT,464.0
2027-02-19,147,610.0,PUT,95.0
2027-02-19,147,620.0,PUT,122.0
2027-02-19,147,630.0,PUT,83.0
2027-02-19,147,640.0,PUT,173.0
2027-02-19,147,650.0,PUT,364.0
2027-02-19,147,660.0,PUT,80.0
2027-02-19,147,670.0,PUT,212.0
2027-02-19,147,680.0,PUT,59.0
2027-02-19,147,690.0,PUT,316.0
2027-02-19,147,700.0,PUT,164.0
2027-02-19,147,710.0,PUT,172.0
2027-02-19,147,720.0,PUT,67.0
2027-02-19,147,730.0,PUT,327.0
2027-02-19,147,740.0,PUT,58.0
2027-02-19,147,750.0,PUT,160.0
2027-02-19,147,760.0,PUT,161.0
2027-02-19,147,770.0,PUT,35.0
2027-02-19,147,780.0,PUT,23.0
2027-02-19,147,790.0,PUT,20.0
2027-02-19,147,800.0,PUT,80.0
2027-02-19,147,810.0,PUT,3.0
2027-02-19,147,820.0,PUT,0.0
2027-02-19,147,830.0,PUT,4.0
2027-02-19,147,840.0,PUT,1.0
2027-02-19,147,850.0,PUT,86.0
2027-02-19,147,900.0,PUT,4.0
2027-02-19,147,910.0,PUT,1.0
2027-02-19,147,920.0,PUT,0.0
2027-02-19,147,930.0,PUT,1.0
2027-02-19,147,950.0,PUT,0.0
2027-02-19,147,980.0,PUT,1.0
2027-02-19,147,1000.0,PUT,1.0
2027-02-19,147,1050.0,PUT,1.0
2027-02-19,147,1150.0,PUT,0.0
2027-03-19,175,5.0,CALL,1761.0
2027-03-19,175,10.0,CALL,11.0
2027-03-19,175,100.0,CALL,1.0
2027-03-19,175,110.0,CALL,209.0
2027-03-19,175,150.0,CALL,0.0
2027-03-19,175,160.0,CALL,0.0
2027-03-19,175,170.0,CALL,21.0
2027-03-19,175,180.0,CALL,1.0
2027-03-19,175,190.0,CALL,2.0
2027-03-19,175,200.0,CALL,5.0
2027-03-19,175,210.0,CALL,0.0
2027-03-19,175,230.0,CALL,35.0
2027-03-19,175,240.0,CALL,51.0
2027-03-19,175,260.0,CALL,2.0
2027-03-19,175,270.0,CALL,23.0
2027-03-19,175,280.0,CALL,44.0
2027-03-19,175,290.0,CALL,2.0
2027-03-19,175,300.0,CALL,21.0
2027-03-19,175,310.0,CALL,0.0
2027-03-19,175,320.0,CALL,12.0
2027-03-19,175,330.0,CALL,16.0
2027-03-19,175,340.0,CALL,6.0
2027-03-19,175,350.0,CALL,25.0
2027-03-19,175,360.0,CALL,24.0
2027-03-19,175,370.0,CALL,18.0
2027-03-19,175,380.0,CALL,113.0
2027-03-19,175,390.0,CALL,73.0
2027-03-19,175,400.0,CALL,84.0
2027-03-19,175,410.0,CALL,30.0
2027-03-19,175,420.0,CALL,33.0
2027-03-19,175,430.0,CALL,162.0
2027-03-19,175,440.0,CALL,18.0
2027-03-19,175,450.0,CALL,138.0
2027-03-19,175,460.0,CALL,86.0
2027-03-19,175,470.0,CALL,36.0
2027-03-19,175,480.0,CALL,47.0
2027-03-19,175,490.0,CALL,39.0
2027-03-19,175,500.0,CALL,458.0
2027-03-19,175,510.0,CALL,55.0
2027-03-19,175,520.0,CALL,62.0
2027-03-19,175,530.0,CALL,154.0
2027-03-19,175,540.0,CALL,258.0
2027-03-19,175,550.0,CALL,830.0
2027-03-19,175,560.0,CALL,318.0
2027-03-19,175,565.0,CALL,41.0
2027-03-19,175,570.0,CALL,532.0
2027-03-19,175,575.0,CALL,529.0
2027-03-19,175,580.0,CALL,762.0
2027-03-19,175,585.0,CALL,196.0
2027-03-19,175,590.0,CALL,286.0
2027-03-19,175,595.0,CALL,258.0
2027-03-19,175,600.0,CALL,2002.0
2027-03-19,175,605.0,CALL,84.0
2027-03-19,175,610.0,CALL,393.0
2027-03-19,175,615.0,CALL,293.0
2027-03-19,175,620.0,CALL,415.0
2027-03-19,175,625.0,CALL,125.0
2027-03-19,175,630.0,CALL,336.0
2027-03-19,175,635.0,CALL,96.0
2027-03-19,175,640.0,CALL,371.0
2027-03-19,175,645.0,CALL,146.0
2027-03-19,175,650.0,CALL,4502.0
2027-03-19,175,655.0,CALL,133.0
2027-03-19,175,660.0,CALL,679.0
2027-03-19,175,665.0,CALL,206.0
2027-03-19,175,670.0,CALL,444.0
2027-03-19,175,675.0,CALL,326.0
2027-03-19,175,680.0,CALL,592.0
2027-03-19,175,685.0,CALL,172.0
2027-03-19,175,690.0,CALL,449.0
2027-03-19,175,695.0,CALL,66.0
2027-03-19,175,700.0,CALL,3334.0
2027-03-19,175,705.0,CALL,110.0
2027-03-19,175,710.0,CALL,768.0
2027-03-19,175,715.0,CALL,487.0
2027-03-19,175,720.0,CALL,342.0
2027-03-19,175,725.0,CALL,142.0
2027-03-19,175,730.0,CALL,545.0
2027-03-19,175,735.0,CALL,153.0
2027-03-19,175,740.0,CALL,370.0
2027-03-19,175,745.0,CALL,222.0
2027-03-19,175,750.0,CALL,1407.0
2027-03-19,175,755.0,CALL,163.0
2027-03-19,175,760.0,CALL,460.0
2027-03-19,175,770.0,CALL,429.0
2027-03-19,175,780.0,CALL,1273.0
2027-03-19,175,790.0,CALL,363.0
2027-03-19,175,800.0,CALL,6976.0
2027-03-19,175,810.0,CALL,638.0
2027-03-19,175,820.0,CALL,474.0
2027-03-19,175,830.0,CALL,469.0
2027-03-19,175,840.0,CALL,326.0
2027-03-19,175,850.0,CALL,2187.0
2027-03-19,175,860.0,CALL,652.0
2027-03-19,175,870.0,CALL,422.0
2027-03-19,175,880.0,CALL,809.0
2027-03-19,175,890.0,CALL,193.0
2027-03-19,175,900.0,CALL,5178.0
2027-03-19,175,910.0,CALL,543.0
2027-03-19,175,920.0,CALL,907.0
2027-03-19,175,930.0,CALL,283.0
2027-03-19,175,940.0,CALL,1264.0
2027-03-19,175,950.0,CALL,4151.0
2027-03-19,175,960.0,CALL,727.0
2027-03-19,175,970.0,CALL,76.0
2027-03-19,175,980.0,CALL,635.0
2027-03-19,175,990.0,CALL,580.0
2027-03-19,175,1000.0,CALL,2838.0
2027-03-19,175,1010.0,CALL,140.0
2027-03-19,175,1020.0,CALL,1201.0
2027-03-19,175,1030.0,CALL,378.0
2027-03-19,175,1040.0,CALL,1029.0
2027-03-19,175,1050.0,CALL,153.0
2027-03-19,175,1060.0,CALL,109.0
2027-03-19,175,1070.0,CALL,285.0
2027-03-19,175,1080.0,CALL,370.0
2027-03-19,175,1090.0,CALL,227.0
2027-03-19,175,1100.0,CALL,3967.0
2027-03-19,175,1110.0,CALL,50.0
2027-03-19,175,1120.0,CALL,75.0
2027-03-19,175,1130.0,CALL,59.0
2027-03-19,175,1140.0,CALL,65.0
2027-03-19,175,1150.0,CALL,86.0
2027-03-19,175,1160.0,CALL,56.0
2027-03-19,175,1170.0,CALL,65.0
2027-03-19,175,1180.0,CALL,100.0
2027-03-19,175,1190.0,CALL,34.0
2027-03-19,175,1200.0,CALL,354.0
2027-03-19,175,1210.0,CALL,396.0
2027-03-19,175,1220.0,CALL,823.0
2027-03-19,175,1230.0,CALL,45.0
2027-03-19,175,1240.0,CALL,454.0
2027-03-19,175,1250.0,CALL,1236.0
2027-03-19,175,1270.0,CALL,1.0
2027-03-19,175,1290.0,CALL,71.0
2027-03-19,175,1300.0,CALL,5.0
2027-03-19,175,1320.0,CALL,3.0
2027-03-19,175,1340.0,CALL,3.0
2027-03-19,175,1370.0,CALL,1.0
2027-03-19,175,1400.0,CALL,22.0
2027-03-19,175,1420.0,CALL,7.0
2027-03-19,175,1470.0,CALL,19.0
2027-03-19,175,1480.0,CALL,147.0
2027-03-19,175,1490.0,CALL,251.0
2027-03-19,175,10.0,PUT,3002.0
2027-03-19,175,15.0,PUT,15.0
2027-03-19,175,45.0,PUT,15.0
2027-03-19,175,50.0,PUT,0.0
2027-03-19,175,100.0,PUT,77.0
2027-03-19,175,110.0,PUT,0.0
2027-03-19,175,120.0,PUT,268.0
2027-03-19,175,130.0,PUT,22.0
2027-03-19,175,140.0,PUT,84.0
2027-03-19,175,150.0,PUT,158.0
2027-03-19,175,160.0,PUT,77.0
2027-03-19,175,170.0,PUT,138.0
2027-03-19,175,180.0,PUT,73.0
2027-03-19,175,190.0,PUT,31.0
2027-03-19,175,200.0,PUT,60.0
2027-03-19,175,210.0,PUT,34.0
2027-03-19,175,220.0,PUT,187.0
2027-03-19,175,230.0,PUT,102.0
2027-03-19,175,240.0,PUT,59.0
2027-03-19,175,250.0,PUT,204.0
2027-03-19,175,260.0,PUT,97.0
2027-03-19,175,270.0,PUT,433.0
2027-03-19,175,280.0,PUT,73.0
2027-03-19,175,290.0,PUT,46.0
2027-03-19,175,300.0,PUT,364.0
2027-03-19,175,310.0,PUT,43.0
2027-03-19,175,320.0,PUT,112.0
2027-03-19,175,330.0,PUT,50.0
2027-03-19,175,340.0,PUT,277.0
2027-03-19,175,350.0,PUT,417.0
2027-03-19,175,360.0,PUT,345.0
2027-03-19,175,370.0,PUT,427.0
2027-03-19,175,380.0,PUT,408.0
2027-03-19,175,390.0,PUT,303.0
2027-03-19,175,400.0,PUT,1398.0
2027-03-19,175,410.0,PUT,800.0
2027-03-19,175,420.0,PUT,2668.0
2027-03-19,175,430.0,PUT,967.0
2027-03-19,175,440.0,PUT,543.0
2027-03-19,175,450.0,PUT,4128.0
2027-03-19,175,460.0,PUT,2043.0
2027-03-19,175,470.0,PUT,1323.0
2027-03-19,175,480.0,PUT,1410.0
2027-03-19,175,490.0,PUT,1698.0
2027-03-19,175,500.0,PUT,4478.0
2027-03-19,175,510.0,PUT,885.0
2027-03-19,175,520.0,PUT,1097.0
2027-03-19,175,530.0,PUT,1101.0
2027-03-19,175,540.0,PUT,1806.0
2027-03-19,175,550.0,PUT,4306.0
2027-03-19,175,560.0,PUT,940.0
2027-03-19,175,565.0,PUT,345.0
2027-03-19,175,570.0,PUT,1419.0
2027-03-19,175,575.0,PUT,268.0
2027-03-19,175,580.0,PUT,1477.0
2027-03-19,175,585.0,PUT,265.0
2027-03-19,175,590.0,PUT,479.0
2027-03-19,175,595.0,PUT,175.0
2027-03-19,175,600.0,PUT,1554.0
2027-03-19,175,605.0,PUT,248.0
2027-03-19,175,610.0,PUT,1650.0
2027-03-19,175,615.0,PUT,175.0
2027-03-19,175,620.0,PUT,951.0
2027-03-19,175,625.0,PUT,314.0
2027-03-19,175,630.0,PUT,635.0
2027-03-19,175,635.0,PUT,371.0
2027-03-19,175,640.0,PUT,345.0
2027-03-19,175,645.0,PUT,226.0
2027-03-19,175,650.0,PUT,1115.0
2027-03-19,175,655.0,PUT,186.0
2027-03-19,175,660.0,PUT,571.0
2027-03-19,175,665.0,PUT,5124.0
2027-03-19,175,670.0,PUT,378.0
2027-03-19,175,675.0,PUT,75.0
2027-03-19,175,680.0,PUT,497.0
2027-03-19,175,685.0,PUT,174.0
2027-03-19,175,690.0,PUT,177.0
2027-03-19,175,695.0,PUT,181.0
2027-03-19,175,700.0,PUT,471.0
2027-03-19,175,705.0,PUT,59.0
2027-03-19,175,710.0,PUT,169.0
2027-03-19,175,715.0,PUT,106.0
2027-03-19,175,720.0,PUT,209.0
2027-03-19,175,725.0,PUT,70.0
2027-03-19,175,730.0,PUT,341.0
2027-03-19,175,735.0,PUT,57.0
2027-03-19,175,740.0,PUT,218.0
2027-03-19,175,745.0,PUT,49.0
2027-03-19,175,750.0,PUT,291.0
2027-03-19,175,755.0,PUT,64.0
2027-03-19,175,760.0,PUT,206.0
2027-03-19,175,770.0,PUT,75.0
2027-03-19,175,780.0,PUT,69.0
2027-03-19,175,790.0,PUT,175.0
2027-03-19,175,800.0,PUT,284.0
2027-03-19,175,810.0,PUT,160.0
2027-03-19,175,820.0,PUT,10.0
2027-03-19,175,840.0,PUT,4.0
2027-03-19,175,850.0,PUT,124.0
2027-03-19,175,860.0,PUT,4.0
2027-03-19,175,870.0,PUT,4.0
2027-03-19,175,880.0,PUT,4.0
2027-03-19,175,890.0,PUT,6.0
2027-03-19,175,900.0,PUT,7.0
2027-03-19,175,910.0,PUT,0.0
2027-03-19,175,920.0,PUT,0.0
2027-03-19,175,930.0,PUT,0.0
2027-03-19,175,950.0,PUT,0.0
2027-03-19,175,970.0,PUT,0.0
2027-03-19,175,980.0,PUT,0.0
2027-03-19,175,990.0,PUT,0.0
2027-03-19,175,1000.0,PUT,1.0
2027-03-19,175,1030.0,PUT,0.0
2027-03-19,175,1100.0,PUT,0.0
2027-03-19,175,1220.0,PUT,0.0
