expiration,DTE,strike,option_type,openInterest
2026-09-25,1,100.0,CALL,0.0
2026-09-25,1,130.0,CALL,0.0
2026-09-25,1,170.0,CALL,0.0
2026-09-25,1,180.0,CALL,0.0
2026-09-25,1,200.0,CALL,0.0
2026-09-25,1,260.0,CALL,0.0
2026-09-25,1,290.0,CALL,0.0
2026-09-25,1,300.0,CALL,0.0
2026-09-25,1,400.0,CALL,1.0
2026-09-25,1,435.0,CALL,0.0
2026-09-25,1,440.0,CALL,31.0
2026-09-25,1,445.0,CALL,0.0
2026-09-25,1,450.0,CALL,27.0
2026-09-25,1,460.0,CALL,0.0
2026-09-25,1,470.0,CALL,0.0
2026-09-25,1,475.0,CALL,0.0
2026-09-25,1,480.0,CALL,0.0
2026-09-25,1,485.0,CALL,0.0
2026-09-25,1,490.0,CALL,0.0
2026-09-25,1,495.0,CALL,0.0
2026-09-25,1,500.0,CALL,6.0
2026-09-25,1,505.0,CALL,1.0
2026-09-25,1,510.0,CALL,0.0
2026-09-25,1,515.0,CALL,3.0
2026-09-25,1,520.0,CALL,5.0
2026-09-25,1,525.0,CALL,3.0
2026-09-25,1,530.0,CALL,16.0
2026-09-25,1,535.0,CALL,10.0
2026-09-25,1,540.0,CALL,60.0
2026-09-25,1,545.0,CALL,127.0
2026-09-25,1,547.5,CALL,8.0
2026-09-25,1,550.0,CALL,169.0
2026-09-25,1,552.5,CALL,5.0
2026-09-25,1,555.0,CALL,14.0
2026-09-25,1,557.5,CALL,4.0
2026-09-25,1,560.0,CALL,32.0
2026-09-25,1,562.5,CALL,5.0
2026-09-25,1,565.0,CALL,320.0
2026-09-25,1,567.5,CALL,3.0
2026-09-25,1,570.0,CALL,310.0
2026-09-25,1,572.5,CALL,5.0
2026-09-25,1,575.0,CALL,274.0
2026-09-25,1,577.5,CALL,4.0
2026-09-25,1,580.0,CALL,556.0
2026-09-25,1,582.5,CALL,9.0
2026-09-25,1,585.0,CALL,592.0
2026-09-25,1,587.5,CALL,14.0
2026-09-25,1,590.0,CALL,735.0
2026-09-25,1,592.5,CALL,28.0
2026-09-25,1,595.0,CALL,407.0
2026-09-25,1,597.5,CALL,30.0
2026-09-25,1,600.0,CALL,1620.0
2026-09-25,1,602.5,CALL,16.0
2026-09-25,1,605.0,CALL,601.0
2026-09-25,1,607.5,CALL,5.0
2026-09-25,1,610.0,CALL,668.0
2026-09-25,1,612.5,CALL,59.0
2026-09-25,1,615.0,CALL,790.0
2026-09-25,1,617.5,CALL,24.0
2026-09-25,1,620.0,CALL,1201.0
2026-09-25,1,622.5,CALL,28.0
2026-09-25,1,625.0,CALL,1136.0
2026-09-25,1,627.5,CALL,100.0
2026-09-25,1,630.0,CALL,280.0
2026-09-25,1,632.5,CALL,108.0
2026-09-25,1,635.0,CALL,798.0
2026-09-25,1,637.5,CALL,36.0
2026-09-25,1,640.0,CALL,707.0
2026-09-25,1,642.5,CALL,30.0
2026-09-25,1,645.0,CALL,646.0
2026-09-25,1,647.5,CALL,2534.0
2026-09-25,1,650.0,CALL,4046.0
2026-09-25,1,652.5,CALL,85.0
2026-09-25,1,655.0,CALL,784.0
2026-09-25,1,657.5,CALL,157.0
2026-09-25,1,660.0,CALL,2330.0
2026-09-25,1,662.5,CALL,64.0
2026-09-25,1,665.0,CALL,610.0
2026-09-25,1,667.5,CALL,279.0
2026-09-25,1,670.0,CALL,1370.0
2026-09-25,1,672.5,CALL,348.0
2026-09-25,1,675.0,CALL,1928.0
2026-09-25,1,677.5,CALL,460.0
2026-09-25,1,680.0,CALL,1862.0
2026-09-25,1,682.5,CALL,177.0
2026-09-25,1,685.0,CALL,1589.0
2026-09-25,1,687.5,CALL,2220.0
2026-09-25,1,690.0,CALL,2523.0
2026-09-25,1,692.5,CALL,1009.0
2026-09-25,1,695.0,CALL,500.0
2026-09-25,1,697.5,CALL,365.0
2026-09-25,1,700.0,CALL,4507.0
2026-09-25,1,702.5,CALL,2531.0
2026-09-25,1,705.0,CALL,3359.0
2026-09-25,1,707.5,CALL,210.0
2026-09-25,1,710.0,CALL,1997.0
2026-09-25,1,712.5,CALL,469.0
2026-09-25,1,715.0,CALL,906.0
2026-09-25,1,717.5,CALL,1640.0
2026-09-25,1,720.0,CALL,2879.0
2026-09-25,1,722.5,CALL,878.0
2026-09-25,1,725.0,CALL,1559.0
2026-09-25,1,727.5,CALL,1126.0
2026-09-25,1,730.0,CALL,2170.0
2026-09-25,1,732.5,CALL,421.0
2026-09-25,1,735.0,CALL,1303.0
2026-09-25,1,737.5,CALL,417.0
2026-09-25,1,740.0,CALL,3459.0
2026-09-25,1,742.5,CALL,1307.0
2026-09-25,1,745.0,CALL,3054.0
2026-09-25,1,747.5,CALL,1753.0
2026-09-25,1,750.0,CALL,10801.0
2026-09-25,1,755.0,CALL,2768.0
2026-09-25,1,760.0,CALL,3385.0
2026-09-25,1,765.0,CALL,6137.0
2026-09-25,1,770.0,CALL,3281.0
2026-09-25,1,775.0,CALL,5796.0
2026-09-25,1,780.0,CALL,3714.0
2026-09-25,1,785.0,CALL,2702.0
2026-09-25,1,790.0,CALL,2060.0
2026-09-25,1,795.0,CALL,881.0
2026-09-25,1,800.0,CALL,12984.0
2026-09-25,1,805.0,CALL,1512.0
2026-09-25,1,810.0,CALL,1988.0
2026-09-25,1,815.0,CALL,1465.0
2026-09-25,1,820.0,CALL,2944.0
2026-09-25,1,825.0,CALL,2363.0
2026-09-25,1,830.0,CALL,1625.0
2026-09-25,1,835.0,CALL,1672.0
2026-09-25,1,840.0,CALL,775.0
2026-09-25,1,845.0,CALL,1063.0
2026-09-25,1,850.0,CALL,3648.0
2026-09-25,1,855.0,CALL,1339.0
2026-09-25,1,860.0,CALL,1091.0
2026-09-25,1,865.0,CALL,693.0
2026-09-25,1,870.0,CALL,824.0
2026-09-25,1,875.0,CALL,2367.0
2026-09-25,1,880.0,CALL,3179.0
2026-09-25,1,885.0,CALL,438.0
2026-09-25,1,890.0,CALL,615.0
2026-09-25,1,895.0,CALL,251.0
2026-09-25,1,900.0,CALL,3665.0
2026-09-25,1,905.0,CALL,333.0
2026-09-25,1,910.0,CALL,295.0
2026-09-25,1,915.0,CALL,220.0
2026-09-25,1,920.0,CALL,649.0
2026-09-25,1,925.0,CALL,250.0
2026-09-25,1,930.0,CALL,632.0
2026-09-25,1,935.0,CALL,244.0
2026-09-25,1,940.0,CALL,467.0
2026-09-25,1,945.0,CALL,203.0
2026-09-25,1,950.0,CALL,194.0
2026-09-25,1,955.0,CALL,269.0
2026-09-25,1,960.0,CALL,243.0
2026-09-25,1,965.0,CALL,296.0
2026-09-25,1,970.0,CALL,213.0
2026-09-25,1,975.0,CALL,325.0
2026-09-25,1,980.0,CALL,490.0
2026-09-25,1,985.0,CALL,343.0
2026-09-25,1,990.0,CALL,394.0
2026-09-25,1,995.0,CALL,205.0
2026-09-25,1,1000.0,CALL,1482.0
2026-09-25,1,1010.0,CALL,467.0
2026-09-25,1,1020.0,CALL,559.0
2026-09-25,1,1030.0,CALL,217.0
2026-09-25,1,1040.0,CALL,457.0
2026-09-25,1,1050.0,CALL,447.0
2026-09-25,1,1060.0,CALL,209.0
2026-09-25,1,1070.0,CALL,469.0
2026-09-25,1,1220.0,CALL,9.0
2026-09-25,1,1250.0,CALL,5.0
2026-09-25,1,1300.0,CALL,6.0
2026-09-25,1,1490.0,CALL,3.0
2026-09-25,1,130.0,PUT,1017.0
2026-09-25,1,140.0,PUT,1010.0
2026-09-25,1,150.0,PUT,1000.0
2026-09-25,1,200.0,PUT,129.0
2026-09-25,1,210.0,PUT,143.0
2026-09-25,1,220.0,PUT,38.0
2026-09-25,1,230.0,PUT,36.0
2026-09-25,1,240.0,PUT,19.0
2026-09-25,1,250.0,PUT,46.0
2026-09-25,1,260.0,PUT,71.0
2026-09-25,1,270.0,PUT,12.0
2026-09-25,1,290.0,PUT,3.0
2026-09-25,1,300.0,PUT,145.0
2026-09-25,1,310.0,PUT,0.0
2026-09-25,1,320.0,PUT,98.0
2026-09-25,1,330.0,PUT,20.0
2026-09-25,1,340.0,PUT,17.0
2026-09-25,1,350.0,PUT,634.0
2026-09-25,1,360.0,PUT,70.0
2026-09-25,1,370.0,PUT,765.0
2026-09-25,1,380.0,PUT,138.0
2026-09-25,1,390.0,PUT,154.0
2026-09-25,1,400.0,PUT,245.0
2026-09-25,1,405.0,PUT,164.0
2026-09-25,1,410.0,PUT,251.0
2026-09-25,1,415.0,PUT,334.0
2026-09-25,1,420.0,PUT,112.0
2026-09-25,1,425.0,PUT,136.0
2026-09-25,1,430.0,PUT,101.0
2026-09-25,1,435.0,PUT,83.0
2026-09-25,1,440.0,PUT,142.0
2026-09-25,1,445.0,PUT,316.0
2026-09-25,1,450.0,PUT,420.0
2026-09-25,1,455.0,PUT,212.0
2026-09-25,1,460.0,PUT,213.0
2026-09-25,1,465.0,PUT,207.0
2026-09-25,1,470.0,PUT,194.0
2026-09-25,1,475.0,PUT,307.0
2026-09-25,1,480.0,PUT,581.0
2026-09-25,1,485.0,PUT,421.0
2026-09-25,1,490.0,PUT,360.0
2026-09-25,1,495.0,PUT,341.0
2026-09-25,1,500.0,PUT,434.0
2026-09-25,1,505.0,PUT,352.0
2026-09-25,1,510.0,PUT,588.0
2026-09-25,1,515.0,PUT,552.0
2026-09-25,1,520.0,PUT,4985.0
2026-09-25,1,525.0,PUT,447.0
2026-09-25,1,530.0,PUT,936.0
2026-09-25,1,535.0,PUT,671.0
2026-09-25,1,540.0,PUT,836.0
2026-09-25,1,545.0,PUT,586.0
2026-09-25,1,547.5,PUT,462.0
2026-09-25,1,550.0,PUT,2036.0
2026-09-25,1,552.5,PUT,965.0
2026-09-25,1,555.0,PUT,280.0
2026-09-25,1,557.5,PUT,156.0
2026-09-25,1,560.0,PUT,2895.0
2026-09-25,1,562.5,PUT,111.0
2026-09-25,1,565.0,PUT,759.0
2026-09-25,1,567.5,PUT,952.0
2026-09-25,1,570.0,PUT,743.0
2026-09-25,1,572.5,PUT,105.0
2026-09-25,1,575.0,PUT,1248.0
2026-09-25,1,577.5,PUT,308.0
2026-09-25,1,580.0,PUT,842.0
2026-09-25,1,582.5,PUT,38.0
2026-09-25,1,585.0,PUT,584.0
2026-09-25,1,587.5,PUT,73.0
2026-09-25,1,590.0,PUT,709.0
2026-09-25,1,592.5,PUT,101.0
2026-09-25,1,595.0,PUT,408.0
2026-09-25,1,597.5,PUT,171.0
2026-09-25,1,600.0,PUT,1874.0
2026-09-25,1,602.5,PUT,66.0
2026-09-25,1,605.0,PUT,990.0
2026-09-25,1,607.5,PUT,282.0
2026-09-25,1,610.0,PUT,1993.0
2026-09-25,1,612.5,PUT,572.0
2026-09-25,1,615.0,PUT,993.0
2026-09-25,1,617.5,PUT,205.0
2026-09-25,1,620.0,PUT,1118.0
2026-09-25,1,622.5,PUT,190.0
2026-09-25,1,625.0,PUT,1233.0
2026-09-25,1,627.5,PUT,235.0
2026-09-25,1,630.0,PUT,1130.0
2026-09-25,1,632.5,PUT,405.0
2026-09-25,1,635.0,PUT,1018.0
2026-09-25,1,637.5,PUT,391.0
2026-09-25,1,640.0,PUT,5883.0
2026-09-25,1,642.5,PUT,209.0
2026-09-25,1,645.0,PUT,769.0
2026-09-25,1,647.5,PUT,351.0
2026-09-25,1,650.0,PUT,6239.0
2026-09-25,1,652.5,PUT,271.0
2026-09-25,1,655.0,PUT,764.0
2026-09-25,1,657.5,PUT,364.0
2026-09-25,1,660.0,PUT,1286.0
2026-09-25,1,662.5,PUT,561.0
2026-09-25,1,665.0,PUT,994.0
2026-09-25,1,667.5,PUT,518.0
2026-09-25,1,670.0,PUT,2893.0
2026-09-25,1,672.5,PUT,1998.0
2026-09-25,1,675.0,PUT,1850.0
2026-09-25,1,677.5,PUT,762.0
2026-09-25,1,680.0,PUT,1771.0
2026-09-25,1,682.5,PUT,955.0
2026-09-25,1,685.0,PUT,1467.0
2026-09-25,1,687.5,PUT,683.0
2026-09-25,1,690.0,PUT,1376.0
2026-09-25,1,692.5,PUT,572.0
2026-09-25,1,695.0,PUT,1987.0
2026-09-25,1,697.5,PUT,510.0
2026-09-25,1,700.0,PUT,5803.0
2026-09-25,1,702.5,PUT,2620.0
2026-09-25,1,705.0,PUT,1584.0
2026-09-25,1,707.5,PUT,435.0
2026-09-25,1,710.0,PUT,3386.0
2026-09-25,1,712.5,PUT,493.0
2026-09-25,1,715.0,PUT,3277.0
2026-09-25,1,717.5,PUT,596.0
2026-09-25,1,720.0,PUT,2054.0
2026-09-25,1,722.5,PUT,1048.0
2026-09-25,1,725.0,PUT,3241.0
2026-09-25,1,727.5,PUT,808.0
2026-09-25,1,730.0,PUT,3323.0
2026-09-25,1,732.5,PUT,381.0
2026-09-25,1,735.0,PUT,2202.0
2026-09-25,1,737.5,PUT,622.0
2026-09-25,1,740.0,PUT,2804.0
2026-09-25,1,742.5,PUT,532.0
2026-09-25,1,745.0,PUT,947.0
2026-09-25,1,747.5,PUT,3269.0
2026-09-25,1,750.0,PUT,3370.0
2026-09-25,1,755.0,PUT,1725.0
2026-09-25,1,760.0,PUT,862.0
2026-09-25,1,765.0,PUT,369.0
2026-09-25,1,770.0,PUT,216.0
2026-09-25,1,775.0,PUT,140.0
2026-09-25,1,780.0,PUT,69.0
2026-09-25,1,785.0,PUT,79.0
2026-09-25,1,790.0,PUT,110.0
2026-09-25,1,795.0,PUT,27.0
2026-09-25,1,800.0,PUT,165.0
2026-09-25,1,805.0,PUT,5.0
2026-09-25,1,810.0,PUT,11.0
2026-09-25,1,815.0,PUT,1.0
2026-09-25,1,820.0,PUT,105.0
2026-09-25,1,830.0,PUT,16.0
2026-09-25,1,840.0,PUT,20.0
2026-09-25,1,850.0,PUT,7.0
2026-09-25,1,865.0,PUT,1.0
2026-09-25,1,880.0,PUT,0.0
2026-09-25,1,935.0,PUT,0.0
2026-09-28,4,565.0,CALL,1.0
2026-09-28,4,570.0,CALL,2.0
2026-09-28,4,575.0,CALL,3.0
2026-09-28,4,580.0,CALL,26.0
2026-09-28,4,585.0,CALL,6.0
2026-09-28,4,590.0,CALL,11.0
2026-09-28,4,592.5,CALL,3.0
2026-09-28,4,595.0,CALL,9.0
2026-09-28,4,597.5,CALL,3.0
2026-09-28,4,600.0,CALL,16.0
2026-09-28,4,605.0,CALL,2.0
2026-09-28,4,615.0,CALL,2.0
2026-09-28,4,617.5,CALL,4.0
2026-09-28,4,620.0,CALL,2.0
2026-09-28,4,622.5,CALL,2.0
2026-09-28,4,625.0,CALL,7.0
2026-09-28,4,627.5,CALL,1.0
2026-09-28,4,630.0,CALL,2.0
2026-09-28,4,635.0,CALL,3.0
2026-09-28,4,637.5,CALL,0.0
2026-09-28,4,640.0,CALL,8.0
2026-09-28,4,645.0,CALL,7.0
2026-09-28,4,647.5,CALL,5.0
2026-09-28,4,650.0,CALL,83.0
2026-09-28,4,652.5,CALL,5.0
2026-09-28,4,655.0,CALL,26.0
2026-09-28,4,657.5,CALL,8.0
2026-09-28,4,660.0,CALL,30.0
2026-09-28,4,662.5,CALL,36.0
2026-09-28,4,665.0,CALL,65.0
2026-09-28,4,667.5,CALL,184.0
2026-09-28,4,670.0,CALL,148.0
2026-09-28,4,672.5,CALL,142.0
2026-09-28,4,675.0,CALL,116.0
2026-09-28,4,677.5,CALL,42.0
2026-09-28,4,680.0,CALL,200.0
2026-09-28,4,682.5,CALL,45.0
2026-09-28,4,685.0,CALL,119.0
2026-09-28,4,687.5,CALL,26.0
2026-09-28,4,690.0,CALL,171.0
2026-09-28,4,692.5,CALL,31.0
2026-09-28,4,695.0,CALL,102.0
2026-09-28,4,697.5,CALL,65.0
2026-09-28,4,700.0,CALL,347.0
2026-09-28,4,702.5,CALL,47.0
2026-09-28,4,705.0,CALL,170.0
2026-09-28,4,707.5,CALL,49.0
2026-09-28,4,710.0,CALL,131.0
2026-09-28,4,712.5,CALL,58.0
2026-09-28,4,715.0,CALL,68.0
2026-09-28,4,717.5,CALL,55.0
2026-09-28,4,720.0,CALL,147.0
2026-09-28,4,722.5,CALL,44.0
2026-09-28,4,725.0,CALL,362.0
2026-09-28,4,727.5,CALL,82.0
2026-09-28,4,730.0,CALL,143.0
2026-09-28,4,732.5,CALL,35.0
2026-09-28,4,735.0,CALL,98.0
2026-09-28,4,737.5,CALL,376.0
2026-09-28,4,740.0,CALL,246.0
2026-09-28,4,742.5,CALL,133.0
2026-09-28,4,745.0,CALL,202.0
2026-09-28,4,747.5,CALL,219.0
2026-09-28,4,750.0,CALL,1032.0
2026-09-28,4,755.0,CALL,634.0
2026-09-28,4,760.0,CALL,715.0
2026-09-28,4,765.0,CALL,752.0
2026-09-28,4,770.0,CALL,1041.0
2026-09-28,4,775.0,CALL,707.0
2026-09-28,4,780.0,CALL,683.0
2026-09-28,4,785.0,CALL,522.0
2026-09-28,4,790.0,CALL,578.0
2026-09-28,4,795.0,CALL,351.0
2026-09-28,4,800.0,CALL,3050.0
2026-09-28,4,805.0,CALL,236.0
2026-09-28,4,810.0,CALL,140.0
2026-09-28,4,815.0,CALL,269.0
2026-09-28,4,820.0,CALL,266.0
2026-09-28,4,825.0,CALL,93.0
2026-09-28,4,830.0,CALL,222.0
2026-09-28,4,835.0,CALL,89.0
2026-09-28,4,840.0,CALL,320.0
2026-09-28,4,845.0,CALL,140.0
2026-09-28,4,850.0,CALL,410.0
2026-09-28,4,855.0,CALL,69.0
2026-09-28,4,860.0,CALL,97.0
2026-09-28,4,865.0,CALL,392.0
2026-09-28,4,870.0,CALL,56.0
2026-09-28,4,875.0,CALL,48.0
2026-09-28,4,880.0,CALL,298.0
2026-09-28,4,885.0,CALL,109.0
2026-09-28,4,890.0,CALL,85.0
2026-09-28,4,895.0,CALL,52.0
2026-09-28,4,900.0,CALL,348.0
2026-09-28,4,905.0,CALL,9.0
2026-09-28,4,910.0,CALL,4.0
2026-09-28,4,920.0,CALL,1.0
2026-09-28,4,925.0,CALL,3.0
2026-09-28,4,930.0,CALL,1.0
2026-09-28,4,940.0,CALL,181.0
2026-09-28,4,950.0,CALL,48.0
2026-09-28,4,955.0,CALL,10.0
2026-09-28,4,960.0,CALL,78.0
2026-09-28,4,965.0,CALL,15.0
2026-09-28,4,970.0,CALL,53.0
2026-09-28,4,975.0,CALL,15.0
2026-09-28,4,980.0,CALL,8.0
2026-09-28,4,985.0,CALL,4.0
2026-09-28,4,990.0,CALL,3.0
2026-09-28,4,1000.0,CALL,2.0
2026-09-28,4,1490.0,CALL,11.0
2026-09-28,4,510.0,PUT,10.0
2026-09-28,4,515.0,PUT,7.0
2026-09-28,4,520.0,PUT,1.0
2026-09-28,4,525.0,PUT,2.0
2026-09-28,4,530.0,PUT,5.0
2026-09-28,4,535.0,PUT,5.0
2026-09-28,4,540.0,PUT,5.0
2026-09-28,4,545.0,PUT,36.0
2026-09-28,4,550.0,PUT,6.0
2026-09-28,4,555.0,PUT,16.0
2026-09-28,4,560.0,PUT,4.0
2026-09-28,4,565.0,PUT,105.0
2026-09-28,4,570.0,PUT,6.0
2026-09-28,4,575.0,PUT,15.0
2026-09-28,4,580.0,PUT,27.0
2026-09-28,4,585.0,PUT,18.0
2026-09-28,4,587.5,PUT,13.0
2026-09-28,4,590.0,PUT,38.0
2026-09-28,4,592.5,PUT,4.0
2026-09-28,4,595.0,PUT,18.0
2026-09-28,4,597.5,PUT,11.0
2026-09-28,4,600.0,PUT,67.0
2026-09-28,4,602.5,PUT,20.0
2026-09-28,4,605.0,PUT,5.0
2026-09-28,4,607.5,PUT,10.0
2026-09-28,4,610.0,PUT,80.0
2026-09-28,4,612.5,PUT,6.0
2026-09-28,4,615.0,PUT,18.0
2026-09-28,4,617.5,PUT,15.0
2026-09-28,4,620.0,PUT,37.0
2026-09-28,4,622.5,PUT,25.0
2026-09-28,4,625.0,PUT,24.0
2026-09-28,4,627.5,PUT,75.0
2026-09-28,4,630.0,PUT,104.0
2026-09-28,4,632.5,PUT,11.0
2026-09-28,4,635.0,PUT,165.0
2026-09-28,4,637.5,PUT,23.0
2026-09-28,4,640.0,PUT,70.0
2026-09-28,4,642.5,PUT,147.0
2026-09-28,4,645.0,PUT,56.0
2026-09-28,4,647.5,PUT,15.0
2026-09-28,4,650.0,PUT,221.0
2026-09-28,4,652.5,PUT,14.0
2026-09-28,4,655.0,PUT,267.0
2026-09-28,4,657.5,PUT,59.0
2026-09-28,4,660.0,PUT,270.0
2026-09-28,4,662.5,PUT,96.0
2026-09-28,4,665.0,PUT,225.0
2026-09-28,4,667.5,PUT,73.0
2026-09-28,4,670.0,PUT,257.0
2026-09-28,4,672.5,PUT,124.0
2026-09-28,4,675.0,PUT,244.0
2026-09-28,4,677.5,PUT,434.0
2026-09-28,4,680.0,PUT,412.0
2026-09-28,4,682.5,PUT,263.0
2026-09-28,4,685.0,PUT,414.0
2026-09-28,4,687.5,PUT,48.0
2026-09-28,4,690.0,PUT,266.0
2026-09-28,4,692.5,PUT,366.0
2026-09-28,4,695.0,PUT,234.0
2026-09-28,4,697.5,PUT,264.0
2026-09-28,4,700.0,PUT,1141.0
2026-09-28,4,702.5,PUT,151.0
2026-09-28,4,705.0,PUT,159.0
2026-09-28,4,707.5,PUT,138.0
2026-09-28,4,710.0,PUT,1153.0
2026-09-28,4,712.5,PUT,78.0
2026-09-28,4,715.0,PUT,301.0
2026-09-28,4,717.5,PUT,202.0
2026-09-28,4,720.0,PUT,249.0
2026-09-28,4,722.5,PUT,77.0
2026-09-28,4,725.0,PUT,264.0
2026-09-28,4,727.5,PUT,105.0
2026-09-28,4,730.0,PUT,271.0
2026-09-28,4,732.5,PUT,156.0
2026-09-28,4,735.0,PUT,253.0
2026-09-28,4,737.5,PUT,174.0
2026-09-28,4,740.0,PUT,338.0
2026-09-28,4,742.5,PUT,241.0
2026-09-28,4,745.0,PUT,274.0
2026-09-28,4,747.5,PUT,304.0
2026-09-28,4,750.0,PUT,653.0
2026-09-28,4,755.0,PUT,382.0
2026-09-28,4,760.0,PUT,92.0
2026-09-28,4,765.0,PUT,126.0
2026-09-28,4,770.0,PUT,90.0
2026-09-28,4,775.0,PUT,127.0
2026-09-28,4,780.0,PUT,52.0
2026-09-28,4,785.0,PUT,32.0
2026-09-28,4,790.0,PUT,19.0
2026-09-28,4,795.0,PUT,69.0
2026-09-28,4,800.0,PUT,12.0
2026-09-28,4,810.0,PUT,2.0
2026-09-28,4,820.0,PUT,15.0
2026-09-28,4,830.0,PUT,1.0
2026-09-28,4,840.0,PUT,28.0
2026-09-28,4,850.0,PUT,2.0
2026-09-28,4,945.0,PUT,0.0
2026-09-28,4,955.0,PUT,0.0
2026-09-28,4,985.0,PUT,0.0
2026-09-28,4,1030.0,PUT,0.0
2026-09-30,6,565.0,CALL,1.0
2026-09-30,6,570.0,CALL,4.0
2026-09-30,6,575.0,CALL,5.0
2026-09-30,6,577.5,CALL,3.0
2026-09-30,6,580.0,CALL,3.0
2026-09-30,6,582.5,CALL,7.0
2026-09-30,6,585.0,CALL,1.0
2026-09-30,6,587.5,CALL,2.0
2026-09-30,6,590.0,CALL,1.0
2026-09-30,6,595.0,CALL,1.0
2026-09-30,6,602.5,CALL,1.0
2026-09-30,6,605.0,CALL,8.0
2026-09-30,6,607.5,CALL,4.0
2026-09-30,6,610.0,CALL,5.0
2026-09-30,6,612.5,CALL,3.0
2026-09-30,6,615.0,CALL,7.0
2026-09-30,6,617.5,CALL,7.0
2026-09-30,6,620.0,CALL,8.0
2026-09-30,6,622.5,CALL,3.0
2026-09-30,6,625.0,CALL,5.0
2026-09-30,6,627.5,CALL,1.0
2026-09-30,6,630.0,CALL,12.0
2026-09-30,6,632.5,CALL,5.0
2026-09-30,6,635.0,CALL,14.0
2026-09-30,6,637.5,CALL,5.0
2026-09-30,6,640.0,CALL,12.0
2026-09-30,6,642.5,CALL,25.0
2026-09-30,6,645.0,CALL,33.0
2026-09-30,6,647.5,CALL,1.0
2026-09-30,6,650.0,CALL,33.0
2026-09-30,6,652.5,CALL,3.0
2026-09-30,6,655.0,CALL,47.0
2026-09-30,6,660.0,CALL,6.0
2026-09-30,6,662.5,CALL,3.0
2026-09-30,6,665.0,CALL,24.0
2026-09-30,6,667.5,CALL,3.0
2026-09-30,6,670.0,CALL,154.0
2026-09-30,6,672.5,CALL,78.0
2026-09-30,6,675.0,CALL,102.0
2026-09-30,6,677.5,CALL,48.0
2026-09-30,6,680.0,CALL,151.0
2026-09-30,6,682.5,CALL,29.0
2026-09-30,6,685.0,CALL,91.0
2026-09-30,6,687.5,CALL,11.0
2026-09-30,6,690.0,CALL,137.0
2026-09-30,6,692.5,CALL,14.0
2026-09-30,6,695.0,CALL,70.0
2026-09-30,6,697.5,CALL,9.0
2026-09-30,6,700.0,CALL,218.0
2026-09-30,6,702.5,CALL,23.0
2026-09-30,6,705.0,CALL,94.0
2026-09-30,6,707.5,CALL,27.0
2026-09-30,6,710.0,CALL,67.0
2026-09-30,6,712.5,CALL,17.0
2026-09-30,6,715.0,CALL,59.0
2026-09-30,6,717.5,CALL,19.0
2026-09-30,6,720.0,CALL,159.0
2026-09-30,6,722.5,CALL,66.0
2026-09-30,6,725.0,CALL,125.0
2026-09-30,6,727.5,CALL,26.0
2026-09-30,6,730.0,CALL,165.0
2026-09-30,6,732.5,CALL,72.0
2026-09-30,6,735.0,CALL,97.0
2026-09-30,6,737.5,CALL,34.0
2026-09-30,6,740.0,CALL,227.0
2026-09-30,6,742.5,CALL,51.0
2026-09-30,6,745.0,CALL,215.0
2026-09-30,6,747.5,CALL,175.0
2026-09-30,6,750.0,CALL,1862.0
2026-09-30,6,755.0,CALL,168.0
2026-09-30,6,760.0,CALL,314.0
2026-09-30,6,765.0,CALL,306.0
2026-09-30,6,770.0,CALL,637.0
2026-09-30,6,775.0,CALL,206.0
2026-09-30,6,780.0,CALL,280.0
2026-09-30,6,785.0,CALL,201.0
2026-09-30,6,790.0,CALL,240.0
2026-09-30,6,795.0,CALL,91.0
2026-09-30,6,800.0,CALL,2470.0
2026-09-30,6,805.0,CALL,300.0
2026-09-30,6,810.0,CALL,286.0
2026-09-30,6,815.0,CALL,58.0
2026-09-30,6,820.0,CALL,184.0
2026-09-30,6,825.0,CALL,74.0
2026-09-30,6,830.0,CALL,230.0
2026-09-30,6,835.0,CALL,71.0
2026-09-30,6,840.0,CALL,160.0
2026-09-30,6,845.0,CALL,38.0
2026-09-30,6,850.0,CALL,736.0
2026-09-30,6,855.0,CALL,128.0
2026-09-30,6,860.0,CALL,51.0
2026-09-30,6,865.0,CALL,36.0
2026-09-30,6,870.0,CALL,61.0
2026-09-30,6,875.0,CALL,48.0
2026-09-30,6,880.0,CALL,34.0
2026-09-30,6,885.0,CALL,6.0
2026-09-30,6,890.0,CALL,16.0
2026-09-30,6,895.0,CALL,8.0
2026-09-30,6,900.0,CALL,188.0
2026-09-30,6,905.0,CALL,27.0
2026-09-30,6,910.0,CALL,51.0
2026-09-30,6,915.0,CALL,10.0
2026-09-30,6,920.0,CALL,71.0
2026-09-30,6,925.0,CALL,7.0
2026-09-30,6,930.0,CALL,37.0
2026-09-30,6,935.0,CALL,15.0
2026-09-30,6,945.0,CALL,4.0
2026-09-30,6,950.0,CALL,8.0
2026-09-30,6,955.0,CALL,3.0
2026-09-30,6,960.0,CALL,123.0
2026-09-30,6,965.0,CALL,6.0
2026-09-30,6,970.0,CALL,2.0
2026-09-30,6,975.0,CALL,4.0
2026-09-30,6,980.0,CALL,6.0
2026-09-30,6,985.0,CALL,16.0
2026-09-30,6,990.0,CALL,11.0
2026-09-30,6,1000.0,CALL,138.0
2026-09-30,6,1010.0,CALL,14.0
2026-09-30,6,1020.0,CALL,21.0
2026-09-30,6,1030.0,CALL,38.0
2026-09-30,6,1040.0,CALL,16.0
2026-09-30,6,1050.0,CALL,20.0
2026-09-30,6,1060.0,CALL,30.0
2026-09-30,6,1490.0,CALL,15.0
2026-09-30,6,510.0,PUT,52.0
2026-09-30,6,515.0,PUT,1.0
2026-09-30,6,520.0,PUT,2.0
2026-09-30,6,525.0,PUT,9.0
2026-09-30,6,530.0,PUT,55.0
2026-09-30,6,535.0,PUT,2.0
2026-09-30,6,540.0,PUT,7.0
2026-09-30,6,550.0,PUT,238.0
2026-09-30,6,555.0,PUT,17.0
2026-09-30,6,560.0,PUT,422.0
2026-09-30,6,565.0,PUT,2.0
2026-09-30,6,570.0,PUT,215.0
2026-09-30,6,575.0,PUT,48.0
2026-09-30,6,577.5,PUT,629.0
2026-09-30,6,580.0,PUT,288.0
2026-09-30,6,582.5,PUT,19.0
2026-09-30,6,585.0,PUT,12.0
2026-09-30,6,590.0,PUT,3.0
2026-09-30,6,592.5,PUT,4.0
2026-09-30,6,595.0,PUT,56.0
2026-09-30,6,597.5,PUT,12.0
2026-09-30,6,600.0,PUT,211.0
2026-09-30,6,602.5,PUT,5.0
2026-09-30,6,605.0,PUT,31.0
2026-09-30,6,607.5,PUT,17.0
2026-09-30,6,610.0,PUT,117.0
2026-09-30,6,612.5,PUT,10.0
2026-09-30,6,615.0,PUT,43.0
2026-09-30,6,617.5,PUT,16.0
2026-09-30,6,620.0,PUT,46.0
2026-09-30,6,622.5,PUT,23.0
2026-09-30,6,625.0,PUT,265.0
2026-09-30,6,627.5,PUT,14.0
2026-09-30,6,630.0,PUT,42.0
2026-09-30,6,632.5,PUT,19.0
2026-09-30,6,635.0,PUT,31.0
2026-09-30,6,637.5,PUT,56.0
2026-09-30,6,640.0,PUT,109.0
2026-09-30,6,642.5,PUT,9.0
2026-09-30,6,645.0,PUT,166.0
2026-09-30,6,647.5,PUT,42.0
2026-09-30,6,650.0,PUT,639.0
2026-09-30,6,652.5,PUT,10.0
2026-09-30,6,655.0,PUT,94.0
2026-09-30,6,657.5,PUT,239.0
2026-09-30,6,660.0,PUT,49.0
2026-09-30,6,662.5,PUT,18.0
2026-09-30,6,665.0,PUT,70.0
2026-09-30,6,667.5,PUT,54.0
2026-09-30,6,670.0,PUT,304.0
2026-09-30,6,672.5,PUT,56.0
2026-09-30,6,675.0,PUT,749.0
2026-09-30,6,677.5,PUT,283.0
2026-09-30,6,680.0,PUT,622.0
2026-09-30,6,682.5,PUT,49.0
2026-09-30,6,685.0,PUT,166.0
2026-09-30,6,687.5,PUT,51.0
2026-09-30,6,690.0,PUT,122.0
2026-09-30,6,692.5,PUT,109.0
2026-09-30,6,695.0,PUT,134.0
2026-09-30,6,697.5,PUT,39.0
2026-09-30,6,700.0,PUT,1391.0
2026-09-30,6,702.5,PUT,23.0
2026-09-30,6,705.0,PUT,2695.0
2026-09-30,6,707.5,PUT,126.0
2026-09-30,6,710.0,PUT,153.0
2026-09-30,6,712.5,PUT,82.0
2026-09-30,6,715.0,PUT,119.0
2026-09-30,6,717.5,PUT,75.0
2026-09-30,6,720.0,PUT,834.0
2026-09-30,6,722.5,PUT,39.0
2026-09-30,6,725.0,PUT,177.0
2026-09-30,6,727.5,PUT,25.0
2026-09-30,6,730.0,PUT,159.0
2026-09-30,6,732.5,PUT,78.0
2026-09-30,6,735.0,PUT,122.0
2026-09-30,6,737.5,PUT,142.0
2026-09-30,6,740.0,PUT,2439.0
2026-09-30,6,742.5,PUT,105.0
2026-09-30,6,745.0,PUT,349.0
2026-09-30,6,747.5,PUT,173.0
2026-09-30,6,750.0,PUT,307.0
2026-09-30,6,755.0,PUT,104.0
2026-09-30,6,760.0,PUT,78.0
2026-09-30,6,765.0,PUT,60.0
2026-09-30,6,770.0,PUT,262.0
2026-09-30,6,775.0,PUT,39.0
2026-09-30,6,780.0,PUT,58.0
2026-09-30,6,785.0,PUT,15.0
2026-09-30,6,790.0,PUT,44.0
2026-09-30,6,800.0,PUT,17.0
2026-09-30,6,810.0,PUT,0.0
2026-09-30,6,845.0,PUT,15.0
2026-10-02,8,100.0,CALL,0.0
2026-10-02,8,220.0,CALL,2.0
2026-10-02,8,240.0,CALL,1.0
2026-10-02,8,260.0,CALL,0.0
2026-10-02,8,290.0,CALL,3.0
2026-10-02,8,300.0,CALL,3.0
2026-10-02,8,400.0,CALL,3.0
2026-10-02,8,415.0,CALL,1.0
2026-10-02,8,435.0,CALL,1.0
2026-10-02,8,470.0,CALL,1.0
2026-10-02,8,475.0,CALL,1.0
2026-10-02,8,480.0,CALL,2.0
2026-10-02,8,485.0,CALL,1.0
2026-10-02,8,490.0,CALL,13.0
2026-10-02,8,495.0,CALL,42.0
2026-10-02,8,500.0,CALL,38.0
2026-10-02,8,505.0,CALL,13.0
2026-10-02,8,510.0,CALL,12.0
2026-10-02,8,515.0,CALL,7.0
2026-10-02,8,520.0,CALL,59.0
2026-10-02,8,525.0,CALL,15.0
2026-10-02,8,530.0,CALL,62.0
2026-10-02,8,535.0,CALL,15.0
2026-10-02,8,540.0,CALL,79.0
2026-10-02,8,545.0,CALL,39.0
2026-10-02,8,550.0,CALL,158.0
2026-10-02,8,555.0,CALL,137.0
2026-10-02,8,560.0,CALL,84.0
2026-10-02,8,565.0,CALL,271.0
2026-10-02,8,570.0,CALL,356.0
2026-10-02,8,572.5,CALL,2.0
2026-10-02,8,575.0,CALL,191.0
2026-10-02,8,577.5,CALL,0.0
2026-10-02,8,580.0,CALL,235.0
2026-10-02,8,585.0,CALL,145.0
2026-10-02,8,590.0,CALL,261.0
2026-10-02,8,592.5,CALL,1.0
2026-10-02,8,595.0,CALL,788.0
2026-10-02,8,597.5,CALL,3.0
2026-10-02,8,600.0,CALL,501.0
2026-10-02,8,602.5,CALL,1.0
2026-10-02,8,605.0,CALL,366.0
2026-10-02,8,607.5,CALL,20.0
2026-10-02,8,610.0,CALL,197.0
2026-10-02,8,612.5,CALL,29.0
2026-10-02,8,615.0,CALL,1196.0
2026-10-02,8,617.5,CALL,27.0
2026-10-02,8,620.0,CALL,431.0
2026-10-02,8,622.5,CALL,8.0
2026-10-02,8,625.0,CALL,213.0
2026-10-02,8,627.5,CALL,5.0
2026-10-02,8,630.0,CALL,499.0
2026-10-02,8,632.5,CALL,4.0
2026-10-02,8,635.0,CALL,205.0
2026-10-02,8,637.5,CALL,18.0
2026-10-02,8,640.0,CALL,521.0
2026-10-02,8,642.5,CALL,6.0
2026-10-02,8,645.0,CALL,450.0
2026-10-02,8,647.5,CALL,43.0
2026-10-02,8,650.0,CALL,1662.0
2026-10-02,8,652.5,CALL,13.0
2026-10-02,8,655.0,CALL,854.0
2026-10-02,8,657.5,CALL,17.0
2026-10-02,8,660.0,CALL,1078.0
2026-10-02,8,662.5,CALL,67.0
2026-10-02,8,665.0,CALL,336.0
2026-10-02,8,667.5,CALL,182.0
2026-10-02,8,670.0,CALL,4657.0
2026-10-02,8,672.5,CALL,67.0
2026-10-02,8,675.0,CALL,526.0
2026-10-02,8,677.5,CALL,36.0
2026-10-02,8,680.0,CALL,1018.0
2026-10-02,8,682.5,CALL,53.0
2026-10-02,8,685.0,CALL,332.0
2026-10-02,8,687.5,CALL,16.0
2026-10-02,8,690.0,CALL,569.0
2026-10-02,8,692.5,CALL,1007.0
2026-10-02,8,695.0,CALL,410.0
2026-10-02,8,697.5,CALL,67.0
2026-10-02,8,700.0,CALL,1207.0
2026-10-02,8,702.5,CALL,29.0
2026-10-02,8,705.0,CALL,227.0
2026-10-02,8,707.5,CALL,27.0
2026-10-02,8,710.0,CALL,373.0
2026-10-02,8,712.5,CALL,144.0
2026-10-02,8,715.0,CALL,947.0
2026-10-02,8,717.5,CALL,74.0
2026-10-02,8,720.0,CALL,2143.0
2026-10-02,8,722.5,CALL,72.0
2026-10-02,8,725.0,CALL,448.0
2026-10-02,8,727.5,CALL,57.0
2026-10-02,8,730.0,CALL,658.0
2026-10-02,8,732.5,CALL,1064.0
2026-10-02,8,735.0,CALL,591.0
2026-10-02,8,737.5,CALL,168.0
2026-10-02,8,740.0,CALL,3738.0
2026-10-02,8,742.5,CALL,135.0
2026-10-02,8,745.0,CALL,2056.0
2026-10-02,8,747.5,CALL,215.0
2026-10-02,8,750.0,CALL,2908.0
2026-10-02,8,755.0,CALL,799.0
2026-10-02,8,760.0,CALL,1008.0
2026-10-02,8,765.0,CALL,445.0
2026-10-02,8,770.0,CALL,1458.0
2026-10-02,8,775.0,CALL,617.0
2026-10-02,8,780.0,CALL,785.0
2026-10-02,8,785.0,CALL,288.0
2026-10-02,8,790.0,CALL,558.0
2026-10-02,8,795.0,CALL,225.0
2026-10-02,8,800.0,CALL,6312.0
2026-10-02,8,805.0,CALL,698.0
2026-10-02,8,810.0,CALL,1351.0
2026-10-02,8,815.0,CALL,123.0
2026-10-02,8,820.0,CALL,1795.0
2026-10-02,8,825.0,CALL,773.0
2026-10-02,8,830.0,CALL,614.0
2026-10-02,8,835.0,CALL,202.0
2026-10-02,8,840.0,CALL,264.0
2026-10-02,8,845.0,CALL,73.0
2026-10-02,8,850.0,CALL,1105.0
2026-10-02,8,855.0,CALL,170.0
2026-10-02,8,860.0,CALL,437.0
2026-10-02,8,865.0,CALL,91.0
2026-10-02,8,870.0,CALL,637.0
2026-10-02,8,875.0,CALL,102.0
2026-10-02,8,880.0,CALL,258.0
2026-10-02,8,885.0,CALL,64.0
2026-10-02,8,890.0,CALL,156.0
2026-10-02,8,895.0,CALL,15.0
2026-10-02,8,900.0,CALL,1432.0
2026-10-02,8,905.0,CALL,62.0
2026-10-02,8,910.0,CALL,79.0
2026-10-02,8,915.0,CALL,57.0
2026-10-02,8,920.0,CALL,197.0
2026-10-02,8,925.0,CALL,32.0
2026-10-02,8,930.0,CALL,115.0
2026-10-02,8,935.0,CALL,184.0
2026-10-02,8,940.0,CALL,137.0
2026-10-02,8,945.0,CALL,116.0
2026-10-02,8,950.0,CALL,107.0
2026-10-02,8,955.0,CALL,73.0
2026-10-02,8,960.0,CALL,255.0
2026-10-02,8,965.0,CALL,130.0
2026-10-02,8,970.0,CALL,207.0
2026-10-02,8,975.0,CALL,83.0
2026-10-02,8,980.0,CALL,51.0
2026-10-02,8,985.0,CALL,119.0
2026-10-02,8,990.0,CALL,250.0
2026-10-02,8,995.0,CALL,159.0
2026-10-02,8,1000.0,CALL,439.0
2026-10-02,8,1010.0,CALL,146.0
2026-10-02,8,1020.0,CALL,247.0
2026-10-02,8,1030.0,CALL,170.0
2026-10-02,8,1040.0,CALL,246.0
2026-10-02,8,1050.0,CALL,148.0
2026-10-02,8,1060.0,CALL,56.0
2026-10-02,8,1070.0,CALL,69.0
2026-10-02,8,1230.0,CALL,1.0
2026-10-02,8,1490.0,CALL,20.0
2026-10-02,8,130.0,PUT,11.0
2026-10-02,8,150.0,PUT,1053.0
2026-10-02,8,200.0,PUT,12.0
2026-10-02,8,270.0,PUT,2.0
2026-10-02,8,280.0,PUT,1.0
2026-10-02,8,300.0,PUT,0.0
2026-10-02,8,310.0,PUT,5.0
2026-10-02,8,320.0,PUT,0.0
2026-10-02,8,330.0,PUT,13.0
2026-10-02,8,340.0,PUT,6.0
2026-10-02,8,350.0,PUT,153.0
2026-10-02,8,360.0,PUT,29.0
2026-10-02,8,370.0,PUT,17.0
2026-10-02,8,380.0,PUT,21.0
2026-10-02,8,390.0,PUT,10.0
2026-10-02,8,400.0,PUT,192.0
2026-10-02,8,405.0,PUT,25.0
2026-10-02,8,410.0,PUT,35.0
2026-10-02,8,415.0,PUT,121.0
2026-10-02,8,420.0,PUT,13.0
2026-10-02,8,425.0,PUT,35.0
2026-10-02,8,430.0,PUT,57.0
2026-10-02,8,435.0,PUT,38.0
2026-10-02,8,440.0,PUT,273.0
2026-10-02,8,445.0,PUT,48.0
2026-10-02,8,450.0,PUT,85.0
2026-10-02,8,455.0,PUT,366.0
2026-10-02,8,460.0,PUT,237.0
2026-10-02,8,465.0,PUT,278.0
2026-10-02,8,470.0,PUT,264.0
2026-10-02,8,475.0,PUT,422.0
2026-10-02,8,480.0,PUT,213.0
2026-10-02,8,485.0,PUT,146.0
2026-10-02,8,490.0,PUT,422.0
2026-10-02,8,495.0,PUT,200.0
2026-10-02,8,500.0,PUT,643.0
2026-10-02,8,505.0,PUT,368.0
2026-10-02,8,510.0,PUT,314.0
2026-10-02,8,515.0,PUT,1940.0
2026-10-02,8,520.0,PUT,351.0
2026-10-02,8,525.0,PUT,410.0
2026-10-02,8,530.0,PUT,536.0
2026-10-02,8,535.0,PUT,240.0
2026-10-02,8,540.0,PUT,2059.0
2026-10-02,8,545.0,PUT,494.0
2026-10-02,8,550.0,PUT,546.0
2026-10-02,8,555.0,PUT,286.0
2026-10-02,8,560.0,PUT,870.0
2026-10-02,8,565.0,PUT,152.0
2026-10-02,8,570.0,PUT,210.0
2026-10-02,8,572.5,PUT,25.0
2026-10-02,8,575.0,PUT,247.0
2026-10-02,8,580.0,PUT,521.0
2026-10-02,8,582.5,PUT,21.0
2026-10-02,8,585.0,PUT,449.0
2026-10-02,8,587.5,PUT,23.0
2026-10-02,8,590.0,PUT,451.0
2026-10-02,8,592.5,PUT,6.0
2026-10-02,8,595.0,PUT,196.0
2026-10-02,8,597.5,PUT,4.0
2026-10-02,8,600.0,PUT,2944.0
2026-10-02,8,602.5,PUT,46.0
2026-10-02,8,605.0,PUT,1511.0
2026-10-02,8,607.5,PUT,87.0
2026-10-02,8,610.0,PUT,228.0
2026-10-02,8,612.5,PUT,35.0
2026-10-02,8,615.0,PUT,1098.0
2026-10-02,8,617.5,PUT,14.0
2026-10-02,8,620.0,PUT,927.0
2026-10-02,8,622.5,PUT,9.0
2026-10-02,8,625.0,PUT,474.0
2026-10-02,8,627.5,PUT,50.0
2026-10-02,8,630.0,PUT,1993.0
2026-10-02,8,632.5,PUT,132.0
2026-10-02,8,635.0,PUT,610.0
2026-10-02,8,637.5,PUT,89.0
2026-10-02,8,640.0,PUT,323.0
2026-10-02,8,642.5,PUT,106.0
2026-10-02,8,645.0,PUT,391.0
2026-10-02,8,647.5,PUT,84.0
2026-10-02,8,650.0,PUT,1329.0
2026-10-02,8,652.5,PUT,2003.0
2026-10-02,8,655.0,PUT,2086.0
2026-10-02,8,657.5,PUT,64.0
2026-10-02,8,660.0,PUT,755.0
2026-10-02,8,662.5,PUT,90.0
2026-10-02,8,665.0,PUT,219.0
2026-10-02,8,667.5,PUT,54.0
2026-10-02,8,670.0,PUT,664.0
2026-10-02,8,672.5,PUT,276.0
2026-10-02,8,675.0,PUT,636.0
2026-10-02,8,677.5,PUT,58.0
2026-10-02,8,680.0,PUT,809.0
2026-10-02,8,682.5,PUT,19.0
2026-10-02,8,685.0,PUT,434.0
2026-10-02,8,687.5,PUT,52.0
2026-10-02,8,690.0,PUT,577.0
2026-10-02,8,692.5,PUT,116.0
2026-10-02,8,695.0,PUT,184.0
2026-10-02,8,697.5,PUT,219.0
2026-10-02,8,700.0,PUT,2675.0
2026-10-02,8,702.5,PUT,124.0
2026-10-02,8,705.0,PUT,194.0
2026-10-02,8,707.5,PUT,176.0
2026-10-02,8,710.0,PUT,532.0
2026-10-02,8,712.5,PUT,171.0
2026-10-02,8,715.0,PUT,518.0
2026-10-02,8,717.5,PUT,69.0
2026-10-02,8,720.0,PUT,695.0
2026-10-02,8,722.5,PUT,73.0
2026-10-02,8,725.0,PUT,650.0
2026-10-02,8,727.5,PUT,106.0
2026-10-02,8,730.0,PUT,2033.0
2026-10-02,8,732.5,PUT,53.0
2026-10-02,8,735.0,PUT,268.0
2026-10-02,8,737.5,PUT,82.0
2026-10-02,8,740.0,PUT,1113.0
2026-10-02,8,742.5,PUT,99.0
2026-10-02,8,745.0,PUT,321.0
2026-10-02,8,747.5,PUT,404.0
2026-10-02,8,750.0,PUT,491.0
2026-10-02,8,755.0,PUT,133.0
2026-10-02,8,760.0,PUT,314.0
2026-10-02,8,765.0,PUT,31.0
2026-10-02,8,770.0,PUT,61.0
2026-10-02,8,775.0,PUT,19.0
2026-10-02,8,780.0,PUT,15.0
2026-10-02,8,785.0,PUT,5.0
2026-10-02,8,790.0,PUT,96.0
2026-10-02,8,795.0,PUT,6.0
2026-10-02,8,800.0,PUT,14.0
2026-10-02,8,805.0,PUT,17.0
2026-10-02,8,810.0,PUT,1.0
2026-10-02,8,820.0,PUT,4.0
2026-10-02,8,825.0,PUT,5.0
2026-10-02,8,830.0,PUT,18.0
2026-10-02,8,835.0,PUT,5.0
2026-10-02,8,850.0,PUT,18.0
2026-10-02,8,855.0,PUT,15.0
2026-10-05,11,635.0,CALL,2.0
2026-10-05,11,645.0,CALL,2.0
2026-10-05,11,650.0,CALL,3.0
2026-10-05,11,660.0,CALL,1.0
2026-10-05,11,670.0,CALL,5.0
2026-10-05,11,675.0,CALL,1.0
2026-10-05,11,680.0,CALL,6.0
2026-10-05,11,685.0,CALL,5.0
2026-10-05,11,690.0,CALL,6.0
2026-10-05,11,695.0,CALL,4.0
2026-10-05,11,700.0,CALL,34.0
2026-10-05,11,705.0,CALL,2.0
2026-10-05,11,710.0,CALL,21.0
2026-10-05,11,715.0,CALL,9.0
2026-10-05,11,720.0,CALL,1653.0
2026-10-05,11,725.0,CALL,14.0
2026-10-05,11,730.0,CALL,336.0
2026-10-05,11,735.0,CALL,109.0
2026-10-05,11,737.5,CALL,23.0
2026-10-05,11,740.0,CALL,2648.0
2026-10-05,11,742.5,CALL,7.0
2026-10-05,11,745.0,CALL,1648.0
2026-10-05,11,747.5,CALL,94.0
2026-10-05,11,750.0,CALL,191.0
2026-10-05,11,755.0,CALL,53.0
2026-10-05,11,760.0,CALL,68.0
2026-10-05,11,765.0,CALL,43.0
2026-10-05,11,770.0,CALL,112.0
2026-10-05,11,775.0,CALL,40.0
2026-10-05,11,780.0,CALL,56.0
2026-10-05,11,785.0,CALL,24.0
2026-10-05,11,790.0,CALL,10.0
2026-10-05,11,795.0,CALL,9.0
2026-10-05,11,800.0,CALL,196.0
2026-10-05,11,805.0,CALL,12.0
2026-10-05,11,815.0,CALL,11.0
2026-10-05,11,825.0,CALL,10.0
2026-10-05,11,830.0,CALL,11.0
2026-10-05,11,835.0,CALL,11.0
2026-10-05,11,840.0,CALL,14.0
2026-10-05,11,845.0,CALL,23.0
2026-10-05,11,850.0,CALL,18.0
2026-10-05,11,855.0,CALL,5.0
2026-10-05,11,860.0,CALL,5.0
2026-10-05,11,865.0,CALL,17.0
2026-10-05,11,870.0,CALL,16.0
2026-10-05,11,880.0,CALL,27.0
2026-10-05,11,895.0,CALL,6.0
2026-10-05,11,900.0,CALL,28.0
2026-10-05,11,910.0,CALL,90.0
2026-10-05,11,920.0,CALL,2.0
2026-10-05,11,925.0,CALL,10.0
2026-10-05,11,930.0,CALL,10.0
2026-10-05,11,1000.0,CALL,12.0
2026-10-05,11,515.0,PUT,9.0
2026-10-05,11,530.0,PUT,11.0
2026-10-05,11,540.0,PUT,6.0
2026-10-05,11,590.0,PUT,7.0
2026-10-05,11,595.0,PUT,1.0
2026-10-05,11,600.0,PUT,7.0
2026-10-05,11,605.0,PUT,2.0
2026-10-05,11,615.0,PUT,3.0
2026-10-05,11,620.0,PUT,5.0
2026-10-05,11,625.0,PUT,2.0
2026-10-05,11,630.0,PUT,18.0
2026-10-05,11,635.0,PUT,8.0
2026-10-05,11,640.0,PUT,14.0
2026-10-05,11,645.0,PUT,5.0
2026-10-05,11,650.0,PUT,31.0
2026-10-05,11,655.0,PUT,7.0
2026-10-05,11,660.0,PUT,25.0
2026-10-05,11,665.0,PUT,4.0
2026-10-05,11,670.0,PUT,14.0
2026-10-05,11,675.0,PUT,59.0
2026-10-05,11,680.0,PUT,37.0
2026-10-05,11,685.0,PUT,34.0
2026-10-05,11,690.0,PUT,46.0
2026-10-05,11,692.5,PUT,1.0
2026-10-05,11,695.0,PUT,45.0
2026-10-05,11,700.0,PUT,388.0
2026-10-05,11,702.5,PUT,63.0
2026-10-05,11,705.0,PUT,46.0
2026-10-05,11,707.5,PUT,48.0
2026-10-05,11,710.0,PUT,88.0
2026-10-05,11,715.0,PUT,43.0
2026-10-05,11,720.0,PUT,79.0
2026-10-05,11,725.0,PUT,142.0
2026-10-05,11,727.5,PUT,11.0
2026-10-05,11,730.0,PUT,338.0
2026-10-05,11,732.5,PUT,2.0
2026-10-05,11,735.0,PUT,154.0
2026-10-05,11,737.5,PUT,63.0
2026-10-05,11,740.0,PUT,52.0
2026-10-05,11,742.5,PUT,9.0
2026-10-05,11,745.0,PUT,103.0
2026-10-05,11,747.5,PUT,203.0
2026-10-05,11,750.0,PUT,84.0
2026-10-05,11,755.0,PUT,24.0
2026-10-05,11,765.0,PUT,15.0
2026-10-05,11,770.0,PUT,18.0
2026-10-05,11,805.0,PUT,11.0
2026-10-09,15,240.0,CALL,7.0
2026-10-09,15,400.0,CALL,2.0
2026-10-09,15,435.0,CALL,0.0
2026-10-09,15,490.0,CALL,2.0
2026-10-09,15,500.0,CALL,3.0
2026-10-09,15,510.0,CALL,1.0
2026-10-09,15,520.0,CALL,1.0
2026-10-09,15,525.0,CALL,5.0
2026-10-09,15,530.0,CALL,1.0
2026-10-09,15,535.0,CALL,2.0
2026-10-09,15,540.0,CALL,2.0
2026-10-09,15,545.0,CALL,13.0
2026-10-09,15,550.0,CALL,22.0
2026-10-09,15,555.0,CALL,85.0
2026-10-09,15,560.0,CALL,21.0
2026-10-09,15,565.0,CALL,29.0
2026-10-09,15,570.0,CALL,76.0
2026-10-09,15,575.0,CALL,97.0
2026-10-09,15,580.0,CALL,72.0
2026-10-09,15,585.0,CALL,81.0
2026-10-09,15,590.0,CALL,33.0
2026-10-09,15,595.0,CALL,25.0
2026-10-09,15,600.0,CALL,43.0
2026-10-09,15,605.0,CALL,89.0
2026-10-09,15,610.0,CALL,115.0
2026-10-09,15,615.0,CALL,340.0
2026-10-09,15,620.0,CALL,123.0
2026-10-09,15,625.0,CALL,60.0
2026-10-09,15,630.0,CALL,264.0
2026-10-09,15,635.0,CALL,64.0
2026-10-09,15,640.0,CALL,210.0
2026-10-09,15,645.0,CALL,128.0
2026-10-09,15,650.0,CALL,249.0
2026-10-09,15,655.0,CALL,142.0
2026-10-09,15,657.5,CALL,3.0
2026-10-09,15,660.0,CALL,351.0
2026-10-09,15,662.5,CALL,6.0
2026-10-09,15,665.0,CALL,745.0
2026-10-09,15,670.0,CALL,455.0
2026-10-09,15,672.5,CALL,15.0
2026-10-09,15,675.0,CALL,323.0
2026-10-09,15,677.5,CALL,8.0
2026-10-09,15,680.0,CALL,239.0
2026-10-09,15,682.5,CALL,2.0
2026-10-09,15,685.0,CALL,417.0
2026-10-09,15,687.5,CALL,9.0
2026-10-09,15,690.0,CALL,217.0
2026-10-09,15,692.5,CALL,7.0
2026-10-09,15,695.0,CALL,197.0
2026-10-09,15,697.5,CALL,15.0
2026-10-09,15,700.0,CALL,621.0
2026-10-09,15,702.5,CALL,46.0
2026-10-09,15,705.0,CALL,145.0
2026-10-09,15,710.0,CALL,264.0
2026-10-09,15,715.0,CALL,382.0
2026-10-09,15,720.0,CALL,453.0
2026-10-09,15,725.0,CALL,328.0
2026-10-09,15,730.0,CALL,310.0
2026-10-09,15,735.0,CALL,170.0
2026-10-09,15,740.0,CALL,425.0
2026-10-09,15,745.0,CALL,327.0
2026-10-09,15,750.0,CALL,927.0
2026-10-09,15,755.0,CALL,792.0
2026-10-09,15,760.0,CALL,397.0
2026-10-09,15,765.0,CALL,240.0
2026-10-09,15,770.0,CALL,488.0
2026-10-09,15,775.0,CALL,224.0
2026-10-09,15,780.0,CALL,352.0
2026-10-09,15,785.0,CALL,141.0
2026-10-09,15,790.0,CALL,236.0
2026-10-09,15,795.0,CALL,230.0
2026-10-09,15,800.0,CALL,656.0
2026-10-09,15,805.0,CALL,69.0
2026-10-09,15,810.0,CALL,213.0
2026-10-09,15,815.0,CALL,87.0
2026-10-09,15,820.0,CALL,205.0
2026-10-09,15,825.0,CALL,114.0
2026-10-09,15,830.0,CALL,77.0
2026-10-09,15,835.0,CALL,204.0
2026-10-09,15,840.0,CALL,727.0
2026-10-09,15,845.0,CALL,220.0
2026-10-09,15,850.0,CALL,307.0
2026-10-09,15,855.0,CALL,78.0
2026-10-09,15,860.0,CALL,77.0
2026-10-09,15,865.0,CALL,68.0
2026-10-09,15,870.0,CALL,83.0
2026-10-09,15,875.0,CALL,28.0
2026-10-09,15,880.0,CALL,460.0
2026-10-09,15,885.0,CALL,31.0
2026-10-09,15,890.0,CALL,73.0
2026-10-09,15,895.0,CALL,94.0
2026-10-09,15,900.0,CALL,521.0
2026-10-09,15,905.0,CALL,43.0
2026-10-09,15,910.0,CALL,150.0
2026-10-09,15,915.0,CALL,107.0
2026-10-09,15,920.0,CALL,61.0
2026-10-09,15,925.0,CALL,130.0
2026-10-09,15,930.0,CALL,31.0
2026-10-09,15,935.0,CALL,59.0
2026-10-09,15,940.0,CALL,31.0
2026-10-09,15,945.0,CALL,32.0
2026-10-09,15,950.0,CALL,69.0
2026-10-09,15,955.0,CALL,122.0
2026-10-09,15,960.0,CALL,43.0
2026-10-09,15,965.0,CALL,68.0
2026-10-09,15,970.0,CALL,54.0
2026-10-09,15,975.0,CALL,38.0
2026-10-09,15,980.0,CALL,33.0
2026-10-09,15,985.0,CALL,43.0
2026-10-09,15,990.0,CALL,41.0
2026-10-09,15,995.0,CALL,25.0
2026-10-09,15,1000.0,CALL,212.0
2026-10-09,15,1010.0,CALL,122.0
2026-10-09,15,1020.0,CALL,130.0
2026-10-09,15,1030.0,CALL,117.0
2026-10-09,15,1040.0,CALL,138.0
2026-10-09,15,1050.0,CALL,121.0
2026-10-09,15,1060.0,CALL,132.0
2026-10-09,15,1070.0,CALL,200.0
2026-10-09,15,100.0,PUT,1.0
2026-10-09,15,260.0,PUT,17.0
2026-10-09,15,270.0,PUT,3.0
2026-10-09,15,280.0,PUT,3.0
2026-10-09,15,290.0,PUT,0.0
2026-10-09,15,300.0,PUT,1.0
2026-10-09,15,320.0,PUT,1.0
2026-10-09,15,330.0,PUT,1.0
2026-10-09,15,340.0,PUT,7.0
2026-10-09,15,350.0,PUT,13.0
2026-10-09,15,360.0,PUT,9.0
2026-10-09,15,370.0,PUT,22.0
2026-10-09,15,380.0,PUT,7.0
2026-10-09,15,390.0,PUT,6.0
2026-10-09,15,400.0,PUT,18.0
2026-10-09,15,405.0,PUT,12.0
2026-10-09,15,410.0,PUT,11.0
2026-10-09,15,415.0,PUT,13.0
2026-10-09,15,420.0,PUT,9.0
2026-10-09,15,425.0,PUT,15.0
2026-10-09,15,430.0,PUT,17.0
2026-10-09,15,435.0,PUT,109.0
2026-10-09,15,440.0,PUT,52.0
2026-10-09,15,445.0,PUT,34.0
2026-10-09,15,450.0,PUT,15.0
2026-10-09,15,455.0,PUT,7.0
2026-10-09,15,460.0,PUT,23.0
2026-10-09,15,465.0,PUT,110.0
2026-10-09,15,470.0,PUT,38.0
2026-10-09,15,475.0,PUT,29.0
2026-10-09,15,480.0,PUT,299.0
2026-10-09,15,485.0,PUT,264.0
2026-10-09,15,490.0,PUT,292.0
2026-10-09,15,495.0,PUT,47.0
2026-10-09,15,500.0,PUT,1582.0
2026-10-09,15,505.0,PUT,62.0
2026-10-09,15,510.0,PUT,163.0
2026-10-09,15,515.0,PUT,1153.0
2026-10-09,15,520.0,PUT,70.0
2026-10-09,15,525.0,PUT,89.0
2026-10-09,15,530.0,PUT,102.0
2026-10-09,15,535.0,PUT,73.0
2026-10-09,15,540.0,PUT,147.0
2026-10-09,15,545.0,PUT,201.0
2026-10-09,15,550.0,PUT,320.0
2026-10-09,15,555.0,PUT,58.0
2026-10-09,15,560.0,PUT,91.0
2026-10-09,15,565.0,PUT,3656.0
2026-10-09,15,570.0,PUT,169.0
2026-10-09,15,575.0,PUT,81.0
2026-10-09,15,580.0,PUT,242.0
2026-10-09,15,585.0,PUT,132.0
2026-10-09,15,590.0,PUT,195.0
2026-10-09,15,595.0,PUT,382.0
2026-10-09,15,600.0,PUT,503.0
2026-10-09,15,605.0,PUT,364.0
2026-10-09,15,610.0,PUT,174.0
2026-10-09,15,615.0,PUT,112.0
2026-10-09,15,620.0,PUT,192.0
2026-10-09,15,625.0,PUT,466.0
2026-10-09,15,630.0,PUT,163.0
2026-10-09,15,635.0,PUT,247.0
2026-10-09,15,640.0,PUT,324.0
2026-10-09,15,645.0,PUT,458.0
2026-10-09,15,650.0,PUT,317.0
2026-10-09,15,655.0,PUT,190.0
2026-10-09,15,657.5,PUT,12.0
2026-10-09,15,660.0,PUT,150.0
2026-10-09,15,662.5,PUT,24.0
2026-10-09,15,665.0,PUT,187.0
2026-10-09,15,667.5,PUT,6.0
2026-10-09,15,670.0,PUT,206.0
2026-10-09,15,672.5,PUT,45.0
2026-10-09,15,675.0,PUT,193.0
2026-10-09,15,677.5,PUT,12.0
2026-10-09,15,680.0,PUT,211.0
2026-10-09,15,682.5,PUT,23.0
2026-10-09,15,685.0,PUT,143.0
2026-10-09,15,687.5,PUT,116.0
2026-10-09,15,690.0,PUT,223.0
2026-10-09,15,692.5,PUT,17.0
2026-10-09,15,695.0,PUT,55.0
2026-10-09,15,697.5,PUT,21.0
2026-10-09,15,700.0,PUT,580.0
2026-10-09,15,702.5,PUT,303.0
2026-10-09,15,705.0,PUT,183.0
2026-10-09,15,710.0,PUT,453.0
2026-10-09,15,715.0,PUT,153.0
2026-10-09,15,720.0,PUT,164.0
2026-10-09,15,725.0,PUT,116.0
2026-10-09,15,730.0,PUT,231.0
2026-10-09,15,735.0,PUT,67.0
2026-10-09,15,740.0,PUT,286.0
2026-10-09,15,745.0,PUT,89.0
2026-10-09,15,750.0,PUT,249.0
2026-10-09,15,755.0,PUT,1132.0
2026-10-09,15,760.0,PUT,57.0
2026-10-09,15,765.0,PUT,52.0
2026-10-09,15,770.0,PUT,24.0
2026-10-09,15,775.0,PUT,14.0
2026-10-09,15,780.0,PUT,13.0
2026-10-09,15,785.0,PUT,5.0
2026-10-09,15,790.0,PUT,1.0
2026-10-09,15,795.0,PUT,2.0
2026-10-09,15,800.0,PUT,11.0
2026-10-09,15,805.0,PUT,2.0
2026-10-09,15,810.0,PUT,1.0
2026-10-09,15,815.0,PUT,1.0
2026-10-09,15,820.0,PUT,4.0
2026-10-09,15,830.0,PUT,1.0
2026-10-09,15,855.0,PUT,1.0
2026-10-09,15,890.0,PUT,1.0
2026-10-16,22,270.0,CALL,1284.0
2026-10-16,22,280.0,CALL,2.0
2026-10-16,22,300.0,CALL,305.0
2026-10-16,22,310.0,CALL,2.0
2026-10-16,22,320.0,CALL,8.0
2026-10-16,22,330.0,CALL,0.0
2026-10-16,22,340.0,CALL,1.0
2026-10-16,22,350.0,CALL,10.0
2026-10-16,22,360.0,CALL,0.0
2026-10-16,22,370.0,CALL,0.0
2026-10-16,22,380.0,CALL,16.0
2026-10-16,22,390.0,CALL,3.0
2026-10-16,22,400.0,CALL,19.0
2026-10-16,22,410.0,CALL,15.0
2026-10-16,22,415.0,CALL,7.0
2026-10-16,22,420.0,CALL,0.0
2026-10-16,22,425.0,CALL,1.0
2026-10-16,22,430.0,CALL,21.0
2026-10-16,22,435.0,CALL,24.0
2026-10-16,22,440.0,CALL,29.0
2026-10-16,22,445.0,CALL,25.0
2026-10-16,22,450.0,CALL,602.0
2026-10-16,22,455.0,CALL,34.0
2026-10-16,22,460.0,CALL,20.0
2026-10-16,22,465.0,CALL,15.0
2026-10-16,22,470.0,CALL,23.0
2026-10-16,22,475.0,CALL,0.0
2026-10-16,22,480.0,CALL,160.0
2026-10-16,22,485.0,CALL,27.0
2026-10-16,22,490.0,CALL,64.0
2026-10-16,22,495.0,CALL,41.0
2026-10-16,22,500.0,CALL,521.0
2026-10-16,22,505.0,CALL,30.0
2026-10-16,22,510.0,CALL,50.0
2026-10-16,22,515.0,CALL,121.0
2026-10-16,22,520.0,CALL,393.0
2026-10-16,22,525.0,CALL,165.0
2026-10-16,22,530.0,CALL,263.0
2026-10-16,22,535.0,CALL,536.0
2026-10-16,22,540.0,CALL,443.0
2026-10-16,22,545.0,CALL,225.0
2026-10-16,22,550.0,CALL,2639.0
2026-10-16,22,555.0,CALL,350.0
2026-10-16,22,560.0,CALL,1119.0
2026-10-16,22,565.0,CALL,606.0
2026-10-16,22,570.0,CALL,2174.0
2026-10-16,22,575.0,CALL,1838.0
2026-10-16,22,580.0,CALL,1654.0
2026-10-16,22,585.0,CALL,3973.0
2026-10-16,22,590.0,CALL,1784.0
2026-10-16,22,595.0,CALL,687.0
2026-10-16,22,600.0,CALL,7581.0
2026-10-16,22,605.0,CALL,803.0
2026-10-16,22,610.0,CALL,1393.0
2026-10-16,22,615.0,CALL,1154.0
2026-10-16,22,620.0,CALL,4235.0
2026-10-16,22,625.0,CALL,1119.0
2026-10-16,22,630.0,CALL,3188.0
2026-10-16,22,635.0,CALL,728.0
2026-10-16,22,640.0,CALL,4438.0
2026-10-16,22,645.0,CALL,1000.0
2026-10-16,22,650.0,CALL,7696.0
2026-10-16,22,655.0,CALL,1625.0
2026-10-16,22,657.5,CALL,14.0
2026-10-16,22,660.0,CALL,2536.0
2026-10-16,22,662.5,CALL,15.0
2026-10-16,22,665.0,CALL,1500.0
2026-10-16,22,667.5,CALL,28.0
2026-10-16,22,670.0,CALL,3388.0
2026-10-16,22,672.5,CALL,17.0
2026-10-16,22,675.0,CALL,3612.0
2026-10-16,22,677.5,CALL,29.0
2026-10-16,22,680.0,CALL,5477.0
2026-10-16,22,682.5,CALL,86.0
2026-10-16,22,685.0,CALL,1203.0
2026-10-16,22,687.5,CALL,48.0
2026-10-16,22,690.0,CALL,3605.0
2026-10-16,22,692.5,CALL,52.0
2026-10-16,22,695.0,CALL,2776.0
2026-10-16,22,697.5,CALL,251.0
2026-10-16,22,700.0,CALL,20005.0
2026-10-16,22,702.5,CALL,110.0
2026-10-16,22,705.0,CALL,2117.0
2026-10-16,22,710.0,CALL,7218.0
2026-10-16,22,715.0,CALL,1672.0
2026-10-16,22,720.0,CALL,4751.0
2026-10-16,22,725.0,CALL,3834.0
2026-10-16,22,730.0,CALL,4490.0
2026-10-16,22,735.0,CALL,2107.0
2026-10-16,22,740.0,CALL,4484.0
2026-10-16,22,745.0,CALL,856.0
2026-10-16,22,750.0,CALL,13388.0
2026-10-16,22,755.0,CALL,3391.0
2026-10-16,22,760.0,CALL,6804.0
2026-10-16,22,765.0,CALL,13695.0
2026-10-16,22,770.0,CALL,5817.0
2026-10-16,22,775.0,CALL,19440.0
2026-10-16,22,780.0,CALL,6255.0
2026-10-16,22,785.0,CALL,620.0
2026-10-16,22,790.0,CALL,2042.0
2026-10-16,22,795.0,CALL,515.0
2026-10-16,22,800.0,CALL,17134.0
2026-10-16,22,805.0,CALL,3282.0
2026-10-16,22,810.0,CALL,3502.0
2026-10-16,22,815.0,CALL,5561.0
2026-10-16,22,820.0,CALL,11658.0
2026-10-16,22,825.0,CALL,5506.0
2026-10-16,22,830.0,CALL,6982.0
2026-10-16,22,835.0,CALL,2050.0
2026-10-16,22,840.0,CALL,1174.0
2026-10-16,22,845.0,CALL,270.0
2026-10-16,22,850.0,CALL,3721.0
2026-10-16,22,855.0,CALL,389.0
2026-10-16,22,860.0,CALL,3793.0
2026-10-16,22,865.0,CALL,442.0
2026-10-16,22,870.0,CALL,1144.0
2026-10-16,22,875.0,CALL,507.0
2026-10-16,22,880.0,CALL,579.0
2026-10-16,22,885.0,CALL,556.0
2026-10-16,22,890.0,CALL,291.0
2026-10-16,22,895.0,CALL,194.0
2026-10-16,22,900.0,CALL,12779.0
2026-10-16,22,905.0,CALL,420.0
2026-10-16,22,910.0,CALL,307.0
2026-10-16,22,915.0,CALL,486.0
2026-10-16,22,920.0,CALL,287.0
2026-10-16,22,925.0,CALL,155.0
2026-10-16,22,930.0,CALL,494.0
2026-10-16,22,935.0,CALL,80.0
2026-10-16,22,940.0,CALL,150.0
2026-10-16,22,945.0,CALL,24.0
2026-10-16,22,950.0,CALL,1036.0
2026-10-16,22,955.0,CALL,71.0
2026-10-16,22,960.0,CALL,108.0
2026-10-16,22,965.0,CALL,211.0
2026-10-16,22,970.0,CALL,363.0
2026-10-16,22,975.0,CALL,112.0
2026-10-16,22,980.0,CALL,237.0
2026-10-16,22,990.0,CALL,133.0
2026-10-16,22,1000.0,CALL,2440.0
2026-10-16,22,1010.0,CALL,107.0
2026-10-16,22,1020.0,CALL,169.0
2026-10-16,22,1030.0,CALL,114.0
2026-10-16,22,1040.0,CALL,360.0
2026-10-16,22,1050.0,CALL,737.0
2026-10-16,22,1060.0,CALL,458.0
2026-10-16,22,1070.0,CALL,550.0
2026-10-16,22,1080.0,CALL,451.0
2026-10-16,22,1090.0,CALL,109.0
2026-10-16,22,1100.0,CALL,846.0
2026-10-16,22,1110.0,CALL,366.0
2026-10-16,22,1120.0,CALL,805.0
2026-10-16,22,1130.0,CALL,565.0
2026-10-16,22,1140.0,CALL,372.0
2026-10-16,22,1150.0,CALL,205.0
2026-10-16,22,1160.0,CALL,2969.0
2026-10-16,22,1170.0,CALL,2400.0
2026-10-16,22,1180.0,CALL,1848.0
2026-10-16,22,1190.0,CALL,222.0
2026-10-16,22,1200.0,CALL,2947.0
2026-10-16,22,1210.0,CALL,2271.0
2026-10-16,22,1220.0,CALL,3147.0
2026-10-16,22,1230.0,CALL,1257.0
2026-10-16,22,1240.0,CALL,2007.0
2026-10-16,22,1250.0,CALL,525.0
2026-10-16,22,1490.0,CALL,27.0
2026-10-16,22,270.0,PUT,428.0
2026-10-16,22,280.0,PUT,616.0
2026-10-16,22,290.0,PUT,1490.0
2026-10-16,22,300.0,PUT,1680.0
2026-10-16,22,310.0,PUT,963.0
2026-10-16,22,320.0,PUT,270.0
2026-10-16,22,330.0,PUT,829.0
2026-10-16,22,340.0,PUT,369.0
2026-10-16,22,350.0,PUT,540.0
2026-10-16,22,360.0,PUT,302.0
2026-10-16,22,370.0,PUT,255.0
2026-10-16,22,380.0,PUT,292.0
2026-10-16,22,390.0,PUT,450.0
2026-10-16,22,400.0,PUT,1450.0
2026-10-16,22,405.0,PUT,72.0
2026-10-16,22,410.0,PUT,1179.0
2026-10-16,22,415.0,PUT,232.0
2026-10-16,22,420.0,PUT,362.0
2026-10-16,22,425.0,PUT,188.0
2026-10-16,22,430.0,PUT,530.0
2026-10-16,22,435.0,PUT,261.0
2026-10-16,22,440.0,PUT,783.0
2026-10-16,22,445.0,PUT,105.0
2026-10-16,22,450.0,PUT,3140.0
2026-10-16,22,455.0,PUT,651.0
2026-10-16,22,460.0,PUT,1114.0
2026-10-16,22,465.0,PUT,647.0
2026-10-16,22,470.0,PUT,1770.0
2026-10-16,22,475.0,PUT,589.0
2026-10-16,22,480.0,PUT,2631.0
2026-10-16,22,485.0,PUT,2113.0
2026-10-16,22,490.0,PUT,1424.0
2026-10-16,22,495.0,PUT,703.0
2026-10-16,22,500.0,PUT,4338.0
2026-10-16,22,505.0,PUT,923.0
2026-10-16,22,510.0,PUT,1649.0
2026-10-16,22,515.0,PUT,1713.0
2026-10-16,22,520.0,PUT,2175.0
2026-10-16,22,525.0,PUT,1737.0
2026-10-16,22,530.0,PUT,1901.0
2026-10-16,22,535.0,PUT,738.0
2026-10-16,22,540.0,PUT,4366.0
2026-10-16,22,545.0,PUT,725.0
2026-10-16,22,550.0,PUT,5974.0
2026-10-16,22,555.0,PUT,592.0
2026-10-16,22,560.0,PUT,2412.0
2026-10-16,22,565.0,PUT,648.0
2026-10-16,22,570.0,PUT,2411.0
2026-10-16,22,575.0,PUT,862.0
2026-10-16,22,580.0,PUT,3580.0
2026-10-16,22,585.0,PUT,3249.0
2026-10-16,22,590.0,PUT,1860.0
2026-10-16,22,595.0,PUT,658.0
2026-10-16,22,600.0,PUT,7640.0
2026-10-16,22,605.0,PUT,830.0
2026-10-16,22,610.0,PUT,1724.0
2026-10-16,22,615.0,PUT,1364.0
2026-10-16,22,620.0,PUT,2283.0
2026-10-16,22,625.0,PUT,1400.0
2026-10-16,22,630.0,PUT,1532.0
2026-10-16,22,635.0,PUT,456.0
2026-10-16,22,640.0,PUT,3303.0
2026-10-16,22,645.0,PUT,979.0
2026-10-16,22,650.0,PUT,3182.0
2026-10-16,22,655.0,PUT,812.0
2026-10-16,22,657.5,PUT,99.0
2026-10-16,22,660.0,PUT,2172.0
2026-10-16,22,662.5,PUT,108.0
2026-10-16,22,665.0,PUT,599.0
2026-10-16,22,667.5,PUT,141.0
2026-10-16,22,670.0,PUT,2551.0
2026-10-16,22,672.5,PUT,103.0
2026-10-16,22,675.0,PUT,1497.0
2026-10-16,22,677.5,PUT,173.0
2026-10-16,22,680.0,PUT,1864.0
2026-10-16,22,682.5,PUT,184.0
2026-10-16,22,685.0,PUT,1340.0
2026-10-16,22,687.5,PUT,194.0
2026-10-16,22,690.0,PUT,719.0
2026-10-16,22,692.5,PUT,128.0
2026-10-16,22,695.0,PUT,680.0
2026-10-16,22,697.5,PUT,196.0
2026-10-16,22,700.0,PUT,3381.0
2026-10-16,22,702.5,PUT,253.0
2026-10-16,22,705.0,PUT,475.0
2026-10-16,22,710.0,PUT,1591.0
2026-10-16,22,715.0,PUT,669.0
2026-10-16,22,720.0,PUT,904.0
2026-10-16,22,725.0,PUT,1020.0
2026-10-16,22,730.0,PUT,536.0
2026-10-16,22,735.0,PUT,464.0
2026-10-16,22,740.0,PUT,1815.0
2026-10-16,22,745.0,PUT,514.0
2026-10-16,22,750.0,PUT,2316.0
2026-10-16,22,755.0,PUT,278.0
2026-10-16,22,760.0,PUT,471.0
2026-10-16,22,765.0,PUT,181.0
2026-10-16,22,770.0,PUT,104.0
2026-10-16,22,775.0,PUT,136.0
2026-10-16,22,780.0,PUT,105.0
2026-10-16,22,785.0,PUT,82.0
2026-10-16,22,790.0,PUT,351.0
2026-10-16,22,795.0,PUT,80.0
2026-10-16,22,800.0,PUT,640.0
2026-10-16,22,805.0,PUT,77.0
2026-10-16,22,810.0,PUT,63.0
2026-10-16,22,815.0,PUT,43.0
2026-10-16,22,820.0,PUT,94.0
2026-10-16,22,825.0,PUT,44.0
2026-10-16,22,830.0,PUT,44.0
2026-10-16,22,835.0,PUT,104.0
2026-10-16,22,850.0,PUT,4.0
2026-10-16,22,855.0,PUT,3.0
2026-10-16,22,860.0,PUT,1.0
2026-10-16,22,890.0,PUT,0.0
2026-10-16,22,900.0,PUT,37.0
2026-10-16,22,910.0,PUT,8.0
2026-10-16,22,920.0,PUT,0.0
2026-10-16,22,930.0,PUT,0.0
2026-10-16,22,950.0,PUT,3.0
2026-10-16,22,960.0,PUT,0.0
2026-10-16,22,970.0,PUT,0.0
2026-10-16,22,975.0,PUT,0.0
2026-10-16,22,980.0,PUT,0.0
2026-10-16,22,990.0,PUT,10.0
2026-10-16,22,1000.0,PUT,1.0
2026-10-23,29,400.0,CALL,2.0
2026-10-23,29,425.0,CALL,1.0
2026-10-23,29,475.0,CALL,0.0
2026-10-23,29,480.0,CALL,0.0
2026-10-23,29,500.0,CALL,2.0
2026-10-23,29,525.0,CALL,2.0
2026-10-23,29,535.0,CALL,2.0
2026-10-23,29,540.0,CALL,1.0
2026-10-23,29,545.0,CALL,3.0
2026-10-23,29,550.0,CALL,21.0
2026-10-23,29,555.0,CALL,6.0
2026-10-23,29,560.0,CALL,5.0
2026-10-23,29,565.0,CALL,35.0
2026-10-23,29,570.0,CALL,8.0
2026-10-23,29,575.0,CALL,12.0
2026-10-23,29,580.0,CALL,20.0
2026-10-23,29,585.0,CALL,12.0
2026-10-23,29,590.0,CALL,10.0
2026-10-23,29,595.0,CALL,5.0
2026-10-23,29,600.0,CALL,106.0
2026-10-23,29,605.0,CALL,8.0
2026-10-23,29,610.0,CALL,32.0
2026-10-23,29,615.0,CALL,24.0
2026-10-23,29,620.0,CALL,75.0
2026-10-23,29,625.0,CALL,71.0
2026-10-23,29,630.0,CALL,467.0
2026-10-23,29,635.0,CALL,94.0
2026-10-23,29,640.0,CALL,225.0
2026-10-23,29,645.0,CALL,151.0
2026-10-23,29,650.0,CALL,193.0
2026-10-23,29,655.0,CALL,148.0
2026-10-23,29,660.0,CALL,452.0
2026-10-23,29,665.0,CALL,150.0
2026-10-23,29,670.0,CALL,279.0
2026-10-23,29,675.0,CALL,174.0
2026-10-23,29,680.0,CALL,485.0
2026-10-23,29,685.0,CALL,98.0
2026-10-23,29,690.0,CALL,218.0
2026-10-23,29,695.0,CALL,110.0
2026-10-23,29,700.0,CALL,1209.0
2026-10-23,29,705.0,CALL,124.0
2026-10-23,29,710.0,CALL,299.0
2026-10-23,29,715.0,CALL,131.0
2026-10-23,29,720.0,CALL,357.0
2026-10-23,29,725.0,CALL,361.0
2026-10-23,29,730.0,CALL,187.0
2026-10-23,29,735.0,CALL,226.0
2026-10-23,29,740.0,CALL,435.0
2026-10-23,29,745.0,CALL,167.0
2026-10-23,29,750.0,CALL,492.0
2026-10-23,29,755.0,CALL,211.0
2026-10-23,29,760.0,CALL,983.0
2026-10-23,29,765.0,CALL,299.0
2026-10-23,29,770.0,CALL,359.0
2026-10-23,29,775.0,CALL,450.0
2026-10-23,29,780.0,CALL,435.0
2026-10-23,29,785.0,CALL,732.0
2026-10-23,29,790.0,CALL,199.0
2026-10-23,29,795.0,CALL,84.0
2026-10-23,29,800.0,CALL,761.0
2026-10-23,29,805.0,CALL,77.0
2026-10-23,29,810.0,CALL,301.0
2026-10-23,29,815.0,CALL,63.0
2026-10-23,29,820.0,CALL,288.0
2026-10-23,29,825.0,CALL,137.0
2026-10-23,29,830.0,CALL,158.0
2026-10-23,29,835.0,CALL,102.0
2026-10-23,29,840.0,CALL,137.0
2026-10-23,29,845.0,CALL,22.0
2026-10-23,29,850.0,CALL,406.0
2026-10-23,29,855.0,CALL,43.0
2026-10-23,29,860.0,CALL,171.0
2026-10-23,29,865.0,CALL,166.0
2026-10-23,29,870.0,CALL,146.0
2026-10-23,29,875.0,CALL,389.0
2026-10-23,29,880.0,CALL,91.0
2026-10-23,29,885.0,CALL,26.0
2026-10-23,29,890.0,CALL,204.0
2026-10-23,29,895.0,CALL,49.0
2026-10-23,29,900.0,CALL,214.0
2026-10-23,29,905.0,CALL,4.0
2026-10-23,29,910.0,CALL,123.0
2026-10-23,29,915.0,CALL,25.0
2026-10-23,29,920.0,CALL,61.0
2026-10-23,29,925.0,CALL,27.0
2026-10-23,29,930.0,CALL,18.0
2026-10-23,29,935.0,CALL,11.0
2026-10-23,29,940.0,CALL,3.0
2026-10-23,29,945.0,CALL,28.0
2026-10-23,29,950.0,CALL,74.0
2026-10-23,29,955.0,CALL,22.0
2026-10-23,29,960.0,CALL,13.0
2026-10-23,29,965.0,CALL,36.0
2026-10-23,29,970.0,CALL,19.0
2026-10-23,29,975.0,CALL,8.0
2026-10-23,29,980.0,CALL,12.0
2026-10-23,29,985.0,CALL,13.0
2026-10-23,29,990.0,CALL,12.0
2026-10-23,29,995.0,CALL,6.0
2026-10-23,29,1000.0,CALL,101.0
2026-10-23,29,1010.0,CALL,8.0
2026-10-23,29,1020.0,CALL,26.0
2026-10-23,29,1030.0,CALL,18.0
2026-10-23,29,1040.0,CALL,8.0
2026-10-23,29,1050.0,CALL,61.0
2026-10-23,29,1060.0,CALL,8.0
2026-10-23,29,1070.0,CALL,30.0
2026-10-23,29,1080.0,CALL,0.0
2026-10-23,29,1090.0,CALL,27.0
2026-10-23,29,1190.0,CALL,10.0
2026-10-23,29,100.0,PUT,4.0
2026-10-23,29,180.0,PUT,17.0
2026-10-23,29,330.0,PUT,3.0
2026-10-23,29,360.0,PUT,2.0
2026-10-23,29,370.0,PUT,2.0
2026-10-23,29,400.0,PUT,3.0
2026-10-23,29,405.0,PUT,2.0
2026-10-23,29,410.0,PUT,4.0
2026-10-23,29,415.0,PUT,4.0
2026-10-23,29,420.0,PUT,5.0
2026-10-23,29,425.0,PUT,3.0
2026-10-23,29,430.0,PUT,5.0
2026-10-23,29,435.0,PUT,16.0
2026-10-23,29,440.0,PUT,25.0
2026-10-23,29,445.0,PUT,42.0
2026-10-23,29,450.0,PUT,20.0
2026-10-23,29,455.0,PUT,8.0
2026-10-23,29,460.0,PUT,32.0
2026-10-23,29,465.0,PUT,13.0
2026-10-23,29,470.0,PUT,15.0
2026-10-23,29,475.0,PUT,6.0
2026-10-23,29,480.0,PUT,30.0
2026-10-23,29,485.0,PUT,5.0
2026-10-23,29,490.0,PUT,10.0
2026-10-23,29,495.0,PUT,14.0
2026-10-23,29,500.0,PUT,164.0
2026-10-23,29,505.0,PUT,15.0
2026-10-23,29,510.0,PUT,24.0
2026-10-23,29,515.0,PUT,15.0
2026-10-23,29,520.0,PUT,74.0
2026-10-23,29,525.0,PUT,51.0
2026-10-23,29,530.0,PUT,149.0
2026-10-23,29,535.0,PUT,88.0
2026-10-23,29,540.0,PUT,218.0
2026-10-23,29,545.0,PUT,184.0
2026-10-23,29,550.0,PUT,347.0
2026-10-23,29,555.0,PUT,101.0
2026-10-23,29,560.0,PUT,212.0
2026-10-23,29,565.0,PUT,111.0
2026-10-23,29,570.0,PUT,111.0
2026-10-23,29,575.0,PUT,156.0
2026-10-23,29,580.0,PUT,156.0
2026-10-23,29,585.0,PUT,89.0
2026-10-23,29,590.0,PUT,133.0
2026-10-23,29,595.0,PUT,320.0
2026-10-23,29,600.0,PUT,518.0
2026-10-23,29,605.0,PUT,171.0
2026-10-23,29,610.0,PUT,278.0
2026-10-23,29,615.0,PUT,415.0
2026-10-23,29,620.0,PUT,457.0
2026-10-23,29,625.0,PUT,109.0
2026-10-23,29,630.0,PUT,224.0
2026-10-23,29,635.0,PUT,208.0
2026-10-23,29,640.0,PUT,260.0
2026-10-23,29,645.0,PUT,163.0
2026-10-23,29,650.0,PUT,393.0
2026-10-23,29,655.0,PUT,240.0
2026-10-23,29,660.0,PUT,292.0
2026-10-23,29,665.0,PUT,230.0
2026-10-23,29,670.0,PUT,251.0
2026-10-23,29,675.0,PUT,268.0
2026-10-23,29,680.0,PUT,297.0
2026-10-23,29,685.0,PUT,155.0
2026-10-23,29,690.0,PUT,168.0
2026-10-23,29,695.0,PUT,95.0
2026-10-23,29,700.0,PUT,1951.0
2026-10-23,29,705.0,PUT,140.0
2026-10-23,29,710.0,PUT,120.0
2026-10-23,29,715.0,PUT,75.0
2026-10-23,29,720.0,PUT,146.0
2026-10-23,29,725.0,PUT,359.0
2026-10-23,29,730.0,PUT,111.0
2026-10-23,29,735.0,PUT,75.0
2026-10-23,29,740.0,PUT,134.0
2026-10-23,29,745.0,PUT,348.0
2026-10-23,29,750.0,PUT,283.0
2026-10-23,29,755.0,PUT,26.0
2026-10-23,29,760.0,PUT,80.0
2026-10-23,29,765.0,PUT,10.0
2026-10-23,29,770.0,PUT,1.0
2026-10-23,29,775.0,PUT,4.0
2026-10-23,29,785.0,PUT,9.0
2026-10-23,29,790.0,PUT,13.0
2026-10-23,29,800.0,PUT,55.0
2026-10-23,29,815.0,PUT,3.0
2026-10-23,29,845.0,PUT,3.0
2026-10-23,29,850.0,PUT,2.0
2026-10-23,29,900.0,PUT,1.0
2026-10-23,29,1060.0,PUT,1.0
2026-10-23,29,1070.0,PUT,0.0
2026-10-30,36,100.0,CALL,1.0
2026-10-30,36,310.0,CALL,5.0
2026-10-30,36,460.0,CALL,1.0
2026-10-30,36,480.0,CALL,1.0
2026-10-30,36,500.0,CALL,22.0
2026-10-30,36,510.0,CALL,12.0
2026-10-30,36,520.0,CALL,11.0
2026-10-30,36,530.0,CALL,1.0
2026-10-30,36,535.0,CALL,0.0
2026-10-30,36,540.0,CALL,1.0
2026-10-30,36,545.0,CALL,1.0
2026-10-30,36,550.0,CALL,23.0
2026-10-30,36,555.0,CALL,1.0
2026-10-30,36,560.0,CALL,8.0
2026-10-30,36,565.0,CALL,1.0
2026-10-30,36,570.0,CALL,4.0
2026-10-30,36,575.0,CALL,4.0
2026-10-30,36,580.0,CALL,7.0
2026-10-30,36,585.0,CALL,10.0
2026-10-30,36,590.0,CALL,12.0
2026-10-30,36,595.0,CALL,10.0
2026-10-30,36,600.0,CALL,20.0
2026-10-30,36,605.0,CALL,10.0
2026-10-30,36,610.0,CALL,23.0
2026-10-30,36,615.0,CALL,11.0
2026-10-30,36,620.0,CALL,99.0
2026-10-30,36,625.0,CALL,25.0
2026-10-30,36,630.0,CALL,39.0
2026-10-30,36,635.0,CALL,65.0
2026-10-30,36,640.0,CALL,108.0
2026-10-30,36,645.0,CALL,39.0
2026-10-30,36,650.0,CALL,718.0
2026-10-30,36,655.0,CALL,56.0
2026-10-30,36,660.0,CALL,225.0
2026-10-30,36,665.0,CALL,55.0
2026-10-30,36,670.0,CALL,251.0
2026-10-30,36,675.0,CALL,152.0
2026-10-30,36,680.0,CALL,305.0
2026-10-30,36,685.0,CALL,205.0
2026-10-30,36,690.0,CALL,211.0
2026-10-30,36,695.0,CALL,58.0
2026-10-30,36,700.0,CALL,451.0
2026-10-30,36,705.0,CALL,75.0
2026-10-30,36,710.0,CALL,185.0
2026-10-30,36,715.0,CALL,75.0
2026-10-30,36,720.0,CALL,263.0
2026-10-30,36,725.0,CALL,85.0
2026-10-30,36,730.0,CALL,350.0
2026-10-30,36,735.0,CALL,90.0
2026-10-30,36,740.0,CALL,314.0
2026-10-30,36,745.0,CALL,88.0
2026-10-30,36,750.0,CALL,738.0
2026-10-30,36,755.0,CALL,116.0
2026-10-30,36,760.0,CALL,451.0
2026-10-30,36,765.0,CALL,83.0
2026-10-30,36,770.0,CALL,276.0
2026-10-30,36,775.0,CALL,144.0
2026-10-30,36,780.0,CALL,149.0
2026-10-30,36,785.0,CALL,234.0
2026-10-30,36,790.0,CALL,228.0
2026-10-30,36,795.0,CALL,247.0
2026-10-30,36,800.0,CALL,684.0
2026-10-30,36,805.0,CALL,272.0
2026-10-30,36,810.0,CALL,201.0
2026-10-30,36,815.0,CALL,152.0
2026-10-30,36,820.0,CALL,133.0
2026-10-30,36,825.0,CALL,61.0
2026-10-30,36,830.0,CALL,112.0
2026-10-30,36,835.0,CALL,50.0
2026-10-30,36,840.0,CALL,189.0
2026-10-30,36,845.0,CALL,151.0
2026-10-30,36,850.0,CALL,502.0
2026-10-30,36,860.0,CALL,117.0
2026-10-30,36,870.0,CALL,74.0
2026-10-30,36,880.0,CALL,234.0
2026-10-30,36,890.0,CALL,71.0
2026-10-30,36,900.0,CALL,859.0
2026-10-30,36,910.0,CALL,101.0
2026-10-30,36,920.0,CALL,34.0
2026-10-30,36,930.0,CALL,40.0
2026-10-30,36,940.0,CALL,107.0
2026-10-30,36,950.0,CALL,55.0
2026-10-30,36,960.0,CALL,100.0
2026-10-30,36,970.0,CALL,622.0
2026-10-30,36,980.0,CALL,103.0
2026-10-30,36,990.0,CALL,10.0
2026-10-30,36,1000.0,CALL,170.0
2026-10-30,36,1010.0,CALL,12.0
2026-10-30,36,1020.0,CALL,3.0
2026-10-30,36,1030.0,CALL,3.0
2026-10-30,36,1040.0,CALL,18.0
2026-10-30,36,1050.0,CALL,13.0
2026-10-30,36,1060.0,CALL,4.0
2026-10-30,36,1070.0,CALL,10.0
2026-10-30,36,1090.0,CALL,2.0
2026-10-30,36,1100.0,CALL,10.0
2026-10-30,36,1110.0,CALL,2.0
2026-10-30,36,1130.0,CALL,2.0
2026-10-30,36,1150.0,CALL,1.0
2026-10-30,36,1160.0,CALL,1.0
2026-10-30,36,300.0,PUT,126.0
2026-10-30,36,350.0,PUT,6.0
2026-10-30,36,360.0,PUT,2.0
2026-10-30,36,370.0,PUT,5.0
2026-10-30,36,380.0,PUT,14.0
2026-10-30,36,390.0,PUT,5.0
2026-10-30,36,400.0,PUT,37.0
2026-10-30,36,410.0,PUT,1.0
2026-10-30,36,420.0,PUT,25.0
2026-10-30,36,440.0,PUT,8.0
2026-10-30,36,450.0,PUT,14.0
2026-10-30,36,455.0,PUT,2.0
2026-10-30,36,460.0,PUT,19.0
2026-10-30,36,470.0,PUT,238.0
2026-10-30,36,475.0,PUT,4.0
2026-10-30,36,480.0,PUT,17.0
2026-10-30,36,485.0,PUT,4.0
2026-10-30,36,490.0,PUT,14.0
2026-10-30,36,495.0,PUT,22.0
2026-10-30,36,500.0,PUT,161.0
2026-10-30,36,505.0,PUT,21.0
2026-10-30,36,510.0,PUT,18.0
2026-10-30,36,515.0,PUT,46.0
2026-10-30,36,520.0,PUT,143.0
2026-10-30,36,525.0,PUT,356.0
2026-10-30,36,530.0,PUT,30.0
2026-10-30,36,535.0,PUT,366.0
2026-10-30,36,540.0,PUT,113.0
2026-10-30,36,545.0,PUT,63.0
2026-10-30,36,550.0,PUT,265.0
2026-10-30,36,555.0,PUT,33.0
2026-10-30,36,560.0,PUT,71.0
2026-10-30,36,565.0,PUT,61.0
2026-10-30,36,570.0,PUT,112.0
2026-10-30,36,575.0,PUT,65.0
2026-10-30,36,580.0,PUT,226.0
2026-10-30,36,585.0,PUT,112.0
2026-10-30,36,590.0,PUT,250.0
2026-10-30,36,595.0,PUT,127.0
2026-10-30,36,600.0,PUT,566.0
2026-10-30,36,605.0,PUT,124.0
2026-10-30,36,610.0,PUT,215.0
2026-10-30,36,615.0,PUT,99.0
2026-10-30,36,620.0,PUT,346.0
2026-10-30,36,625.0,PUT,267.0
2026-10-30,36,630.0,PUT,272.0
2026-10-30,36,635.0,PUT,109.0
2026-10-30,36,640.0,PUT,129.0
2026-10-30,36,645.0,PUT,103.0
2026-10-30,36,650.0,PUT,502.0
2026-10-30,36,655.0,PUT,131.0
2026-10-30,36,660.0,PUT,382.0
2026-10-30,36,665.0,PUT,108.0
2026-10-30,36,670.0,PUT,195.0
2026-10-30,36,675.0,PUT,140.0
2026-10-30,36,680.0,PUT,6278.0
2026-10-30,36,685.0,PUT,43.0
2026-10-30,36,690.0,PUT,86.0
2026-10-30,36,695.0,PUT,147.0
2026-10-30,36,700.0,PUT,387.0
2026-10-30,36,705.0,PUT,121.0
2026-10-30,36,710.0,PUT,116.0
2026-10-30,36,715.0,PUT,110.0
2026-10-30,36,720.0,PUT,128.0
2026-10-30,36,725.0,PUT,42.0
2026-10-30,36,730.0,PUT,94.0
2026-10-30,36,735.0,PUT,93.0
2026-10-30,36,740.0,PUT,93.0
2026-10-30,36,745.0,PUT,110.0
2026-10-30,36,750.0,PUT,136.0
2026-10-30,36,755.0,PUT,28.0
2026-10-30,36,760.0,PUT,52.0
2026-10-30,36,765.0,PUT,22.0
2026-10-30,36,770.0,PUT,16.0
2026-10-30,36,785.0,PUT,1.0
2026-10-30,36,800.0,PUT,355.0
2026-10-30,36,830.0,PUT,1.0
2026-10-30,36,840.0,PUT,2.0
2026-10-30,36,860.0,PUT,1.0
2026-10-30,36,880.0,PUT,1.0
2026-10-30,36,900.0,PUT,24.0
2026-10-30,36,1070.0,PUT,1.0
2026-10-30,36,1480.0,PUT,0.0
2026-11-20,57,5.0,CALL,0.0
2026-11-20,57,10.0,CALL,0.0
2026-11-20,57,15.0,CALL,0.0
2026-11-20,57,20.0,CALL,0.0
2026-11-20,57,25.0,CALL,14.0
2026-11-20,57,30.0,CALL,0.0
2026-11-20,57,35.0,CALL,0.0
2026-11-20,57,40.0,CALL,0.0
2026-11-20,57,45.0,CALL,15.0
2026-11-20,57,50.0,CALL,10.0
2026-11-20,57,250.0,CALL,85.0
2026-11-20,57,260.0,CALL,4.0
2026-11-20,57,270.0,CALL,1.0
2026-11-20,57,280.0,CALL,1.0
2026-11-20,57,290.0,CALL,2.0
2026-11-20,57,300.0,CALL,17.0
2026-11-20,57,310.0,CALL,3.0
2026-11-20,57,320.0,CALL,4.0
2026-11-20,57,330.0,CALL,18.0
2026-11-20,57,340.0,CALL,6.0
2026-11-20,57,350.0,CALL,17.0
2026-11-20,57,360.0,CALL,15.0
2026-11-20,57,370.0,CALL,3.0
2026-11-20,57,380.0,CALL,16.0
2026-11-20,57,390.0,CALL,38.0
2026-11-20,57,400.0,CALL,50.0
2026-11-20,57,405.0,CALL,0.0
2026-11-20,57,410.0,CALL,0.0
2026-11-20,57,415.0,CALL,17.0
2026-11-20,57,420.0,CALL,0.0
2026-11-20,57,425.0,CALL,41.0
2026-11-20,57,430.0,CALL,8.0
2026-11-20,57,435.0,CALL,6.0
2026-11-20,57,440.0,CALL,34.0
2026-11-20,57,445.0,CALL,33.0
2026-11-20,57,450.0,CALL,756.0
2026-11-20,57,455.0,CALL,31.0
2026-11-20,57,460.0,CALL,107.0
2026-11-20,57,465.0,CALL,49.0
2026-11-20,57,470.0,CALL,54.0
2026-11-20,57,475.0,CALL,38.0
2026-11-20,57,480.0,CALL,65.0
2026-11-20,57,485.0,CALL,36.0
2026-11-20,57,490.0,CALL,16.0
2026-11-20,57,495.0,CALL,53.0
2026-11-20,57,500.0,CALL,355.0
2026-11-20,57,505.0,CALL,69.0
2026-11-20,57,510.0,CALL,679.0
2026-11-20,57,515.0,CALL,84.0
2026-11-20,57,520.0,CALL,267.0
2026-11-20,57,525.0,CALL,44.0
2026-11-20,57,530.0,CALL,982.0
2026-11-20,57,535.0,CALL,193.0
2026-11-20,57,540.0,CALL,803.0
2026-11-20,57,545.0,CALL,250.0
2026-11-20,57,550.0,CALL,1430.0
2026-11-20,57,555.0,CALL,951.0
2026-11-20,57,560.0,CALL,1456.0
2026-11-20,57,565.0,CALL,658.0
2026-11-20,57,570.0,CALL,1039.0
2026-11-20,57,575.0,CALL,771.0
2026-11-20,57,580.0,CALL,778.0
2026-11-20,57,585.0,CALL,6538.0
2026-11-20,57,590.0,CALL,3239.0
2026-11-20,57,595.0,CALL,810.0
2026-11-20,57,600.0,CALL,4813.0
2026-11-20,57,605.0,CALL,1213.0
2026-11-20,57,610.0,CALL,1614.0
2026-11-20,57,615.0,CALL,1035.0
2026-11-20,57,620.0,CALL,767.0
2026-11-20,57,625.0,CALL,889.0
2026-11-20,57,630.0,CALL,1186.0
2026-11-20,57,635.0,CALL,2365.0
2026-11-20,57,640.0,CALL,1466.0
2026-11-20,57,645.0,CALL,498.0
2026-11-20,57,650.0,CALL,4974.0
2026-11-20,57,655.0,CALL,477.0
2026-11-20,57,660.0,CALL,2993.0
2026-11-20,57,665.0,CALL,436.0
2026-11-20,57,670.0,CALL,2067.0
2026-11-20,57,675.0,CALL,928.0
2026-11-20,57,680.0,CALL,1098.0
2026-11-20,57,685.0,CALL,894.0
2026-11-20,57,690.0,CALL,910.0
2026-11-20,57,695.0,CALL,659.0
2026-11-20,57,700.0,CALL,17565.0
2026-11-20,57,705.0,CALL,715.0
2026-11-20,57,710.0,CALL,1138.0
2026-11-20,57,715.0,CALL,772.0
2026-11-20,57,720.0,CALL,1564.0
2026-11-20,57,725.0,CALL,1457.0
2026-11-20,57,730.0,CALL,903.0
2026-11-20,57,735.0,CALL,834.0
2026-11-20,57,740.0,CALL,1831.0
2026-11-20,57,745.0,CALL,739.0
2026-11-20,57,750.0,CALL,7203.0
2026-11-20,57,755.0,CALL,4249.0
2026-11-20,57,760.0,CALL,4747.0
2026-11-20,57,765.0,CALL,4157.0
2026-11-20,57,770.0,CALL,5165.0
2026-11-20,57,775.0,CALL,4640.0
2026-11-20,57,780.0,CALL,6814.0
2026-11-20,57,785.0,CALL,299.0
2026-11-20,57,790.0,CALL,1006.0
2026-11-20,57,795.0,CALL,922.0
2026-11-20,57,800.0,CALL,22732.0
2026-11-20,57,805.0,CALL,4191.0
2026-11-20,57,810.0,CALL,6730.0
2026-11-20,57,815.0,CALL,4161.0
2026-11-20,57,820.0,CALL,4824.0
2026-11-20,57,825.0,CALL,4836.0
2026-11-20,57,830.0,CALL,5238.0
2026-11-20,57,835.0,CALL,229.0
2026-11-20,57,840.0,CALL,971.0
2026-11-20,57,845.0,CALL,377.0
2026-11-20,57,850.0,CALL,2198.0
2026-11-20,57,855.0,CALL,262.0
2026-11-20,57,860.0,CALL,881.0
2026-11-20,57,865.0,CALL,214.0
2026-11-20,57,870.0,CALL,951.0
2026-11-20,57,875.0,CALL,908.0
2026-11-20,57,880.0,CALL,329.0
2026-11-20,57,885.0,CALL,163.0
2026-11-20,57,890.0,CALL,156.0
2026-11-20,57,895.0,CALL,65.0
2026-11-20,57,900.0,CALL,10170.0
2026-11-20,57,905.0,CALL,185.0
2026-11-20,57,910.0,CALL,289.0
2026-11-20,57,915.0,CALL,55.0
2026-11-20,57,920.0,CALL,260.0
2026-11-20,57,925.0,CALL,877.0
2026-11-20,57,930.0,CALL,131.0
2026-11-20,57,935.0,CALL,133.0
2026-11-20,57,940.0,CALL,178.0
2026-11-20,57,945.0,CALL,102.0
2026-11-20,57,950.0,CALL,2488.0
2026-11-20,57,955.0,CALL,61.0
2026-11-20,57,960.0,CALL,192.0
2026-11-20,57,965.0,CALL,137.0
2026-11-20,57,970.0,CALL,64.0
2026-11-20,57,975.0,CALL,53.0
2026-11-20,57,980.0,CALL,131.0
2026-11-20,57,985.0,CALL,68.0
2026-11-20,57,990.0,CALL,217.0
2026-11-20,57,995.0,CALL,42.0
2026-11-20,57,1000.0,CALL,1419.0
2026-11-20,57,1010.0,CALL,166.0
2026-11-20,57,1020.0,CALL,150.0
2026-11-20,57,1030.0,CALL,169.0
2026-11-20,57,1040.0,CALL,64.0
2026-11-20,57,1050.0,CALL,238.0
2026-11-20,57,1060.0,CALL,247.0
2026-11-20,57,1070.0,CALL,110.0
2026-11-20,57,1080.0,CALL,239.0
2026-11-20,57,1090.0,CALL,502.0
2026-11-20,57,1100.0,CALL,1468.0
2026-11-20,57,1110.0,CALL,120.0
2026-11-20,57,1120.0,CALL,101.0
2026-11-20,57,1130.0,CALL,68.0
2026-11-20,57,1140.0,CALL,130.0
2026-11-20,57,1150.0,CALL,262.0
2026-11-20,57,1160.0,CALL,120.0
2026-11-20,57,1170.0,CALL,113.0
2026-11-20,57,1180.0,CALL,35.0
2026-11-20,57,1190.0,CALL,60.0
2026-11-20,57,1200.0,CALL,1266.0
2026-11-20,57,1210.0,CALL,135.0
2026-11-20,57,1220.0,CALL,39.0
2026-11-20,57,1230.0,CALL,39.0
2026-11-20,57,1240.0,CALL,59.0
2026-11-20,57,1250.0,CALL,365.0
2026-11-20,57,1260.0,CALL,91.0
2026-11-20,57,1270.0,CALL,69.0
2026-11-20,57,1280.0,CALL,37.0
2026-11-20,57,1290.0,CALL,67.0
2026-11-20,57,1300.0,CALL,185.0
2026-11-20,57,1310.0,CALL,6.0
2026-11-20,57,1320.0,CALL,12.0
2026-11-20,57,1330.0,CALL,22.0
2026-11-20,57,1340.0,CALL,17.0
2026-11-20,57,1350.0,CALL,39.0
2026-11-20,57,1360.0,CALL,35.0
2026-11-20,57,1370.0,CALL,89.0
2026-11-20,57,1380.0,CALL,11.0
2026-11-20,57,1390.0,CALL,18.0
2026-11-20,57,1400.0,CALL,69.0
2026-11-20,57,1410.0,CALL,39.0
2026-11-20,57,1420.0,CALL,70.0
2026-11-20,57,1430.0,CALL,53.0
2026-11-20,57,1440.0,CALL,151.0
2026-11-20,57,1450.0,CALL,245.0
2026-11-20,57,1460.0,CALL,94.0
2026-11-20,57,1470.0,CALL,309.0
2026-11-20,57,1480.0,CALL,6250.0
2026-11-20,57,1490.0,CALL,1.0
2026-11-20,57,5.0,PUT,0.0
2026-11-20,57,10.0,PUT,0.0
2026-11-20,57,20.0,PUT,20.0
2026-11-20,57,25.0,PUT,0.0
2026-11-20,57,30.0,PUT,10.0
2026-11-20,57,35.0,PUT,0.0
2026-11-20,57,40.0,PUT,33.0
2026-11-20,57,45.0,PUT,0.0
2026-11-20,57,50.0,PUT,43.0
2026-11-20,57,250.0,PUT,2450.0
2026-11-20,57,260.0,PUT,198.0
2026-11-20,57,270.0,PUT,112.0
2026-11-20,57,280.0,PUT,46.0
2026-11-20,57,290.0,PUT,180.0
2026-11-20,57,300.0,PUT,501.0
2026-11-20,57,310.0,PUT,127.0
2026-11-20,57,320.0,PUT,41.0
2026-11-20,57,330.0,PUT,65.0
2026-11-20,57,340.0,PUT,253.0
2026-11-20,57,350.0,PUT,416.0
2026-11-20,57,360.0,PUT,278.0
2026-11-20,57,370.0,PUT,215.0
2026-11-20,57,380.0,PUT,148.0
2026-11-20,57,390.0,PUT,254.0
2026-11-20,57,400.0,PUT,846.0
2026-11-20,57,405.0,PUT,184.0
2026-11-20,57,410.0,PUT,161.0
2026-11-20,57,415.0,PUT,169.0
2026-11-20,57,420.0,PUT,1007.0
2026-11-20,57,425.0,PUT,637.0
2026-11-20,57,430.0,PUT,241.0
2026-11-20,57,435.0,PUT,753.0
2026-11-20,57,440.0,PUT,607.0
2026-11-20,57,445.0,PUT,359.0
2026-11-20,57,450.0,PUT,1588.0
2026-11-20,57,455.0,PUT,384.0
2026-11-20,57,460.0,PUT,597.0
2026-11-20,57,465.0,PUT,401.0
2026-11-20,57,470.0,PUT,1476.0
2026-11-20,57,475.0,PUT,666.0
2026-11-20,57,480.0,PUT,2533.0
2026-11-20,57,485.0,PUT,467.0
2026-11-20,57,490.0,PUT,852.0
2026-11-20,57,495.0,PUT,740.0
2026-11-20,57,500.0,PUT,3575.0
2026-11-20,57,505.0,PUT,711.0
2026-11-20,57,510.0,PUT,1262.0
2026-11-20,57,515.0,PUT,1281.0
2026-11-20,57,520.0,PUT,1085.0
2026-11-20,57,525.0,PUT,821.0
2026-11-20,57,530.0,PUT,2360.0
2026-11-20,57,535.0,PUT,1218.0
2026-11-20,57,540.0,PUT,2286.0
2026-11-20,57,545.0,PUT,841.0
2026-11-20,57,550.0,PUT,3047.0
2026-11-20,57,555.0,PUT,1397.0
2026-11-20,57,560.0,PUT,2037.0
2026-11-20,57,565.0,PUT,974.0
2026-11-20,57,570.0,PUT,1561.0
2026-11-20,57,575.0,PUT,888.0
2026-11-20,57,580.0,PUT,1952.0
2026-11-20,57,585.0,PUT,7436.0
2026-11-20,57,590.0,PUT,2931.0
2026-11-20,57,595.0,PUT,771.0
2026-11-20,57,600.0,PUT,4279.0
2026-11-20,57,605.0,PUT,635.0
2026-11-20,57,610.0,PUT,990.0
2026-11-20,57,615.0,PUT,762.0
2026-11-20,57,620.0,PUT,1137.0
2026-11-20,57,625.0,PUT,1251.0
2026-11-20,57,630.0,PUT,2008.0
2026-11-20,57,635.0,PUT,396.0
2026-11-20,57,640.0,PUT,1350.0
2026-11-20,57,645.0,PUT,773.0
2026-11-20,57,650.0,PUT,2771.0
2026-11-20,57,655.0,PUT,355.0
2026-11-20,57,660.0,PUT,731.0
2026-11-20,57,665.0,PUT,255.0
2026-11-20,57,670.0,PUT,475.0
2026-11-20,57,675.0,PUT,397.0
2026-11-20,57,680.0,PUT,1116.0
2026-11-20,57,685.0,PUT,269.0
2026-11-20,57,690.0,PUT,402.0
2026-11-20,57,695.0,PUT,255.0
2026-11-20,57,700.0,PUT,888.0
2026-11-20,57,705.0,PUT,616.0
2026-11-20,57,710.0,PUT,193.0
2026-11-20,57,715.0,PUT,108.0
2026-11-20,57,720.0,PUT,678.0
2026-11-20,57,725.0,PUT,227.0
2026-11-20,57,730.0,PUT,223.0
2026-11-20,57,735.0,PUT,1042.0
2026-11-20,57,740.0,PUT,466.0
2026-11-20,57,745.0,PUT,606.0
2026-11-20,57,750.0,PUT,256.0
2026-11-20,57,755.0,PUT,142.0
2026-11-20,57,760.0,PUT,219.0
2026-11-20,57,765.0,PUT,69.0
2026-11-20,57,770.0,PUT,57.0
2026-11-20,57,775.0,PUT,26.0
2026-11-20,57,780.0,PUT,186.0
2026-11-20,57,785.0,PUT,52.0
2026-11-20,57,790.0,PUT,87.0
2026-11-20,57,795.0,PUT,19.0
2026-11-20,57,800.0,PUT,193.0
2026-11-20,57,805.0,PUT,23.0
2026-11-20,57,810.0,PUT,1.0
2026-11-20,57,815.0,PUT,11.0
2026-11-20,57,820.0,PUT,1.0
2026-11-20,57,825.0,PUT,0.0
2026-11-20,57,830.0,PUT,0.0
2026-11-20,57,835.0,PUT,1.0
2026-11-20,57,845.0,PUT,0.0
2026-11-20,57,850.0,PUT,16.0
2026-11-20,57,860.0,PUT,1.0
2026-11-20,57,870.0,PUT,21.0
2026-11-20,57,875.0,PUT,0.0
2026-11-20,57,880.0,PUT,10.0
2026-11-20,57,885.0,PUT,5.0
2026-11-20,57,890.0,PUT,0.0
2026-11-20,57,895.0,PUT,0.0
2026-11-20,57,900.0,PUT,84.0
2026-11-20,57,905.0,PUT,0.0
2026-11-20,57,910.0,PUT,0.0
2026-11-20,57,915.0,PUT,0.0
2026-11-20,57,920.0,PUT,0.0
2026-11-20,57,925.0,PUT,0.0
2026-11-20,57,930.0,PUT,1.0
2026-11-20,57,935.0,PUT,0.0
2026-11-20,57,940.0,PUT,27.0
2026-11-20,57,950.0,PUT,1.0
2026-11-20,57,985.0,PUT,0.0
2026-11-20,57,1000.0,PUT,10.0
2026-11-20,57,1050.0,PUT,6.0
2026-11-20,57,1230.0,PUT,0.0
2026-11-20,57,1470.0,PUT,0.0
2026-11-20,57,1480.0,PUT,0.0
2026-11-20,57,1490.0,PUT,0.0
2026-12-18,85,5.0,CALL,0.0
2026-12-18,85,10.0,CALL,0.0
2026-12-18,85,15.0,CALL,1.0
2026-12-18,85,20.0,CALL,6.0
2026-12-18,85,25.0,CALL,0.0
2026-12-18,85,30.0,CALL,1.0
2026-12-18,85,45.0,CALL,1.0
2026-12-18,85,50.0,CALL,6.0
2026-12-18,85,55.0,CALL,1.0
2026-12-18,85,70.0,CALL,1.0
2026-12-18,85,75.0,CALL,0.0
2026-12-18,85,80.0,CALL,2.0
2026-12-18,85,95.0,CALL,2.0
2026-12-18,85,100.0,CALL,111.0
2026-12-18,85,110.0,CALL,26.0
2026-12-18,85,120.0,CALL,30.0
2026-12-18,85,130.0,CALL,17.0
2026-12-18,85,140.0,CALL,114.0
2026-12-18,85,150.0,CALL,126.0
2026-12-18,85,160.0,CALL,62.0
2026-12-18,85,170.0,CALL,83.0
2026-12-18,85,180.0,CALL,187.0
2026-12-18,85,190.0,CALL,225.0
2026-12-18,85,200.0,CALL,337.0
2026-12-18,85,210.0,CALL,264.0
2026-12-18,85,220.0,CALL,288.0
2026-12-18,85,230.0,CALL,157.0
2026-12-18,85,240.0,CALL,43.0
2026-12-18,85,250.0,CALL,298.0
2026-12-18,85,260.0,CALL,824.0
2026-12-18,85,270.0,CALL,48.0
2026-12-18,85,280.0,CALL,79.0
2026-12-18,85,290.0,CALL,66.0
2026-12-18,85,300.0,CALL,195.0
2026-12-18,85,310.0,CALL,94.0
2026-12-18,85,320.0,CALL,140.0
2026-12-18,85,330.0,CALL,64.0
2026-12-18,85,340.0,CALL,122.0
2026-12-18,85,350.0,CALL,250.0
2026-12-18,85,360.0,CALL,139.0
2026-12-18,85,370.0,CALL,152.0
2026-12-18,85,380.0,CALL,57.0
2026-12-18,85,390.0,CALL,493.0
2026-12-18,85,400.0,CALL,1594.0
2026-12-18,85,410.0,CALL,2614.0
2026-12-18,85,420.0,CALL,892.0
2026-12-18,85,430.0,CALL,98.0
2026-12-18,85,440.0,CALL,174.0
2026-12-18,85,450.0,CALL,903.0
2026-12-18,85,460.0,CALL,173.0
2026-12-18,85,470.0,CALL,2152.0
2026-12-18,85,480.0,CALL,213.0
2026-12-18,85,490.0,CALL,832.0
2026-12-18,85,500.0,CALL,1829.0
2026-12-18,85,510.0,CALL,164.0
2026-12-18,85,520.0,CALL,803.0
2026-12-18,85,530.0,CALL,845.0
2026-12-18,85,540.0,CALL,582.0
2026-12-18,85,550.0,CALL,1313.0
2026-12-18,85,560.0,CALL,899.0
2026-12-18,85,565.0,CALL,753.0
2026-12-18,85,570.0,CALL,1232.0
2026-12-18,85,575.0,CALL,756.0
2026-12-18,85,580.0,CALL,1081.0
2026-12-18,85,585.0,CALL,348.0
2026-12-18,85,590.0,CALL,654.0
2026-12-18,85,595.0,CALL,398.0
2026-12-18,85,600.0,CALL,3510.0
2026-12-18,85,605.0,CALL,505.0
2026-12-18,85,610.0,CALL,986.0
2026-12-18,85,615.0,CALL,420.0
2026-12-18,85,620.0,CALL,1461.0
2026-12-18,85,625.0,CALL,412.0
2026-12-18,85,630.0,CALL,1242.0
2026-12-18,85,635.0,CALL,211.0
2026-12-18,85,640.0,CALL,1711.0
2026-12-18,85,645.0,CALL,567.0
2026-12-18,85,650.0,CALL,5163.0
2026-12-18,85,655.0,CALL,601.0
2026-12-18,85,660.0,CALL,2307.0
2026-12-18,85,665.0,CALL,691.0
2026-12-18,85,670.0,CALL,1308.0
2026-12-18,85,675.0,CALL,357.0
2026-12-18,85,680.0,CALL,1821.0
2026-12-18,85,685.0,CALL,235.0
2026-12-18,85,690.0,CALL,759.0
2026-12-18,85,695.0,CALL,334.0
2026-12-18,85,700.0,CALL,7680.0
2026-12-18,85,705.0,CALL,515.0
2026-12-18,85,710.0,CALL,610.0
2026-12-18,85,715.0,CALL,317.0
2026-12-18,85,720.0,CALL,3548.0
2026-12-18,85,725.0,CALL,881.0
2026-12-18,85,730.0,CALL,2394.0
2026-12-18,85,735.0,CALL,479.0
2026-12-18,85,740.0,CALL,964.0
2026-12-18,85,745.0,CALL,522.0
2026-12-18,85,750.0,CALL,5388.0
2026-12-18,85,755.0,CALL,2155.0
2026-12-18,85,760.0,CALL,2888.0
2026-12-18,85,765.0,CALL,2143.0
2026-12-18,85,770.0,CALL,2776.0
2026-12-18,85,775.0,CALL,2853.0
2026-12-18,85,780.0,CALL,3618.0
2026-12-18,85,785.0,CALL,705.0
2026-12-18,85,790.0,CALL,1789.0
2026-12-18,85,795.0,CALL,592.0
2026-12-18,85,800.0,CALL,11892.0
2026-12-18,85,805.0,CALL,2031.0
2026-12-18,85,810.0,CALL,1953.0
2026-12-18,85,815.0,CALL,2206.0
2026-12-18,85,820.0,CALL,2415.0
2026-12-18,85,825.0,CALL,2353.0
2026-12-18,85,830.0,CALL,3113.0
2026-12-18,85,835.0,CALL,229.0
2026-12-18,85,840.0,CALL,1197.0
2026-12-18,85,845.0,CALL,2463.0
2026-12-18,85,850.0,CALL,3486.0
2026-12-18,85,860.0,CALL,1195.0
2026-12-18,85,870.0,CALL,938.0
2026-12-18,85,880.0,CALL,898.0
2026-12-18,85,890.0,CALL,244.0
2026-12-18,85,900.0,CALL,3730.0
2026-12-18,85,910.0,CALL,759.0
2026-12-18,85,920.0,CALL,528.0
2026-12-18,85,930.0,CALL,244.0
2026-12-18,85,940.0,CALL,382.0
2026-12-18,85,950.0,CALL,1514.0
2026-12-18,85,960.0,CALL,248.0
2026-12-18,85,970.0,CALL,1666.0
2026-12-18,85,980.0,CALL,198.0
2026-12-18,85,990.0,CALL,978.0
2026-12-18,85,1000.0,CALL,4213.0
2026-12-18,85,1020.0,CALL,599.0
2026-12-18,85,1030.0,CALL,1573.0
2026-12-18,85,1040.0,CALL,191.0
2026-12-18,85,1050.0,CALL,249.0
2026-12-18,85,1060.0,CALL,237.0
2026-12-18,85,1070.0,CALL,218.0
2026-12-18,85,1080.0,CALL,212.0
2026-12-18,85,1090.0,CALL,89.0
2026-12-18,85,1100.0,CALL,1359.0
2026-12-18,85,1110.0,CALL,173.0
2026-12-18,85,1120.0,CALL,416.0
2026-12-18,85,1130.0,CALL,93.0
2026-12-18,85,1140.0,CALL,180.0
2026-12-18,85,1150.0,CALL,1721.0
2026-12-18,85,1160.0,CALL,33.0
2026-12-18,85,1170.0,CALL,52.0
2026-12-18,85,1180.0,CALL,224.0
2026-12-18,85,1190.0,CALL,95.0
2026-12-18,85,1200.0,CALL,1914.0
2026-12-18,85,1210.0,CALL,124.0
2026-12-18,85,1220.0,CALL,145.0
2026-12-18,85,1230.0,CALL,373.0
2026-12-18,85,1240.0,CALL,1846.0
2026-12-18,85,1250.0,CALL,1868.0
2026-12-18,85,1260.0,CALL,123.0
2026-12-18,85,1270.0,CALL,185.0
2026-12-18,85,1280.0,CALL,303.0
2026-12-18,85,1290.0,CALL,8569.0
2026-12-18,85,1300.0,CALL,8897.0
2026-12-18,85,1310.0,CALL,106.0
2026-12-18,85,1320.0,CALL,89.0
2026-12-18,85,1330.0,CALL,81.0
2026-12-18,85,1340.0,CALL,269.0
2026-12-18,85,1350.0,CALL,410.0
2026-12-18,85,1360.0,CALL,96.0
2026-12-18,85,1370.0,CALL,148.0
2026-12-18,85,1380.0,CALL,64.0
2026-12-18,85,1390.0,CALL,115.0
2026-12-18,85,1400.0,CALL,2515.0
2026-12-18,85,1410.0,CALL,490.0
2026-12-18,85,1420.0,CALL,816.0
2026-12-18,85,1430.0,CALL,892.0
2026-12-18,85,1440.0,CALL,42.0
2026-12-18,85,1450.0,CALL,62.0
2026-12-18,85,1460.0,CALL,270.0
2026-12-18,85,1470.0,CALL,137.0
2026-12-18,85,1480.0,CALL,2068.0
2026-12-18,85,1490.0,CALL,112.0
2026-12-18,85,5.0,PUT,474.0
2026-12-18,85,10.0,PUT,118.0
2026-12-18,85,15.0,PUT,25.0
2026-12-18,85,20.0,PUT,325.0
2026-12-18,85,25.0,PUT,10.0
2026-12-18,85,30.0,PUT,63.0
2026-12-18,85,35.0,PUT,14.0
2026-12-18,85,40.0,PUT,17.0
2026-12-18,85,45.0,PUT,2.0
2026-12-18,85,50.0,PUT,427.0
2026-12-18,85,55.0,PUT,41.0
2026-12-18,85,60.0,PUT,22.0
2026-12-18,85,65.0,PUT,34.0
2026-12-18,85,70.0,PUT,28.0
2026-12-18,85,75.0,PUT,16.0
2026-12-18,85,80.0,PUT,45.0
2026-12-18,85,85.0,PUT,0.0
2026-12-18,85,90.0,PUT,345.0
2026-12-18,85,95.0,PUT,203.0
2026-12-18,85,100.0,PUT,446.0
2026-12-18,85,110.0,PUT,139.0
2026-12-18,85,120.0,PUT,204.0
2026-12-18,85,130.0,PUT,321.0
2026-12-18,85,140.0,PUT,263.0
2026-12-18,85,150.0,PUT,357.0
2026-12-18,85,160.0,PUT,417.0
2026-12-18,85,170.0,PUT,590.0
2026-12-18,85,180.0,PUT,282.0
2026-12-18,85,190.0,PUT,220.0
2026-12-18,85,200.0,PUT,1033.0
2026-12-18,85,210.0,PUT,460.0
2026-12-18,85,220.0,PUT,781.0
2026-12-18,85,230.0,PUT,134.0
2026-12-18,85,240.0,PUT,295.0
2026-12-18,85,250.0,PUT,689.0
2026-12-18,85,260.0,PUT,644.0
2026-12-18,85,270.0,PUT,308.0
2026-12-18,85,280.0,PUT,379.0
2026-12-18,85,290.0,PUT,362.0
2026-12-18,85,300.0,PUT,1573.0
2026-12-18,85,310.0,PUT,373.0
2026-12-18,85,320.0,PUT,577.0
2026-12-18,85,330.0,PUT,183.0
2026-12-18,85,340.0,PUT,291.0
2026-12-18,85,350.0,PUT,1779.0
2026-12-18,85,360.0,PUT,2589.0
2026-12-18,85,370.0,PUT,339.0
2026-12-18,85,380.0,PUT,874.0
2026-12-18,85,390.0,PUT,480.0
2026-12-18,85,400.0,PUT,1792.0
2026-12-18,85,410.0,PUT,705.0
2026-12-18,85,420.0,PUT,1843.0
2026-12-18,85,430.0,PUT,541.0
2026-12-18,85,440.0,PUT,853.0
2026-12-18,85,450.0,PUT,4708.0
2026-12-18,85,460.0,PUT,1809.0
2026-12-18,85,470.0,PUT,1483.0
2026-12-18,85,480.0,PUT,1961.0
2026-12-18,85,490.0,PUT,1997.0
2026-12-18,85,500.0,PUT,7020.0
2026-12-18,85,510.0,PUT,3366.0
2026-12-18,85,520.0,PUT,1831.0
2026-12-18,85,530.0,PUT,3046.0
2026-12-18,85,540.0,PUT,1760.0
2026-12-18,85,550.0,PUT,5619.0
2026-12-18,85,560.0,PUT,1937.0
2026-12-18,85,565.0,PUT,641.0
2026-12-18,85,570.0,PUT,2838.0
2026-12-18,85,575.0,PUT,888.0
2026-12-18,85,580.0,PUT,1981.0
2026-12-18,85,585.0,PUT,586.0
2026-12-18,85,590.0,PUT,2011.0
2026-12-18,85,595.0,PUT,1064.0
2026-12-18,85,600.0,PUT,4293.0
2026-12-18,85,605.0,PUT,307.0
2026-12-18,85,610.0,PUT,1175.0
2026-12-18,85,615.0,PUT,775.0
2026-12-18,85,620.0,PUT,1657.0
2026-12-18,85,625.0,PUT,390.0
2026-12-18,85,630.0,PUT,1640.0
2026-12-18,85,635.0,PUT,337.0
2026-12-18,85,640.0,PUT,1213.0
2026-12-18,85,645.0,PUT,258.0
2026-12-18,85,650.0,PUT,2305.0
2026-12-18,85,655.0,PUT,239.0
2026-12-18,85,660.0,PUT,4985.0
2026-12-18,85,665.0,PUT,354.0
2026-12-18,85,670.0,PUT,2621.0
2026-12-18,85,675.0,PUT,179.0
2026-12-18,85,680.0,PUT,1798.0
2026-12-18,85,685.0,PUT,133.0
2026-12-18,85,690.0,PUT,249.0
2026-12-18,85,695.0,PUT,119.0
2026-12-18,85,700.0,PUT,2159.0
2026-12-18,85,705.0,PUT,410.0
2026-12-18,85,710.0,PUT,430.0
2026-12-18,85,715.0,PUT,269.0
2026-12-18,85,720.0,PUT,328.0
2026-12-18,85,725.0,PUT,181.0
2026-12-18,85,730.0,PUT,875.0
2026-12-18,85,735.0,PUT,223.0
2026-12-18,85,740.0,PUT,178.0
2026-12-18,85,745.0,PUT,108.0
2026-12-18,85,750.0,PUT,2773.0
2026-12-18,85,755.0,PUT,258.0
2026-12-18,85,760.0,PUT,376.0
2026-12-18,85,765.0,PUT,298.0
2026-12-18,85,770.0,PUT,92.0
2026-12-18,85,775.0,PUT,51.0
2026-12-18,85,780.0,PUT,94.0
2026-12-18,85,785.0,PUT,22.0
2026-12-18,85,790.0,PUT,140.0
2026-12-18,85,795.0,PUT,40.0
2026-12-18,85,800.0,PUT,245.0
2026-12-18,85,805.0,PUT,75.0
2026-12-18,85,810.0,PUT,29.0
2026-12-18,85,815.0,PUT,8.0
2026-12-18,85,820.0,PUT,87.0
2026-12-18,85,825.0,PUT,15.0
2026-12-18,85,830.0,PUT,13.0
2026-12-18,85,835.0,PUT,23.0
2026-12-18,85,840.0,PUT,27.0
2026-12-18,85,845.0,PUT,13.0
2026-12-18,85,850.0,PUT,6.0
2026-12-18,85,860.0,PUT,1.0
2026-12-18,85,870.0,PUT,6.0
2026-12-18,85,880.0,PUT,2.0
2026-12-18,85,890.0,PUT,1.0
2026-12-18,85,900.0,PUT,104.0
2026-12-18,85,910.0,PUT,0.0
2026-12-18,85,920.0,PUT,1.0
2026-12-18,85,930.0,PUT,2.0
2026-12-18,85,940.0,PUT,5.0
2026-12-18,85,950.0,PUT,1.0
2026-12-18,85,960.0,PUT,1.0
2026-12-18,85,970.0,PUT,6.0
2026-12-18,85,980.0,PUT,0.0
2026-12-18,85,990.0,PUT,4.0
2026-12-18,85,1000.0,PUT,2.0
2026-12-18,85,1020.0,PUT,0.0
2026-12-18,85,1030.0,PUT,0.0
2026-12-18,85,1040.0,PUT,0.0
2026-12-18,85,1050.0,PUT,0.0
2026-12-18,85,1060.0,PUT,0.0
2026-12-18,85,1070.0,PUT,0.0
2026-12-18,85,1080.0,PUT,0.0
2026-12-18,85,1090.0,PUT,0.0
2026-12-18,85,1100.0,PUT,0.0
2026-12-18,85,1110.0,PUT,0.0
2026-12-18,85,1120.0,PUT,13.0
2026-12-18,85,1130.0,PUT,0.0
2026-12-18,85,1140.0,PUT,0.0
2026-12-18,85,1150.0,PUT,0.0
2026-12-18,85,1160.0,PUT,0.0
2026-12-18,85,1170.0,PUT,0.0
2026-12-18,85,1180.0,PUT,0.0
2026-12-18,85,1190.0,PUT,0.0
2026-12-18,85,1200.0,PUT,0.0
2026-12-18,85,1210.0,PUT,0.0
2026-12-18,85,1220.0,PUT,0.0
2026-12-18,85,1230.0,PUT,0.0
2026-12-18,85,1240.0,PUT,0.0
2026-12-18,85,1270.0,PUT,0.0
2026-12-18,85,1280.0,PUT,0.0
2026-12-18,85,1300.0,PUT,0.0
2026-12-18,85,1400.0,PUT,0.0
2026-12-18,85,1410.0,PUT,0.0
2026-12-18,85,1420.0,PUT,0.0
2027-01-15,113,5.0,CALL,68.0
2027-01-15,113,10.0,CALL,0.0
2027-01-15,113,15.0,CALL,0.0
2027-01-15,113,20.0,CALL,8.0
2027-01-15,113,40.0,CALL,0.0
2027-01-15,113,45.0,CALL,0.0
2027-01-15,113,50.0,CALL,111.0
2027-01-15,113,100.0,CALL,126.0
2027-01-15,113,110.0,CALL,283.0
2027-01-15,113,120.0,CALL,11.0
2027-01-15,113,130.0,CALL,16.0
2027-01-15,113,140.0,CALL,13.0
2027-01-15,113,150.0,CALL,0.0
2027-01-15,113,160.0,CALL,38.0
2027-01-15,113,170.0,CALL,36.0
2027-01-15,113,180.0,CALL,191.0
2027-01-15,113,190.0,CALL,27.0
2027-01-15,113,200.0,CALL,160.0
2027-01-15,113,210.0,CALL,0.0
2027-01-15,113,220.0,CALL,0.0
2027-01-15,113,230.0,CALL,55.0
2027-01-15,113,240.0,CALL,73.0
2027-01-15,113,250.0,CALL,86.0
2027-01-15,113,260.0,CALL,60.0
2027-01-15,113,270.0,CALL,281.0
2027-01-15,113,280.0,CALL,55.0
2027-01-15,113,290.0,CALL,168.0
2027-01-15,113,300.0,CALL,378.0
2027-01-15,113,310.0,CALL,22.0
2027-01-15,113,320.0,CALL,77.0
2027-01-15,113,330.0,CALL,63.0
2027-01-15,113,340.0,CALL,40.0
2027-01-15,113,350.0,CALL,161.0
2027-01-15,113,360.0,CALL,91.0
2027-01-15,113,370.0,CALL,45.0
2027-01-15,113,380.0,CALL,54.0
2027-01-15,113,390.0,CALL,124.0
2027-01-15,113,400.0,CALL,514.0
2027-01-15,113,410.0,CALL,119.0
2027-01-15,113,420.0,CALL,203.0
2027-01-15,113,430.0,CALL,127.0
2027-01-15,113,440.0,CALL,152.0
2027-01-15,113,450.0,CALL,252.0
2027-01-15,113,460.0,CALL,141.0
2027-01-15,113,470.0,CALL,93.0
2027-01-15,113,480.0,CALL,263.0
2027-01-15,113,490.0,CALL,350.0
2027-01-15,113,500.0,CALL,2424.0
2027-01-15,113,510.0,CALL,1981.0
2027-01-15,113,520.0,CALL,398.0
2027-01-15,113,530.0,CALL,496.0
2027-01-15,113,540.0,CALL,834.0
2027-01-15,113,550.0,CALL,1575.0
2027-01-15,113,560.0,CALL,1243.0
2027-01-15,113,570.0,CALL,935.0
2027-01-15,113,580.0,CALL,1185.0
2027-01-15,113,590.0,CALL,1356.0
2027-01-15,113,600.0,CALL,6032.0
2027-01-15,113,610.0,CALL,1875.0
2027-01-15,113,620.0,CALL,2396.0
2027-01-15,113,630.0,CALL,3043.0
2027-01-15,113,640.0,CALL,1311.0
2027-01-15,113,650.0,CALL,4792.0
2027-01-15,113,660.0,CALL,3388.0
2027-01-15,113,670.0,CALL,2603.0
2027-01-15,113,680.0,CALL,2591.0
2027-01-15,113,690.0,CALL,1129.0
2027-01-15,113,700.0,CALL,115457.0
2027-01-15,113,710.0,CALL,1557.0
2027-01-15,113,720.0,CALL,2795.0
2027-01-15,113,730.0,CALL,3741.0
2027-01-15,113,740.0,CALL,2500.0
2027-01-15,113,750.0,CALL,245142.0
2027-01-15,113,760.0,CALL,3914.0
2027-01-15,113,770.0,CALL,4881.0
2027-01-15,113,780.0,CALL,3417.0
2027-01-15,113,790.0,CALL,1775.0
2027-01-15,113,800.0,CALL,108132.0
2027-01-15,113,810.0,CALL,5145.0
2027-01-15,113,820.0,CALL,3412.0
2027-01-15,113,830.0,CALL,33308.0
2027-01-15,113,840.0,CALL,1499.0
2027-01-15,113,850.0,CALL,6062.0
2027-01-15,113,860.0,CALL,1918.0
2027-01-15,113,870.0,CALL,1093.0
2027-01-15,113,880.0,CALL,821.0
2027-01-15,113,890.0,CALL,1090.0
2027-01-15,113,900.0,CALL,16790.0
2027-01-15,113,910.0,CALL,1285.0
2027-01-15,113,920.0,CALL,3475.0
2027-01-15,113,930.0,CALL,935.0
2027-01-15,113,940.0,CALL,1038.0
2027-01-15,113,950.0,CALL,1648.0
2027-01-15,113,960.0,CALL,577.0
2027-01-15,113,970.0,CALL,552.0
2027-01-15,113,980.0,CALL,541.0
2027-01-15,113,990.0,CALL,521.0
2027-01-15,113,1000.0,CALL,6802.0
2027-01-15,113,1010.0,CALL,482.0
2027-01-15,113,1020.0,CALL,564.0
2027-01-15,113,1030.0,CALL,365.0
2027-01-15,113,1040.0,CALL,301.0
2027-01-15,113,1050.0,CALL,1031.0
2027-01-15,113,1060.0,CALL,282.0
2027-01-15,113,1070.0,CALL,201.0
2027-01-15,113,1080.0,CALL,430.0
2027-01-15,113,1090.0,CALL,285.0
2027-01-15,113,1100.0,CALL,4052.0
2027-01-15,113,1110.0,CALL,501.0
2027-01-15,113,1120.0,CALL,348.0
2027-01-15,113,1130.0,CALL,385.0
2027-01-15,113,1140.0,CALL,285.0
2027-01-15,113,1150.0,CALL,4034.0
2027-01-15,113,1160.0,CALL,671.0
2027-01-15,113,1170.0,CALL,404.0
2027-01-15,113,1180.0,CALL,291.0
2027-01-15,113,1190.0,CALL,668.0
2027-01-15,113,1200.0,CALL,2270.0
2027-01-15,113,1210.0,CALL,200.0
2027-01-15,113,1220.0,CALL,255.0
2027-01-15,113,1230.0,CALL,154.0
2027-01-15,113,1240.0,CALL,665.0
2027-01-15,113,1250.0,CALL,33915.0
2027-01-15,113,1260.0,CALL,472.0
2027-01-15,113,1270.0,CALL,912.0
2027-01-15,113,1280.0,CALL,380.0
2027-01-15,113,1290.0,CALL,379.0
2027-01-15,113,1300.0,CALL,1643.0
2027-01-15,113,1310.0,CALL,113.0
2027-01-15,113,1320.0,CALL,389.0
2027-01-15,113,1330.0,CALL,472.0
2027-01-15,113,1340.0,CALL,160.0
2027-01-15,113,1350.0,CALL,573.0
2027-01-15,113,1360.0,CALL,750.0
2027-01-15,113,1370.0,CALL,161.0
2027-01-15,113,1380.0,CALL,52.0
2027-01-15,113,1390.0,CALL,254.0
2027-01-15,113,1400.0,CALL,1713.0
2027-01-15,113,1410.0,CALL,347.0
2027-01-15,113,1420.0,CALL,621.0
2027-01-15,113,1430.0,CALL,15755.0
2027-01-15,113,1440.0,CALL,379.0
2027-01-15,113,1450.0,CALL,186.0
2027-01-15,113,1460.0,CALL,157.0
2027-01-15,113,1470.0,CALL,164.0
2027-01-15,113,1480.0,CALL,2778.0
2027-01-15,113,1490.0,CALL,557.0
2027-01-15,113,5.0,PUT,3204.0
2027-01-15,113,10.0,PUT,1.0
2027-01-15,113,15.0,PUT,4.0
2027-01-15,113,20.0,PUT,2.0
2027-01-15,113,25.0,PUT,2.0
2027-01-15,113,30.0,PUT,4.0
2027-01-15,113,35.0,PUT,2.0
2027-01-15,113,40.0,PUT,204.0
2027-01-15,113,45.0,PUT,7.0
2027-01-15,113,50.0,PUT,440.0
2027-01-15,113,100.0,PUT,3066.0
2027-01-15,113,110.0,PUT,352.0
2027-01-15,113,120.0,PUT,97.0
2027-01-15,113,130.0,PUT,98.0
2027-01-15,113,140.0,PUT,196.0
2027-01-15,113,150.0,PUT,263.0
2027-01-15,113,160.0,PUT,176.0
2027-01-15,113,170.0,PUT,468.0
2027-01-15,113,180.0,PUT,253.0
2027-01-15,113,190.0,PUT,176.0
2027-01-15,113,200.0,PUT,483.0
2027-01-15,113,210.0,PUT,388.0
2027-01-15,113,220.0,PUT,1123.0
2027-01-15,113,230.0,PUT,599.0
2027-01-15,113,240.0,PUT,378.0
2027-01-15,113,250.0,PUT,1046.0
2027-01-15,113,260.0,PUT,218.0
2027-01-15,113,270.0,PUT,1033.0
2027-01-15,113,280.0,PUT,355.0
2027-01-15,113,290.0,PUT,363.0
2027-01-15,113,300.0,PUT,1322.0
2027-01-15,113,310.0,PUT,442.0
2027-01-15,113,320.0,PUT,795.0
2027-01-15,113,330.0,PUT,510.0
2027-01-15,113,340.0,PUT,475.0
2027-01-15,113,350.0,PUT,1606.0
2027-01-15,113,360.0,PUT,515.0
2027-01-15,113,370.0,PUT,1428.0
2027-01-15,113,380.0,PUT,850.0
2027-01-15,113,390.0,PUT,1255.0
2027-01-15,113,400.0,PUT,4253.0
2027-01-15,113,410.0,PUT,1371.0
2027-01-15,113,420.0,PUT,1998.0
2027-01-15,113,430.0,PUT,2885.0
2027-01-15,113,440.0,PUT,2721.0
2027-01-15,113,450.0,PUT,7209.0
2027-01-15,113,460.0,PUT,2857.0
2027-01-15,113,470.0,PUT,2120.0
2027-01-15,113,480.0,PUT,2717.0
2027-01-15,113,490.0,PUT,3462.0
2027-01-15,113,500.0,PUT,8102.0
2027-01-15,113,510.0,PUT,5197.0
2027-01-15,113,520.0,PUT,3851.0
2027-01-15,113,530.0,PUT,3895.0
2027-01-15,113,540.0,PUT,3501.0
2027-01-15,113,550.0,PUT,6463.0
2027-01-15,113,560.0,PUT,3389.0
2027-01-15,113,570.0,PUT,6746.0
2027-01-15,113,580.0,PUT,3704.0
2027-01-15,113,590.0,PUT,1785.0
2027-01-15,113,600.0,PUT,5922.0
2027-01-15,113,610.0,PUT,1896.0
2027-01-15,113,620.0,PUT,2329.0
2027-01-15,113,630.0,PUT,3247.0
2027-01-15,113,640.0,PUT,5217.0
2027-01-15,113,650.0,PUT,3423.0
2027-01-15,113,660.0,PUT,1667.0
2027-01-15,113,670.0,PUT,2363.0
2027-01-15,113,680.0,PUT,1152.0
2027-01-15,113,690.0,PUT,725.0
2027-01-15,113,700.0,PUT,2675.0
2027-01-15,113,710.0,PUT,753.0
2027-01-15,113,720.0,PUT,975.0
2027-01-15,113,730.0,PUT,477.0
2027-01-15,113,740.0,PUT,517.0
2027-01-15,113,750.0,PUT,2890.0
2027-01-15,113,760.0,PUT,622.0
2027-01-15,113,770.0,PUT,682.0
2027-01-15,113,780.0,PUT,376.0
2027-01-15,113,790.0,PUT,232.0
2027-01-15,113,800.0,PUT,530.0
2027-01-15,113,810.0,PUT,219.0
2027-01-15,113,820.0,PUT,83.0
2027-01-15,113,830.0,PUT,188.0
2027-01-15,113,840.0,PUT,102.0
2027-01-15,113,850.0,PUT,197.0
2027-01-15,113,860.0,PUT,27.0
2027-01-15,113,870.0,PUT,2.0
2027-01-15,113,880.0,PUT,1.0
2027-01-15,113,890.0,PUT,3.0
2027-01-15,113,900.0,PUT,24.0
2027-01-15,113,910.0,PUT,0.0
2027-01-15,113,920.0,PUT,0.0
2027-01-15,113,930.0,PUT,0.0
2027-01-15,113,940.0,PUT,0.0
2027-01-15,113,950.0,PUT,1.0
2027-01-15,113,960.0,PUT,0.0
2027-01-15,113,970.0,PUT,0.0
2027-01-15,113,980.0,PUT,0.0
2027-01-15,113,990.0,PUT,0.0
2027-01-15,113,1000.0,PUT,6.0
2027-01-15,113,1010.0,PUT,1.0
2027-01-15,113,1020.0,PUT,4.0
2027-01-15,113,1030.0,PUT,1.0
2027-01-15,113,1040.0,PUT,0.0
2027-01-15,113,1050.0,PUT,0.0
2027-01-15,113,1060.0,PUT,0.0
2027-01-15,113,1080.0,PUT,0.0
2027-01-15,113,1090.0,PUT,0.0
2027-01-15,113,1100.0,PUT,0.0
2027-01-15,113,1110.0,PUT,0.0
2027-01-15,113,1120.0,PUT,5.0
2027-01-15,113,1130.0,PUT,48.0
2027-01-15,113,1140.0,PUT,0.0
2027-01-15,113,1150.0,PUT,0.0
2027-01-15,113,1160.0,PUT,0.0
2027-01-15,113,1170.0,PUT,0.0
2027-01-15,113,1180.0,PUT,0.0
2027-01-15,113,1190.0,PUT,0.0
2027-01-15,113,1200.0,PUT,0.0
2027-01-15,113,1210.0,PUT,0.0
2027-01-15,113,1220.0,PUT,0.0
2027-01-15,113,1230.0,PUT,0.0
2027-01-15,113,1240.0,PUT,0.0
2027-01-15,113,1250.0,PUT,0.0
2027-01-15,113,1280.0,PUT,0.0
2027-01-15,113,1290.0,PUT,0.0
2027-01-15,113,1300.0,PUT,0.0
2027-01-15,113,1320.0,PUT,0.0
2027-01-15,113,1380.0,PUT,0.0
2027-01-15,113,1390.0,PUT,0.0
2027-01-15,113,1400.0,PUT,0.0
2027-01-15,113,1410.0,PUT,0.0
2027-01-15,113,1430.0,PUT,0.0
2027-01-15,113,1440.0,PUT,0.0
2027-02-19,148,100.0,CALL,20.0
2027-02-19,148,130.0,CALL,9.0
2027-02-19,148,160.0,CALL,0.0
2027-02-19,148,200.0,CALL,51.0
2027-02-19,148,250.0,CALL,6.0
2027-02-19,148,270.0,CALL,2.0
2027-02-19,148,280.0,CALL,5.0
2027-02-19,148,300.0,CALL,17.0
2027-02-19,148,320.0,CALL,3.0
2027-02-19,148,330.0,CALL,6.0
2027-02-19,148,340.0,CALL,9.0
2027-02-19,148,350.0,CALL,14.0
2027-02-19,148,360.0,CALL,7.0
2027-02-19,148,370.0,CALL,2.0
2027-02-19,148,380.0,CALL,7.0
2027-02-19,148,390.0,CALL,13.0
2027-02-19,148,400.0,CALL,13.0
2027-02-19,148,410.0,CALL,52.0
2027-02-19,148,420.0,CALL,3.0
2027-02-19,148,430.0,CALL,5.0
2027-02-19,148,440.0,CALL,5.0
2027-02-19,148,450.0,CALL,57.0
2027-02-19,148,460.0,CALL,77.0
2027-02-19,148,470.0,CALL,110.0
2027-02-19,148,480.0,CALL,22.0
2027-02-19,148,490.0,CALL,51.0
2027-02-19,148,500.0,CALL,149.0
2027-02-19,148,510.0,CALL,19.0
2027-02-19,148,520.0,CALL,71.0
2027-02-19,148,530.0,CALL,74.0
2027-02-19,148,540.0,CALL,662.0
2027-02-19,148,550.0,CALL,249.0
2027-02-19,148,560.0,CALL,201.0
2027-02-19,148,570.0,CALL,138.0
2027-02-19,148,580.0,CALL,288.0
2027-02-19,148,590.0,CALL,700.0
2027-02-19,148,600.0,CALL,920.0
2027-02-19,148,610.0,CALL,298.0
2027-02-19,148,620.0,CALL,148.0
2027-02-19,148,630.0,CALL,238.0
2027-02-19,148,640.0,CALL,174.0
2027-02-19,148,650.0,CALL,3326.0
2027-02-19,148,660.0,CALL,617.0
2027-02-19,148,670.0,CALL,644.0
2027-02-19,148,680.0,CALL,211.0
2027-02-19,148,690.0,CALL,391.0
2027-02-19,148,700.0,CALL,2104.0
2027-02-19,148,710.0,CALL,260.0
2027-02-19,148,720.0,CALL,363.0
2027-02-19,148,730.0,CALL,545.0
2027-02-19,148,740.0,CALL,407.0
2027-02-19,148,750.0,CALL,1085.0
2027-02-19,148,760.0,CALL,365.0
2027-02-19,148,770.0,CALL,228.0
2027-02-19,148,780.0,CALL,385.0
2027-02-19,148,790.0,CALL,170.0
2027-02-19,148,800.0,CALL,1573.0
2027-02-19,148,810.0,CALL,150.0
2027-02-19,148,820.0,CALL,153.0
2027-02-19,148,830.0,CALL,183.0
2027-02-19,148,840.0,CALL,110.0
2027-02-19,148,850.0,CALL,521.0
2027-02-19,148,860.0,CALL,249.0
2027-02-19,148,870.0,CALL,87.0
2027-02-19,148,880.0,CALL,304.0
2027-02-19,148,890.0,CALL,49.0
2027-02-19,148,900.0,CALL,6269.0
2027-02-19,148,910.0,CALL,74.0
2027-02-19,148,920.0,CALL,68.0
2027-02-19,148,930.0,CALL,18.0
2027-02-19,148,940.0,CALL,50.0
2027-02-19,148,950.0,CALL,76.0
2027-02-19,148,960.0,CALL,190.0
2027-02-19,148,970.0,CALL,47.0
2027-02-19,148,980.0,CALL,91.0
2027-02-19,148,990.0,CALL,29.0
2027-02-19,148,1000.0,CALL,454.0
2027-02-19,148,1010.0,CALL,76.0
2027-02-19,148,1020.0,CALL,47.0
2027-02-19,148,1030.0,CALL,51.0
2027-02-19,148,1040.0,CALL,12.0
2027-02-19,148,1050.0,CALL,45.0
2027-02-19,148,1060.0,CALL,19.0
2027-02-19,148,1070.0,CALL,163.0
2027-02-19,148,1080.0,CALL,67.0
2027-02-19,148,1090.0,CALL,2.0
2027-02-19,148,1100.0,CALL,558.0
2027-02-19,148,1110.0,CALL,101.0
2027-02-19,148,1120.0,CALL,14.0
2027-02-19,148,1130.0,CALL,23.0
2027-02-19,148,1140.0,CALL,42.0
2027-02-19,148,1150.0,CALL,41.0
2027-02-19,148,1160.0,CALL,31.0
2027-02-19,148,1170.0,CALL,47.0
2027-02-19,148,1180.0,CALL,116.0
2027-02-19,148,1190.0,CALL,645.0
2027-02-19,148,1210.0,CALL,1.0
2027-02-19,148,1230.0,CALL,17.0
2027-02-19,148,1260.0,CALL,5.0
2027-02-19,148,1490.0,CALL,39.0
2027-02-19,148,100.0,PUT,3.0
2027-02-19,148,110.0,PUT,4.0
2027-02-19,148,120.0,PUT,11.0
2027-02-19,148,130.0,PUT,15.0
2027-02-19,148,140.0,PUT,13.0
2027-02-19,148,150.0,PUT,24.0
2027-02-19,148,160.0,PUT,15.0
2027-02-19,148,170.0,PUT,39.0
2027-02-19,148,180.0,PUT,36.0
2027-02-19,148,190.0,PUT,27.0
2027-02-19,148,200.0,PUT,1006.0
2027-02-19,148,210.0,PUT,67.0
2027-02-19,148,220.0,PUT,112.0
2027-02-19,148,230.0,PUT,39.0
2027-02-19,148,240.0,PUT,81.0
2027-02-19,148,250.0,PUT,31.0
2027-02-19,148,260.0,PUT,14.0
2027-02-19,148,270.0,PUT,80.0
2027-02-19,148,280.0,PUT,85.0
2027-02-19,148,290.0,PUT,77.0
2027-02-19,148,300.0,PUT,228.0
2027-02-19,148,310.0,PUT,30.0
2027-02-19,148,320.0,PUT,47.0
2027-02-19,148,330.0,PUT,46.0
2027-02-19,148,340.0,PUT,75.0
2027-02-19,148,350.0,PUT,174.0
2027-02-19,148,360.0,PUT,33.0
2027-02-19,148,370.0,PUT,59.0
2027-02-19,148,380.0,PUT,137.0
2027-02-19,148,390.0,PUT,113.0
2027-02-19,148,400.0,PUT,159.0
2027-02-19,148,410.0,PUT,307.0
2027-02-19,148,420.0,PUT,322.0
2027-02-19,148,430.0,PUT,571.0
2027-02-19,148,440.0,PUT,569.0
2027-02-19,148,450.0,PUT,915.0
2027-02-19,148,460.0,PUT,488.0
2027-02-19,148,470.0,PUT,657.0
2027-02-19,148,480.0,PUT,1621.0
2027-02-19,148,490.0,PUT,659.0
2027-02-19,148,500.0,PUT,1259.0
2027-02-19,148,510.0,PUT,666.0
2027-02-19,148,520.0,PUT,609.0
2027-02-19,148,530.0,PUT,653.0
2027-02-19,148,540.0,PUT,764.0
2027-02-19,148,550.0,PUT,938.0
2027-02-19,148,560.0,PUT,567.0
2027-02-19,148,570.0,PUT,365.0
2027-02-19,148,580.0,PUT,1159.0
2027-02-19,148,590.0,PUT,373.0
2027-02-19,148,600.0,PUT,466.0
2027-02-19,148,610.0,PUT,95.0
2027-02-19,148,620.0,PUT,116.0
2027-02-19,148,630.0,PUT,82.0
2027-02-19,148,640.0,PUT,124.0
2027-02-19,148,650.0,PUT,349.0
2027-02-19,148,660.0,PUT,53.0
2027-02-19,148,670.0,PUT,206.0
2027-02-19,148,680.0,PUT,53.0
2027-02-19,148,690.0,PUT,291.0
2027-02-19,148,700.0,PUT,89.0
2027-02-19,148,710.0,PUT,154.0
2027-02-19,148,720.0,PUT,63.0
2027-02-19,148,730.0,PUT,317.0
2027-02-19,148,740.0,PUT,41.0
2027-02-19,148,750.0,PUT,64.0
2027-02-19,148,760.0,PUT,155.0
2027-02-19,148,770.0,PUT,31.0
2027-02-19,148,780.0,PUT,18.0
2027-02-19,148,790.0,PUT,4.0
2027-02-19,148,800.0,PUT,77.0
2027-02-19,148,810.0,PUT,2.0
2027-02-19,148,820.0,PUT,0.0
2027-02-19,148,830.0,PUT,3.0
2027-02-19,148,840.0,PUT,1.0
2027-02-19,148,850.0,PUT,76.0
2027-02-19,148,900.0,PUT,4.0
2027-02-19,148,910.0,PUT,1.0
2027-02-19,148,920.0,PUT,0.0
2027-02-19,148,930.0,PUT,0.0
2027-02-19,148,950.0,PUT,0.0
2027-02-19,148,980.0,PUT,1.0
2027-02-19,148,1000.0,PUT,1.0
2027-02-19,148,1050.0,PUT,1.0
2027-02-19,148,1150.0,PUT,0.0
2027-03-19,176,5.0,CALL,1761.0
2027-03-19,176,10.0,CALL,11.0
2027-03-19,176,100.0,CALL,1.0
2027-03-19,176,110.0,CALL,209.0
2027-03-19,176,150.0,CALL,0.0
2027-03-19,176,160.0,CALL,0.0
2027-03-19,176,170.0,CALL,21.0
2027-03-19,176,180.0,CALL,1.0
2027-03-19,176,190.0,CALL,2.0
2027-03-19,176,200.0,CALL,5.0
2027-03-19,176,210.0,CALL,0.0
2027-03-19,176,230.0,CALL,35.0
2027-03-19,176,240.0,CALL,51.0
2027-03-19,176,260.0,CALL,2.0
2027-03-19,176,270.0,CALL,23.0
2027-03-19,176,280.0,CALL,44.0
2027-03-19,176,290.0,CALL,2.0
2027-03-19,176,300.0,CALL,21.0
2027-03-19,176,310.0,CALL,0.0
2027-03-19,176,320.0,CALL,12.0
2027-03-19,176,330.0,CALL,16.0
2027-03-19,176,340.0,CALL,6.0
2027-03-19,176,350.0,CALL,25.0
2027-03-19,176,360.0,CALL,24.0
2027-03-19,176,370.0,CALL,18.0
2027-03-19,176,380.0,CALL,113.0
2027-03-19,176,390.0,CALL,73.0
2027-03-19,176,400.0,CALL,86.0
2027-03-19,176,410.0,CALL,30.0
2027-03-19,176,420.0,CALL,33.0
2027-03-19,176,430.0,CALL,162.0
2027-03-19,176,440.0,CALL,18.0
2027-03-19,176,450.0,CALL,134.0
2027-03-19,176,460.0,CALL,86.0
2027-03-19,176,470.0,CALL,36.0
2027-03-19,176,480.0,CALL,48.0
2027-03-19,176,490.0,CALL,39.0
2027-03-19,176,500.0,CALL,495.0
2027-03-19,176,510.0,CALL,54.0
2027-03-19,176,520.0,CALL,63.0
2027-03-19,176,530.0,CALL,157.0
2027-03-19,176,540.0,CALL,258.0
2027-03-19,176,550.0,CALL,833.0
2027-03-19,176,560.0,CALL,319.0
2027-03-19,176,565.0,CALL,41.0
2027-03-19,176,570.0,CALL,534.0
2027-03-19,176,575.0,CALL,529.0
2027-03-19,176,580.0,CALL,774.0
2027-03-19,176,585.0,CALL,196.0
2027-03-19,176,590.0,CALL,284.0
2027-03-19,176,595.0,CALL,258.0
2027-03-19,176,600.0,CALL,2007.0
2027-03-19,176,605.0,CALL,84.0
2027-03-19,176,610.0,CALL,393.0
2027-03-19,176,615.0,CALL,293.0
2027-03-19,176,620.0,CALL,414.0
2027-03-19,176,625.0,CALL,125.0
2027-03-19,176,630.0,CALL,342.0
2027-03-19,176,635.0,CALL,96.0
2027-03-19,176,640.0,CALL,393.0
2027-03-19,176,645.0,CALL,146.0
2027-03-19,176,650.0,CALL,4545.0
2027-03-19,176,655.0,CALL,132.0
2027-03-19,176,660.0,CALL,684.0
2027-03-19,176,665.0,CALL,205.0
2027-03-19,176,670.0,CALL,444.0
2027-03-19,176,675.0,CALL,325.0
2027-03-19,176,680.0,CALL,532.0
2027-03-19,176,685.0,CALL,172.0
2027-03-19,176,690.0,CALL,450.0
2027-03-19,176,695.0,CALL,66.0
2027-03-19,176,700.0,CALL,3377.0
2027-03-19,176,705.0,CALL,112.0
2027-03-19,176,710.0,CALL,773.0
2027-03-19,176,715.0,CALL,488.0
2027-03-19,176,720.0,CALL,341.0
2027-03-19,176,725.0,CALL,180.0
2027-03-19,176,730.0,CALL,547.0
2027-03-19,176,735.0,CALL,152.0
2027-03-19,176,740.0,CALL,369.0
2027-03-19,176,745.0,CALL,223.0
2027-03-19,176,750.0,CALL,1396.0
2027-03-19,176,755.0,CALL,183.0
2027-03-19,176,760.0,CALL,462.0
2027-03-19,176,770.0,CALL,431.0
2027-03-19,176,780.0,CALL,1245.0
2027-03-19,176,790.0,CALL,349.0
2027-03-19,176,800.0,CALL,6968.0
2027-03-19,176,810.0,CALL,623.0
2027-03-19,176,820.0,CALL,463.0
2027-03-19,176,830.0,CALL,447.0
2027-03-19,176,840.0,CALL,325.0
2027-03-19,176,850.0,CALL,2054.0
2027-03-19,176,860.0,CALL,628.0
2027-03-19,176,870.0,CALL,384.0
2027-03-19,176,880.0,CALL,793.0
2027-03-19,176,890.0,CALL,188.0
2027-03-19,176,900.0,CALL,5119.0
2027-03-19,176,910.0,CALL,537.0
2027-03-19,176,920.0,CALL,906.0
2027-03-19,176,930.0,CALL,251.0
2027-03-19,176,940.0,CALL,1065.0
2027-03-19,176,950.0,CALL,4129.0
2027-03-19,176,960.0,CALL,726.0
2027-03-19,176,970.0,CALL,73.0
2027-03-19,176,980.0,CALL,634.0
2027-03-19,176,990.0,CALL,567.0
2027-03-19,176,1000.0,CALL,2795.0
2027-03-19,176,1010.0,CALL,106.0
2027-03-19,176,1020.0,CALL,786.0
2027-03-19,176,1030.0,CALL,378.0
2027-03-19,176,1040.0,CALL,1028.0
2027-03-19,176,1050.0,CALL,149.0
2027-03-19,176,1060.0,CALL,108.0
2027-03-19,176,1070.0,CALL,287.0
2027-03-19,176,1080.0,CALL,67.0
2027-03-19,176,1090.0,CALL,94.0
2027-03-19,176,1100.0,CALL,3968.0
2027-03-19,176,1110.0,CALL,50.0
2027-03-19,176,1120.0,CALL,73.0
2027-03-19,176,1130.0,CALL,59.0
2027-03-19,176,1140.0,CALL,65.0
2027-03-19,176,1150.0,CALL,86.0
2027-03-19,176,1160.0,CALL,56.0
2027-03-19,176,1170.0,CALL,65.0
2027-03-19,176,1180.0,CALL,101.0
2027-03-19,176,1190.0,CALL,34.0
2027-03-19,176,1200.0,CALL,338.0
2027-03-19,176,1210.0,CALL,396.0
2027-03-19,176,1220.0,CALL,820.0
2027-03-19,176,1230.0,CALL,45.0
2027-03-19,176,1240.0,CALL,453.0
2027-03-19,176,1250.0,CALL,1279.0
2027-03-19,176,1270.0,CALL,1.0
2027-03-19,176,1290.0,CALL,71.0
2027-03-19,176,1300.0,CALL,4.0
2027-03-19,176,1320.0,CALL,2.0
2027-03-19,176,1340.0,CALL,1.0
2027-03-19,176,1370.0,CALL,1.0
2027-03-19,176,1400.0,CALL,18.0
2027-03-19,176,1420.0,CALL,5.0
2027-03-19,176,1470.0,CALL,9.0
2027-03-19,176,1480.0,CALL,136.0
2027-03-19,176,1490.0,CALL,198.0
2027-03-19,176,10.0,PUT,3002.0
2027-03-19,176,15.0,PUT,15.0
2027-03-19,176,45.0,PUT,15.0
2027-03-19,176,50.0,PUT,0.0
2027-03-19,176,100.0,PUT,77.0
2027-03-19,176,110.0,PUT,0.0
2027-03-19,176,120.0,PUT,268.0
2027-03-19,176,130.0,PUT,22.0
2027-03-19,176,140.0,PUT,84.0
2027-03-19,176,150.0,PUT,158.0
2027-03-19,176,160.0,PUT,77.0
2027-03-19,176,170.0,PUT,138.0
2027-03-19,176,180.0,PUT,73.0
2027-03-19,176,190.0,PUT,30.0
2027-03-19,176,200.0,PUT,60.0
2027-03-19,176,210.0,PUT,34.0
2027-03-19,176,220.0,PUT,186.0
2027-03-19,176,230.0,PUT,100.0
2027-03-19,176,240.0,PUT,59.0
2027-03-19,176,250.0,PUT,204.0
2027-03-19,176,260.0,PUT,97.0
2027-03-19,176,270.0,PUT,433.0
2027-03-19,176,280.0,PUT,73.0
2027-03-19,176,290.0,PUT,46.0
2027-03-19,176,300.0,PUT,364.0
2027-03-19,176,310.0,PUT,43.0
2027-03-19,176,320.0,PUT,112.0
2027-03-19,176,330.0,PUT,50.0
2027-03-19,176,340.0,PUT,277.0
2027-03-19,176,350.0,PUT,423.0
2027-03-19,176,360.0,PUT,354.0
2027-03-19,176,370.0,PUT,428.0
2027-03-19,176,380.0,PUT,408.0
2027-03-19,176,390.0,PUT,303.0
2027-03-19,176,400.0,PUT,1402.0
2027-03-19,176,410.0,PUT,794.0
2027-03-19,176,420.0,PUT,2670.0
2027-03-19,176,430.0,PUT,967.0
2027-03-19,176,440.0,PUT,545.0
2027-03-19,176,450.0,PUT,4125.0
2027-03-19,176,460.0,PUT,2055.0
2027-03-19,176,470.0,PUT,1325.0
2027-03-19,176,480.0,PUT,1425.0
2027-03-19,176,490.0,PUT,1710.0
2027-03-19,176,500.0,PUT,4497.0
2027-03-19,176,510.0,PUT,897.0
2027-03-19,176,520.0,PUT,1123.0
2027-03-19,176,530.0,PUT,1090.0
2027-03-19,176,540.0,PUT,1818.0
2027-03-19,176,550.0,PUT,4345.0
2027-03-19,176,560.0,PUT,932.0
2027-03-19,176,565.0,PUT,382.0
2027-03-19,176,570.0,PUT,1409.0
2027-03-19,176,575.0,PUT,333.0
2027-03-19,176,580.0,PUT,1481.0
2027-03-19,176,585.0,PUT,337.0
2027-03-19,176,590.0,PUT,674.0
2027-03-19,176,595.0,PUT,175.0
2027-03-19,176,600.0,PUT,1410.0
2027-03-19,176,605.0,PUT,249.0
2027-03-19,176,610.0,PUT,1549.0
2027-03-19,176,615.0,PUT,175.0
2027-03-19,176,620.0,PUT,934.0
2027-03-19,176,625.0,PUT,316.0
2027-03-19,176,630.0,PUT,629.0
2027-03-19,176,635.0,PUT,370.0
2027-03-19,176,640.0,PUT,339.0
2027-03-19,176,645.0,PUT,226.0
2027-03-19,176,650.0,PUT,977.0
2027-03-19,176,655.0,PUT,187.0
2027-03-19,176,660.0,PUT,448.0
2027-03-19,176,665.0,PUT,5124.0
2027-03-19,176,670.0,PUT,334.0
2027-03-19,176,675.0,PUT,46.0
2027-03-19,176,680.0,PUT,335.0
2027-03-19,176,685.0,PUT,60.0
2027-03-19,176,690.0,PUT,174.0
2027-03-19,176,695.0,PUT,73.0
2027-03-19,176,700.0,PUT,418.0
2027-03-19,176,705.0,PUT,54.0
2027-03-19,176,710.0,PUT,167.0
2027-03-19,176,715.0,PUT,81.0
2027-03-19,176,720.0,PUT,189.0
2027-03-19,176,725.0,PUT,61.0
2027-03-19,176,730.0,PUT,318.0
2027-03-19,176,735.0,PUT,53.0
2027-03-19,176,740.0,PUT,198.0
2027-03-19,176,745.0,PUT,43.0
2027-03-19,176,750.0,PUT,261.0
2027-03-19,176,755.0,PUT,54.0
2027-03-19,176,760.0,PUT,174.0
2027-03-19,176,770.0,PUT,43.0
2027-03-19,176,780.0,PUT,37.0
2027-03-19,176,790.0,PUT,155.0
2027-03-19,176,800.0,PUT,177.0
2027-03-19,176,810.0,PUT,121.0
2027-03-19,176,820.0,PUT,6.0
2027-03-19,176,840.0,PUT,4.0
2027-03-19,176,850.0,PUT,123.0
2027-03-19,176,860.0,PUT,4.0
2027-03-19,176,870.0,PUT,4.0
2027-03-19,176,880.0,PUT,4.0
2027-03-19,176,890.0,PUT,6.0
2027-03-19,176,900.0,PUT,5.0
2027-03-19,176,910.0,PUT,0.0
2027-03-19,176,920.0,PUT,0.0
2027-03-19,176,930.0,PUT,0.0
2027-03-19,176,950.0,PUT,0.0
2027-03-19,176,970.0,PUT,0.0
2027-03-19,176,980.0,PUT,0.0
2027-03-19,176,990.0,PUT,0.0
2027-03-19,176,1000.0,PUT,0.0
2027-03-19,176,1030.0,PUT,0.0
2027-03-19,176,1100.0,PUT,0.0
2027-03-19,176,1220.0,PUT,0.0
