expiration,DTE,strike,option_type,openInterest
2026-08-19,0,400.0,CALL,1.0
2026-08-19,0,610.0,CALL,6.0
2026-08-19,0,700.0,CALL,1.0
2026-08-19,0,710.0,CALL,2.0
2026-08-19,0,720.0,CALL,1.0
2026-08-19,0,725.0,CALL,5.0
2026-08-19,0,730.0,CALL,2.0
2026-08-19,0,742.5,CALL,1.0
2026-08-19,0,750.0,CALL,8.0
2026-08-19,0,755.0,CALL,2.0
2026-08-19,0,760.0,CALL,1.0
2026-08-19,0,770.0,CALL,3.0
2026-08-19,0,775.0,CALL,1.0
2026-08-19,0,785.0,CALL,1.0
2026-08-19,0,790.0,CALL,10.0
2026-08-19,0,795.0,CALL,31.0
2026-08-19,0,800.0,CALL,168.0
2026-08-19,0,805.0,CALL,6.0
2026-08-19,0,810.0,CALL,2.0
2026-08-19,0,820.0,CALL,4.0
2026-08-19,0,825.0,CALL,8.0
2026-08-19,0,830.0,CALL,4.0
2026-08-19,0,835.0,CALL,14.0
2026-08-19,0,840.0,CALL,20.0
2026-08-19,0,845.0,CALL,13.0
2026-08-19,0,850.0,CALL,70.0
2026-08-19,0,855.0,CALL,16.0
2026-08-19,0,860.0,CALL,62.0
2026-08-19,0,865.0,CALL,31.0
2026-08-19,0,870.0,CALL,53.0
2026-08-19,0,875.0,CALL,41.0
2026-08-19,0,880.0,CALL,73.0
2026-08-19,0,885.0,CALL,42.0
2026-08-19,0,890.0,CALL,46.0
2026-08-19,0,895.0,CALL,119.0
2026-08-19,0,900.0,CALL,128.0
2026-08-19,0,905.0,CALL,63.0
2026-08-19,0,910.0,CALL,203.0
2026-08-19,0,915.0,CALL,43.0
2026-08-19,0,920.0,CALL,246.0
2026-08-19,0,925.0,CALL,259.0
2026-08-19,0,930.0,CALL,581.0
2026-08-19,0,935.0,CALL,1062.0
2026-08-19,0,940.0,CALL,1168.0
2026-08-19,0,945.0,CALL,931.0
2026-08-19,0,950.0,CALL,2278.0
2026-08-19,0,955.0,CALL,484.0
2026-08-19,0,960.0,CALL,3191.0
2026-08-19,0,965.0,CALL,1185.0
2026-08-19,0,970.0,CALL,2036.0
2026-08-19,0,975.0,CALL,2065.0
2026-08-19,0,980.0,CALL,3996.0
2026-08-19,0,985.0,CALL,515.0
2026-08-19,0,990.0,CALL,1027.0
2026-08-19,0,995.0,CALL,717.0
2026-08-19,0,1000.0,CALL,7234.0
2026-08-19,0,1005.0,CALL,422.0
2026-08-19,0,1010.0,CALL,734.0
2026-08-19,0,1015.0,CALL,841.0
2026-08-19,0,1020.0,CALL,1502.0
2026-08-19,0,1025.0,CALL,990.0
2026-08-19,0,1030.0,CALL,1484.0
2026-08-19,0,1035.0,CALL,663.0
2026-08-19,0,1040.0,CALL,1205.0
2026-08-19,0,1045.0,CALL,271.0
2026-08-19,0,1050.0,CALL,3753.0
2026-08-19,0,1055.0,CALL,355.0
2026-08-19,0,1060.0,CALL,531.0
2026-08-19,0,1065.0,CALL,254.0
2026-08-19,0,1070.0,CALL,1057.0
2026-08-19,0,1075.0,CALL,660.0
2026-08-19,0,1080.0,CALL,615.0
2026-08-19,0,1085.0,CALL,444.0
2026-08-19,0,1090.0,CALL,475.0
2026-08-19,0,1095.0,CALL,292.0
2026-08-19,0,1100.0,CALL,3582.0
2026-08-19,0,1105.0,CALL,143.0
2026-08-19,0,1110.0,CALL,359.0
2026-08-19,0,1115.0,CALL,377.0
2026-08-19,0,1120.0,CALL,257.0
2026-08-19,0,1125.0,CALL,255.0
2026-08-19,0,1130.0,CALL,330.0
2026-08-19,0,1135.0,CALL,86.0
2026-08-19,0,1140.0,CALL,189.0
2026-08-19,0,1145.0,CALL,143.0
2026-08-19,0,1150.0,CALL,990.0
2026-08-19,0,1155.0,CALL,225.0
2026-08-19,0,1160.0,CALL,140.0
2026-08-19,0,1165.0,CALL,66.0
2026-08-19,0,1170.0,CALL,343.0
2026-08-19,0,1175.0,CALL,141.0
2026-08-19,0,1180.0,CALL,109.0
2026-08-19,0,1185.0,CALL,70.0
2026-08-19,0,1190.0,CALL,46.0
2026-08-19,0,1195.0,CALL,63.0
2026-08-19,0,1200.0,CALL,847.0
2026-08-19,0,1205.0,CALL,47.0
2026-08-19,0,1210.0,CALL,32.0
2026-08-19,0,1215.0,CALL,126.0
2026-08-19,0,1220.0,CALL,43.0
2026-08-19,0,1225.0,CALL,46.0
2026-08-19,0,1230.0,CALL,183.0
2026-08-19,0,1235.0,CALL,110.0
2026-08-19,0,1240.0,CALL,110.0
2026-08-19,0,1250.0,CALL,32.0
2026-08-19,0,1260.0,CALL,17.0
2026-08-19,0,1270.0,CALL,6.0
2026-08-19,0,1280.0,CALL,22.0
2026-08-19,0,1290.0,CALL,50.0
2026-08-19,0,1300.0,CALL,73.0
2026-08-19,0,1310.0,CALL,92.0
2026-08-19,0,1320.0,CALL,41.0
2026-08-19,0,1330.0,CALL,34.0
2026-08-19,0,1340.0,CALL,66.0
2026-08-19,0,1350.0,CALL,114.0
2026-08-19,0,1360.0,CALL,32.0
2026-08-19,0,1370.0,CALL,27.0
2026-08-19,0,400.0,PUT,20.0
2026-08-19,0,405.0,PUT,13.0
2026-08-19,0,440.0,PUT,6.0
2026-08-19,0,465.0,PUT,2.0
2026-08-19,0,500.0,PUT,13.0
2026-08-19,0,535.0,PUT,10.0
2026-08-19,0,560.0,PUT,1.0
2026-08-19,0,570.0,PUT,18.0
2026-08-19,0,580.0,PUT,11.0
2026-08-19,0,585.0,PUT,92.0
2026-08-19,0,590.0,PUT,18.0
2026-08-19,0,595.0,PUT,47.0
2026-08-19,0,600.0,PUT,2229.0
2026-08-19,0,605.0,PUT,33.0
2026-08-19,0,610.0,PUT,102.0
2026-08-19,0,615.0,PUT,26.0
2026-08-19,0,620.0,PUT,34.0
2026-08-19,0,622.5,PUT,14.0
2026-08-19,0,625.0,PUT,23.0
2026-08-19,0,627.5,PUT,45.0
2026-08-19,0,630.0,PUT,11.0
2026-08-19,0,632.5,PUT,3.0
2026-08-19,0,637.5,PUT,14.0
2026-08-19,0,640.0,PUT,27.0
2026-08-19,0,642.5,PUT,12.0
2026-08-19,0,645.0,PUT,9.0
2026-08-19,0,647.5,PUT,1.0
2026-08-19,0,650.0,PUT,74.0
2026-08-19,0,652.5,PUT,4.0
2026-08-19,0,655.0,PUT,48.0
2026-08-19,0,657.5,PUT,51.0
2026-08-19,0,660.0,PUT,12.0
2026-08-19,0,662.5,PUT,10.0
2026-08-19,0,665.0,PUT,17.0
2026-08-19,0,667.5,PUT,10.0
2026-08-19,0,670.0,PUT,13.0
2026-08-19,0,672.5,PUT,9.0
2026-08-19,0,675.0,PUT,114.0
2026-08-19,0,677.5,PUT,185.0
2026-08-19,0,680.0,PUT,21.0
2026-08-19,0,682.5,PUT,6.0
2026-08-19,0,685.0,PUT,9.0
2026-08-19,0,687.5,PUT,35.0
2026-08-19,0,690.0,PUT,53.0
2026-08-19,0,692.5,PUT,23.0
2026-08-19,0,695.0,PUT,33.0
2026-08-19,0,697.5,PUT,24.0
2026-08-19,0,700.0,PUT,774.0
2026-08-19,0,702.5,PUT,14.0
2026-08-19,0,705.0,PUT,53.0
2026-08-19,0,707.5,PUT,29.0
2026-08-19,0,710.0,PUT,35.0
2026-08-19,0,712.5,PUT,111.0
2026-08-19,0,715.0,PUT,110.0
2026-08-19,0,717.5,PUT,591.0
2026-08-19,0,720.0,PUT,118.0
2026-08-19,0,722.5,PUT,40.0
2026-08-19,0,725.0,PUT,117.0
2026-08-19,0,727.5,PUT,40.0
2026-08-19,0,730.0,PUT,54.0
2026-08-19,0,732.5,PUT,33.0
2026-08-19,0,735.0,PUT,33.0
2026-08-19,0,737.5,PUT,123.0
2026-08-19,0,740.0,PUT,38.0
2026-08-19,0,742.5,PUT,134.0
2026-08-19,0,745.0,PUT,815.0
2026-08-19,0,747.5,PUT,495.0
2026-08-19,0,750.0,PUT,118.0
2026-08-19,0,755.0,PUT,132.0
2026-08-19,0,760.0,PUT,105.0
2026-08-19,0,765.0,PUT,108.0
2026-08-19,0,770.0,PUT,117.0
2026-08-19,0,775.0,PUT,112.0
2026-08-19,0,780.0,PUT,61.0
2026-08-19,0,785.0,PUT,43.0
2026-08-19,0,790.0,PUT,134.0
2026-08-19,0,795.0,PUT,72.0
2026-08-19,0,800.0,PUT,651.0
2026-08-19,0,805.0,PUT,113.0
2026-08-19,0,810.0,PUT,152.0
2026-08-19,0,815.0,PUT,293.0
2026-08-19,0,820.0,PUT,690.0
2026-08-19,0,825.0,PUT,264.0
2026-08-19,0,830.0,PUT,1330.0
2026-08-19,0,835.0,PUT,919.0
2026-08-19,0,840.0,PUT,389.0
2026-08-19,0,845.0,PUT,324.0
2026-08-19,0,850.0,PUT,1101.0
2026-08-19,0,855.0,PUT,338.0
2026-08-19,0,860.0,PUT,693.0
2026-08-19,0,865.0,PUT,527.0
2026-08-19,0,870.0,PUT,1432.0
2026-08-19,0,875.0,PUT,826.0
2026-08-19,0,880.0,PUT,976.0
2026-08-19,0,885.0,PUT,611.0
2026-08-19,0,890.0,PUT,909.0
2026-08-19,0,895.0,PUT,1111.0
2026-08-19,0,900.0,PUT,3467.0
2026-08-19,0,905.0,PUT,1098.0
2026-08-19,0,910.0,PUT,931.0
2026-08-19,0,915.0,PUT,556.0
2026-08-19,0,920.0,PUT,1599.0
2026-08-19,0,925.0,PUT,995.0
2026-08-19,0,930.0,PUT,1334.0
2026-08-19,0,935.0,PUT,1321.0
2026-08-19,0,940.0,PUT,1009.0
2026-08-19,0,945.0,PUT,659.0
2026-08-19,0,950.0,PUT,969.0
2026-08-19,0,955.0,PUT,522.0
2026-08-19,0,960.0,PUT,707.0
2026-08-19,0,965.0,PUT,393.0
2026-08-19,0,970.0,PUT,866.0
2026-08-19,0,975.0,PUT,655.0
2026-08-19,0,980.0,PUT,482.0
2026-08-19,0,985.0,PUT,290.0
2026-08-19,0,990.0,PUT,1710.0
2026-08-19,0,995.0,PUT,205.0
2026-08-19,0,1000.0,PUT,3046.0
2026-08-19,0,1005.0,PUT,96.0
2026-08-19,0,1010.0,PUT,381.0
2026-08-19,0,1015.0,PUT,234.0
2026-08-19,0,1020.0,PUT,394.0
2026-08-19,0,1030.0,PUT,414.0
2026-08-19,0,1040.0,PUT,126.0
2026-08-19,0,1050.0,PUT,14.0
2026-08-19,0,1065.0,PUT,0.0
2026-08-19,0,1070.0,PUT,0.0
2026-08-19,0,1100.0,PUT,9.0
2026-08-19,0,1115.0,PUT,1.0
2026-08-19,0,1120.0,PUT,0.0
2026-08-19,0,1140.0,PUT,0.0
2026-08-19,0,1175.0,PUT,0.0
2026-08-19,0,1370.0,PUT,1.0
2026-08-21,2,5.0,CALL,806.0
2026-08-21,2,10.0,CALL,0.0
2026-08-21,2,15.0,CALL,1.0
2026-08-21,2,20.0,CALL,2.0
2026-08-21,2,25.0,CALL,0.0
2026-08-21,2,30.0,CALL,0.0
2026-08-21,2,35.0,CALL,1.0
2026-08-21,2,45.0,CALL,0.0
2026-08-21,2,50.0,CALL,1.0
2026-08-21,2,55.0,CALL,0.0
2026-08-21,2,60.0,CALL,142.0
2026-08-21,2,65.0,CALL,14.0
2026-08-21,2,70.0,CALL,10.0
2026-08-21,2,75.0,CALL,13.0
2026-08-21,2,80.0,CALL,16.0
2026-08-21,2,85.0,CALL,32.0
2026-08-21,2,90.0,CALL,13.0
2026-08-21,2,95.0,CALL,15.0
2026-08-21,2,100.0,CALL,36.0
2026-08-21,2,105.0,CALL,7.0
2026-08-21,2,110.0,CALL,61.0
2026-08-21,2,115.0,CALL,65.0
2026-08-21,2,120.0,CALL,845.0
2026-08-21,2,125.0,CALL,129.0
2026-08-21,2,130.0,CALL,60.0
2026-08-21,2,135.0,CALL,48.0
2026-08-21,2,140.0,CALL,46.0
2026-08-21,2,145.0,CALL,49.0
2026-08-21,2,150.0,CALL,81.0
2026-08-21,2,155.0,CALL,79.0
2026-08-21,2,160.0,CALL,100.0
2026-08-21,2,165.0,CALL,82.0
2026-08-21,2,170.0,CALL,121.0
2026-08-21,2,175.0,CALL,185.0
2026-08-21,2,180.0,CALL,257.0
2026-08-21,2,185.0,CALL,73.0
2026-08-21,2,190.0,CALL,105.0
2026-08-21,2,195.0,CALL,147.0
2026-08-21,2,200.0,CALL,131.0
2026-08-21,2,210.0,CALL,191.0
2026-08-21,2,220.0,CALL,138.0
2026-08-21,2,230.0,CALL,364.0
2026-08-21,2,240.0,CALL,215.0
2026-08-21,2,250.0,CALL,570.0
2026-08-21,2,260.0,CALL,672.0
2026-08-21,2,270.0,CALL,252.0
2026-08-21,2,280.0,CALL,374.0
2026-08-21,2,290.0,CALL,168.0
2026-08-21,2,300.0,CALL,431.0
2026-08-21,2,310.0,CALL,395.0
2026-08-21,2,320.0,CALL,216.0
2026-08-21,2,330.0,CALL,195.0
2026-08-21,2,340.0,CALL,272.0
2026-08-21,2,350.0,CALL,415.0
2026-08-21,2,360.0,CALL,1021.0
2026-08-21,2,370.0,CALL,511.0
2026-08-21,2,380.0,CALL,399.0
2026-08-21,2,390.0,CALL,242.0
2026-08-21,2,400.0,CALL,341.0
2026-08-21,2,410.0,CALL,290.0
2026-08-21,2,420.0,CALL,753.0
2026-08-21,2,430.0,CALL,411.0
2026-08-21,2,440.0,CALL,855.0
2026-08-21,2,450.0,CALL,496.0
2026-08-21,2,460.0,CALL,333.0
2026-08-21,2,470.0,CALL,608.0
2026-08-21,2,480.0,CALL,393.0
2026-08-21,2,490.0,CALL,585.0
2026-08-21,2,500.0,CALL,1572.0
2026-08-21,2,510.0,CALL,1004.0
2026-08-21,2,520.0,CALL,479.0
2026-08-21,2,530.0,CALL,498.0
2026-08-21,2,540.0,CALL,460.0
2026-08-21,2,550.0,CALL,609.0
2026-08-21,2,560.0,CALL,290.0
2026-08-21,2,570.0,CALL,296.0
2026-08-21,2,580.0,CALL,273.0
2026-08-21,2,590.0,CALL,240.0
2026-08-21,2,600.0,CALL,1801.0
2026-08-21,2,610.0,CALL,414.0
2026-08-21,2,620.0,CALL,468.0
2026-08-21,2,630.0,CALL,277.0
2026-08-21,2,640.0,CALL,598.0
2026-08-21,2,650.0,CALL,785.0
2026-08-21,2,660.0,CALL,209.0
2026-08-21,2,670.0,CALL,267.0
2026-08-21,2,680.0,CALL,208.0
2026-08-21,2,690.0,CALL,294.0
2026-08-21,2,700.0,CALL,956.0
2026-08-21,2,710.0,CALL,717.0
2026-08-21,2,720.0,CALL,354.0
2026-08-21,2,730.0,CALL,618.0
2026-08-21,2,740.0,CALL,405.0
2026-08-21,2,750.0,CALL,776.0
2026-08-21,2,760.0,CALL,367.0
2026-08-21,2,765.0,CALL,19.0
2026-08-21,2,770.0,CALL,212.0
2026-08-21,2,775.0,CALL,23.0
2026-08-21,2,780.0,CALL,453.0
2026-08-21,2,785.0,CALL,49.0
2026-08-21,2,790.0,CALL,241.0
2026-08-21,2,795.0,CALL,96.0
2026-08-21,2,800.0,CALL,1501.0
2026-08-21,2,805.0,CALL,133.0
2026-08-21,2,810.0,CALL,388.0
2026-08-21,2,815.0,CALL,90.0
2026-08-21,2,820.0,CALL,722.0
2026-08-21,2,825.0,CALL,76.0
2026-08-21,2,830.0,CALL,707.0
2026-08-21,2,835.0,CALL,150.0
2026-08-21,2,840.0,CALL,592.0
2026-08-21,2,845.0,CALL,144.0
2026-08-21,2,850.0,CALL,1746.0
2026-08-21,2,855.0,CALL,204.0
2026-08-21,2,860.0,CALL,500.0
2026-08-21,2,865.0,CALL,129.0
2026-08-21,2,870.0,CALL,1023.0
2026-08-21,2,875.0,CALL,207.0
2026-08-21,2,880.0,CALL,1015.0
2026-08-21,2,885.0,CALL,165.0
2026-08-21,2,890.0,CALL,1764.0
2026-08-21,2,895.0,CALL,479.0
2026-08-21,2,900.0,CALL,3277.0
2026-08-21,2,905.0,CALL,368.0
2026-08-21,2,910.0,CALL,1476.0
2026-08-21,2,915.0,CALL,524.0
2026-08-21,2,920.0,CALL,1421.0
2026-08-21,2,925.0,CALL,534.0
2026-08-21,2,930.0,CALL,1271.0
2026-08-21,2,935.0,CALL,1625.0
2026-08-21,2,940.0,CALL,1479.0
2026-08-21,2,945.0,CALL,649.0
2026-08-21,2,950.0,CALL,5309.0
2026-08-21,2,955.0,CALL,519.0
2026-08-21,2,957.5,CALL,143.0
2026-08-21,2,960.0,CALL,1835.0
2026-08-21,2,962.5,CALL,231.0
2026-08-21,2,965.0,CALL,998.0
2026-08-21,2,970.0,CALL,2082.0
2026-08-21,2,975.0,CALL,986.0
2026-08-21,2,980.0,CALL,6850.0
2026-08-21,2,985.0,CALL,939.0
2026-08-21,2,990.0,CALL,8708.0
2026-08-21,2,995.0,CALL,631.0
2026-08-21,2,1000.0,CALL,11827.0
2026-08-21,2,1005.0,CALL,815.0
2026-08-21,2,1010.0,CALL,1952.0
2026-08-21,2,1020.0,CALL,2403.0
2026-08-21,2,1030.0,CALL,2596.0
2026-08-21,2,1040.0,CALL,2214.0
2026-08-21,2,1050.0,CALL,5032.0
2026-08-21,2,1060.0,CALL,1400.0
2026-08-21,2,1070.0,CALL,1804.0
2026-08-21,2,1080.0,CALL,9334.0
2026-08-21,2,1090.0,CALL,1851.0
2026-08-21,2,1100.0,CALL,10645.0
2026-08-21,2,1110.0,CALL,1692.0
2026-08-21,2,1120.0,CALL,1546.0
2026-08-21,2,1130.0,CALL,3189.0
2026-08-21,2,1140.0,CALL,798.0
2026-08-21,2,1150.0,CALL,5814.0
2026-08-21,2,1160.0,CALL,613.0
2026-08-21,2,1170.0,CALL,1492.0
2026-08-21,2,1180.0,CALL,1416.0
2026-08-21,2,1190.0,CALL,7915.0
2026-08-21,2,1200.0,CALL,12016.0
2026-08-21,2,1210.0,CALL,980.0
2026-08-21,2,1220.0,CALL,766.0
2026-08-21,2,1230.0,CALL,608.0
2026-08-21,2,1240.0,CALL,427.0
2026-08-21,2,1250.0,CALL,2378.0
2026-08-21,2,1260.0,CALL,914.0
2026-08-21,2,1270.0,CALL,860.0
2026-08-21,2,1280.0,CALL,1604.0
2026-08-21,2,1290.0,CALL,451.0
2026-08-21,2,1300.0,CALL,3856.0
2026-08-21,2,1310.0,CALL,357.0
2026-08-21,2,1320.0,CALL,537.0
2026-08-21,2,1330.0,CALL,421.0
2026-08-21,2,1340.0,CALL,465.0
2026-08-21,2,1350.0,CALL,3867.0
2026-08-21,2,1360.0,CALL,418.0
2026-08-21,2,1370.0,CALL,355.0
2026-08-21,2,1380.0,CALL,268.0
2026-08-21,2,1390.0,CALL,385.0
2026-08-21,2,1400.0,CALL,3726.0
2026-08-21,2,1410.0,CALL,290.0
2026-08-21,2,1420.0,CALL,737.0
2026-08-21,2,1430.0,CALL,395.0
2026-08-21,2,1440.0,CALL,497.0
2026-08-21,2,1450.0,CALL,1190.0
2026-08-21,2,1460.0,CALL,191.0
2026-08-21,2,1470.0,CALL,505.0
2026-08-21,2,1480.0,CALL,408.0
2026-08-21,2,1490.0,CALL,842.0
2026-08-21,2,1500.0,CALL,7542.0
2026-08-21,2,1510.0,CALL,398.0
2026-08-21,2,1520.0,CALL,499.0
2026-08-21,2,1530.0,CALL,487.0
2026-08-21,2,1540.0,CALL,281.0
2026-08-21,2,1550.0,CALL,961.0
2026-08-21,2,1560.0,CALL,835.0
2026-08-21,2,1570.0,CALL,934.0
2026-08-21,2,1580.0,CALL,595.0
2026-08-21,2,1590.0,CALL,489.0
2026-08-21,2,1600.0,CALL,3668.0
2026-08-21,2,1610.0,CALL,986.0
2026-08-21,2,1620.0,CALL,894.0
2026-08-21,2,1630.0,CALL,542.0
2026-08-21,2,1640.0,CALL,873.0
2026-08-21,2,1650.0,CALL,829.0
2026-08-21,2,1660.0,CALL,669.0
2026-08-21,2,1670.0,CALL,633.0
2026-08-21,2,1680.0,CALL,1385.0
2026-08-21,2,1690.0,CALL,727.0
2026-08-21,2,1700.0,CALL,2917.0
2026-08-21,2,1710.0,CALL,776.0
2026-08-21,2,1720.0,CALL,509.0
2026-08-21,2,1730.0,CALL,484.0
2026-08-21,2,1740.0,CALL,887.0
2026-08-21,2,1750.0,CALL,1488.0
2026-08-21,2,1760.0,CALL,1572.0
2026-08-21,2,1770.0,CALL,1384.0
2026-08-21,2,1780.0,CALL,1155.0
2026-08-21,2,1790.0,CALL,1307.0
2026-08-21,2,1800.0,CALL,2899.0
2026-08-21,2,1810.0,CALL,853.0
2026-08-21,2,1820.0,CALL,662.0
2026-08-21,2,1830.0,CALL,1065.0
2026-08-21,2,1840.0,CALL,539.0
2026-08-21,2,1850.0,CALL,1303.0
2026-08-21,2,1860.0,CALL,966.0
2026-08-21,2,1870.0,CALL,741.0
2026-08-21,2,1880.0,CALL,845.0
2026-08-21,2,1890.0,CALL,968.0
2026-08-21,2,1900.0,CALL,1068.0
2026-08-21,2,1910.0,CALL,547.0
2026-08-21,2,1920.0,CALL,706.0
2026-08-21,2,1930.0,CALL,1163.0
2026-08-21,2,1940.0,CALL,504.0
2026-08-21,2,1950.0,CALL,547.0
2026-08-21,2,1960.0,CALL,142.0
2026-08-21,2,1970.0,CALL,320.0
2026-08-21,2,1980.0,CALL,455.0
2026-08-21,2,1990.0,CALL,132.0
2026-08-21,2,2000.0,CALL,4772.0
2026-08-21,2,2010.0,CALL,94.0
2026-08-21,2,2020.0,CALL,1243.0
2026-08-21,2,2030.0,CALL,803.0
2026-08-21,2,2040.0,CALL,739.0
2026-08-21,2,2050.0,CALL,565.0
2026-08-21,2,2060.0,CALL,490.0
2026-08-21,2,2070.0,CALL,182.0
2026-08-21,2,2080.0,CALL,164.0
2026-08-21,2,2090.0,CALL,144.0
2026-08-21,2,2100.0,CALL,226.0
2026-08-21,2,2110.0,CALL,320.0
2026-08-21,2,2120.0,CALL,792.0
2026-08-21,2,2130.0,CALL,142.0
2026-08-21,2,2140.0,CALL,238.0
2026-08-21,2,2150.0,CALL,245.0
2026-08-21,2,2160.0,CALL,180.0
2026-08-21,2,2170.0,CALL,923.0
2026-08-21,2,2180.0,CALL,271.0
2026-08-21,2,2190.0,CALL,138.0
2026-08-21,2,2200.0,CALL,1044.0
2026-08-21,2,2210.0,CALL,99.0
2026-08-21,2,2220.0,CALL,136.0
2026-08-21,2,2230.0,CALL,699.0
2026-08-21,2,2240.0,CALL,10.0
2026-08-21,2,2250.0,CALL,487.0
2026-08-21,2,2260.0,CALL,18.0
2026-08-21,2,2270.0,CALL,15.0
2026-08-21,2,2280.0,CALL,13.0
2026-08-21,2,2290.0,CALL,129.0
2026-08-21,2,2300.0,CALL,170.0
2026-08-21,2,2310.0,CALL,278.0
2026-08-21,2,2320.0,CALL,118.0
2026-08-21,2,2330.0,CALL,18.0
2026-08-21,2,2340.0,CALL,52.0
2026-08-21,2,2350.0,CALL,106.0
2026-08-21,2,2360.0,CALL,116.0
2026-08-21,2,2370.0,CALL,113.0
2026-08-21,2,2380.0,CALL,121.0
2026-08-21,2,2390.0,CALL,123.0
2026-08-21,2,2400.0,CALL,511.0
2026-08-21,2,2410.0,CALL,118.0
2026-08-21,2,2420.0,CALL,910.0
2026-08-21,2,2440.0,CALL,320.0
2026-08-21,2,2460.0,CALL,167.0
2026-08-21,2,2480.0,CALL,702.0
2026-08-21,2,2500.0,CALL,2319.0
2026-08-21,2,5.0,PUT,106.0
2026-08-21,2,10.0,PUT,119.0
2026-08-21,2,15.0,PUT,63.0
2026-08-21,2,20.0,PUT,171.0
2026-08-21,2,25.0,PUT,129.0
2026-08-21,2,30.0,PUT,392.0
2026-08-21,2,35.0,PUT,1171.0
2026-08-21,2,40.0,PUT,395.0
2026-08-21,2,45.0,PUT,1333.0
2026-08-21,2,50.0,PUT,667.0
2026-08-21,2,55.0,PUT,1051.0
2026-08-21,2,60.0,PUT,1627.0
2026-08-21,2,65.0,PUT,2809.0
2026-08-21,2,70.0,PUT,640.0
2026-08-21,2,75.0,PUT,864.0
2026-08-21,2,80.0,PUT,1150.0
2026-08-21,2,85.0,PUT,3062.0
2026-08-21,2,90.0,PUT,896.0
2026-08-21,2,95.0,PUT,816.0
2026-08-21,2,100.0,PUT,2341.0
2026-08-21,2,105.0,PUT,1640.0
2026-08-21,2,110.0,PUT,2955.0
2026-08-21,2,115.0,PUT,728.0
2026-08-21,2,120.0,PUT,1256.0
2026-08-21,2,125.0,PUT,1574.0
2026-08-21,2,130.0,PUT,1156.0
2026-08-21,2,135.0,PUT,559.0
2026-08-21,2,140.0,PUT,892.0
2026-08-21,2,145.0,PUT,8811.0
2026-08-21,2,150.0,PUT,10804.0
2026-08-21,2,155.0,PUT,12057.0
2026-08-21,2,160.0,PUT,11290.0
2026-08-21,2,165.0,PUT,2251.0
2026-08-21,2,170.0,PUT,2041.0
2026-08-21,2,175.0,PUT,705.0
2026-08-21,2,180.0,PUT,990.0
2026-08-21,2,185.0,PUT,1848.0
2026-08-21,2,190.0,PUT,1354.0
2026-08-21,2,195.0,PUT,1072.0
2026-08-21,2,200.0,PUT,2893.0
2026-08-21,2,210.0,PUT,497.0
2026-08-21,2,220.0,PUT,1656.0
2026-08-21,2,230.0,PUT,1957.0
2026-08-21,2,240.0,PUT,1595.0
2026-08-21,2,250.0,PUT,3491.0
2026-08-21,2,260.0,PUT,2459.0
2026-08-21,2,270.0,PUT,1993.0
2026-08-21,2,280.0,PUT,3195.0
2026-08-21,2,290.0,PUT,3208.0
2026-08-21,2,300.0,PUT,5412.0
2026-08-21,2,310.0,PUT,2212.0
2026-08-21,2,320.0,PUT,3480.0
2026-08-21,2,330.0,PUT,1222.0
2026-08-21,2,340.0,PUT,1117.0
2026-08-21,2,350.0,PUT,2383.0
2026-08-21,2,360.0,PUT,734.0
2026-08-21,2,370.0,PUT,1743.0
2026-08-21,2,380.0,PUT,1837.0
2026-08-21,2,390.0,PUT,1505.0
2026-08-21,2,400.0,PUT,2958.0
2026-08-21,2,410.0,PUT,1396.0
2026-08-21,2,420.0,PUT,1843.0
2026-08-21,2,430.0,PUT,905.0
2026-08-21,2,440.0,PUT,2352.0
2026-08-21,2,450.0,PUT,5339.0
2026-08-21,2,460.0,PUT,668.0
2026-08-21,2,470.0,PUT,1162.0
2026-08-21,2,480.0,PUT,736.0
2026-08-21,2,490.0,PUT,680.0
2026-08-21,2,500.0,PUT,4508.0
2026-08-21,2,510.0,PUT,850.0
2026-08-21,2,520.0,PUT,1252.0
2026-08-21,2,530.0,PUT,551.0
2026-08-21,2,540.0,PUT,1367.0
2026-08-21,2,550.0,PUT,19500.0
2026-08-21,2,560.0,PUT,536.0
2026-08-21,2,570.0,PUT,864.0
2026-08-21,2,580.0,PUT,605.0
2026-08-21,2,590.0,PUT,1075.0
2026-08-21,2,600.0,PUT,17736.0
2026-08-21,2,610.0,PUT,1890.0
2026-08-21,2,620.0,PUT,1853.0
2026-08-21,2,630.0,PUT,2632.0
2026-08-21,2,640.0,PUT,1779.0
2026-08-21,2,650.0,PUT,18649.0
2026-08-21,2,660.0,PUT,1099.0
2026-08-21,2,670.0,PUT,2275.0
2026-08-21,2,680.0,PUT,4791.0
2026-08-21,2,690.0,PUT,1300.0
2026-08-21,2,700.0,PUT,6607.0
2026-08-21,2,710.0,PUT,1249.0
2026-08-21,2,720.0,PUT,3248.0
2026-08-21,2,730.0,PUT,1851.0
2026-08-21,2,740.0,PUT,1337.0
2026-08-21,2,750.0,PUT,5674.0
2026-08-21,2,760.0,PUT,2477.0
2026-08-21,2,765.0,PUT,1065.0
2026-08-21,2,770.0,PUT,1933.0
2026-08-21,2,775.0,PUT,736.0
2026-08-21,2,780.0,PUT,2018.0
2026-08-21,2,785.0,PUT,116.0
2026-08-21,2,790.0,PUT,1283.0
2026-08-21,2,795.0,PUT,394.0
2026-08-21,2,800.0,PUT,7554.0
2026-08-21,2,805.0,PUT,357.0
2026-08-21,2,810.0,PUT,1289.0
2026-08-21,2,815.0,PUT,453.0
2026-08-21,2,820.0,PUT,1758.0
2026-08-21,2,825.0,PUT,1072.0
2026-08-21,2,830.0,PUT,3471.0
2026-08-21,2,835.0,PUT,652.0
2026-08-21,2,840.0,PUT,2212.0
2026-08-21,2,845.0,PUT,1088.0
2026-08-21,2,850.0,PUT,6785.0
2026-08-21,2,855.0,PUT,1067.0
2026-08-21,2,860.0,PUT,1702.0
2026-08-21,2,865.0,PUT,516.0
2026-08-21,2,870.0,PUT,2431.0
2026-08-21,2,875.0,PUT,1123.0
2026-08-21,2,880.0,PUT,2288.0
2026-08-21,2,885.0,PUT,742.0
2026-08-21,2,890.0,PUT,2245.0
2026-08-21,2,895.0,PUT,1133.0
2026-08-21,2,900.0,PUT,5518.0
2026-08-21,2,905.0,PUT,456.0
2026-08-21,2,910.0,PUT,1937.0
2026-08-21,2,915.0,PUT,805.0
2026-08-21,2,920.0,PUT,1844.0
2026-08-21,2,925.0,PUT,771.0
2026-08-21,2,930.0,PUT,2724.0
2026-08-21,2,935.0,PUT,660.0
2026-08-21,2,940.0,PUT,2458.0
2026-08-21,2,945.0,PUT,485.0
2026-08-21,2,950.0,PUT,4442.0
2026-08-21,2,955.0,PUT,380.0
2026-08-21,2,957.5,PUT,177.0
2026-08-21,2,960.0,PUT,979.0
2026-08-21,2,962.5,PUT,163.0
2026-08-21,2,965.0,PUT,578.0
2026-08-21,2,970.0,PUT,746.0
2026-08-21,2,975.0,PUT,311.0
2026-08-21,2,980.0,PUT,5206.0
2026-08-21,2,985.0,PUT,138.0
2026-08-21,2,990.0,PUT,6752.0
2026-08-21,2,995.0,PUT,214.0
2026-08-21,2,1000.0,PUT,4676.0
2026-08-21,2,1005.0,PUT,125.0
2026-08-21,2,1010.0,PUT,435.0
2026-08-21,2,1020.0,PUT,942.0
2026-08-21,2,1030.0,PUT,398.0
2026-08-21,2,1040.0,PUT,244.0
2026-08-21,2,1050.0,PUT,746.0
2026-08-21,2,1060.0,PUT,148.0
2026-08-21,2,1070.0,PUT,282.0
2026-08-21,2,1080.0,PUT,312.0
2026-08-21,2,1090.0,PUT,313.0
2026-08-21,2,1100.0,PUT,1356.0
2026-08-21,2,1110.0,PUT,165.0
2026-08-21,2,1120.0,PUT,255.0
2026-08-21,2,1130.0,PUT,257.0
2026-08-21,2,1140.0,PUT,106.0
2026-08-21,2,1150.0,PUT,927.0
2026-08-21,2,1160.0,PUT,65.0
2026-08-21,2,1170.0,PUT,133.0
2026-08-21,2,1180.0,PUT,29.0
2026-08-21,2,1190.0,PUT,11307.0
2026-08-21,2,1200.0,PUT,378.0
2026-08-21,2,1210.0,PUT,10.0
2026-08-21,2,1220.0,PUT,7.0
2026-08-21,2,1230.0,PUT,2.0
2026-08-21,2,1240.0,PUT,0.0
2026-08-21,2,1250.0,PUT,9.0
2026-08-21,2,1260.0,PUT,5.0
2026-08-21,2,1270.0,PUT,3.0
2026-08-21,2,1280.0,PUT,1.0
2026-08-21,2,1290.0,PUT,0.0
2026-08-21,2,1300.0,PUT,0.0
2026-08-21,2,1310.0,PUT,0.0
2026-08-21,2,1320.0,PUT,16.0
2026-08-21,2,1330.0,PUT,0.0
2026-08-21,2,1340.0,PUT,0.0
2026-08-21,2,1350.0,PUT,0.0
2026-08-21,2,1360.0,PUT,0.0
2026-08-21,2,1370.0,PUT,0.0
2026-08-21,2,1380.0,PUT,15.0
2026-08-21,2,1390.0,PUT,0.0
2026-08-21,2,1400.0,PUT,0.0
2026-08-21,2,1410.0,PUT,0.0
2026-08-21,2,1420.0,PUT,0.0
2026-08-21,2,1430.0,PUT,17.0
2026-08-21,2,1440.0,PUT,0.0
2026-08-21,2,1450.0,PUT,0.0
2026-08-21,2,1460.0,PUT,0.0
2026-08-21,2,1470.0,PUT,16.0
2026-08-21,2,1480.0,PUT,10.0
2026-08-21,2,1490.0,PUT,0.0
2026-08-21,2,1500.0,PUT,1.0
2026-08-21,2,1510.0,PUT,0.0
2026-08-21,2,1520.0,PUT,0.0
2026-08-21,2,1530.0,PUT,0.0
2026-08-21,2,1540.0,PUT,4.0
2026-08-21,2,1550.0,PUT,0.0
2026-08-21,2,1560.0,PUT,8.0
2026-08-21,2,1570.0,PUT,1.0
2026-08-21,2,1580.0,PUT,0.0
2026-08-21,2,1590.0,PUT,4.0
2026-08-21,2,1600.0,PUT,0.0
2026-08-21,2,1610.0,PUT,0.0
2026-08-21,2,1620.0,PUT,0.0
2026-08-21,2,1630.0,PUT,0.0
2026-08-21,2,1640.0,PUT,0.0
2026-08-21,2,1650.0,PUT,0.0
2026-08-21,2,1660.0,PUT,1.0
2026-08-21,2,1670.0,PUT,1.0
2026-08-21,2,1680.0,PUT,0.0
2026-08-21,2,1690.0,PUT,0.0
2026-08-21,2,1700.0,PUT,0.0
2026-08-21,2,1710.0,PUT,0.0
2026-08-21,2,1720.0,PUT,0.0
2026-08-21,2,1730.0,PUT,0.0
2026-08-21,2,1740.0,PUT,0.0
2026-08-21,2,1750.0,PUT,0.0
2026-08-21,2,1760.0,PUT,0.0
2026-08-21,2,1770.0,PUT,0.0
2026-08-21,2,1780.0,PUT,0.0
2026-08-21,2,1790.0,PUT,0.0
2026-08-21,2,1800.0,PUT,0.0
2026-08-21,2,1810.0,PUT,0.0
2026-08-21,2,1820.0,PUT,0.0
2026-08-21,2,1830.0,PUT,0.0
2026-08-21,2,1840.0,PUT,0.0
2026-08-21,2,1850.0,PUT,0.0
2026-08-21,2,1860.0,PUT,0.0
2026-08-21,2,1870.0,PUT,0.0
2026-08-21,2,1880.0,PUT,0.0
2026-08-21,2,1890.0,PUT,0.0
2026-08-21,2,1900.0,PUT,0.0
2026-08-21,2,1910.0,PUT,0.0
2026-08-21,2,1920.0,PUT,0.0
2026-08-21,2,1930.0,PUT,0.0
2026-08-21,2,1940.0,PUT,0.0
2026-08-21,2,1950.0,PUT,0.0
2026-08-21,2,1960.0,PUT,0.0
2026-08-21,2,1990.0,PUT,0.0
2026-08-21,2,2000.0,PUT,0.0
2026-08-21,2,2050.0,PUT,0.0
2026-08-21,2,2100.0,PUT,0.0
2026-08-21,2,2120.0,PUT,0.0
2026-08-21,2,2150.0,PUT,0.0
2026-08-21,2,2170.0,PUT,0.0
2026-08-21,2,2220.0,PUT,0.0
2026-08-21,2,2300.0,PUT,0.0
2026-08-21,2,2340.0,PUT,0.0
2026-08-21,2,2350.0,PUT,0.0
2026-08-21,2,2360.0,PUT,0.0
2026-08-21,2,2390.0,PUT,0.0
2026-08-21,2,2400.0,PUT,0.0
2026-08-21,2,2420.0,PUT,0.0
2026-08-21,2,2500.0,PUT,0.0
2026-08-24,5,475.0,CALL,2.0
2026-08-24,5,785.0,CALL,6.0
2026-08-24,5,790.0,CALL,7.0
2026-08-24,5,795.0,CALL,3.0
2026-08-24,5,800.0,CALL,19.0
2026-08-24,5,805.0,CALL,1.0
2026-08-24,5,810.0,CALL,1.0
2026-08-24,5,815.0,CALL,2.0
2026-08-24,5,820.0,CALL,4.0
2026-08-24,5,835.0,CALL,1.0
2026-08-24,5,840.0,CALL,6.0
2026-08-24,5,845.0,CALL,2.0
2026-08-24,5,850.0,CALL,35.0
2026-08-24,5,855.0,CALL,11.0
2026-08-24,5,860.0,CALL,36.0
2026-08-24,5,865.0,CALL,17.0
2026-08-24,5,870.0,CALL,52.0
2026-08-24,5,875.0,CALL,19.0
2026-08-24,5,880.0,CALL,15.0
2026-08-24,5,885.0,CALL,59.0
2026-08-24,5,890.0,CALL,13.0
2026-08-24,5,895.0,CALL,43.0
2026-08-24,5,900.0,CALL,47.0
2026-08-24,5,905.0,CALL,24.0
2026-08-24,5,910.0,CALL,74.0
2026-08-24,5,915.0,CALL,53.0
2026-08-24,5,920.0,CALL,107.0
2026-08-24,5,925.0,CALL,66.0
2026-08-24,5,930.0,CALL,286.0
2026-08-24,5,935.0,CALL,54.0
2026-08-24,5,940.0,CALL,128.0
2026-08-24,5,945.0,CALL,62.0
2026-08-24,5,950.0,CALL,212.0
2026-08-24,5,955.0,CALL,93.0
2026-08-24,5,960.0,CALL,787.0
2026-08-24,5,965.0,CALL,53.0
2026-08-24,5,970.0,CALL,277.0
2026-08-24,5,975.0,CALL,357.0
2026-08-24,5,980.0,CALL,247.0
2026-08-24,5,985.0,CALL,32.0
2026-08-24,5,990.0,CALL,1093.0
2026-08-24,5,995.0,CALL,65.0
2026-08-24,5,1000.0,CALL,2025.0
2026-08-24,5,1005.0,CALL,162.0
2026-08-24,5,1010.0,CALL,262.0
2026-08-24,5,1015.0,CALL,664.0
2026-08-24,5,1020.0,CALL,383.0
2026-08-24,5,1025.0,CALL,279.0
2026-08-24,5,1030.0,CALL,302.0
2026-08-24,5,1035.0,CALL,70.0
2026-08-24,5,1040.0,CALL,116.0
2026-08-24,5,1045.0,CALL,152.0
2026-08-24,5,1050.0,CALL,491.0
2026-08-24,5,1055.0,CALL,45.0
2026-08-24,5,1060.0,CALL,88.0
2026-08-24,5,1065.0,CALL,35.0
2026-08-24,5,1070.0,CALL,151.0
2026-08-24,5,1075.0,CALL,63.0
2026-08-24,5,1080.0,CALL,57.0
2026-08-24,5,1085.0,CALL,84.0
2026-08-24,5,1090.0,CALL,142.0
2026-08-24,5,1095.0,CALL,13.0
2026-08-24,5,1100.0,CALL,1034.0
2026-08-24,5,1105.0,CALL,30.0
2026-08-24,5,1110.0,CALL,96.0
2026-08-24,5,1115.0,CALL,26.0
2026-08-24,5,1120.0,CALL,35.0
2026-08-24,5,1125.0,CALL,36.0
2026-08-24,5,1130.0,CALL,62.0
2026-08-24,5,1135.0,CALL,48.0
2026-08-24,5,1140.0,CALL,683.0
2026-08-24,5,1145.0,CALL,23.0
2026-08-24,5,1150.0,CALL,959.0
2026-08-24,5,1155.0,CALL,49.0
2026-08-24,5,1160.0,CALL,40.0
2026-08-24,5,1165.0,CALL,41.0
2026-08-24,5,1170.0,CALL,48.0
2026-08-24,5,1175.0,CALL,13.0
2026-08-24,5,1180.0,CALL,377.0
2026-08-24,5,1185.0,CALL,29.0
2026-08-24,5,1190.0,CALL,21.0
2026-08-24,5,1195.0,CALL,99.0
2026-08-24,5,1200.0,CALL,493.0
2026-08-24,5,1205.0,CALL,190.0
2026-08-24,5,1210.0,CALL,60.0
2026-08-24,5,1215.0,CALL,32.0
2026-08-24,5,1220.0,CALL,44.0
2026-08-24,5,1225.0,CALL,51.0
2026-08-24,5,1230.0,CALL,41.0
2026-08-24,5,1235.0,CALL,23.0
2026-08-24,5,1240.0,CALL,52.0
2026-08-24,5,1250.0,CALL,209.0
2026-08-24,5,1260.0,CALL,40.0
2026-08-24,5,1270.0,CALL,8.0
2026-08-24,5,1280.0,CALL,14.0
2026-08-24,5,1300.0,CALL,56.0
2026-08-24,5,1310.0,CALL,34.0
2026-08-24,5,1320.0,CALL,12.0
2026-08-24,5,1330.0,CALL,1.0
2026-08-24,5,1340.0,CALL,4.0
2026-08-24,5,590.0,PUT,113.0
2026-08-24,5,605.0,PUT,2.0
2026-08-24,5,650.0,PUT,13.0
2026-08-24,5,660.0,PUT,82.0
2026-08-24,5,670.0,PUT,13.0
2026-08-24,5,675.0,PUT,10.0
2026-08-24,5,680.0,PUT,7.0
2026-08-24,5,685.0,PUT,10.0
2026-08-24,5,690.0,PUT,56.0
2026-08-24,5,692.5,PUT,45.0
2026-08-24,5,695.0,PUT,145.0
2026-08-24,5,700.0,PUT,49.0
2026-08-24,5,705.0,PUT,23.0
2026-08-24,5,707.5,PUT,46.0
2026-08-24,5,710.0,PUT,11.0
2026-08-24,5,720.0,PUT,26.0
2026-08-24,5,722.5,PUT,9.0
2026-08-24,5,725.0,PUT,13.0
2026-08-24,5,727.5,PUT,13.0
2026-08-24,5,730.0,PUT,13.0
2026-08-24,5,735.0,PUT,15.0
2026-08-24,5,737.5,PUT,74.0
2026-08-24,5,740.0,PUT,66.0
2026-08-24,5,742.5,PUT,7.0
2026-08-24,5,745.0,PUT,47.0
2026-08-24,5,747.5,PUT,29.0
2026-08-24,5,750.0,PUT,68.0
2026-08-24,5,755.0,PUT,21.0
2026-08-24,5,760.0,PUT,20.0
2026-08-24,5,765.0,PUT,29.0
2026-08-24,5,770.0,PUT,144.0
2026-08-24,5,775.0,PUT,41.0
2026-08-24,5,780.0,PUT,62.0
2026-08-24,5,785.0,PUT,153.0
2026-08-24,5,790.0,PUT,32.0
2026-08-24,5,795.0,PUT,22.0
2026-08-24,5,800.0,PUT,446.0
2026-08-24,5,805.0,PUT,129.0
2026-08-24,5,810.0,PUT,36.0
2026-08-24,5,815.0,PUT,36.0
2026-08-24,5,820.0,PUT,78.0
2026-08-24,5,825.0,PUT,81.0
2026-08-24,5,830.0,PUT,62.0
2026-08-24,5,835.0,PUT,69.0
2026-08-24,5,840.0,PUT,146.0
2026-08-24,5,845.0,PUT,214.0
2026-08-24,5,850.0,PUT,476.0
2026-08-24,5,855.0,PUT,72.0
2026-08-24,5,860.0,PUT,92.0
2026-08-24,5,865.0,PUT,50.0
2026-08-24,5,870.0,PUT,99.0
2026-08-24,5,875.0,PUT,229.0
2026-08-24,5,880.0,PUT,137.0
2026-08-24,5,885.0,PUT,148.0
2026-08-24,5,890.0,PUT,329.0
2026-08-24,5,895.0,PUT,204.0
2026-08-24,5,900.0,PUT,904.0
2026-08-24,5,905.0,PUT,131.0
2026-08-24,5,910.0,PUT,71.0
2026-08-24,5,915.0,PUT,112.0
2026-08-24,5,920.0,PUT,293.0
2026-08-24,5,925.0,PUT,175.0
2026-08-24,5,930.0,PUT,179.0
2026-08-24,5,935.0,PUT,98.0
2026-08-24,5,940.0,PUT,131.0
2026-08-24,5,945.0,PUT,35.0
2026-08-24,5,950.0,PUT,216.0
2026-08-24,5,955.0,PUT,30.0
2026-08-24,5,960.0,PUT,413.0
2026-08-24,5,965.0,PUT,38.0
2026-08-24,5,970.0,PUT,157.0
2026-08-24,5,975.0,PUT,45.0
2026-08-24,5,980.0,PUT,38.0
2026-08-24,5,990.0,PUT,34.0
2026-08-24,5,1000.0,PUT,88.0
2026-08-24,5,1005.0,PUT,20.0
2026-08-24,5,1020.0,PUT,69.0
2026-08-24,5,1025.0,PUT,28.0
2026-08-24,5,1030.0,PUT,18.0
2026-08-24,5,1040.0,PUT,4.0
2026-08-24,5,1050.0,PUT,17.0
2026-08-24,5,1060.0,PUT,19.0
2026-08-24,5,1080.0,PUT,1.0
2026-08-24,5,1100.0,PUT,7.0
2026-08-24,5,1165.0,PUT,1.0
2026-08-26,7,470.0,CALL,3.0
2026-08-26,7,750.0,CALL,7.0
2026-08-26,7,775.0,CALL,1.0
2026-08-26,7,785.0,CALL,13.0
2026-08-26,7,800.0,CALL,2.0
2026-08-26,7,805.0,CALL,1.0
2026-08-26,7,810.0,CALL,1.0
2026-08-26,7,815.0,CALL,2.0
2026-08-26,7,820.0,CALL,2.0
2026-08-26,7,830.0,CALL,2.0
2026-08-26,7,835.0,CALL,5.0
2026-08-26,7,845.0,CALL,2.0
2026-08-26,7,850.0,CALL,16.0
2026-08-26,7,855.0,CALL,5.0
2026-08-26,7,860.0,CALL,10.0
2026-08-26,7,865.0,CALL,2.0
2026-08-26,7,870.0,CALL,104.0
2026-08-26,7,875.0,CALL,7.0
2026-08-26,7,880.0,CALL,17.0
2026-08-26,7,885.0,CALL,3.0
2026-08-26,7,890.0,CALL,10.0
2026-08-26,7,900.0,CALL,68.0
2026-08-26,7,905.0,CALL,4.0
2026-08-26,7,910.0,CALL,4.0
2026-08-26,7,915.0,CALL,9.0
2026-08-26,7,920.0,CALL,45.0
2026-08-26,7,925.0,CALL,40.0
2026-08-26,7,930.0,CALL,46.0
2026-08-26,7,935.0,CALL,25.0
2026-08-26,7,940.0,CALL,60.0
2026-08-26,7,945.0,CALL,35.0
2026-08-26,7,950.0,CALL,166.0
2026-08-26,7,955.0,CALL,32.0
2026-08-26,7,960.0,CALL,31.0
2026-08-26,7,965.0,CALL,64.0
2026-08-26,7,970.0,CALL,63.0
2026-08-26,7,975.0,CALL,43.0
2026-08-26,7,980.0,CALL,97.0
2026-08-26,7,985.0,CALL,22.0
2026-08-26,7,990.0,CALL,31.0
2026-08-26,7,995.0,CALL,41.0
2026-08-26,7,1000.0,CALL,352.0
2026-08-26,7,1005.0,CALL,19.0
2026-08-26,7,1010.0,CALL,63.0
2026-08-26,7,1015.0,CALL,35.0
2026-08-26,7,1020.0,CALL,123.0
2026-08-26,7,1025.0,CALL,61.0
2026-08-26,7,1030.0,CALL,38.0
2026-08-26,7,1035.0,CALL,13.0
2026-08-26,7,1040.0,CALL,35.0
2026-08-26,7,1045.0,CALL,35.0
2026-08-26,7,1050.0,CALL,122.0
2026-08-26,7,1055.0,CALL,14.0
2026-08-26,7,1060.0,CALL,49.0
2026-08-26,7,1065.0,CALL,36.0
2026-08-26,7,1070.0,CALL,33.0
2026-08-26,7,1075.0,CALL,36.0
2026-08-26,7,1080.0,CALL,19.0
2026-08-26,7,1085.0,CALL,33.0
2026-08-26,7,1090.0,CALL,48.0
2026-08-26,7,1095.0,CALL,22.0
2026-08-26,7,1100.0,CALL,147.0
2026-08-26,7,1105.0,CALL,8.0
2026-08-26,7,1110.0,CALL,61.0
2026-08-26,7,1115.0,CALL,15.0
2026-08-26,7,1120.0,CALL,64.0
2026-08-26,7,1125.0,CALL,25.0
2026-08-26,7,1130.0,CALL,33.0
2026-08-26,7,1135.0,CALL,34.0
2026-08-26,7,1140.0,CALL,35.0
2026-08-26,7,1145.0,CALL,63.0
2026-08-26,7,1150.0,CALL,118.0
2026-08-26,7,1155.0,CALL,5.0
2026-08-26,7,1165.0,CALL,25.0
2026-08-26,7,1170.0,CALL,21.0
2026-08-26,7,1175.0,CALL,29.0
2026-08-26,7,1180.0,CALL,180.0
2026-08-26,7,1185.0,CALL,25.0
2026-08-26,7,1190.0,CALL,3.0
2026-08-26,7,1195.0,CALL,12.0
2026-08-26,7,1200.0,CALL,127.0
2026-08-26,7,1205.0,CALL,41.0
2026-08-26,7,1210.0,CALL,12.0
2026-08-26,7,1215.0,CALL,9.0
2026-08-26,7,1220.0,CALL,9.0
2026-08-26,7,1225.0,CALL,18.0
2026-08-26,7,1230.0,CALL,53.0
2026-08-26,7,1235.0,CALL,10.0
2026-08-26,7,1240.0,CALL,15.0
2026-08-26,7,1250.0,CALL,29.0
2026-08-26,7,1280.0,CALL,2.0
2026-08-26,7,1300.0,CALL,22.0
2026-08-26,7,1310.0,CALL,18.0
2026-08-26,7,1320.0,CALL,11.0
2026-08-26,7,1330.0,CALL,14.0
2026-08-26,7,1340.0,CALL,24.0
2026-08-26,7,1360.0,CALL,1.0
2026-08-26,7,400.0,PUT,1.0
2026-08-26,7,435.0,PUT,3.0
2026-08-26,7,445.0,PUT,1.0
2026-08-26,7,600.0,PUT,2.0
2026-08-26,7,705.0,PUT,14.0
2026-08-26,7,710.0,PUT,3.0
2026-08-26,7,715.0,PUT,9.0
2026-08-26,7,725.0,PUT,13.0
2026-08-26,7,730.0,PUT,13.0
2026-08-26,7,735.0,PUT,5.0
2026-08-26,7,740.0,PUT,13.0
2026-08-26,7,750.0,PUT,55.0
2026-08-26,7,755.0,PUT,14.0
2026-08-26,7,760.0,PUT,17.0
2026-08-26,7,770.0,PUT,25.0
2026-08-26,7,775.0,PUT,13.0
2026-08-26,7,780.0,PUT,48.0
2026-08-26,7,785.0,PUT,41.0
2026-08-26,7,790.0,PUT,23.0
2026-08-26,7,795.0,PUT,74.0
2026-08-26,7,800.0,PUT,123.0
2026-08-26,7,805.0,PUT,37.0
2026-08-26,7,810.0,PUT,37.0
2026-08-26,7,815.0,PUT,17.0
2026-08-26,7,820.0,PUT,123.0
2026-08-26,7,825.0,PUT,22.0
2026-08-26,7,830.0,PUT,27.0
2026-08-26,7,835.0,PUT,40.0
2026-08-26,7,840.0,PUT,64.0
2026-08-26,7,845.0,PUT,45.0
2026-08-26,7,850.0,PUT,118.0
2026-08-26,7,855.0,PUT,47.0
2026-08-26,7,860.0,PUT,48.0
2026-08-26,7,865.0,PUT,72.0
2026-08-26,7,870.0,PUT,77.0
2026-08-26,7,875.0,PUT,68.0
2026-08-26,7,880.0,PUT,33.0
2026-08-26,7,885.0,PUT,13.0
2026-08-26,7,890.0,PUT,28.0
2026-08-26,7,895.0,PUT,37.0
2026-08-26,7,900.0,PUT,179.0
2026-08-26,7,905.0,PUT,24.0
2026-08-26,7,910.0,PUT,23.0
2026-08-26,7,915.0,PUT,27.0
2026-08-26,7,920.0,PUT,14.0
2026-08-26,7,925.0,PUT,115.0
2026-08-26,7,930.0,PUT,109.0
2026-08-26,7,935.0,PUT,37.0
2026-08-26,7,940.0,PUT,109.0
2026-08-26,7,945.0,PUT,42.0
2026-08-26,7,950.0,PUT,80.0
2026-08-26,7,955.0,PUT,23.0
2026-08-26,7,960.0,PUT,40.0
2026-08-26,7,965.0,PUT,7.0
2026-08-26,7,970.0,PUT,12.0
2026-08-26,7,975.0,PUT,6.0
2026-08-26,7,980.0,PUT,20.0
2026-08-26,7,990.0,PUT,27.0
2026-08-26,7,1000.0,PUT,21.0
2026-08-26,7,1040.0,PUT,1.0
2026-08-26,7,1075.0,PUT,29.0
2026-08-26,7,1085.0,PUT,1.0
2026-08-26,7,1180.0,PUT,1.0
2026-08-28,9,180.0,CALL,1.0
2026-08-28,9,240.0,CALL,2.0
2026-08-28,9,275.0,CALL,0.0
2026-08-28,9,290.0,CALL,1.0
2026-08-28,9,310.0,CALL,2.0
2026-08-28,9,315.0,CALL,1.0
2026-08-28,9,320.0,CALL,1.0
2026-08-28,9,335.0,CALL,1.0
2026-08-28,9,340.0,CALL,1.0
2026-08-28,9,350.0,CALL,1.0
2026-08-28,9,360.0,CALL,1.0
2026-08-28,9,365.0,CALL,1.0
2026-08-28,9,370.0,CALL,1.0
2026-08-28,9,380.0,CALL,1.0
2026-08-28,9,390.0,CALL,2.0
2026-08-28,9,400.0,CALL,21.0
2026-08-28,9,405.0,CALL,5.0
2026-08-28,9,430.0,CALL,0.0
2026-08-28,9,450.0,CALL,1.0
2026-08-28,9,455.0,CALL,4.0
2026-08-28,9,470.0,CALL,3.0
2026-08-28,9,480.0,CALL,5.0
2026-08-28,9,500.0,CALL,36.0
2026-08-28,9,510.0,CALL,1.0
2026-08-28,9,515.0,CALL,1.0
2026-08-28,9,520.0,CALL,17.0
2026-08-28,9,525.0,CALL,16.0
2026-08-28,9,530.0,CALL,6.0
2026-08-28,9,535.0,CALL,1.0
2026-08-28,9,540.0,CALL,10.0
2026-08-28,9,545.0,CALL,6.0
2026-08-28,9,550.0,CALL,15.0
2026-08-28,9,555.0,CALL,1.0
2026-08-28,9,560.0,CALL,4.0
2026-08-28,9,565.0,CALL,14.0
2026-08-28,9,575.0,CALL,1.0
2026-08-28,9,580.0,CALL,23.0
2026-08-28,9,585.0,CALL,11.0
2026-08-28,9,590.0,CALL,5.0
2026-08-28,9,595.0,CALL,5.0
2026-08-28,9,600.0,CALL,12.0
2026-08-28,9,605.0,CALL,1.0
2026-08-28,9,610.0,CALL,7.0
2026-08-28,9,615.0,CALL,33.0
2026-08-28,9,620.0,CALL,25.0
2026-08-28,9,625.0,CALL,3.0
2026-08-28,9,630.0,CALL,4.0
2026-08-28,9,640.0,CALL,15.0
2026-08-28,9,645.0,CALL,13.0
2026-08-28,9,650.0,CALL,19.0
2026-08-28,9,655.0,CALL,0.0
2026-08-28,9,660.0,CALL,5.0
2026-08-28,9,665.0,CALL,11.0
2026-08-28,9,670.0,CALL,6.0
2026-08-28,9,675.0,CALL,13.0
2026-08-28,9,680.0,CALL,12.0
2026-08-28,9,685.0,CALL,2.0
2026-08-28,9,690.0,CALL,1.0
2026-08-28,9,700.0,CALL,312.0
2026-08-28,9,705.0,CALL,3.0
2026-08-28,9,710.0,CALL,5.0
2026-08-28,9,715.0,CALL,17.0
2026-08-28,9,720.0,CALL,6.0
2026-08-28,9,725.0,CALL,33.0
2026-08-28,9,730.0,CALL,11.0
2026-08-28,9,735.0,CALL,12.0
2026-08-28,9,740.0,CALL,14.0
2026-08-28,9,745.0,CALL,13.0
2026-08-28,9,750.0,CALL,72.0
2026-08-28,9,755.0,CALL,16.0
2026-08-28,9,760.0,CALL,32.0
2026-08-28,9,765.0,CALL,44.0
2026-08-28,9,770.0,CALL,93.0
2026-08-28,9,775.0,CALL,39.0
2026-08-28,9,780.0,CALL,137.0
2026-08-28,9,785.0,CALL,26.0
2026-08-28,9,790.0,CALL,65.0
2026-08-28,9,795.0,CALL,36.0
2026-08-28,9,800.0,CALL,316.0
2026-08-28,9,805.0,CALL,36.0
2026-08-28,9,810.0,CALL,60.0
2026-08-28,9,815.0,CALL,43.0
2026-08-28,9,820.0,CALL,159.0
2026-08-28,9,825.0,CALL,160.0
2026-08-28,9,830.0,CALL,80.0
2026-08-28,9,835.0,CALL,46.0
2026-08-28,9,840.0,CALL,43.0
2026-08-28,9,845.0,CALL,36.0
2026-08-28,9,850.0,CALL,302.0
2026-08-28,9,855.0,CALL,268.0
2026-08-28,9,860.0,CALL,158.0
2026-08-28,9,865.0,CALL,351.0
2026-08-28,9,870.0,CALL,116.0
2026-08-28,9,875.0,CALL,100.0
2026-08-28,9,880.0,CALL,106.0
2026-08-28,9,885.0,CALL,163.0
2026-08-28,9,890.0,CALL,151.0
2026-08-28,9,895.0,CALL,83.0
2026-08-28,9,900.0,CALL,786.0
2026-08-28,9,905.0,CALL,140.0
2026-08-28,9,910.0,CALL,300.0
2026-08-28,9,915.0,CALL,81.0
2026-08-28,9,917.5,CALL,6.0
2026-08-28,9,920.0,CALL,406.0
2026-08-28,9,922.5,CALL,7.0
2026-08-28,9,925.0,CALL,133.0
2026-08-28,9,927.5,CALL,16.0
2026-08-28,9,930.0,CALL,329.0
2026-08-28,9,932.5,CALL,63.0
2026-08-28,9,935.0,CALL,1354.0
2026-08-28,9,937.5,CALL,102.0
2026-08-28,9,940.0,CALL,413.0
2026-08-28,9,942.5,CALL,30.0
2026-08-28,9,945.0,CALL,124.0
2026-08-28,9,950.0,CALL,730.0
2026-08-28,9,955.0,CALL,220.0
2026-08-28,9,960.0,CALL,315.0
2026-08-28,9,965.0,CALL,218.0
2026-08-28,9,970.0,CALL,610.0
2026-08-28,9,975.0,CALL,393.0
2026-08-28,9,980.0,CALL,662.0
2026-08-28,9,985.0,CALL,344.0
2026-08-28,9,990.0,CALL,423.0
2026-08-28,9,995.0,CALL,234.0
2026-08-28,9,1000.0,CALL,2670.0
2026-08-28,9,1005.0,CALL,676.0
2026-08-28,9,1010.0,CALL,452.0
2026-08-28,9,1015.0,CALL,236.0
2026-08-28,9,1020.0,CALL,923.0
2026-08-28,9,1025.0,CALL,284.0
2026-08-28,9,1030.0,CALL,869.0
2026-08-28,9,1035.0,CALL,320.0
2026-08-28,9,1040.0,CALL,438.0
2026-08-28,9,1045.0,CALL,140.0
2026-08-28,9,1050.0,CALL,1505.0
2026-08-28,9,1055.0,CALL,275.0
2026-08-28,9,1060.0,CALL,176.0
2026-08-28,9,1065.0,CALL,185.0
2026-08-28,9,1070.0,CALL,258.0
2026-08-28,9,1075.0,CALL,190.0
2026-08-28,9,1080.0,CALL,458.0
2026-08-28,9,1085.0,CALL,681.0
2026-08-28,9,1090.0,CALL,179.0
2026-08-28,9,1095.0,CALL,130.0
2026-08-28,9,1100.0,CALL,3320.0
2026-08-28,9,1105.0,CALL,145.0
2026-08-28,9,1110.0,CALL,343.0
2026-08-28,9,1115.0,CALL,177.0
2026-08-28,9,1120.0,CALL,236.0
2026-08-28,9,1125.0,CALL,128.0
2026-08-28,9,1130.0,CALL,1232.0
2026-08-28,9,1135.0,CALL,86.0
2026-08-28,9,1140.0,CALL,221.0
2026-08-28,9,1150.0,CALL,1514.0
2026-08-28,9,1160.0,CALL,296.0
2026-08-28,9,1170.0,CALL,283.0
2026-08-28,9,1180.0,CALL,405.0
2026-08-28,9,1190.0,CALL,196.0
2026-08-28,9,1200.0,CALL,2432.0
2026-08-28,9,1210.0,CALL,209.0
2026-08-28,9,1220.0,CALL,161.0
2026-08-28,9,1230.0,CALL,144.0
2026-08-28,9,1240.0,CALL,234.0
2026-08-28,9,1250.0,CALL,808.0
2026-08-28,9,1260.0,CALL,434.0
2026-08-28,9,1270.0,CALL,2081.0
2026-08-28,9,1280.0,CALL,132.0
2026-08-28,9,1290.0,CALL,159.0
2026-08-28,9,1300.0,CALL,720.0
2026-08-28,9,1310.0,CALL,160.0
2026-08-28,9,1320.0,CALL,604.0
2026-08-28,9,1330.0,CALL,45.0
2026-08-28,9,1340.0,CALL,340.0
2026-08-28,9,1350.0,CALL,136.0
2026-08-28,9,1360.0,CALL,166.0
2026-08-28,9,1370.0,CALL,556.0
2026-08-28,9,1380.0,CALL,57.0
2026-08-28,9,1390.0,CALL,68.0
2026-08-28,9,1400.0,CALL,1093.0
2026-08-28,9,1410.0,CALL,136.0
2026-08-28,9,1420.0,CALL,58.0
2026-08-28,9,1430.0,CALL,42.0
2026-08-28,9,1440.0,CALL,113.0
2026-08-28,9,1450.0,CALL,97.0
2026-08-28,9,1460.0,CALL,107.0
2026-08-28,9,1470.0,CALL,81.0
2026-08-28,9,1480.0,CALL,26.0
2026-08-28,9,1490.0,CALL,49.0
2026-08-28,9,1500.0,CALL,628.0
2026-08-28,9,1510.0,CALL,85.0
2026-08-28,9,1520.0,CALL,52.0
2026-08-28,9,1530.0,CALL,18.0
2026-08-28,9,1540.0,CALL,134.0
2026-08-28,9,1550.0,CALL,162.0
2026-08-28,9,1560.0,CALL,39.0
2026-08-28,9,1570.0,CALL,81.0
2026-08-28,9,1580.0,CALL,90.0
2026-08-28,9,1590.0,CALL,23.0
2026-08-28,9,1600.0,CALL,275.0
2026-08-28,9,1610.0,CALL,68.0
2026-08-28,9,1620.0,CALL,25.0
2026-08-28,9,1630.0,CALL,68.0
2026-08-28,9,1640.0,CALL,19.0
2026-08-28,9,1650.0,CALL,164.0
2026-08-28,9,1660.0,CALL,23.0
2026-08-28,9,1670.0,CALL,13.0
2026-08-28,9,1680.0,CALL,184.0
2026-08-28,9,1690.0,CALL,16.0
2026-08-28,9,1700.0,CALL,438.0
2026-08-28,9,1710.0,CALL,43.0
2026-08-28,9,1720.0,CALL,22.0
2026-08-28,9,1730.0,CALL,83.0
2026-08-28,9,1740.0,CALL,21.0
2026-08-28,9,1750.0,CALL,85.0
2026-08-28,9,1760.0,CALL,33.0
2026-08-28,9,1770.0,CALL,49.0
2026-08-28,9,1780.0,CALL,13.0
2026-08-28,9,1790.0,CALL,63.0
2026-08-28,9,1800.0,CALL,317.0
2026-08-28,9,1810.0,CALL,72.0
2026-08-28,9,1820.0,CALL,133.0
2026-08-28,9,1840.0,CALL,56.0
2026-08-28,9,1850.0,CALL,488.0
2026-08-28,9,1860.0,CALL,23.0
2026-08-28,9,1870.0,CALL,50.0
2026-08-28,9,1880.0,CALL,22.0
2026-08-28,9,1890.0,CALL,144.0
2026-08-28,9,1900.0,CALL,178.0
2026-08-28,9,1910.0,CALL,302.0
2026-08-28,9,1920.0,CALL,47.0
2026-08-28,9,1930.0,CALL,24.0
2026-08-28,9,1950.0,CALL,22.0
2026-08-28,9,1960.0,CALL,13.0
2026-08-28,9,1970.0,CALL,215.0
2026-08-28,9,1980.0,CALL,1.0
2026-08-28,9,1990.0,CALL,63.0
2026-08-28,9,2000.0,CALL,89.0
2026-08-28,9,2010.0,CALL,11.0
2026-08-28,9,2020.0,CALL,24.0
2026-08-28,9,2030.0,CALL,85.0
2026-08-28,9,2040.0,CALL,4.0
2026-08-28,9,2050.0,CALL,10.0
2026-08-28,9,2060.0,CALL,79.0
2026-08-28,9,2070.0,CALL,104.0
2026-08-28,9,100.0,PUT,109.0
2026-08-28,9,105.0,PUT,22.0
2026-08-28,9,110.0,PUT,43.0
2026-08-28,9,115.0,PUT,12.0
2026-08-28,9,120.0,PUT,46.0
2026-08-28,9,125.0,PUT,41.0
2026-08-28,9,130.0,PUT,29.0
2026-08-28,9,135.0,PUT,33.0
2026-08-28,9,140.0,PUT,20.0
2026-08-28,9,145.0,PUT,22.0
2026-08-28,9,150.0,PUT,10.0
2026-08-28,9,155.0,PUT,21.0
2026-08-28,9,160.0,PUT,19.0
2026-08-28,9,165.0,PUT,24.0
2026-08-28,9,170.0,PUT,19.0
2026-08-28,9,175.0,PUT,21.0
2026-08-28,9,180.0,PUT,6.0
2026-08-28,9,185.0,PUT,32.0
2026-08-28,9,190.0,PUT,241.0
2026-08-28,9,195.0,PUT,2.0
2026-08-28,9,200.0,PUT,152.0
2026-08-28,9,205.0,PUT,26.0
2026-08-28,9,210.0,PUT,47.0
2026-08-28,9,215.0,PUT,5.0
2026-08-28,9,220.0,PUT,97.0
2026-08-28,9,225.0,PUT,10.0
2026-08-28,9,230.0,PUT,61.0
2026-08-28,9,235.0,PUT,11.0
2026-08-28,9,240.0,PUT,54.0
2026-08-28,9,245.0,PUT,8.0
2026-08-28,9,250.0,PUT,54.0
2026-08-28,9,255.0,PUT,2.0
2026-08-28,9,260.0,PUT,3.0
2026-08-28,9,265.0,PUT,1.0
2026-08-28,9,270.0,PUT,1.0
2026-08-28,9,275.0,PUT,5.0
2026-08-28,9,280.0,PUT,675.0
2026-08-28,9,285.0,PUT,1.0
2026-08-28,9,290.0,PUT,8.0
2026-08-28,9,295.0,PUT,84.0
2026-08-28,9,300.0,PUT,512.0
2026-08-28,9,305.0,PUT,7.0
2026-08-28,9,310.0,PUT,8.0
2026-08-28,9,315.0,PUT,0.0
2026-08-28,9,320.0,PUT,34.0
2026-08-28,9,325.0,PUT,97.0
2026-08-28,9,330.0,PUT,59.0
2026-08-28,9,335.0,PUT,5.0
2026-08-28,9,340.0,PUT,7.0
2026-08-28,9,345.0,PUT,17.0
2026-08-28,9,350.0,PUT,264.0
2026-08-28,9,355.0,PUT,17.0
2026-08-28,9,360.0,PUT,15.0
2026-08-28,9,365.0,PUT,520.0
2026-08-28,9,370.0,PUT,318.0
2026-08-28,9,375.0,PUT,405.0
2026-08-28,9,380.0,PUT,197.0
2026-08-28,9,385.0,PUT,59.0
2026-08-28,9,390.0,PUT,101.0
2026-08-28,9,395.0,PUT,170.0
2026-08-28,9,400.0,PUT,284.0
2026-08-28,9,405.0,PUT,79.0
2026-08-28,9,410.0,PUT,37.0
2026-08-28,9,415.0,PUT,18.0
2026-08-28,9,420.0,PUT,53.0
2026-08-28,9,425.0,PUT,52.0
2026-08-28,9,430.0,PUT,39.0
2026-08-28,9,435.0,PUT,7.0
2026-08-28,9,440.0,PUT,176.0
2026-08-28,9,445.0,PUT,35.0
2026-08-28,9,450.0,PUT,426.0
2026-08-28,9,455.0,PUT,20.0
2026-08-28,9,460.0,PUT,70.0
2026-08-28,9,465.0,PUT,34.0
2026-08-28,9,470.0,PUT,68.0
2026-08-28,9,475.0,PUT,50.0
2026-08-28,9,480.0,PUT,629.0
2026-08-28,9,485.0,PUT,314.0
2026-08-28,9,490.0,PUT,90.0
2026-08-28,9,495.0,PUT,67.0
2026-08-28,9,500.0,PUT,730.0
2026-08-28,9,505.0,PUT,75.0
2026-08-28,9,510.0,PUT,80.0
2026-08-28,9,515.0,PUT,73.0
2026-08-28,9,520.0,PUT,199.0
2026-08-28,9,525.0,PUT,182.0
2026-08-28,9,530.0,PUT,105.0
2026-08-28,9,535.0,PUT,101.0
2026-08-28,9,540.0,PUT,145.0
2026-08-28,9,545.0,PUT,118.0
2026-08-28,9,550.0,PUT,951.0
2026-08-28,9,555.0,PUT,137.0
2026-08-28,9,560.0,PUT,190.0
2026-08-28,9,565.0,PUT,422.0
2026-08-28,9,570.0,PUT,3029.0
2026-08-28,9,575.0,PUT,207.0
2026-08-28,9,580.0,PUT,174.0
2026-08-28,9,585.0,PUT,122.0
2026-08-28,9,590.0,PUT,290.0
2026-08-28,9,595.0,PUT,310.0
2026-08-28,9,600.0,PUT,834.0
2026-08-28,9,605.0,PUT,150.0
2026-08-28,9,610.0,PUT,177.0
2026-08-28,9,615.0,PUT,56.0
2026-08-28,9,620.0,PUT,189.0
2026-08-28,9,625.0,PUT,225.0
2026-08-28,9,630.0,PUT,194.0
2026-08-28,9,635.0,PUT,99.0
2026-08-28,9,640.0,PUT,284.0
2026-08-28,9,645.0,PUT,101.0
2026-08-28,9,650.0,PUT,1395.0
2026-08-28,9,655.0,PUT,73.0
2026-08-28,9,660.0,PUT,355.0
2026-08-28,9,665.0,PUT,117.0
2026-08-28,9,670.0,PUT,236.0
2026-08-28,9,675.0,PUT,178.0
2026-08-28,9,680.0,PUT,226.0
2026-08-28,9,685.0,PUT,113.0
2026-08-28,9,690.0,PUT,409.0
2026-08-28,9,695.0,PUT,188.0
2026-08-28,9,700.0,PUT,1241.0
2026-08-28,9,705.0,PUT,123.0
2026-08-28,9,710.0,PUT,598.0
2026-08-28,9,715.0,PUT,126.0
2026-08-28,9,720.0,PUT,207.0
2026-08-28,9,725.0,PUT,174.0
2026-08-28,9,730.0,PUT,1263.0
2026-08-28,9,735.0,PUT,154.0
2026-08-28,9,740.0,PUT,269.0
2026-08-28,9,745.0,PUT,315.0
2026-08-28,9,750.0,PUT,1379.0
2026-08-28,9,755.0,PUT,197.0
2026-08-28,9,760.0,PUT,324.0
2026-08-28,9,765.0,PUT,210.0
2026-08-28,9,770.0,PUT,259.0
2026-08-28,9,775.0,PUT,438.0
2026-08-28,9,780.0,PUT,506.0
2026-08-28,9,785.0,PUT,188.0
2026-08-28,9,790.0,PUT,302.0
2026-08-28,9,795.0,PUT,256.0
2026-08-28,9,800.0,PUT,3243.0
2026-08-28,9,805.0,PUT,335.0
2026-08-28,9,810.0,PUT,533.0
2026-08-28,9,815.0,PUT,165.0
2026-08-28,9,820.0,PUT,1470.0
2026-08-28,9,825.0,PUT,710.0
2026-08-28,9,830.0,PUT,433.0
2026-08-28,9,835.0,PUT,361.0
2026-08-28,9,840.0,PUT,542.0
2026-08-28,9,845.0,PUT,297.0
2026-08-28,9,850.0,PUT,1934.0
2026-08-28,9,855.0,PUT,285.0
2026-08-28,9,860.0,PUT,499.0
2026-08-28,9,865.0,PUT,426.0
2026-08-28,9,870.0,PUT,330.0
2026-08-28,9,875.0,PUT,428.0
2026-08-28,9,880.0,PUT,741.0
2026-08-28,9,885.0,PUT,376.0
2026-08-28,9,890.0,PUT,730.0
2026-08-28,9,895.0,PUT,185.0
2026-08-28,9,900.0,PUT,1645.0
2026-08-28,9,905.0,PUT,237.0
2026-08-28,9,910.0,PUT,393.0
2026-08-28,9,915.0,PUT,145.0
2026-08-28,9,917.5,PUT,66.0
2026-08-28,9,920.0,PUT,667.0
2026-08-28,9,922.5,PUT,67.0
2026-08-28,9,925.0,PUT,766.0
2026-08-28,9,927.5,PUT,232.0
2026-08-28,9,930.0,PUT,743.0
2026-08-28,9,932.5,PUT,99.0
2026-08-28,9,935.0,PUT,690.0
2026-08-28,9,937.5,PUT,192.0
2026-08-28,9,940.0,PUT,771.0
2026-08-28,9,942.5,PUT,48.0
2026-08-28,9,945.0,PUT,135.0
2026-08-28,9,950.0,PUT,1446.0
2026-08-28,9,955.0,PUT,145.0
2026-08-28,9,960.0,PUT,212.0
2026-08-28,9,965.0,PUT,267.0
2026-08-28,9,970.0,PUT,369.0
2026-08-28,9,975.0,PUT,174.0
2026-08-28,9,980.0,PUT,135.0
2026-08-28,9,985.0,PUT,94.0
2026-08-28,9,990.0,PUT,118.0
2026-08-28,9,995.0,PUT,74.0
2026-08-28,9,1000.0,PUT,858.0
2026-08-28,9,1005.0,PUT,195.0
2026-08-28,9,1010.0,PUT,152.0
2026-08-28,9,1015.0,PUT,35.0
2026-08-28,9,1020.0,PUT,50.0
2026-08-28,9,1025.0,PUT,45.0
2026-08-28,9,1030.0,PUT,95.0
2026-08-28,9,1035.0,PUT,16.0
2026-08-28,9,1040.0,PUT,80.0
2026-08-28,9,1045.0,PUT,36.0
2026-08-28,9,1050.0,PUT,88.0
2026-08-28,9,1055.0,PUT,15.0
2026-08-28,9,1060.0,PUT,42.0
2026-08-28,9,1065.0,PUT,5.0
2026-08-28,9,1070.0,PUT,56.0
2026-08-28,9,1075.0,PUT,13.0
2026-08-28,9,1080.0,PUT,15.0
2026-08-28,9,1085.0,PUT,17.0
2026-08-28,9,1090.0,PUT,45.0
2026-08-28,9,1095.0,PUT,10.0
2026-08-28,9,1100.0,PUT,108.0
2026-08-28,9,1105.0,PUT,7.0
2026-08-28,9,1110.0,PUT,36.0
2026-08-28,9,1115.0,PUT,7.0
2026-08-28,9,1120.0,PUT,24.0
2026-08-28,9,1125.0,PUT,5.0
2026-08-28,9,1130.0,PUT,24.0
2026-08-28,9,1135.0,PUT,6.0
2026-08-28,9,1140.0,PUT,6.0
2026-08-28,9,1150.0,PUT,131.0
2026-08-28,9,1160.0,PUT,23.0
2026-08-28,9,1170.0,PUT,25.0
2026-08-28,9,1180.0,PUT,31.0
2026-08-28,9,1190.0,PUT,11.0
2026-08-28,9,1200.0,PUT,17.0
2026-08-28,9,1210.0,PUT,3.0
2026-08-28,9,1220.0,PUT,2.0
2026-08-28,9,1230.0,PUT,15.0
2026-08-28,9,1240.0,PUT,3.0
2026-08-28,9,1250.0,PUT,4.0
2026-08-28,9,1270.0,PUT,1.0
2026-08-28,9,1280.0,PUT,4.0
2026-08-28,9,1290.0,PUT,1.0
2026-08-28,9,1300.0,PUT,32.0
2026-08-28,9,1320.0,PUT,0.0
2026-08-28,9,1350.0,PUT,0.0
2026-08-28,9,1370.0,PUT,0.0
2026-08-28,9,1400.0,PUT,0.0
2026-08-28,9,1440.0,PUT,0.0
2026-08-28,9,1450.0,PUT,0.0
2026-08-28,9,1500.0,PUT,0.0
2026-08-28,9,1600.0,PUT,0.0
2026-08-28,9,1630.0,PUT,0.0
2026-08-28,9,1640.0,PUT,0.0
2026-08-28,9,1650.0,PUT,0.0
2026-08-28,9,1830.0,PUT,0.0
2026-08-28,9,1920.0,PUT,0.0
2026-09-04,16,140.0,CALL,1.0
2026-09-04,16,150.0,CALL,1.0
2026-09-04,16,225.0,CALL,1.0
2026-09-04,16,245.0,CALL,1.0
2026-09-04,16,250.0,CALL,2.0
2026-09-04,16,285.0,CALL,1.0
2026-09-04,16,330.0,CALL,0.0
2026-09-04,16,400.0,CALL,5.0
2026-09-04,16,405.0,CALL,1.0
2026-09-04,16,420.0,CALL,1.0
2026-09-04,16,430.0,CALL,2.0
2026-09-04,16,450.0,CALL,1.0
2026-09-04,16,475.0,CALL,4.0
2026-09-04,16,480.0,CALL,4.0
2026-09-04,16,490.0,CALL,10.0
2026-09-04,16,495.0,CALL,12.0
2026-09-04,16,500.0,CALL,5.0
2026-09-04,16,505.0,CALL,3.0
2026-09-04,16,510.0,CALL,25.0
2026-09-04,16,515.0,CALL,15.0
2026-09-04,16,520.0,CALL,16.0
2026-09-04,16,525.0,CALL,18.0
2026-09-04,16,530.0,CALL,18.0
2026-09-04,16,535.0,CALL,16.0
2026-09-04,16,540.0,CALL,22.0
2026-09-04,16,545.0,CALL,18.0
2026-09-04,16,550.0,CALL,25.0
2026-09-04,16,560.0,CALL,4.0
2026-09-04,16,570.0,CALL,12.0
2026-09-04,16,580.0,CALL,1.0
2026-09-04,16,590.0,CALL,8.0
2026-09-04,16,595.0,CALL,1.0
2026-09-04,16,600.0,CALL,23.0
2026-09-04,16,605.0,CALL,9.0
2026-09-04,16,610.0,CALL,0.0
2026-09-04,16,615.0,CALL,8.0
2026-09-04,16,620.0,CALL,7.0
2026-09-04,16,625.0,CALL,3.0
2026-09-04,16,630.0,CALL,14.0
2026-09-04,16,635.0,CALL,17.0
2026-09-04,16,640.0,CALL,10.0
2026-09-04,16,645.0,CALL,4.0
2026-09-04,16,650.0,CALL,9.0
2026-09-04,16,660.0,CALL,6.0
2026-09-04,16,665.0,CALL,1.0
2026-09-04,16,675.0,CALL,1.0
2026-09-04,16,680.0,CALL,5.0
2026-09-04,16,690.0,CALL,1.0
2026-09-04,16,695.0,CALL,7.0
2026-09-04,16,700.0,CALL,25.0
2026-09-04,16,705.0,CALL,42.0
2026-09-04,16,710.0,CALL,7.0
2026-09-04,16,715.0,CALL,3.0
2026-09-04,16,720.0,CALL,13.0
2026-09-04,16,725.0,CALL,6.0
2026-09-04,16,730.0,CALL,10.0
2026-09-04,16,735.0,CALL,3.0
2026-09-04,16,740.0,CALL,98.0
2026-09-04,16,745.0,CALL,19.0
2026-09-04,16,750.0,CALL,46.0
2026-09-04,16,755.0,CALL,15.0
2026-09-04,16,760.0,CALL,50.0
2026-09-04,16,765.0,CALL,17.0
2026-09-04,16,770.0,CALL,274.0
2026-09-04,16,775.0,CALL,125.0
2026-09-04,16,780.0,CALL,121.0
2026-09-04,16,785.0,CALL,92.0
2026-09-04,16,790.0,CALL,43.0
2026-09-04,16,795.0,CALL,49.0
2026-09-04,16,800.0,CALL,114.0
2026-09-04,16,805.0,CALL,15.0
2026-09-04,16,810.0,CALL,70.0
2026-09-04,16,815.0,CALL,125.0
2026-09-04,16,820.0,CALL,43.0
2026-09-04,16,825.0,CALL,53.0
2026-09-04,16,830.0,CALL,44.0
2026-09-04,16,835.0,CALL,54.0
2026-09-04,16,840.0,CALL,38.0
2026-09-04,16,845.0,CALL,20.0
2026-09-04,16,850.0,CALL,292.0
2026-09-04,16,855.0,CALL,27.0
2026-09-04,16,860.0,CALL,85.0
2026-09-04,16,865.0,CALL,34.0
2026-09-04,16,870.0,CALL,99.0
2026-09-04,16,875.0,CALL,66.0
2026-09-04,16,880.0,CALL,137.0
2026-09-04,16,885.0,CALL,97.0
2026-09-04,16,890.0,CALL,91.0
2026-09-04,16,895.0,CALL,29.0
2026-09-04,16,900.0,CALL,291.0
2026-09-04,16,905.0,CALL,84.0
2026-09-04,16,910.0,CALL,45.0
2026-09-04,16,915.0,CALL,49.0
2026-09-04,16,920.0,CALL,236.0
2026-09-04,16,925.0,CALL,48.0
2026-09-04,16,930.0,CALL,235.0
2026-09-04,16,935.0,CALL,134.0
2026-09-04,16,940.0,CALL,119.0
2026-09-04,16,945.0,CALL,386.0
2026-09-04,16,950.0,CALL,851.0
2026-09-04,16,955.0,CALL,325.0
2026-09-04,16,960.0,CALL,203.0
2026-09-04,16,965.0,CALL,66.0
2026-09-04,16,970.0,CALL,158.0
2026-09-04,16,975.0,CALL,109.0
2026-09-04,16,980.0,CALL,296.0
2026-09-04,16,985.0,CALL,105.0
2026-09-04,16,990.0,CALL,118.0
2026-09-04,16,995.0,CALL,77.0
2026-09-04,16,1000.0,CALL,1003.0
2026-09-04,16,1005.0,CALL,682.0
2026-09-04,16,1010.0,CALL,137.0
2026-09-04,16,1015.0,CALL,224.0
2026-09-04,16,1020.0,CALL,98.0
2026-09-04,16,1025.0,CALL,148.0
2026-09-04,16,1030.0,CALL,316.0
2026-09-04,16,1035.0,CALL,202.0
2026-09-04,16,1040.0,CALL,140.0
2026-09-04,16,1045.0,CALL,284.0
2026-09-04,16,1050.0,CALL,635.0
2026-09-04,16,1055.0,CALL,106.0
2026-09-04,16,1060.0,CALL,269.0
2026-09-04,16,1065.0,CALL,43.0
2026-09-04,16,1070.0,CALL,129.0
2026-09-04,16,1075.0,CALL,277.0
2026-09-04,16,1080.0,CALL,108.0
2026-09-04,16,1085.0,CALL,78.0
2026-09-04,16,1090.0,CALL,88.0
2026-09-04,16,1095.0,CALL,150.0
2026-09-04,16,1100.0,CALL,915.0
2026-09-04,16,1105.0,CALL,390.0
2026-09-04,16,1110.0,CALL,73.0
2026-09-04,16,1115.0,CALL,202.0
2026-09-04,16,1120.0,CALL,151.0
2026-09-04,16,1125.0,CALL,170.0
2026-09-04,16,1130.0,CALL,55.0
2026-09-04,16,1135.0,CALL,132.0
2026-09-04,16,1140.0,CALL,76.0
2026-09-04,16,1150.0,CALL,581.0
2026-09-04,16,1160.0,CALL,188.0
2026-09-04,16,1170.0,CALL,116.0
2026-09-04,16,1180.0,CALL,140.0
2026-09-04,16,1190.0,CALL,160.0
2026-09-04,16,1200.0,CALL,642.0
2026-09-04,16,1210.0,CALL,120.0
2026-09-04,16,1220.0,CALL,89.0
2026-09-04,16,1230.0,CALL,67.0
2026-09-04,16,1240.0,CALL,54.0
2026-09-04,16,1250.0,CALL,341.0
2026-09-04,16,1260.0,CALL,83.0
2026-09-04,16,1270.0,CALL,84.0
2026-09-04,16,1280.0,CALL,90.0
2026-09-04,16,1290.0,CALL,75.0
2026-09-04,16,1300.0,CALL,367.0
2026-09-04,16,1310.0,CALL,202.0
2026-09-04,16,1320.0,CALL,131.0
2026-09-04,16,1330.0,CALL,94.0
2026-09-04,16,1340.0,CALL,89.0
2026-09-04,16,1350.0,CALL,186.0
2026-09-04,16,1360.0,CALL,97.0
2026-09-04,16,1370.0,CALL,206.0
2026-09-04,16,1380.0,CALL,58.0
2026-09-04,16,1390.0,CALL,25.0
2026-09-04,16,1400.0,CALL,318.0
2026-09-04,16,1410.0,CALL,35.0
2026-09-04,16,1420.0,CALL,25.0
2026-09-04,16,1430.0,CALL,20.0
2026-09-04,16,1440.0,CALL,127.0
2026-09-04,16,1450.0,CALL,197.0
2026-09-04,16,1460.0,CALL,41.0
2026-09-04,16,1470.0,CALL,51.0
2026-09-04,16,1480.0,CALL,18.0
2026-09-04,16,1490.0,CALL,21.0
2026-09-04,16,1500.0,CALL,239.0
2026-09-04,16,1510.0,CALL,49.0
2026-09-04,16,1520.0,CALL,55.0
2026-09-04,16,1530.0,CALL,50.0
2026-09-04,16,1540.0,CALL,48.0
2026-09-04,16,1550.0,CALL,58.0
2026-09-04,16,1560.0,CALL,12.0
2026-09-04,16,1570.0,CALL,46.0
2026-09-04,16,1580.0,CALL,50.0
2026-09-04,16,1590.0,CALL,148.0
2026-09-04,16,1600.0,CALL,88.0
2026-09-04,16,1610.0,CALL,13.0
2026-09-04,16,1620.0,CALL,28.0
2026-09-04,16,1630.0,CALL,23.0
2026-09-04,16,1640.0,CALL,25.0
2026-09-04,16,1650.0,CALL,3.0
2026-09-04,16,1700.0,CALL,26.0
2026-09-04,16,1710.0,CALL,9.0
2026-09-04,16,1750.0,CALL,5.0
2026-09-04,16,1790.0,CALL,1.0
2026-09-04,16,1800.0,CALL,44.0
2026-09-04,16,1810.0,CALL,1.0
2026-09-04,16,1820.0,CALL,51.0
2026-09-04,16,1840.0,CALL,2.0
2026-09-04,16,1860.0,CALL,1.0
2026-09-04,16,1870.0,CALL,1.0
2026-09-04,16,1890.0,CALL,2.0
2026-09-04,16,1900.0,CALL,17.0
2026-09-04,16,1910.0,CALL,54.0
2026-09-04,16,1920.0,CALL,3.0
2026-09-04,16,1960.0,CALL,1.0
2026-09-04,16,1970.0,CALL,2.0
2026-09-04,16,1990.0,CALL,2.0
2026-09-04,16,2000.0,CALL,711.0
2026-09-04,16,100.0,PUT,26.0
2026-09-04,16,105.0,PUT,9.0
2026-09-04,16,110.0,PUT,1.0
2026-09-04,16,115.0,PUT,0.0
2026-09-04,16,120.0,PUT,2.0
2026-09-04,16,125.0,PUT,0.0
2026-09-04,16,130.0,PUT,21.0
2026-09-04,16,135.0,PUT,2.0
2026-09-04,16,140.0,PUT,7.0
2026-09-04,16,145.0,PUT,1.0
2026-09-04,16,150.0,PUT,2.0
2026-09-04,16,155.0,PUT,1.0
2026-09-04,16,160.0,PUT,2.0
2026-09-04,16,165.0,PUT,1.0
2026-09-04,16,170.0,PUT,1.0
2026-09-04,16,175.0,PUT,2.0
2026-09-04,16,180.0,PUT,4.0
2026-09-04,16,190.0,PUT,1.0
2026-09-04,16,195.0,PUT,1.0
2026-09-04,16,200.0,PUT,458.0
2026-09-04,16,205.0,PUT,1.0
2026-09-04,16,210.0,PUT,2.0
2026-09-04,16,225.0,PUT,1.0
2026-09-04,16,230.0,PUT,0.0
2026-09-04,16,240.0,PUT,16.0
2026-09-04,16,245.0,PUT,1.0
2026-09-04,16,250.0,PUT,29.0
2026-09-04,16,260.0,PUT,66.0
2026-09-04,16,270.0,PUT,161.0
2026-09-04,16,280.0,PUT,324.0
2026-09-04,16,285.0,PUT,3.0
2026-09-04,16,290.0,PUT,219.0
2026-09-04,16,300.0,PUT,1515.0
2026-09-04,16,310.0,PUT,81.0
2026-09-04,16,320.0,PUT,7.0
2026-09-04,16,325.0,PUT,2.0
2026-09-04,16,330.0,PUT,32.0
2026-09-04,16,335.0,PUT,3.0
2026-09-04,16,340.0,PUT,6.0
2026-09-04,16,345.0,PUT,4.0
2026-09-04,16,350.0,PUT,319.0
2026-09-04,16,355.0,PUT,2.0
2026-09-04,16,360.0,PUT,89.0
2026-09-04,16,365.0,PUT,15.0
2026-09-04,16,370.0,PUT,297.0
2026-09-04,16,375.0,PUT,34.0
2026-09-04,16,380.0,PUT,204.0
2026-09-04,16,385.0,PUT,45.0
2026-09-04,16,390.0,PUT,23.0
2026-09-04,16,395.0,PUT,36.0
2026-09-04,16,400.0,PUT,229.0
2026-09-04,16,405.0,PUT,116.0
2026-09-04,16,410.0,PUT,10.0
2026-09-04,16,415.0,PUT,12.0
2026-09-04,16,420.0,PUT,22.0
2026-09-04,16,425.0,PUT,15.0
2026-09-04,16,430.0,PUT,22.0
2026-09-04,16,435.0,PUT,19.0
2026-09-04,16,440.0,PUT,29.0
2026-09-04,16,445.0,PUT,36.0
2026-09-04,16,450.0,PUT,159.0
2026-09-04,16,455.0,PUT,21.0
2026-09-04,16,460.0,PUT,21.0
2026-09-04,16,465.0,PUT,69.0
2026-09-04,16,470.0,PUT,71.0
2026-09-04,16,475.0,PUT,81.0
2026-09-04,16,480.0,PUT,22.0
2026-09-04,16,485.0,PUT,61.0
2026-09-04,16,490.0,PUT,23.0
2026-09-04,16,495.0,PUT,246.0
2026-09-04,16,500.0,PUT,192.0
2026-09-04,16,505.0,PUT,30.0
2026-09-04,16,510.0,PUT,62.0
2026-09-04,16,515.0,PUT,35.0
2026-09-04,16,520.0,PUT,45.0
2026-09-04,16,525.0,PUT,50.0
2026-09-04,16,530.0,PUT,123.0
2026-09-04,16,535.0,PUT,56.0
2026-09-04,16,540.0,PUT,47.0
2026-09-04,16,545.0,PUT,48.0
2026-09-04,16,550.0,PUT,565.0
2026-09-04,16,555.0,PUT,41.0
2026-09-04,16,560.0,PUT,21.0
2026-09-04,16,565.0,PUT,58.0
2026-09-04,16,570.0,PUT,56.0
2026-09-04,16,575.0,PUT,139.0
2026-09-04,16,580.0,PUT,61.0
2026-09-04,16,585.0,PUT,106.0
2026-09-04,16,590.0,PUT,110.0
2026-09-04,16,595.0,PUT,137.0
2026-09-04,16,600.0,PUT,477.0
2026-09-04,16,605.0,PUT,54.0
2026-09-04,16,610.0,PUT,47.0
2026-09-04,16,615.0,PUT,49.0
2026-09-04,16,620.0,PUT,151.0
2026-09-04,16,625.0,PUT,148.0
2026-09-04,16,630.0,PUT,66.0
2026-09-04,16,635.0,PUT,108.0
2026-09-04,16,640.0,PUT,138.0
2026-09-04,16,645.0,PUT,122.0
2026-09-04,16,650.0,PUT,387.0
2026-09-04,16,655.0,PUT,52.0
2026-09-04,16,660.0,PUT,173.0
2026-09-04,16,665.0,PUT,38.0
2026-09-04,16,670.0,PUT,144.0
2026-09-04,16,675.0,PUT,62.0
2026-09-04,16,680.0,PUT,149.0
2026-09-04,16,685.0,PUT,56.0
2026-09-04,16,690.0,PUT,138.0
2026-09-04,16,695.0,PUT,142.0
2026-09-04,16,700.0,PUT,337.0
2026-09-04,16,705.0,PUT,51.0
2026-09-04,16,710.0,PUT,72.0
2026-09-04,16,715.0,PUT,82.0
2026-09-04,16,720.0,PUT,76.0
2026-09-04,16,725.0,PUT,160.0
2026-09-04,16,730.0,PUT,108.0
2026-09-04,16,735.0,PUT,52.0
2026-09-04,16,740.0,PUT,165.0
2026-09-04,16,745.0,PUT,48.0
2026-09-04,16,750.0,PUT,1207.0
2026-09-04,16,755.0,PUT,52.0
2026-09-04,16,760.0,PUT,224.0
2026-09-04,16,765.0,PUT,69.0
2026-09-04,16,770.0,PUT,258.0
2026-09-04,16,775.0,PUT,250.0
2026-09-04,16,780.0,PUT,170.0
2026-09-04,16,785.0,PUT,190.0
2026-09-04,16,790.0,PUT,135.0
2026-09-04,16,795.0,PUT,161.0
2026-09-04,16,800.0,PUT,1544.0
2026-09-04,16,805.0,PUT,70.0
2026-09-04,16,810.0,PUT,154.0
2026-09-04,16,815.0,PUT,90.0
2026-09-04,16,820.0,PUT,257.0
2026-09-04,16,825.0,PUT,96.0
2026-09-04,16,830.0,PUT,138.0
2026-09-04,16,835.0,PUT,112.0
2026-09-04,16,840.0,PUT,210.0
2026-09-04,16,845.0,PUT,129.0
2026-09-04,16,850.0,PUT,601.0
2026-09-04,16,855.0,PUT,574.0
2026-09-04,16,860.0,PUT,632.0
2026-09-04,16,865.0,PUT,67.0
2026-09-04,16,870.0,PUT,425.0
2026-09-04,16,875.0,PUT,331.0
2026-09-04,16,880.0,PUT,223.0
2026-09-04,16,885.0,PUT,119.0
2026-09-04,16,890.0,PUT,199.0
2026-09-04,16,895.0,PUT,125.0
2026-09-04,16,900.0,PUT,910.0
2026-09-04,16,905.0,PUT,334.0
2026-09-04,16,910.0,PUT,243.0
2026-09-04,16,915.0,PUT,304.0
2026-09-04,16,920.0,PUT,234.0
2026-09-04,16,925.0,PUT,295.0
2026-09-04,16,930.0,PUT,72.0
2026-09-04,16,935.0,PUT,39.0
2026-09-04,16,940.0,PUT,79.0
2026-09-04,16,945.0,PUT,27.0
2026-09-04,16,950.0,PUT,1121.0
2026-09-04,16,955.0,PUT,116.0
2026-09-04,16,960.0,PUT,61.0
2026-09-04,16,965.0,PUT,128.0
2026-09-04,16,970.0,PUT,142.0
2026-09-04,16,975.0,PUT,54.0
2026-09-04,16,980.0,PUT,122.0
2026-09-04,16,985.0,PUT,35.0
2026-09-04,16,990.0,PUT,37.0
2026-09-04,16,995.0,PUT,26.0
2026-09-04,16,1000.0,PUT,90.0
2026-09-04,16,1005.0,PUT,34.0
2026-09-04,16,1010.0,PUT,31.0
2026-09-04,16,1015.0,PUT,17.0
2026-09-04,16,1020.0,PUT,71.0
2026-09-04,16,1025.0,PUT,17.0
2026-09-04,16,1030.0,PUT,20.0
2026-09-04,16,1035.0,PUT,9.0
2026-09-04,16,1040.0,PUT,20.0
2026-09-04,16,1045.0,PUT,5.0
2026-09-04,16,1050.0,PUT,17.0
2026-09-04,16,1055.0,PUT,1.0
2026-09-04,16,1060.0,PUT,3.0
2026-09-04,16,1070.0,PUT,3.0
2026-09-04,16,1080.0,PUT,7.0
2026-09-04,16,1085.0,PUT,10.0
2026-09-04,16,1090.0,PUT,10.0
2026-09-04,16,1095.0,PUT,12.0
2026-09-04,16,1100.0,PUT,43.0
2026-09-04,16,1105.0,PUT,8.0
2026-09-04,16,1110.0,PUT,26.0
2026-09-04,16,1115.0,PUT,3.0
2026-09-04,16,1120.0,PUT,1.0
2026-09-04,16,1130.0,PUT,11.0
2026-09-04,16,1140.0,PUT,2.0
2026-09-04,16,1150.0,PUT,8.0
2026-09-04,16,1160.0,PUT,20.0
2026-09-04,16,1170.0,PUT,6.0
2026-09-04,16,1180.0,PUT,4.0
2026-09-04,16,1190.0,PUT,4.0
2026-09-04,16,1200.0,PUT,17.0
2026-09-04,16,1210.0,PUT,5.0
2026-09-04,16,1220.0,PUT,2.0
2026-09-04,16,1230.0,PUT,0.0
2026-09-04,16,1240.0,PUT,3.0
2026-09-04,16,1250.0,PUT,8.0
2026-09-04,16,1260.0,PUT,7.0
2026-09-04,16,1270.0,PUT,2.0
2026-09-04,16,1350.0,PUT,5.0
2026-09-04,16,1400.0,PUT,2.0
2026-09-04,16,1500.0,PUT,0.0
2026-09-04,16,1510.0,PUT,0.0
2026-09-04,16,1520.0,PUT,0.0
2026-09-04,16,1560.0,PUT,0.0
2026-09-04,16,2000.0,PUT,0.0
2026-09-11,23,185.0,CALL,1.0
2026-09-11,23,240.0,CALL,5.0
2026-09-11,23,275.0,CALL,1.0
2026-09-11,23,400.0,CALL,1.0
2026-09-11,23,430.0,CALL,1.0
2026-09-11,23,495.0,CALL,4.0
2026-09-11,23,500.0,CALL,13.0
2026-09-11,23,505.0,CALL,24.0
2026-09-11,23,520.0,CALL,4.0
2026-09-11,23,525.0,CALL,4.0
2026-09-11,23,550.0,CALL,1.0
2026-09-11,23,555.0,CALL,0.0
2026-09-11,23,560.0,CALL,8.0
2026-09-11,23,595.0,CALL,5.0
2026-09-11,23,600.0,CALL,3.0
2026-09-11,23,620.0,CALL,1.0
2026-09-11,23,630.0,CALL,1.0
2026-09-11,23,660.0,CALL,3.0
2026-09-11,23,675.0,CALL,5.0
2026-09-11,23,700.0,CALL,262.0
2026-09-11,23,705.0,CALL,2.0
2026-09-11,23,710.0,CALL,3.0
2026-09-11,23,715.0,CALL,27.0
2026-09-11,23,720.0,CALL,4.0
2026-09-11,23,725.0,CALL,3.0
2026-09-11,23,730.0,CALL,2.0
2026-09-11,23,735.0,CALL,3.0
2026-09-11,23,740.0,CALL,61.0
2026-09-11,23,745.0,CALL,8.0
2026-09-11,23,750.0,CALL,13.0
2026-09-11,23,755.0,CALL,12.0
2026-09-11,23,760.0,CALL,13.0
2026-09-11,23,765.0,CALL,14.0
2026-09-11,23,770.0,CALL,14.0
2026-09-11,23,775.0,CALL,16.0
2026-09-11,23,780.0,CALL,71.0
2026-09-11,23,785.0,CALL,8.0
2026-09-11,23,790.0,CALL,69.0
2026-09-11,23,795.0,CALL,10.0
2026-09-11,23,800.0,CALL,11.0
2026-09-11,23,805.0,CALL,18.0
2026-09-11,23,810.0,CALL,31.0
2026-09-11,23,815.0,CALL,27.0
2026-09-11,23,820.0,CALL,28.0
2026-09-11,23,825.0,CALL,15.0
2026-09-11,23,830.0,CALL,16.0
2026-09-11,23,835.0,CALL,93.0
2026-09-11,23,840.0,CALL,33.0
2026-09-11,23,845.0,CALL,36.0
2026-09-11,23,850.0,CALL,108.0
2026-09-11,23,855.0,CALL,24.0
2026-09-11,23,860.0,CALL,65.0
2026-09-11,23,865.0,CALL,41.0
2026-09-11,23,870.0,CALL,94.0
2026-09-11,23,875.0,CALL,53.0
2026-09-11,23,880.0,CALL,60.0
2026-09-11,23,885.0,CALL,59.0
2026-09-11,23,890.0,CALL,64.0
2026-09-11,23,895.0,CALL,68.0
2026-09-11,23,900.0,CALL,164.0
2026-09-11,23,905.0,CALL,47.0
2026-09-11,23,910.0,CALL,125.0
2026-09-11,23,915.0,CALL,123.0
2026-09-11,23,920.0,CALL,191.0
2026-09-11,23,925.0,CALL,146.0
2026-09-11,23,930.0,CALL,113.0
2026-09-11,23,935.0,CALL,47.0
2026-09-11,23,940.0,CALL,66.0
2026-09-11,23,945.0,CALL,34.0
2026-09-11,23,950.0,CALL,232.0
2026-09-11,23,955.0,CALL,40.0
2026-09-11,23,960.0,CALL,66.0
2026-09-11,23,965.0,CALL,61.0
2026-09-11,23,970.0,CALL,79.0
2026-09-11,23,975.0,CALL,208.0
2026-09-11,23,980.0,CALL,62.0
2026-09-11,23,985.0,CALL,151.0
2026-09-11,23,990.0,CALL,109.0
2026-09-11,23,995.0,CALL,24.0
2026-09-11,23,1000.0,CALL,331.0
2026-09-11,23,1005.0,CALL,31.0
2026-09-11,23,1010.0,CALL,117.0
2026-09-11,23,1015.0,CALL,71.0
2026-09-11,23,1020.0,CALL,94.0
2026-09-11,23,1025.0,CALL,109.0
2026-09-11,23,1030.0,CALL,155.0
2026-09-11,23,1035.0,CALL,164.0
2026-09-11,23,1040.0,CALL,132.0
2026-09-11,23,1045.0,CALL,64.0
2026-09-11,23,1050.0,CALL,306.0
2026-09-11,23,1055.0,CALL,42.0
2026-09-11,23,1060.0,CALL,51.0
2026-09-11,23,1065.0,CALL,65.0
2026-09-11,23,1070.0,CALL,31.0
2026-09-11,23,1075.0,CALL,19.0
2026-09-11,23,1080.0,CALL,98.0
2026-09-11,23,1085.0,CALL,28.0
2026-09-11,23,1090.0,CALL,37.0
2026-09-11,23,1095.0,CALL,38.0
2026-09-11,23,1100.0,CALL,347.0
2026-09-11,23,1105.0,CALL,74.0
2026-09-11,23,1110.0,CALL,188.0
2026-09-11,23,1115.0,CALL,94.0
2026-09-11,23,1120.0,CALL,41.0
2026-09-11,23,1125.0,CALL,264.0
2026-09-11,23,1130.0,CALL,104.0
2026-09-11,23,1135.0,CALL,57.0
2026-09-11,23,1140.0,CALL,135.0
2026-09-11,23,1150.0,CALL,286.0
2026-09-11,23,1160.0,CALL,234.0
2026-09-11,23,1170.0,CALL,207.0
2026-09-11,23,1180.0,CALL,100.0
2026-09-11,23,1190.0,CALL,71.0
2026-09-11,23,1200.0,CALL,272.0
2026-09-11,23,1210.0,CALL,136.0
2026-09-11,23,1220.0,CALL,112.0
2026-09-11,23,1230.0,CALL,134.0
2026-09-11,23,1240.0,CALL,80.0
2026-09-11,23,1250.0,CALL,333.0
2026-09-11,23,1260.0,CALL,89.0
2026-09-11,23,1270.0,CALL,44.0
2026-09-11,23,1280.0,CALL,22.0
2026-09-11,23,1290.0,CALL,40.0
2026-09-11,23,1300.0,CALL,211.0
2026-09-11,23,1310.0,CALL,69.0
2026-09-11,23,1320.0,CALL,62.0
2026-09-11,23,1330.0,CALL,128.0
2026-09-11,23,1340.0,CALL,16.0
2026-09-11,23,1350.0,CALL,70.0
2026-09-11,23,1360.0,CALL,66.0
2026-09-11,23,1370.0,CALL,23.0
2026-09-11,23,1380.0,CALL,145.0
2026-09-11,23,1390.0,CALL,42.0
2026-09-11,23,1400.0,CALL,277.0
2026-09-11,23,1410.0,CALL,110.0
2026-09-11,23,1420.0,CALL,6.0
2026-09-11,23,1430.0,CALL,37.0
2026-09-11,23,1440.0,CALL,63.0
2026-09-11,23,1450.0,CALL,146.0
2026-09-11,23,1460.0,CALL,106.0
2026-09-11,23,1470.0,CALL,59.0
2026-09-11,23,1480.0,CALL,68.0
2026-09-11,23,1490.0,CALL,188.0
2026-09-11,23,1500.0,CALL,678.0
2026-09-11,23,1510.0,CALL,141.0
2026-09-11,23,1520.0,CALL,4.0
2026-09-11,23,1530.0,CALL,104.0
2026-09-11,23,1540.0,CALL,38.0
2026-09-11,23,1550.0,CALL,195.0
2026-09-11,23,1560.0,CALL,203.0
2026-09-11,23,1570.0,CALL,127.0
2026-09-11,23,1580.0,CALL,125.0
2026-09-11,23,1590.0,CALL,109.0
2026-09-11,23,1600.0,CALL,163.0
2026-09-11,23,1610.0,CALL,86.0
2026-09-11,23,1620.0,CALL,105.0
2026-09-11,23,1630.0,CALL,34.0
2026-09-11,23,1650.0,CALL,24.0
2026-09-11,23,1660.0,CALL,21.0
2026-09-11,23,1680.0,CALL,40.0
2026-09-11,23,1690.0,CALL,10.0
2026-09-11,23,1700.0,CALL,293.0
2026-09-11,23,1710.0,CALL,4.0
2026-09-11,23,1720.0,CALL,15.0
2026-09-11,23,1730.0,CALL,102.0
2026-09-11,23,105.0,PUT,10.0
2026-09-11,23,110.0,PUT,21.0
2026-09-11,23,115.0,PUT,32.0
2026-09-11,23,120.0,PUT,5.0
2026-09-11,23,125.0,PUT,30.0
2026-09-11,23,130.0,PUT,31.0
2026-09-11,23,135.0,PUT,22.0
2026-09-11,23,140.0,PUT,0.0
2026-09-11,23,145.0,PUT,30.0
2026-09-11,23,150.0,PUT,50.0
2026-09-11,23,155.0,PUT,40.0
2026-09-11,23,160.0,PUT,11.0
2026-09-11,23,165.0,PUT,21.0
2026-09-11,23,170.0,PUT,12.0
2026-09-11,23,175.0,PUT,24.0
2026-09-11,23,180.0,PUT,12.0
2026-09-11,23,185.0,PUT,27.0
2026-09-11,23,190.0,PUT,17.0
2026-09-11,23,195.0,PUT,20.0
2026-09-11,23,200.0,PUT,20.0
2026-09-11,23,205.0,PUT,11.0
2026-09-11,23,210.0,PUT,12.0
2026-09-11,23,215.0,PUT,10.0
2026-09-11,23,220.0,PUT,1.0
2026-09-11,23,240.0,PUT,3.0
2026-09-11,23,245.0,PUT,4.0
2026-09-11,23,255.0,PUT,3.0
2026-09-11,23,265.0,PUT,0.0
2026-09-11,23,270.0,PUT,408.0
2026-09-11,23,275.0,PUT,2.0
2026-09-11,23,280.0,PUT,48.0
2026-09-11,23,290.0,PUT,193.0
2026-09-11,23,300.0,PUT,1658.0
2026-09-11,23,305.0,PUT,1.0
2026-09-11,23,310.0,PUT,81.0
2026-09-11,23,315.0,PUT,7.0
2026-09-11,23,320.0,PUT,7.0
2026-09-11,23,325.0,PUT,160.0
2026-09-11,23,330.0,PUT,8.0
2026-09-11,23,335.0,PUT,5.0
2026-09-11,23,345.0,PUT,11.0
2026-09-11,23,350.0,PUT,79.0
2026-09-11,23,355.0,PUT,20.0
2026-09-11,23,360.0,PUT,103.0
2026-09-11,23,365.0,PUT,5.0
2026-09-11,23,370.0,PUT,159.0
2026-09-11,23,375.0,PUT,13.0
2026-09-11,23,380.0,PUT,7.0
2026-09-11,23,385.0,PUT,1.0
2026-09-11,23,390.0,PUT,15.0
2026-09-11,23,395.0,PUT,74.0
2026-09-11,23,400.0,PUT,270.0
2026-09-11,23,405.0,PUT,3.0
2026-09-11,23,415.0,PUT,2.0
2026-09-11,23,420.0,PUT,1.0
2026-09-11,23,430.0,PUT,10.0
2026-09-11,23,435.0,PUT,3.0
2026-09-11,23,440.0,PUT,11.0
2026-09-11,23,445.0,PUT,25.0
2026-09-11,23,450.0,PUT,33.0
2026-09-11,23,455.0,PUT,1.0
2026-09-11,23,460.0,PUT,193.0
2026-09-11,23,465.0,PUT,1.0
2026-09-11,23,470.0,PUT,20.0
2026-09-11,23,475.0,PUT,31.0
2026-09-11,23,480.0,PUT,15.0
2026-09-11,23,485.0,PUT,28.0
2026-09-11,23,490.0,PUT,28.0
2026-09-11,23,495.0,PUT,29.0
2026-09-11,23,500.0,PUT,133.0
2026-09-11,23,505.0,PUT,14.0
2026-09-11,23,510.0,PUT,4.0
2026-09-11,23,515.0,PUT,3.0
2026-09-11,23,520.0,PUT,15.0
2026-09-11,23,525.0,PUT,30.0
2026-09-11,23,530.0,PUT,8.0
2026-09-11,23,540.0,PUT,94.0
2026-09-11,23,545.0,PUT,9.0
2026-09-11,23,550.0,PUT,266.0
2026-09-11,23,555.0,PUT,31.0
2026-09-11,23,560.0,PUT,22.0
2026-09-11,23,565.0,PUT,52.0
2026-09-11,23,570.0,PUT,36.0
2026-09-11,23,575.0,PUT,79.0
2026-09-11,23,580.0,PUT,101.0
2026-09-11,23,585.0,PUT,93.0
2026-09-11,23,590.0,PUT,85.0
2026-09-11,23,595.0,PUT,148.0
2026-09-11,23,600.0,PUT,283.0
2026-09-11,23,605.0,PUT,105.0
2026-09-11,23,610.0,PUT,211.0
2026-09-11,23,615.0,PUT,74.0
2026-09-11,23,620.0,PUT,135.0
2026-09-11,23,625.0,PUT,89.0
2026-09-11,23,630.0,PUT,62.0
2026-09-11,23,635.0,PUT,96.0
2026-09-11,23,640.0,PUT,110.0
2026-09-11,23,645.0,PUT,43.0
2026-09-11,23,650.0,PUT,191.0
2026-09-11,23,655.0,PUT,170.0
2026-09-11,23,660.0,PUT,118.0
2026-09-11,23,665.0,PUT,149.0
2026-09-11,23,670.0,PUT,76.0
2026-09-11,23,675.0,PUT,482.0
2026-09-11,23,680.0,PUT,1188.0
2026-09-11,23,685.0,PUT,118.0
2026-09-11,23,690.0,PUT,93.0
2026-09-11,23,695.0,PUT,53.0
2026-09-11,23,700.0,PUT,176.0
2026-09-11,23,705.0,PUT,67.0
2026-09-11,23,710.0,PUT,171.0
2026-09-11,23,715.0,PUT,120.0
2026-09-11,23,720.0,PUT,123.0
2026-09-11,23,725.0,PUT,96.0
2026-09-11,23,730.0,PUT,86.0
2026-09-11,23,735.0,PUT,87.0
2026-09-11,23,740.0,PUT,179.0
2026-09-11,23,745.0,PUT,79.0
2026-09-11,23,750.0,PUT,436.0
2026-09-11,23,755.0,PUT,79.0
2026-09-11,23,760.0,PUT,72.0
2026-09-11,23,765.0,PUT,70.0
2026-09-11,23,770.0,PUT,83.0
2026-09-11,23,775.0,PUT,207.0
2026-09-11,23,780.0,PUT,495.0
2026-09-11,23,785.0,PUT,161.0
2026-09-11,23,790.0,PUT,116.0
2026-09-11,23,795.0,PUT,107.0
2026-09-11,23,800.0,PUT,684.0
2026-09-11,23,805.0,PUT,58.0
2026-09-11,23,810.0,PUT,84.0
2026-09-11,23,815.0,PUT,40.0
2026-09-11,23,820.0,PUT,259.0
2026-09-11,23,825.0,PUT,73.0
2026-09-11,23,830.0,PUT,222.0
2026-09-11,23,835.0,PUT,79.0
2026-09-11,23,840.0,PUT,172.0
2026-09-11,23,845.0,PUT,70.0
2026-09-11,23,850.0,PUT,398.0
2026-09-11,23,855.0,PUT,65.0
2026-09-11,23,860.0,PUT,89.0
2026-09-11,23,865.0,PUT,76.0
2026-09-11,23,870.0,PUT,77.0
2026-09-11,23,875.0,PUT,42.0
2026-09-11,23,880.0,PUT,129.0
2026-09-11,23,885.0,PUT,39.0
2026-09-11,23,890.0,PUT,62.0
2026-09-11,23,895.0,PUT,107.0
2026-09-11,23,900.0,PUT,199.0
2026-09-11,23,905.0,PUT,34.0
2026-09-11,23,910.0,PUT,91.0
2026-09-11,23,915.0,PUT,620.0
2026-09-11,23,920.0,PUT,748.0
2026-09-11,23,925.0,PUT,55.0
2026-09-11,23,930.0,PUT,24.0
2026-09-11,23,935.0,PUT,32.0
2026-09-11,23,940.0,PUT,110.0
2026-09-11,23,945.0,PUT,25.0
2026-09-11,23,950.0,PUT,62.0
2026-09-11,23,955.0,PUT,26.0
2026-09-11,23,960.0,PUT,47.0
2026-09-11,23,965.0,PUT,49.0
2026-09-11,23,970.0,PUT,13.0
2026-09-11,23,975.0,PUT,25.0
2026-09-11,23,980.0,PUT,28.0
2026-09-11,23,985.0,PUT,47.0
2026-09-11,23,990.0,PUT,12.0
2026-09-11,23,995.0,PUT,49.0
2026-09-11,23,1000.0,PUT,59.0
2026-09-11,23,1005.0,PUT,11.0
2026-09-11,23,1010.0,PUT,31.0
2026-09-11,23,1015.0,PUT,42.0
2026-09-11,23,1020.0,PUT,43.0
2026-09-11,23,1025.0,PUT,7.0
2026-09-11,23,1030.0,PUT,13.0
2026-09-11,23,1035.0,PUT,9.0
2026-09-11,23,1040.0,PUT,11.0
2026-09-11,23,1045.0,PUT,1.0
2026-09-11,23,1050.0,PUT,13.0
2026-09-11,23,1055.0,PUT,1.0
2026-09-11,23,1060.0,PUT,10.0
2026-09-11,23,1075.0,PUT,1.0
2026-09-11,23,1090.0,PUT,8.0
2026-09-11,23,1095.0,PUT,3.0
2026-09-11,23,1100.0,PUT,3.0
2026-09-11,23,1110.0,PUT,3.0
2026-09-11,23,1140.0,PUT,2.0
2026-09-11,23,1150.0,PUT,2.0
2026-09-11,23,1160.0,PUT,5.0
2026-09-11,23,1200.0,PUT,3.0
2026-09-11,23,1210.0,PUT,2.0
2026-09-11,23,1220.0,PUT,2.0
2026-09-11,23,1240.0,PUT,1.0
2026-09-11,23,1250.0,PUT,1.0
2026-09-11,23,1260.0,PUT,1.0
2026-09-11,23,1310.0,PUT,1.0
2026-09-11,23,1500.0,PUT,0.0
2026-09-11,23,1510.0,PUT,0.0
2026-09-11,23,1520.0,PUT,0.0
2026-09-11,23,1630.0,PUT,0.0
2026-09-18,30,5.0,CALL,232.0
2026-09-18,30,10.0,CALL,4.0
2026-09-18,30,15.0,CALL,26.0
2026-09-18,30,20.0,CALL,6.0
2026-09-18,30,25.0,CALL,2.0
2026-09-18,30,50.0,CALL,89.0
2026-09-18,30,55.0,CALL,61.0
2026-09-18,30,60.0,CALL,20.0
2026-09-18,30,65.0,CALL,25.0
2026-09-18,30,70.0,CALL,19.0
2026-09-18,30,75.0,CALL,51.0
2026-09-18,30,80.0,CALL,611.0
2026-09-18,30,85.0,CALL,478.0
2026-09-18,30,90.0,CALL,339.0
2026-09-18,30,95.0,CALL,261.0
2026-09-18,30,100.0,CALL,169.0
2026-09-18,30,105.0,CALL,90.0
2026-09-18,30,110.0,CALL,176.0
2026-09-18,30,115.0,CALL,244.0
2026-09-18,30,120.0,CALL,545.0
2026-09-18,30,125.0,CALL,230.0
2026-09-18,30,130.0,CALL,1151.0
2026-09-18,30,135.0,CALL,179.0
2026-09-18,30,140.0,CALL,252.0
2026-09-18,30,145.0,CALL,136.0
2026-09-18,30,150.0,CALL,465.0
2026-09-18,30,155.0,CALL,190.0
2026-09-18,30,160.0,CALL,175.0
2026-09-18,30,165.0,CALL,188.0
2026-09-18,30,170.0,CALL,270.0
2026-09-18,30,175.0,CALL,140.0
2026-09-18,30,180.0,CALL,345.0
2026-09-18,30,185.0,CALL,1125.0
2026-09-18,30,190.0,CALL,539.0
2026-09-18,30,195.0,CALL,997.0
2026-09-18,30,200.0,CALL,559.0
2026-09-18,30,210.0,CALL,135.0
2026-09-18,30,220.0,CALL,191.0
2026-09-18,30,230.0,CALL,307.0
2026-09-18,30,240.0,CALL,386.0
2026-09-18,30,250.0,CALL,599.0
2026-09-18,30,260.0,CALL,305.0
2026-09-18,30,270.0,CALL,206.0
2026-09-18,30,280.0,CALL,241.0
2026-09-18,30,290.0,CALL,151.0
2026-09-18,30,300.0,CALL,549.0
2026-09-18,30,310.0,CALL,254.0
2026-09-18,30,320.0,CALL,853.0
2026-09-18,30,330.0,CALL,339.0
2026-09-18,30,340.0,CALL,320.0
2026-09-18,30,350.0,CALL,631.0
2026-09-18,30,360.0,CALL,783.0
2026-09-18,30,370.0,CALL,785.0
2026-09-18,30,380.0,CALL,532.0
2026-09-18,30,390.0,CALL,361.0
2026-09-18,30,400.0,CALL,2186.0
2026-09-18,30,410.0,CALL,1336.0
2026-09-18,30,420.0,CALL,552.0
2026-09-18,30,430.0,CALL,594.0
2026-09-18,30,440.0,CALL,851.0
2026-09-18,30,450.0,CALL,1394.0
2026-09-18,30,460.0,CALL,425.0
2026-09-18,30,470.0,CALL,224.0
2026-09-18,30,480.0,CALL,697.0
2026-09-18,30,490.0,CALL,466.0
2026-09-18,30,500.0,CALL,3574.0
2026-09-18,30,510.0,CALL,302.0
2026-09-18,30,520.0,CALL,870.0
2026-09-18,30,530.0,CALL,410.0
2026-09-18,30,540.0,CALL,303.0
2026-09-18,30,550.0,CALL,1857.0
2026-09-18,30,560.0,CALL,725.0
2026-09-18,30,570.0,CALL,772.0
2026-09-18,30,580.0,CALL,395.0
2026-09-18,30,590.0,CALL,439.0
2026-09-18,30,600.0,CALL,2513.0
2026-09-18,30,610.0,CALL,275.0
2026-09-18,30,620.0,CALL,666.0
2026-09-18,30,630.0,CALL,207.0
2026-09-18,30,640.0,CALL,286.0
2026-09-18,30,650.0,CALL,848.0
2026-09-18,30,660.0,CALL,421.0
2026-09-18,30,670.0,CALL,725.0
2026-09-18,30,680.0,CALL,744.0
2026-09-18,30,690.0,CALL,381.0
2026-09-18,30,700.0,CALL,3051.0
2026-09-18,30,710.0,CALL,346.0
2026-09-18,30,720.0,CALL,236.0
2026-09-18,30,730.0,CALL,340.0
2026-09-18,30,740.0,CALL,1570.0
2026-09-18,30,750.0,CALL,1430.0
2026-09-18,30,760.0,CALL,412.0
2026-09-18,30,770.0,CALL,403.0
2026-09-18,30,780.0,CALL,808.0
2026-09-18,30,790.0,CALL,409.0
2026-09-18,30,800.0,CALL,3679.0
2026-09-18,30,810.0,CALL,724.0
2026-09-18,30,820.0,CALL,694.0
2026-09-18,30,830.0,CALL,382.0
2026-09-18,30,840.0,CALL,369.0
2026-09-18,30,850.0,CALL,1774.0
2026-09-18,30,860.0,CALL,503.0
2026-09-18,30,870.0,CALL,540.0
2026-09-18,30,880.0,CALL,1051.0
2026-09-18,30,890.0,CALL,970.0
2026-09-18,30,900.0,CALL,5688.0
2026-09-18,30,910.0,CALL,3321.0
2026-09-18,30,920.0,CALL,917.0
2026-09-18,30,930.0,CALL,663.0
2026-09-18,30,940.0,CALL,774.0
2026-09-18,30,950.0,CALL,1596.0
2026-09-18,30,960.0,CALL,893.0
2026-09-18,30,970.0,CALL,921.0
2026-09-18,30,980.0,CALL,992.0
2026-09-18,30,990.0,CALL,2009.0
2026-09-18,30,1000.0,CALL,10148.0
2026-09-18,30,1010.0,CALL,771.0
2026-09-18,30,1020.0,CALL,1517.0
2026-09-18,30,1030.0,CALL,836.0
2026-09-18,30,1040.0,CALL,520.0
2026-09-18,30,1050.0,CALL,2817.0
2026-09-18,30,1060.0,CALL,982.0
2026-09-18,30,1070.0,CALL,624.0
2026-09-18,30,1080.0,CALL,962.0
2026-09-18,30,1090.0,CALL,812.0
2026-09-18,30,1100.0,CALL,5511.0
2026-09-18,30,1110.0,CALL,754.0
2026-09-18,30,1120.0,CALL,386.0
2026-09-18,30,1130.0,CALL,977.0
2026-09-18,30,1140.0,CALL,303.0
2026-09-18,30,1150.0,CALL,2920.0
2026-09-18,30,1160.0,CALL,255.0
2026-09-18,30,1170.0,CALL,956.0
2026-09-18,30,1180.0,CALL,613.0
2026-09-18,30,1190.0,CALL,369.0
2026-09-18,30,1200.0,CALL,6534.0
2026-09-18,30,1210.0,CALL,651.0
2026-09-18,30,1220.0,CALL,739.0
2026-09-18,30,1230.0,CALL,403.0
2026-09-18,30,1240.0,CALL,867.0
2026-09-18,30,1250.0,CALL,2376.0
2026-09-18,30,1260.0,CALL,541.0
2026-09-18,30,1270.0,CALL,574.0
2026-09-18,30,1280.0,CALL,297.0
2026-09-18,30,1290.0,CALL,337.0
2026-09-18,30,1300.0,CALL,4788.0
2026-09-18,30,1310.0,CALL,256.0
2026-09-18,30,1320.0,CALL,343.0
2026-09-18,30,1330.0,CALL,315.0
2026-09-18,30,1340.0,CALL,193.0
2026-09-18,30,1350.0,CALL,1164.0
2026-09-18,30,1360.0,CALL,308.0
2026-09-18,30,1370.0,CALL,208.0
2026-09-18,30,1380.0,CALL,323.0
2026-09-18,30,1390.0,CALL,315.0
2026-09-18,30,1400.0,CALL,2049.0
2026-09-18,30,1410.0,CALL,162.0
2026-09-18,30,1420.0,CALL,243.0
2026-09-18,30,1430.0,CALL,281.0
2026-09-18,30,1440.0,CALL,269.0
2026-09-18,30,1450.0,CALL,1641.0
2026-09-18,30,1460.0,CALL,518.0
2026-09-18,30,1470.0,CALL,412.0
2026-09-18,30,1480.0,CALL,422.0
2026-09-18,30,1490.0,CALL,326.0
2026-09-18,30,1500.0,CALL,8261.0
2026-09-18,30,1510.0,CALL,155.0
2026-09-18,30,1520.0,CALL,449.0
2026-09-18,30,1530.0,CALL,188.0
2026-09-18,30,1540.0,CALL,220.0
2026-09-18,30,1550.0,CALL,743.0
2026-09-18,30,1560.0,CALL,194.0
2026-09-18,30,1570.0,CALL,182.0
2026-09-18,30,1580.0,CALL,291.0
2026-09-18,30,1590.0,CALL,170.0
2026-09-18,30,1600.0,CALL,2488.0
2026-09-18,30,1610.0,CALL,243.0
2026-09-18,30,1620.0,CALL,170.0
2026-09-18,30,1630.0,CALL,622.0
2026-09-18,30,1640.0,CALL,331.0
2026-09-18,30,1650.0,CALL,338.0
2026-09-18,30,1660.0,CALL,300.0
2026-09-18,30,1670.0,CALL,101.0
2026-09-18,30,1680.0,CALL,86.0
2026-09-18,30,1690.0,CALL,113.0
2026-09-18,30,1700.0,CALL,933.0
2026-09-18,30,1710.0,CALL,162.0
2026-09-18,30,1720.0,CALL,125.0
2026-09-18,30,1730.0,CALL,121.0
2026-09-18,30,1740.0,CALL,48.0
2026-09-18,30,1750.0,CALL,251.0
2026-09-18,30,1760.0,CALL,197.0
2026-09-18,30,1770.0,CALL,207.0
2026-09-18,30,1780.0,CALL,138.0
2026-09-18,30,1790.0,CALL,190.0
2026-09-18,30,1800.0,CALL,808.0
2026-09-18,30,1810.0,CALL,106.0
2026-09-18,30,1820.0,CALL,257.0
2026-09-18,30,1830.0,CALL,365.0
2026-09-18,30,1840.0,CALL,26.0
2026-09-18,30,1850.0,CALL,169.0
2026-09-18,30,1860.0,CALL,320.0
2026-09-18,30,1870.0,CALL,111.0
2026-09-18,30,1880.0,CALL,36.0
2026-09-18,30,1890.0,CALL,91.0
2026-09-18,30,1900.0,CALL,574.0
2026-09-18,30,1910.0,CALL,398.0
2026-09-18,30,1920.0,CALL,230.0
2026-09-18,30,1930.0,CALL,204.0
2026-09-18,30,1940.0,CALL,48.0
2026-09-18,30,1950.0,CALL,267.0
2026-09-18,30,1960.0,CALL,159.0
2026-09-18,30,1970.0,CALL,255.0
2026-09-18,30,1980.0,CALL,289.0
2026-09-18,30,1990.0,CALL,794.0
2026-09-18,30,2000.0,CALL,1934.0
2026-09-18,30,2010.0,CALL,74.0
2026-09-18,30,2020.0,CALL,113.0
2026-09-18,30,2030.0,CALL,450.0
2026-09-18,30,2040.0,CALL,139.0
2026-09-18,30,2050.0,CALL,195.0
2026-09-18,30,2060.0,CALL,321.0
2026-09-18,30,2070.0,CALL,308.0
2026-09-18,30,2080.0,CALL,60.0
2026-09-18,30,2090.0,CALL,120.0
2026-09-18,30,2100.0,CALL,187.0
2026-09-18,30,2110.0,CALL,114.0
2026-09-18,30,2120.0,CALL,51.0
2026-09-18,30,2130.0,CALL,45.0
2026-09-18,30,2140.0,CALL,140.0
2026-09-18,30,2150.0,CALL,93.0
2026-09-18,30,2160.0,CALL,43.0
2026-09-18,30,2170.0,CALL,1008.0
2026-09-18,30,2180.0,CALL,189.0
2026-09-18,30,2190.0,CALL,221.0
2026-09-18,30,2200.0,CALL,610.0
2026-09-18,30,2210.0,CALL,207.0
2026-09-18,30,2220.0,CALL,289.0
2026-09-18,30,2230.0,CALL,151.0
2026-09-18,30,2240.0,CALL,40.0
2026-09-18,30,2250.0,CALL,95.0
2026-09-18,30,2260.0,CALL,169.0
2026-09-18,30,2270.0,CALL,81.0
2026-09-18,30,2280.0,CALL,50.0
2026-09-18,30,2290.0,CALL,204.0
2026-09-18,30,2300.0,CALL,272.0
2026-09-18,30,2310.0,CALL,79.0
2026-09-18,30,2320.0,CALL,49.0
2026-09-18,30,2330.0,CALL,138.0
2026-09-18,30,2340.0,CALL,93.0
2026-09-18,30,2350.0,CALL,109.0
2026-09-18,30,2360.0,CALL,105.0
2026-09-18,30,2370.0,CALL,102.0
2026-09-18,30,2380.0,CALL,77.0
2026-09-18,30,2390.0,CALL,73.0
2026-09-18,30,2400.0,CALL,322.0
2026-09-18,30,2410.0,CALL,71.0
2026-09-18,30,2420.0,CALL,337.0
2026-09-18,30,2440.0,CALL,179.0
2026-09-18,30,2460.0,CALL,183.0
2026-09-18,30,2480.0,CALL,211.0
2026-09-18,30,2500.0,CALL,5179.0
2026-09-18,30,5.0,PUT,403.0
2026-09-18,30,10.0,PUT,3.0
2026-09-18,30,15.0,PUT,160.0
2026-09-18,30,20.0,PUT,25.0
2026-09-18,30,25.0,PUT,18.0
2026-09-18,30,30.0,PUT,621.0
2026-09-18,30,35.0,PUT,1238.0
2026-09-18,30,40.0,PUT,1530.0
2026-09-18,30,45.0,PUT,10177.0
2026-09-18,30,50.0,PUT,3633.0
2026-09-18,30,55.0,PUT,298.0
2026-09-18,30,60.0,PUT,1239.0
2026-09-18,30,65.0,PUT,958.0
2026-09-18,30,70.0,PUT,651.0
2026-09-18,30,75.0,PUT,1695.0
2026-09-18,30,80.0,PUT,603.0
2026-09-18,30,85.0,PUT,2972.0
2026-09-18,30,90.0,PUT,2241.0
2026-09-18,30,95.0,PUT,703.0
2026-09-18,30,100.0,PUT,2390.0
2026-09-18,30,105.0,PUT,805.0
2026-09-18,30,110.0,PUT,1245.0
2026-09-18,30,115.0,PUT,683.0
2026-09-18,30,120.0,PUT,786.0
2026-09-18,30,125.0,PUT,593.0
2026-09-18,30,130.0,PUT,1701.0
2026-09-18,30,135.0,PUT,1688.0
2026-09-18,30,140.0,PUT,3712.0
2026-09-18,30,145.0,PUT,907.0
2026-09-18,30,150.0,PUT,2927.0
2026-09-18,30,155.0,PUT,482.0
2026-09-18,30,160.0,PUT,1389.0
2026-09-18,30,165.0,PUT,911.0
2026-09-18,30,170.0,PUT,827.0
2026-09-18,30,175.0,PUT,536.0
2026-09-18,30,180.0,PUT,3159.0
2026-09-18,30,185.0,PUT,830.0
2026-09-18,30,190.0,PUT,1618.0
2026-09-18,30,195.0,PUT,1167.0
2026-09-18,30,200.0,PUT,6850.0
2026-09-18,30,210.0,PUT,1522.0
2026-09-18,30,220.0,PUT,2039.0
2026-09-18,30,230.0,PUT,4495.0
2026-09-18,30,240.0,PUT,1372.0
2026-09-18,30,250.0,PUT,4396.0
2026-09-18,30,260.0,PUT,5154.0
2026-09-18,30,270.0,PUT,1948.0
2026-09-18,30,280.0,PUT,1612.0
2026-09-18,30,290.0,PUT,3259.0
2026-09-18,30,300.0,PUT,6819.0
2026-09-18,30,310.0,PUT,1618.0
2026-09-18,30,320.0,PUT,2125.0
2026-09-18,30,330.0,PUT,3729.0
2026-09-18,30,340.0,PUT,1542.0
2026-09-18,30,350.0,PUT,4262.0
2026-09-18,30,360.0,PUT,2073.0
2026-09-18,30,370.0,PUT,2257.0
2026-09-18,30,380.0,PUT,4762.0
2026-09-18,30,390.0,PUT,2184.0
2026-09-18,30,400.0,PUT,9704.0
2026-09-18,30,410.0,PUT,2641.0
2026-09-18,30,420.0,PUT,1875.0
2026-09-18,30,430.0,PUT,1448.0
2026-09-18,30,440.0,PUT,1670.0
2026-09-18,30,450.0,PUT,1961.0
2026-09-18,30,460.0,PUT,3467.0
2026-09-18,30,470.0,PUT,1475.0
2026-09-18,30,480.0,PUT,574.0
2026-09-18,30,490.0,PUT,356.0
2026-09-18,30,500.0,PUT,9469.0
2026-09-18,30,510.0,PUT,314.0
2026-09-18,30,520.0,PUT,1179.0
2026-09-18,30,530.0,PUT,408.0
2026-09-18,30,540.0,PUT,659.0
2026-09-18,30,550.0,PUT,1994.0
2026-09-18,30,560.0,PUT,825.0
2026-09-18,30,570.0,PUT,346.0
2026-09-18,30,580.0,PUT,637.0
2026-09-18,30,590.0,PUT,2028.0
2026-09-18,30,600.0,PUT,6578.0
2026-09-18,30,610.0,PUT,1186.0
2026-09-18,30,620.0,PUT,1289.0
2026-09-18,30,630.0,PUT,474.0
2026-09-18,30,640.0,PUT,1386.0
2026-09-18,30,650.0,PUT,4735.0
2026-09-18,30,660.0,PUT,1487.0
2026-09-18,30,670.0,PUT,751.0
2026-09-18,30,680.0,PUT,3869.0
2026-09-18,30,690.0,PUT,986.0
2026-09-18,30,700.0,PUT,4775.0
2026-09-18,30,710.0,PUT,699.0
2026-09-18,30,720.0,PUT,1713.0
2026-09-18,30,730.0,PUT,917.0
2026-09-18,30,740.0,PUT,925.0
2026-09-18,30,750.0,PUT,4839.0
2026-09-18,30,760.0,PUT,1635.0
2026-09-18,30,770.0,PUT,1016.0
2026-09-18,30,780.0,PUT,1931.0
2026-09-18,30,790.0,PUT,1146.0
2026-09-18,30,800.0,PUT,7009.0
2026-09-18,30,810.0,PUT,1014.0
2026-09-18,30,820.0,PUT,1330.0
2026-09-18,30,830.0,PUT,2392.0
2026-09-18,30,840.0,PUT,1060.0
2026-09-18,30,850.0,PUT,3821.0
2026-09-18,30,860.0,PUT,1379.0
2026-09-18,30,870.0,PUT,1068.0
2026-09-18,30,880.0,PUT,964.0
2026-09-18,30,890.0,PUT,1169.0
2026-09-18,30,900.0,PUT,4035.0
2026-09-18,30,910.0,PUT,1046.0
2026-09-18,30,920.0,PUT,2275.0
2026-09-18,30,930.0,PUT,986.0
2026-09-18,30,940.0,PUT,946.0
2026-09-18,30,950.0,PUT,1605.0
2026-09-18,30,960.0,PUT,1241.0
2026-09-18,30,970.0,PUT,757.0
2026-09-18,30,980.0,PUT,803.0
2026-09-18,30,990.0,PUT,692.0
2026-09-18,30,1000.0,PUT,2363.0
2026-09-18,30,1010.0,PUT,530.0
2026-09-18,30,1020.0,PUT,343.0
2026-09-18,30,1030.0,PUT,301.0
2026-09-18,30,1040.0,PUT,104.0
2026-09-18,30,1050.0,PUT,1170.0
2026-09-18,30,1060.0,PUT,514.0
2026-09-18,30,1070.0,PUT,340.0
2026-09-18,30,1080.0,PUT,88.0
2026-09-18,30,1090.0,PUT,163.0
2026-09-18,30,1100.0,PUT,1174.0
2026-09-18,30,1110.0,PUT,141.0
2026-09-18,30,1120.0,PUT,276.0
2026-09-18,30,1130.0,PUT,88.0
2026-09-18,30,1140.0,PUT,90.0
2026-09-18,30,1150.0,PUT,449.0
2026-09-18,30,1160.0,PUT,32.0
2026-09-18,30,1170.0,PUT,72.0
2026-09-18,30,1180.0,PUT,48.0
2026-09-18,30,1190.0,PUT,67.0
2026-09-18,30,1200.0,PUT,1107.0
2026-09-18,30,1210.0,PUT,28.0
2026-09-18,30,1220.0,PUT,74.0
2026-09-18,30,1230.0,PUT,30.0
2026-09-18,30,1240.0,PUT,24.0
2026-09-18,30,1250.0,PUT,136.0
2026-09-18,30,1260.0,PUT,11.0
2026-09-18,30,1270.0,PUT,14.0
2026-09-18,30,1280.0,PUT,17.0
2026-09-18,30,1290.0,PUT,49.0
2026-09-18,30,1300.0,PUT,602.0
2026-09-18,30,1310.0,PUT,21.0
2026-09-18,30,1320.0,PUT,6.0
2026-09-18,30,1330.0,PUT,171.0
2026-09-18,30,1340.0,PUT,33.0
2026-09-18,30,1350.0,PUT,63.0
2026-09-18,30,1360.0,PUT,30.0
2026-09-18,30,1370.0,PUT,5.0
2026-09-18,30,1380.0,PUT,2.0
2026-09-18,30,1390.0,PUT,31.0
2026-09-18,30,1400.0,PUT,179.0
2026-09-18,30,1410.0,PUT,37.0
2026-09-18,30,1420.0,PUT,13.0
2026-09-18,30,1430.0,PUT,53.0
2026-09-18,30,1440.0,PUT,6.0
2026-09-18,30,1450.0,PUT,1.0
2026-09-18,30,1460.0,PUT,146.0
2026-09-18,30,1470.0,PUT,1.0
2026-09-18,30,1480.0,PUT,0.0
2026-09-18,30,1500.0,PUT,480.0
2026-09-18,30,1510.0,PUT,1.0
2026-09-18,30,1520.0,PUT,0.0
2026-09-18,30,1530.0,PUT,0.0
2026-09-18,30,1540.0,PUT,0.0
2026-09-18,30,1550.0,PUT,0.0
2026-09-18,30,1560.0,PUT,0.0
2026-09-18,30,1570.0,PUT,0.0
2026-09-18,30,1580.0,PUT,0.0
2026-09-18,30,1590.0,PUT,0.0
2026-09-18,30,1600.0,PUT,0.0
2026-09-18,30,1610.0,PUT,13.0
2026-09-18,30,1620.0,PUT,0.0
2026-09-18,30,1630.0,PUT,0.0
2026-09-18,30,1640.0,PUT,0.0
2026-09-18,30,1650.0,PUT,0.0
2026-09-18,30,1660.0,PUT,0.0
2026-09-18,30,1670.0,PUT,0.0
2026-09-18,30,1680.0,PUT,13.0
2026-09-18,30,1690.0,PUT,1.0
2026-09-18,30,1700.0,PUT,0.0
2026-09-18,30,1750.0,PUT,0.0
2026-09-18,30,1770.0,PUT,1.0
2026-09-18,30,1790.0,PUT,10.0
2026-09-18,30,1800.0,PUT,0.0
2026-09-18,30,1820.0,PUT,0.0
2026-09-18,30,1830.0,PUT,0.0
2026-09-18,30,1840.0,PUT,0.0
2026-09-18,30,1860.0,PUT,0.0
2026-09-18,30,1870.0,PUT,0.0
2026-09-18,30,1880.0,PUT,0.0
2026-09-18,30,1890.0,PUT,0.0
2026-09-18,30,1900.0,PUT,0.0
2026-09-18,30,1910.0,PUT,0.0
2026-09-18,30,1920.0,PUT,1.0
2026-09-18,30,1930.0,PUT,0.0
2026-09-18,30,1940.0,PUT,0.0
2026-09-18,30,1950.0,PUT,0.0
2026-09-18,30,1960.0,PUT,0.0
2026-09-18,30,1970.0,PUT,0.0
2026-09-18,30,1980.0,PUT,0.0
2026-09-18,30,1990.0,PUT,0.0
2026-09-18,30,2000.0,PUT,9.0
2026-09-18,30,2010.0,PUT,0.0
2026-09-18,30,2020.0,PUT,0.0
2026-09-18,30,2030.0,PUT,0.0
2026-09-18,30,2050.0,PUT,0.0
2026-09-18,30,2090.0,PUT,4.0
2026-09-18,30,2100.0,PUT,0.0
2026-09-18,30,2110.0,PUT,0.0
2026-09-18,30,2120.0,PUT,0.0
2026-09-18,30,2130.0,PUT,0.0
2026-09-18,30,2140.0,PUT,1.0
2026-09-18,30,2170.0,PUT,0.0
2026-09-18,30,2190.0,PUT,0.0
2026-09-18,30,2200.0,PUT,0.0
2026-09-18,30,2210.0,PUT,0.0
2026-09-18,30,2220.0,PUT,0.0
2026-09-18,30,2250.0,PUT,0.0
2026-09-18,30,2270.0,PUT,0.0
2026-09-18,30,2280.0,PUT,0.0
2026-09-18,30,2290.0,PUT,0.0
2026-09-18,30,2320.0,PUT,0.0
2026-09-18,30,2350.0,PUT,0.0
2026-09-18,30,2370.0,PUT,0.0
2026-09-18,30,2420.0,PUT,0.0
2026-09-18,30,2440.0,PUT,0.0
2026-09-25,37,275.0,CALL,3.0
2026-09-25,37,440.0,CALL,1.0
2026-09-25,37,480.0,CALL,1.0
2026-09-25,37,560.0,CALL,1.0
2026-09-25,37,580.0,CALL,4.0
2026-09-25,37,585.0,CALL,4.0
2026-09-25,37,595.0,CALL,4.0
2026-09-25,37,600.0,CALL,2.0
2026-09-25,37,605.0,CALL,4.0
2026-09-25,37,615.0,CALL,4.0
2026-09-25,37,620.0,CALL,4.0
2026-09-25,37,625.0,CALL,4.0
2026-09-25,37,630.0,CALL,5.0
2026-09-25,37,635.0,CALL,5.0
2026-09-25,37,640.0,CALL,1.0
2026-09-25,37,655.0,CALL,3.0
2026-09-25,37,695.0,CALL,2.0
2026-09-25,37,700.0,CALL,24.0
2026-09-25,37,745.0,CALL,5.0
2026-09-25,37,750.0,CALL,4.0
2026-09-25,37,755.0,CALL,3.0
2026-09-25,37,760.0,CALL,2.0
2026-09-25,37,765.0,CALL,24.0
2026-09-25,37,770.0,CALL,4.0
2026-09-25,37,775.0,CALL,11.0
2026-09-25,37,780.0,CALL,9.0
2026-09-25,37,785.0,CALL,1.0
2026-09-25,37,790.0,CALL,5.0
2026-09-25,37,795.0,CALL,6.0
2026-09-25,37,800.0,CALL,114.0
2026-09-25,37,805.0,CALL,6.0
2026-09-25,37,810.0,CALL,13.0
2026-09-25,37,815.0,CALL,17.0
2026-09-25,37,820.0,CALL,6.0
2026-09-25,37,825.0,CALL,14.0
2026-09-25,37,830.0,CALL,10.0
2026-09-25,37,835.0,CALL,3.0
2026-09-25,37,840.0,CALL,16.0
2026-09-25,37,845.0,CALL,11.0
2026-09-25,37,850.0,CALL,127.0
2026-09-25,37,855.0,CALL,11.0
2026-09-25,37,860.0,CALL,48.0
2026-09-25,37,865.0,CALL,11.0
2026-09-25,37,870.0,CALL,201.0
2026-09-25,37,875.0,CALL,18.0
2026-09-25,37,880.0,CALL,36.0
2026-09-25,37,885.0,CALL,13.0
2026-09-25,37,890.0,CALL,48.0
2026-09-25,37,895.0,CALL,15.0
2026-09-25,37,900.0,CALL,231.0
2026-09-25,37,905.0,CALL,21.0
2026-09-25,37,910.0,CALL,58.0
2026-09-25,37,915.0,CALL,24.0
2026-09-25,37,920.0,CALL,51.0
2026-09-25,37,925.0,CALL,27.0
2026-09-25,37,930.0,CALL,154.0
2026-09-25,37,935.0,CALL,45.0
2026-09-25,37,940.0,CALL,128.0
2026-09-25,37,945.0,CALL,26.0
2026-09-25,37,950.0,CALL,147.0
2026-09-25,37,955.0,CALL,27.0
2026-09-25,37,960.0,CALL,68.0
2026-09-25,37,965.0,CALL,66.0
2026-09-25,37,970.0,CALL,84.0
2026-09-25,37,975.0,CALL,42.0
2026-09-25,37,980.0,CALL,124.0
2026-09-25,37,985.0,CALL,41.0
2026-09-25,37,990.0,CALL,107.0
2026-09-25,37,995.0,CALL,64.0
2026-09-25,37,1000.0,CALL,760.0
2026-09-25,37,1005.0,CALL,93.0
2026-09-25,37,1010.0,CALL,37.0
2026-09-25,37,1015.0,CALL,18.0
2026-09-25,37,1020.0,CALL,286.0
2026-09-25,37,1025.0,CALL,278.0
2026-09-25,37,1030.0,CALL,60.0
2026-09-25,37,1035.0,CALL,89.0
2026-09-25,37,1040.0,CALL,36.0
2026-09-25,37,1045.0,CALL,24.0
2026-09-25,37,1050.0,CALL,196.0
2026-09-25,37,1055.0,CALL,16.0
2026-09-25,37,1060.0,CALL,64.0
2026-09-25,37,1065.0,CALL,24.0
2026-09-25,37,1070.0,CALL,54.0
2026-09-25,37,1075.0,CALL,22.0
2026-09-25,37,1080.0,CALL,28.0
2026-09-25,37,1085.0,CALL,27.0
2026-09-25,37,1090.0,CALL,23.0
2026-09-25,37,1095.0,CALL,35.0
2026-09-25,37,1100.0,CALL,564.0
2026-09-25,37,1105.0,CALL,37.0
2026-09-25,37,1110.0,CALL,250.0
2026-09-25,37,1115.0,CALL,21.0
2026-09-25,37,1120.0,CALL,58.0
2026-09-25,37,1125.0,CALL,11.0
2026-09-25,37,1130.0,CALL,17.0
2026-09-25,37,1135.0,CALL,16.0
2026-09-25,37,1140.0,CALL,14.0
2026-09-25,37,1150.0,CALL,231.0
2026-09-25,37,1160.0,CALL,56.0
2026-09-25,37,1170.0,CALL,78.0
2026-09-25,37,1180.0,CALL,100.0
2026-09-25,37,1190.0,CALL,35.0
2026-09-25,37,1200.0,CALL,890.0
2026-09-25,37,1210.0,CALL,280.0
2026-09-25,37,1220.0,CALL,70.0
2026-09-25,37,1230.0,CALL,112.0
2026-09-25,37,1240.0,CALL,47.0
2026-09-25,37,1250.0,CALL,606.0
2026-09-25,37,1260.0,CALL,45.0
2026-09-25,37,1270.0,CALL,22.0
2026-09-25,37,1280.0,CALL,38.0
2026-09-25,37,1290.0,CALL,102.0
2026-09-25,37,1300.0,CALL,222.0
2026-09-25,37,1310.0,CALL,69.0
2026-09-25,37,1320.0,CALL,65.0
2026-09-25,37,1330.0,CALL,27.0
2026-09-25,37,1340.0,CALL,49.0
2026-09-25,37,1350.0,CALL,134.0
2026-09-25,37,1360.0,CALL,16.0
2026-09-25,37,1370.0,CALL,50.0
2026-09-25,37,1380.0,CALL,3.0
2026-09-25,37,1390.0,CALL,22.0
2026-09-25,37,1400.0,CALL,191.0
2026-09-25,37,1410.0,CALL,34.0
2026-09-25,37,1420.0,CALL,40.0
2026-09-25,37,1430.0,CALL,49.0
2026-09-25,37,1440.0,CALL,34.0
2026-09-25,37,1450.0,CALL,57.0
2026-09-25,37,1460.0,CALL,33.0
2026-09-25,37,1470.0,CALL,3.0
2026-09-25,37,1480.0,CALL,12.0
2026-09-25,37,1490.0,CALL,9.0
2026-09-25,37,1500.0,CALL,298.0
2026-09-25,37,1510.0,CALL,34.0
2026-09-25,37,1520.0,CALL,59.0
2026-09-25,37,1540.0,CALL,43.0
2026-09-25,37,1550.0,CALL,20.0
2026-09-25,37,1600.0,CALL,22.0
2026-09-25,37,1610.0,CALL,13.0
2026-09-25,37,1620.0,CALL,13.0
2026-09-25,37,1640.0,CALL,13.0
2026-09-25,37,1660.0,CALL,8.0
2026-09-25,37,1670.0,CALL,101.0
2026-09-25,37,1680.0,CALL,14.0
2026-09-25,37,1690.0,CALL,10.0
2026-09-25,37,1700.0,CALL,2.0
2026-09-25,37,1720.0,CALL,3.0
2026-09-25,37,1730.0,CALL,66.0
2026-09-25,37,115.0,PUT,1.0
2026-09-25,37,130.0,PUT,1.0
2026-09-25,37,145.0,PUT,1.0
2026-09-25,37,155.0,PUT,1.0
2026-09-25,37,160.0,PUT,1.0
2026-09-25,37,165.0,PUT,1.0
2026-09-25,37,170.0,PUT,1.0
2026-09-25,37,220.0,PUT,1.0
2026-09-25,37,225.0,PUT,74.0
2026-09-25,37,230.0,PUT,1694.0
2026-09-25,37,235.0,PUT,119.0
2026-09-25,37,240.0,PUT,141.0
2026-09-25,37,245.0,PUT,133.0
2026-09-25,37,250.0,PUT,81.0
2026-09-25,37,255.0,PUT,41.0
2026-09-25,37,260.0,PUT,324.0
2026-09-25,37,265.0,PUT,279.0
2026-09-25,37,270.0,PUT,395.0
2026-09-25,37,275.0,PUT,18.0
2026-09-25,37,280.0,PUT,62.0
2026-09-25,37,285.0,PUT,77.0
2026-09-25,37,290.0,PUT,144.0
2026-09-25,37,295.0,PUT,151.0
2026-09-25,37,300.0,PUT,405.0
2026-09-25,37,305.0,PUT,124.0
2026-09-25,37,310.0,PUT,10.0
2026-09-25,37,315.0,PUT,91.0
2026-09-25,37,320.0,PUT,90.0
2026-09-25,37,325.0,PUT,46.0
2026-09-25,37,345.0,PUT,1.0
2026-09-25,37,350.0,PUT,3.0
2026-09-25,37,355.0,PUT,1.0
2026-09-25,37,365.0,PUT,0.0
2026-09-25,37,370.0,PUT,2.0
2026-09-25,37,375.0,PUT,0.0
2026-09-25,37,380.0,PUT,150.0
2026-09-25,37,385.0,PUT,1.0
2026-09-25,37,390.0,PUT,51.0
2026-09-25,37,395.0,PUT,1.0
2026-09-25,37,400.0,PUT,10.0
2026-09-25,37,405.0,PUT,2.0
2026-09-25,37,415.0,PUT,1.0
2026-09-25,37,425.0,PUT,1.0
2026-09-25,37,440.0,PUT,2.0
2026-09-25,37,450.0,PUT,23.0
2026-09-25,37,460.0,PUT,14.0
2026-09-25,37,470.0,PUT,0.0
2026-09-25,37,475.0,PUT,2.0
2026-09-25,37,480.0,PUT,163.0
2026-09-25,37,490.0,PUT,1.0
2026-09-25,37,495.0,PUT,2.0
2026-09-25,37,500.0,PUT,42.0
2026-09-25,37,510.0,PUT,2.0
2026-09-25,37,520.0,PUT,2.0
2026-09-25,37,525.0,PUT,8.0
2026-09-25,37,530.0,PUT,8.0
2026-09-25,37,540.0,PUT,194.0
2026-09-25,37,545.0,PUT,186.0
2026-09-25,37,550.0,PUT,119.0
2026-09-25,37,560.0,PUT,19.0
2026-09-25,37,565.0,PUT,13.0
2026-09-25,37,570.0,PUT,23.0
2026-09-25,37,575.0,PUT,17.0
2026-09-25,37,580.0,PUT,12.0
2026-09-25,37,585.0,PUT,6.0
2026-09-25,37,590.0,PUT,126.0
2026-09-25,37,595.0,PUT,117.0
2026-09-25,37,600.0,PUT,177.0
2026-09-25,37,605.0,PUT,69.0
2026-09-25,37,610.0,PUT,14.0
2026-09-25,37,615.0,PUT,8.0
2026-09-25,37,620.0,PUT,19.0
2026-09-25,37,625.0,PUT,14.0
2026-09-25,37,630.0,PUT,29.0
2026-09-25,37,635.0,PUT,6.0
2026-09-25,37,640.0,PUT,104.0
2026-09-25,37,645.0,PUT,274.0
2026-09-25,37,650.0,PUT,166.0
2026-09-25,37,655.0,PUT,8.0
2026-09-25,37,660.0,PUT,35.0
2026-09-25,37,665.0,PUT,4.0
2026-09-25,37,670.0,PUT,48.0
2026-09-25,37,675.0,PUT,80.0
2026-09-25,37,680.0,PUT,121.0
2026-09-25,37,685.0,PUT,51.0
2026-09-25,37,690.0,PUT,84.0
2026-09-25,37,695.0,PUT,49.0
2026-09-25,37,700.0,PUT,374.0
2026-09-25,37,705.0,PUT,40.0
2026-09-25,37,710.0,PUT,47.0
2026-09-25,37,715.0,PUT,22.0
2026-09-25,37,720.0,PUT,227.0
2026-09-25,37,725.0,PUT,24.0
2026-09-25,37,730.0,PUT,109.0
2026-09-25,37,735.0,PUT,41.0
2026-09-25,37,740.0,PUT,83.0
2026-09-25,37,745.0,PUT,27.0
2026-09-25,37,750.0,PUT,207.0
2026-09-25,37,755.0,PUT,33.0
2026-09-25,37,760.0,PUT,81.0
2026-09-25,37,765.0,PUT,53.0
2026-09-25,37,770.0,PUT,48.0
2026-09-25,37,775.0,PUT,65.0
2026-09-25,37,780.0,PUT,92.0
2026-09-25,37,785.0,PUT,47.0
2026-09-25,37,790.0,PUT,75.0
2026-09-25,37,795.0,PUT,33.0
2026-09-25,37,800.0,PUT,372.0
2026-09-25,37,805.0,PUT,50.0
2026-09-25,37,810.0,PUT,274.0
2026-09-25,37,815.0,PUT,30.0
2026-09-25,37,820.0,PUT,110.0
2026-09-25,37,825.0,PUT,83.0
2026-09-25,37,830.0,PUT,65.0
2026-09-25,37,835.0,PUT,23.0
2026-09-25,37,840.0,PUT,44.0
2026-09-25,37,845.0,PUT,49.0
2026-09-25,37,850.0,PUT,433.0
2026-09-25,37,855.0,PUT,43.0
2026-09-25,37,860.0,PUT,465.0
2026-09-25,37,865.0,PUT,34.0
2026-09-25,37,870.0,PUT,82.0
2026-09-25,37,875.0,PUT,418.0
2026-09-25,37,880.0,PUT,407.0
2026-09-25,37,885.0,PUT,228.0
2026-09-25,37,890.0,PUT,57.0
2026-09-25,37,895.0,PUT,72.0
2026-09-25,37,900.0,PUT,264.0
2026-09-25,37,905.0,PUT,35.0
2026-09-25,37,910.0,PUT,89.0
2026-09-25,37,915.0,PUT,25.0
2026-09-25,37,920.0,PUT,278.0
2026-09-25,37,925.0,PUT,38.0
2026-09-25,37,930.0,PUT,106.0
2026-09-25,37,935.0,PUT,28.0
2026-09-25,37,940.0,PUT,229.0
2026-09-25,37,945.0,PUT,35.0
2026-09-25,37,950.0,PUT,303.0
2026-09-25,37,955.0,PUT,42.0
2026-09-25,37,960.0,PUT,324.0
2026-09-25,37,965.0,PUT,38.0
2026-09-25,37,970.0,PUT,103.0
2026-09-25,37,975.0,PUT,48.0
2026-09-25,37,980.0,PUT,61.0
2026-09-25,37,985.0,PUT,44.0
2026-09-25,37,990.0,PUT,78.0
2026-09-25,37,995.0,PUT,10.0
2026-09-25,37,1000.0,PUT,99.0
2026-09-25,37,1005.0,PUT,10.0
2026-09-25,37,1010.0,PUT,3.0
2026-09-25,37,1015.0,PUT,49.0
2026-09-25,37,1020.0,PUT,19.0
2026-09-25,37,1025.0,PUT,12.0
2026-09-25,37,1030.0,PUT,22.0
2026-09-25,37,1035.0,PUT,39.0
2026-09-25,37,1040.0,PUT,7.0
2026-09-25,37,1045.0,PUT,5.0
2026-09-25,37,1050.0,PUT,7.0
2026-09-25,37,1055.0,PUT,4.0
2026-09-25,37,1060.0,PUT,1.0
2026-09-25,37,1065.0,PUT,2.0
2026-09-25,37,1070.0,PUT,1.0
2026-09-25,37,1075.0,PUT,2.0
2026-09-25,37,1080.0,PUT,1.0
2026-09-25,37,1085.0,PUT,1.0
2026-09-25,37,1090.0,PUT,13.0
2026-09-25,37,1095.0,PUT,2.0
2026-09-25,37,1100.0,PUT,6.0
2026-09-25,37,1105.0,PUT,1.0
2026-09-25,37,1110.0,PUT,7.0
2026-09-25,37,1115.0,PUT,8.0
2026-09-25,37,1120.0,PUT,203.0
2026-09-25,37,1125.0,PUT,2.0
2026-09-25,37,1130.0,PUT,200.0
2026-09-25,37,1135.0,PUT,1.0
2026-09-25,37,1140.0,PUT,2.0
2026-09-25,37,1150.0,PUT,8.0
2026-09-25,37,1160.0,PUT,7.0
2026-09-25,37,1170.0,PUT,12.0
2026-09-25,37,1180.0,PUT,3.0
2026-09-25,37,1190.0,PUT,4.0
2026-09-25,37,1200.0,PUT,6.0
2026-09-25,37,1210.0,PUT,5.0
2026-09-25,37,1220.0,PUT,11.0
2026-09-25,37,1230.0,PUT,8.0
2026-09-25,37,1240.0,PUT,4.0
2026-09-25,37,1250.0,PUT,5.0
2026-09-25,37,1260.0,PUT,1.0
2026-09-25,37,1270.0,PUT,6.0
2026-09-25,37,1300.0,PUT,4.0
2026-09-25,37,1310.0,PUT,1.0
2026-09-25,37,1340.0,PUT,1.0
2026-09-25,37,1350.0,PUT,1.0
2026-09-25,37,1360.0,PUT,1.0
2026-09-25,37,1400.0,PUT,0.0
2026-09-25,37,1540.0,PUT,1.0
2026-09-25,37,1560.0,PUT,1.0
2026-10-02,44,370.0,CALL,1.0
2026-10-02,44,475.0,CALL,1.0
2026-10-02,44,495.0,CALL,3.0
2026-10-02,44,500.0,CALL,4.0
2026-10-02,44,505.0,CALL,2.0
2026-10-02,44,510.0,CALL,3.0
2026-10-02,44,520.0,CALL,6.0
2026-10-02,44,530.0,CALL,1.0
2026-10-02,44,600.0,CALL,1.0
2026-10-02,44,800.0,CALL,5.0
2026-10-02,44,860.0,CALL,2.0
2026-10-02,44,865.0,CALL,2.0
2026-10-02,44,890.0,CALL,4.0
2026-10-02,44,900.0,CALL,68.0
2026-10-02,44,905.0,CALL,3.0
2026-10-02,44,910.0,CALL,38.0
2026-10-02,44,915.0,CALL,9.0
2026-10-02,44,920.0,CALL,9.0
2026-10-02,44,925.0,CALL,2.0
2026-10-02,44,930.0,CALL,19.0
2026-10-02,44,935.0,CALL,9.0
2026-10-02,44,940.0,CALL,278.0
2026-10-02,44,945.0,CALL,23.0
2026-10-02,44,950.0,CALL,47.0
2026-10-02,44,955.0,CALL,9.0
2026-10-02,44,960.0,CALL,9.0
2026-10-02,44,965.0,CALL,35.0
2026-10-02,44,970.0,CALL,34.0
2026-10-02,44,975.0,CALL,14.0
2026-10-02,44,980.0,CALL,140.0
2026-10-02,44,985.0,CALL,10.0
2026-10-02,44,990.0,CALL,64.0
2026-10-02,44,995.0,CALL,16.0
2026-10-02,44,1000.0,CALL,181.0
2026-10-02,44,1005.0,CALL,13.0
2026-10-02,44,1010.0,CALL,12.0
2026-10-02,44,1020.0,CALL,50.0
2026-10-02,44,1025.0,CALL,54.0
2026-10-02,44,1030.0,CALL,27.0
2026-10-02,44,1050.0,CALL,112.0
2026-10-02,44,1055.0,CALL,5.0
2026-10-02,44,1060.0,CALL,11.0
2026-10-02,44,1070.0,CALL,9.0
2026-10-02,44,1075.0,CALL,45.0
2026-10-02,44,1100.0,CALL,98.0
2026-10-02,44,1105.0,CALL,4.0
2026-10-02,44,1120.0,CALL,128.0
2026-10-02,44,1125.0,CALL,21.0
2026-10-02,44,1150.0,CALL,70.0
2026-10-02,44,1180.0,CALL,54.0
2026-10-02,44,1200.0,CALL,53.0
2026-10-02,44,1210.0,CALL,3.0
2026-10-02,44,1250.0,CALL,51.0
2026-10-02,44,1300.0,CALL,33.0
2026-10-02,44,1320.0,CALL,2.0
2026-10-02,44,1350.0,CALL,9.0
2026-10-02,44,1360.0,CALL,76.0
2026-10-02,44,1400.0,CALL,12.0
2026-10-02,44,1420.0,CALL,26.0
2026-10-02,44,1500.0,CALL,19.0
2026-10-02,44,1550.0,CALL,7.0
2026-10-02,44,1620.0,CALL,2.0
2026-10-02,44,1680.0,CALL,1.0
2026-10-02,44,1700.0,CALL,4.0
2026-10-02,44,100.0,PUT,2.0
2026-10-02,44,150.0,PUT,1.0
2026-10-02,44,200.0,PUT,101.0
2026-10-02,44,205.0,PUT,52.0
2026-10-02,44,210.0,PUT,452.0
2026-10-02,44,215.0,PUT,105.0
2026-10-02,44,230.0,PUT,50.0
2026-10-02,44,235.0,PUT,50.0
2026-10-02,44,240.0,PUT,100.0
2026-10-02,44,245.0,PUT,50.0
2026-10-02,44,250.0,PUT,1.0
2026-10-02,44,290.0,PUT,148.0
2026-10-02,44,295.0,PUT,162.0
2026-10-02,44,305.0,PUT,1200.0
2026-10-02,44,310.0,PUT,149.0
2026-10-02,44,315.0,PUT,8.0
2026-10-02,44,320.0,PUT,89.0
2026-10-02,44,325.0,PUT,42.0
2026-10-02,44,330.0,PUT,28.0
2026-10-02,44,335.0,PUT,26.0
2026-10-02,44,340.0,PUT,23.0
2026-10-02,44,345.0,PUT,4.0
2026-10-02,44,390.0,PUT,2.0
2026-10-02,44,400.0,PUT,5.0
2026-10-02,44,480.0,PUT,7.0
2026-10-02,44,485.0,PUT,1.0
2026-10-02,44,500.0,PUT,14.0
2026-10-02,44,555.0,PUT,11.0
2026-10-02,44,570.0,PUT,1.0
2026-10-02,44,585.0,PUT,8.0
2026-10-02,44,590.0,PUT,112.0
2026-10-02,44,600.0,PUT,58.0
2026-10-02,44,605.0,PUT,2.0
2026-10-02,44,645.0,PUT,5.0
2026-10-02,44,670.0,PUT,18.0
2026-10-02,44,680.0,PUT,14.0
2026-10-02,44,690.0,PUT,42.0
2026-10-02,44,700.0,PUT,63.0
2026-10-02,44,705.0,PUT,11.0
2026-10-02,44,710.0,PUT,16.0
2026-10-02,44,720.0,PUT,9.0
2026-10-02,44,725.0,PUT,16.0
2026-10-02,44,730.0,PUT,78.0
2026-10-02,44,735.0,PUT,38.0
2026-10-02,44,740.0,PUT,26.0
2026-10-02,44,750.0,PUT,66.0
2026-10-02,44,755.0,PUT,14.0
2026-10-02,44,760.0,PUT,22.0
2026-10-02,44,765.0,PUT,8.0
2026-10-02,44,770.0,PUT,37.0
2026-10-02,44,775.0,PUT,10.0
2026-10-02,44,780.0,PUT,70.0
2026-10-02,44,785.0,PUT,9.0
2026-10-02,44,790.0,PUT,64.0
2026-10-02,44,795.0,PUT,26.0
2026-10-02,44,800.0,PUT,197.0
2026-10-02,44,805.0,PUT,18.0
2026-10-02,44,810.0,PUT,27.0
2026-10-02,44,815.0,PUT,9.0
2026-10-02,44,820.0,PUT,23.0
2026-10-02,44,825.0,PUT,10.0
2026-10-02,44,830.0,PUT,24.0
2026-10-02,44,835.0,PUT,17.0
2026-10-02,44,840.0,PUT,14.0
2026-10-02,44,850.0,PUT,128.0
2026-10-02,44,855.0,PUT,6.0
2026-10-02,44,860.0,PUT,11.0
2026-10-02,44,865.0,PUT,20.0
2026-10-02,44,870.0,PUT,13.0
2026-10-02,44,875.0,PUT,31.0
2026-10-02,44,880.0,PUT,25.0
2026-10-02,44,885.0,PUT,10.0
2026-10-02,44,890.0,PUT,20.0
2026-10-02,44,895.0,PUT,11.0
2026-10-02,44,900.0,PUT,159.0
2026-10-02,44,910.0,PUT,10.0
2026-10-02,44,915.0,PUT,10.0
2026-10-02,44,920.0,PUT,12.0
2026-10-02,44,930.0,PUT,17.0
2026-10-02,44,940.0,PUT,46.0
2026-10-02,44,950.0,PUT,53.0
2026-10-02,44,955.0,PUT,7.0
2026-10-02,44,960.0,PUT,18.0
2026-10-02,44,965.0,PUT,41.0
2026-10-02,44,970.0,PUT,15.0
2026-10-02,44,975.0,PUT,8.0
2026-10-02,44,980.0,PUT,3.0
2026-10-02,44,985.0,PUT,1.0
2026-10-02,44,995.0,PUT,12.0
2026-10-02,44,1000.0,PUT,12.0
2026-10-02,44,1005.0,PUT,7.0
2026-10-02,44,1040.0,PUT,3.0
2026-10-02,44,1045.0,PUT,1.0
2026-10-02,44,1050.0,PUT,6.0
2026-10-02,44,1065.0,PUT,2.0
2026-10-02,44,1070.0,PUT,3.0
2026-10-02,44,1085.0,PUT,3.0
2026-10-02,44,1190.0,PUT,1.0
2026-10-02,44,1200.0,PUT,7.0
2026-10-16,58,5.0,CALL,644.0
2026-10-16,58,10.0,CALL,23.0
2026-10-16,58,15.0,CALL,10.0
2026-10-16,58,20.0,CALL,16.0
2026-10-16,58,25.0,CALL,52.0
2026-10-16,58,30.0,CALL,35.0
2026-10-16,58,35.0,CALL,6.0
2026-10-16,58,40.0,CALL,6.0
2026-10-16,58,45.0,CALL,21.0
2026-10-16,58,50.0,CALL,29.0
2026-10-16,58,60.0,CALL,1.0
2026-10-16,58,185.0,CALL,13.0
2026-10-16,58,190.0,CALL,17.0
2026-10-16,58,195.0,CALL,4.0
2026-10-16,58,200.0,CALL,49.0
2026-10-16,58,210.0,CALL,67.0
2026-10-16,58,220.0,CALL,21.0
2026-10-16,58,230.0,CALL,6.0
2026-10-16,58,240.0,CALL,25.0
2026-10-16,58,250.0,CALL,531.0
2026-10-16,58,260.0,CALL,59.0
2026-10-16,58,270.0,CALL,67.0
2026-10-16,58,280.0,CALL,315.0
2026-10-16,58,290.0,CALL,261.0
2026-10-16,58,300.0,CALL,246.0
2026-10-16,58,310.0,CALL,448.0
2026-10-16,58,320.0,CALL,227.0
2026-10-16,58,330.0,CALL,35.0
2026-10-16,58,340.0,CALL,285.0
2026-10-16,58,350.0,CALL,318.0
2026-10-16,58,360.0,CALL,185.0
2026-10-16,58,370.0,CALL,124.0
2026-10-16,58,380.0,CALL,149.0
2026-10-16,58,390.0,CALL,93.0
2026-10-16,58,400.0,CALL,735.0
2026-10-16,58,410.0,CALL,310.0
2026-10-16,58,420.0,CALL,342.0
2026-10-16,58,430.0,CALL,141.0
2026-10-16,58,440.0,CALL,170.0
2026-10-16,58,450.0,CALL,712.0
2026-10-16,58,460.0,CALL,449.0
2026-10-16,58,470.0,CALL,650.0
2026-10-16,58,480.0,CALL,449.0
2026-10-16,58,490.0,CALL,212.0
2026-10-16,58,500.0,CALL,631.0
2026-10-16,58,510.0,CALL,293.0
2026-10-16,58,520.0,CALL,355.0
2026-10-16,58,530.0,CALL,556.0
2026-10-16,58,540.0,CALL,501.0
2026-10-16,58,560.0,CALL,756.0
2026-10-16,58,580.0,CALL,192.0
2026-10-16,58,600.0,CALL,1458.0
2026-10-16,58,620.0,CALL,774.0
2026-10-16,58,640.0,CALL,1712.0
2026-10-16,58,660.0,CALL,347.0
2026-10-16,58,680.0,CALL,411.0
2026-10-16,58,700.0,CALL,1433.0
2026-10-16,58,720.0,CALL,688.0
2026-10-16,58,740.0,CALL,766.0
2026-10-16,58,760.0,CALL,424.0
2026-10-16,58,780.0,CALL,1206.0
2026-10-16,58,800.0,CALL,1278.0
2026-10-16,58,820.0,CALL,603.0
2026-10-16,58,840.0,CALL,1610.0
2026-10-16,58,860.0,CALL,843.0
2026-10-16,58,880.0,CALL,417.0
2026-10-16,58,900.0,CALL,2214.0
2026-10-16,58,910.0,CALL,589.0
2026-10-16,58,920.0,CALL,500.0
2026-10-16,58,930.0,CALL,499.0
2026-10-16,58,940.0,CALL,487.0
2026-10-16,58,950.0,CALL,2258.0
2026-10-16,58,960.0,CALL,621.0
2026-10-16,58,970.0,CALL,451.0
2026-10-16,58,980.0,CALL,468.0
2026-10-16,58,990.0,CALL,579.0
2026-10-16,58,1000.0,CALL,8117.0
2026-10-16,58,1010.0,CALL,343.0
2026-10-16,58,1020.0,CALL,442.0
2026-10-16,58,1030.0,CALL,310.0
2026-10-16,58,1040.0,CALL,171.0
2026-10-16,58,1050.0,CALL,1752.0
2026-10-16,58,1060.0,CALL,257.0
2026-10-16,58,1070.0,CALL,425.0
2026-10-16,58,1080.0,CALL,424.0
2026-10-16,58,1090.0,CALL,380.0
2026-10-16,58,1100.0,CALL,4830.0
2026-10-16,58,1110.0,CALL,288.0
2026-10-16,58,1120.0,CALL,312.0
2026-10-16,58,1130.0,CALL,210.0
2026-10-16,58,1140.0,CALL,174.0
2026-10-16,58,1150.0,CALL,1175.0
2026-10-16,58,1160.0,CALL,660.0
2026-10-16,58,1170.0,CALL,372.0
2026-10-16,58,1180.0,CALL,284.0
2026-10-16,58,1190.0,CALL,219.0
2026-10-16,58,1200.0,CALL,4270.0
2026-10-16,58,1210.0,CALL,507.0
2026-10-16,58,1220.0,CALL,1151.0
2026-10-16,58,1230.0,CALL,220.0
2026-10-16,58,1240.0,CALL,131.0
2026-10-16,58,1250.0,CALL,1055.0
2026-10-16,58,1260.0,CALL,365.0
2026-10-16,58,1270.0,CALL,397.0
2026-10-16,58,1280.0,CALL,379.0
2026-10-16,58,1290.0,CALL,349.0
2026-10-16,58,1300.0,CALL,2595.0
2026-10-16,58,1310.0,CALL,191.0
2026-10-16,58,1320.0,CALL,382.0
2026-10-16,58,1330.0,CALL,847.0
2026-10-16,58,1340.0,CALL,246.0
2026-10-16,58,1350.0,CALL,703.0
2026-10-16,58,1360.0,CALL,266.0
2026-10-16,58,1370.0,CALL,124.0
2026-10-16,58,1380.0,CALL,215.0
2026-10-16,58,1390.0,CALL,351.0
2026-10-16,58,1400.0,CALL,2827.0
2026-10-16,58,1410.0,CALL,260.0
2026-10-16,58,1420.0,CALL,357.0
2026-10-16,58,1430.0,CALL,693.0
2026-10-16,58,1440.0,CALL,251.0
2026-10-16,58,1450.0,CALL,199.0
2026-10-16,58,1460.0,CALL,321.0
2026-10-16,58,1470.0,CALL,375.0
2026-10-16,58,1480.0,CALL,303.0
2026-10-16,58,1490.0,CALL,248.0
2026-10-16,58,1500.0,CALL,3011.0
2026-10-16,58,1510.0,CALL,633.0
2026-10-16,58,1520.0,CALL,405.0
2026-10-16,58,1530.0,CALL,250.0
2026-10-16,58,1540.0,CALL,286.0
2026-10-16,58,1550.0,CALL,396.0
2026-10-16,58,1560.0,CALL,127.0
2026-10-16,58,1570.0,CALL,151.0
2026-10-16,58,1580.0,CALL,49.0
2026-10-16,58,1590.0,CALL,186.0
2026-10-16,58,1600.0,CALL,1380.0
2026-10-16,58,1610.0,CALL,303.0
2026-10-16,58,1620.0,CALL,222.0
2026-10-16,58,1630.0,CALL,337.0
2026-10-16,58,1640.0,CALL,97.0
2026-10-16,58,1650.0,CALL,170.0
2026-10-16,58,1660.0,CALL,683.0
2026-10-16,58,1670.0,CALL,239.0
2026-10-16,58,1680.0,CALL,331.0
2026-10-16,58,1690.0,CALL,832.0
2026-10-16,58,1700.0,CALL,672.0
2026-10-16,58,1710.0,CALL,87.0
2026-10-16,58,1720.0,CALL,161.0
2026-10-16,58,1730.0,CALL,278.0
2026-10-16,58,1740.0,CALL,286.0
2026-10-16,58,1750.0,CALL,187.0
2026-10-16,58,1760.0,CALL,238.0
2026-10-16,58,1770.0,CALL,280.0
2026-10-16,58,1780.0,CALL,88.0
2026-10-16,58,1790.0,CALL,365.0
2026-10-16,58,1800.0,CALL,704.0
2026-10-16,58,1810.0,CALL,221.0
2026-10-16,58,1820.0,CALL,981.0
2026-10-16,58,1830.0,CALL,1242.0
2026-10-16,58,1840.0,CALL,119.0
2026-10-16,58,1850.0,CALL,619.0
2026-10-16,58,1860.0,CALL,159.0
2026-10-16,58,1870.0,CALL,156.0
2026-10-16,58,1880.0,CALL,227.0
2026-10-16,58,1890.0,CALL,389.0
2026-10-16,58,1900.0,CALL,596.0
2026-10-16,58,1910.0,CALL,1039.0
2026-10-16,58,1920.0,CALL,100.0
2026-10-16,58,1930.0,CALL,203.0
2026-10-16,58,1940.0,CALL,296.0
2026-10-16,58,1950.0,CALL,290.0
2026-10-16,58,1960.0,CALL,407.0
2026-10-16,58,1970.0,CALL,89.0
2026-10-16,58,1980.0,CALL,140.0
2026-10-16,58,1990.0,CALL,90.0
2026-10-16,58,2000.0,CALL,2059.0
2026-10-16,58,2010.0,CALL,79.0
2026-10-16,58,2020.0,CALL,57.0
2026-10-16,58,2030.0,CALL,142.0
2026-10-16,58,2040.0,CALL,28.0
2026-10-16,58,2050.0,CALL,252.0
2026-10-16,58,2060.0,CALL,301.0
2026-10-16,58,2070.0,CALL,87.0
2026-10-16,58,2080.0,CALL,308.0
2026-10-16,58,2090.0,CALL,252.0
2026-10-16,58,2100.0,CALL,377.0
2026-10-16,58,2110.0,CALL,132.0
2026-10-16,58,2120.0,CALL,94.0
2026-10-16,58,2130.0,CALL,92.0
2026-10-16,58,2140.0,CALL,73.0
2026-10-16,58,2150.0,CALL,184.0
2026-10-16,58,2160.0,CALL,81.0
2026-10-16,58,2170.0,CALL,314.0
2026-10-16,58,2180.0,CALL,61.0
2026-10-16,58,2190.0,CALL,78.0
2026-10-16,58,2200.0,CALL,283.0
2026-10-16,58,2210.0,CALL,58.0
2026-10-16,58,2220.0,CALL,155.0
2026-10-16,58,2230.0,CALL,33.0
2026-10-16,58,2240.0,CALL,24.0
2026-10-16,58,2250.0,CALL,142.0
2026-10-16,58,2260.0,CALL,49.0
2026-10-16,58,2270.0,CALL,103.0
2026-10-16,58,2280.0,CALL,85.0
2026-10-16,58,2290.0,CALL,202.0
2026-10-16,58,2300.0,CALL,329.0
2026-10-16,58,2310.0,CALL,68.0
2026-10-16,58,2320.0,CALL,177.0
2026-10-16,58,2330.0,CALL,49.0
2026-10-16,58,2340.0,CALL,86.0
2026-10-16,58,2350.0,CALL,49.0
2026-10-16,58,2360.0,CALL,146.0
2026-10-16,58,2370.0,CALL,120.0
2026-10-16,58,2380.0,CALL,66.0
2026-10-16,58,2390.0,CALL,142.0
2026-10-16,58,2400.0,CALL,276.0
2026-10-16,58,2410.0,CALL,139.0
2026-10-16,58,2420.0,CALL,631.0
2026-10-16,58,2440.0,CALL,83.0
2026-10-16,58,2460.0,CALL,154.0
2026-10-16,58,2480.0,CALL,191.0
2026-10-16,58,2500.0,CALL,2192.0
2026-10-16,58,5.0,PUT,117.0
2026-10-16,58,10.0,PUT,85.0
2026-10-16,58,15.0,PUT,180.0
2026-10-16,58,20.0,PUT,138.0
2026-10-16,58,25.0,PUT,129.0
2026-10-16,58,30.0,PUT,206.0
2026-10-16,58,35.0,PUT,583.0
2026-10-16,58,40.0,PUT,699.0
2026-10-16,58,45.0,PUT,612.0
2026-10-16,58,50.0,PUT,1384.0
2026-10-16,58,55.0,PUT,5013.0
2026-10-16,58,60.0,PUT,14566.0
2026-10-16,58,185.0,PUT,205.0
2026-10-16,58,190.0,PUT,129.0
2026-10-16,58,195.0,PUT,1693.0
2026-10-16,58,200.0,PUT,1935.0
2026-10-16,58,210.0,PUT,999.0
2026-10-16,58,220.0,PUT,1904.0
2026-10-16,58,230.0,PUT,2638.0
2026-10-16,58,240.0,PUT,480.0
2026-10-16,58,250.0,PUT,751.0
2026-10-16,58,260.0,PUT,2338.0
2026-10-16,58,270.0,PUT,586.0
2026-10-16,58,280.0,PUT,732.0
2026-10-16,58,290.0,PUT,603.0
2026-10-16,58,300.0,PUT,1987.0
2026-10-16,58,310.0,PUT,415.0
2026-10-16,58,320.0,PUT,2066.0
2026-10-16,58,330.0,PUT,1730.0
2026-10-16,58,340.0,PUT,4945.0
2026-10-16,58,350.0,PUT,705.0
2026-10-16,58,360.0,PUT,3866.0
2026-10-16,58,370.0,PUT,867.0
2026-10-16,58,380.0,PUT,2174.0
2026-10-16,58,390.0,PUT,536.0
2026-10-16,58,400.0,PUT,2264.0
2026-10-16,58,410.0,PUT,822.0
2026-10-16,58,420.0,PUT,726.0
2026-10-16,58,430.0,PUT,442.0
2026-10-16,58,440.0,PUT,345.0
2026-10-16,58,450.0,PUT,3001.0
2026-10-16,58,460.0,PUT,827.0
2026-10-16,58,470.0,PUT,399.0
2026-10-16,58,480.0,PUT,563.0
2026-10-16,58,490.0,PUT,665.0
2026-10-16,58,500.0,PUT,3461.0
2026-10-16,58,510.0,PUT,394.0
2026-10-16,58,520.0,PUT,1074.0
2026-10-16,58,530.0,PUT,1059.0
2026-10-16,58,540.0,PUT,1068.0
2026-10-16,58,560.0,PUT,955.0
2026-10-16,58,580.0,PUT,1847.0
2026-10-16,58,600.0,PUT,4258.0
2026-10-16,58,620.0,PUT,1752.0
2026-10-16,58,640.0,PUT,4840.0
2026-10-16,58,660.0,PUT,1931.0
2026-10-16,58,680.0,PUT,2023.0
2026-10-16,58,700.0,PUT,6366.0
2026-10-16,58,720.0,PUT,536.0
2026-10-16,58,740.0,PUT,1874.0
2026-10-16,58,760.0,PUT,2015.0
2026-10-16,58,780.0,PUT,1417.0
2026-10-16,58,800.0,PUT,4590.0
2026-10-16,58,820.0,PUT,1703.0
2026-10-16,58,840.0,PUT,2436.0
2026-10-16,58,860.0,PUT,1698.0
2026-10-16,58,880.0,PUT,985.0
2026-10-16,58,900.0,PUT,3543.0
2026-10-16,58,910.0,PUT,647.0
2026-10-16,58,920.0,PUT,1610.0
2026-10-16,58,930.0,PUT,575.0
2026-10-16,58,940.0,PUT,1302.0
2026-10-16,58,950.0,PUT,1193.0
2026-10-16,58,960.0,PUT,719.0
2026-10-16,58,970.0,PUT,528.0
2026-10-16,58,980.0,PUT,415.0
2026-10-16,58,990.0,PUT,794.0
2026-10-16,58,1000.0,PUT,3326.0
2026-10-16,58,1010.0,PUT,165.0
2026-10-16,58,1020.0,PUT,317.0
2026-10-16,58,1030.0,PUT,157.0
2026-10-16,58,1040.0,PUT,364.0
2026-10-16,58,1050.0,PUT,412.0
2026-10-16,58,1060.0,PUT,190.0
2026-10-16,58,1070.0,PUT,79.0
2026-10-16,58,1080.0,PUT,297.0
2026-10-16,58,1090.0,PUT,287.0
2026-10-16,58,1100.0,PUT,3640.0
2026-10-16,58,1110.0,PUT,74.0
2026-10-16,58,1120.0,PUT,149.0
2026-10-16,58,1130.0,PUT,89.0
2026-10-16,58,1140.0,PUT,167.0
2026-10-16,58,1150.0,PUT,86.0
2026-10-16,58,1160.0,PUT,155.0
2026-10-16,58,1170.0,PUT,27.0
2026-10-16,58,1180.0,PUT,57.0
2026-10-16,58,1190.0,PUT,74.0
2026-10-16,58,1200.0,PUT,335.0
2026-10-16,58,1210.0,PUT,42.0
2026-10-16,58,1220.0,PUT,45.0
2026-10-16,58,1230.0,PUT,7.0
2026-10-16,58,1240.0,PUT,39.0
2026-10-16,58,1250.0,PUT,377.0
2026-10-16,58,1260.0,PUT,73.0
2026-10-16,58,1270.0,PUT,54.0
2026-10-16,58,1280.0,PUT,48.0
2026-10-16,58,1290.0,PUT,49.0
2026-10-16,58,1300.0,PUT,76.0
2026-10-16,58,1310.0,PUT,38.0
2026-10-16,58,1320.0,PUT,50.0
2026-10-16,58,1330.0,PUT,3.0
2026-10-16,58,1340.0,PUT,37.0
2026-10-16,58,1350.0,PUT,99.0
2026-10-16,58,1360.0,PUT,23.0
2026-10-16,58,1370.0,PUT,29.0
2026-10-16,58,1380.0,PUT,24.0
2026-10-16,58,1390.0,PUT,22.0
2026-10-16,58,1400.0,PUT,15.0
2026-10-16,58,1410.0,PUT,88.0
2026-10-16,58,1420.0,PUT,8.0
2026-10-16,58,1430.0,PUT,32.0
2026-10-16,58,1440.0,PUT,3.0
2026-10-16,58,1450.0,PUT,16.0
2026-10-16,58,1460.0,PUT,11.0
2026-10-16,58,1470.0,PUT,0.0
2026-10-16,58,1480.0,PUT,13.0
2026-10-16,58,1490.0,PUT,10.0
2026-10-16,58,1500.0,PUT,51.0
2026-10-16,58,1520.0,PUT,10.0
2026-10-16,58,1530.0,PUT,0.0
2026-10-16,58,1540.0,PUT,2.0
2026-10-16,58,1550.0,PUT,3.0
2026-10-16,58,1560.0,PUT,3.0
2026-10-16,58,1580.0,PUT,2.0
2026-10-16,58,1600.0,PUT,8.0
2026-10-16,58,1620.0,PUT,1.0
2026-10-16,58,1630.0,PUT,98.0
2026-10-16,58,1650.0,PUT,4.0
2026-10-16,58,1660.0,PUT,0.0
2026-10-16,58,1680.0,PUT,1.0
2026-10-16,58,1690.0,PUT,5.0
2026-10-16,58,1700.0,PUT,4.0
2026-10-16,58,1720.0,PUT,11.0
2026-10-16,58,1740.0,PUT,0.0
2026-10-16,58,1760.0,PUT,0.0
2026-10-16,58,1770.0,PUT,0.0
2026-10-16,58,1790.0,PUT,0.0
2026-10-16,58,1800.0,PUT,2.0
2026-10-16,58,1830.0,PUT,0.0
2026-10-16,58,1840.0,PUT,0.0
2026-10-16,58,1850.0,PUT,0.0
2026-10-16,58,1860.0,PUT,0.0
2026-10-16,58,1870.0,PUT,0.0
2026-10-16,58,1880.0,PUT,0.0
2026-10-16,58,1890.0,PUT,0.0
2026-10-16,58,1900.0,PUT,0.0
2026-10-16,58,1910.0,PUT,0.0
2026-10-16,58,1920.0,PUT,0.0
2026-10-16,58,1930.0,PUT,0.0
2026-10-16,58,1940.0,PUT,0.0
2026-10-16,58,1950.0,PUT,0.0
2026-10-16,58,1960.0,PUT,0.0
2026-10-16,58,1970.0,PUT,10.0
2026-10-16,58,1980.0,PUT,0.0
2026-10-16,58,1990.0,PUT,0.0
2026-10-16,58,2000.0,PUT,0.0
2026-10-16,58,2010.0,PUT,0.0
2026-10-16,58,2020.0,PUT,0.0
2026-10-16,58,2030.0,PUT,0.0
2026-10-16,58,2040.0,PUT,0.0
2026-10-16,58,2050.0,PUT,0.0
2026-10-16,58,2060.0,PUT,0.0
2026-10-16,58,2070.0,PUT,0.0
2026-10-16,58,2090.0,PUT,0.0
2026-10-16,58,2100.0,PUT,0.0
2026-10-16,58,2110.0,PUT,0.0
2026-10-16,58,2170.0,PUT,0.0
2026-10-16,58,2190.0,PUT,0.0
2026-10-16,58,2200.0,PUT,0.0
2026-10-16,58,2210.0,PUT,0.0
2026-10-16,58,2220.0,PUT,0.0
2026-10-16,58,2260.0,PUT,0.0
2026-10-16,58,2290.0,PUT,0.0
2026-10-16,58,2340.0,PUT,0.0
2026-10-16,58,2350.0,PUT,0.0
2026-10-16,58,2360.0,PUT,0.0
2026-10-16,58,2390.0,PUT,0.0
2026-10-16,58,2410.0,PUT,0.0
2026-10-16,58,2420.0,PUT,0.0
2026-11-20,93,5.0,CALL,9.0
2026-11-20,93,10.0,CALL,0.0
2026-11-20,93,20.0,CALL,2.0
2026-11-20,93,30.0,CALL,1.0
2026-11-20,93,35.0,CALL,9.0
2026-11-20,93,40.0,CALL,0.0
2026-11-20,93,45.0,CALL,1.0
2026-11-20,93,50.0,CALL,0.0
2026-11-20,93,55.0,CALL,8.0
2026-11-20,93,60.0,CALL,12.0
2026-11-20,93,65.0,CALL,3.0
2026-11-20,93,70.0,CALL,0.0
2026-11-20,93,75.0,CALL,2.0
2026-11-20,93,80.0,CALL,4.0
2026-11-20,93,85.0,CALL,1.0
2026-11-20,93,90.0,CALL,12.0
2026-11-20,93,95.0,CALL,0.0
2026-11-20,93,100.0,CALL,40.0
2026-11-20,93,105.0,CALL,2.0
2026-11-20,93,110.0,CALL,48.0
2026-11-20,93,115.0,CALL,5.0
2026-11-20,93,120.0,CALL,17.0
2026-11-20,93,125.0,CALL,3.0
2026-11-20,93,130.0,CALL,13.0
2026-11-20,93,135.0,CALL,10.0
2026-11-20,93,140.0,CALL,21.0
2026-11-20,93,145.0,CALL,5.0
2026-11-20,93,150.0,CALL,0.0
2026-11-20,93,155.0,CALL,16.0
2026-11-20,93,160.0,CALL,26.0
2026-11-20,93,165.0,CALL,30.0
2026-11-20,93,170.0,CALL,8.0
2026-11-20,93,175.0,CALL,19.0
2026-11-20,93,180.0,CALL,17.0
2026-11-20,93,185.0,CALL,0.0
2026-11-20,93,190.0,CALL,6.0
2026-11-20,93,195.0,CALL,116.0
2026-11-20,93,200.0,CALL,74.0
2026-11-20,93,210.0,CALL,39.0
2026-11-20,93,220.0,CALL,36.0
2026-11-20,93,230.0,CALL,0.0
2026-11-20,93,240.0,CALL,16.0
2026-11-20,93,250.0,CALL,100.0
2026-11-20,93,260.0,CALL,143.0
2026-11-20,93,270.0,CALL,33.0
2026-11-20,93,280.0,CALL,211.0
2026-11-20,93,290.0,CALL,47.0
2026-11-20,93,300.0,CALL,201.0
2026-11-20,93,310.0,CALL,13.0
2026-11-20,93,320.0,CALL,88.0
2026-11-20,93,330.0,CALL,201.0
2026-11-20,93,340.0,CALL,433.0
2026-11-20,93,350.0,CALL,170.0
2026-11-20,93,360.0,CALL,118.0
2026-11-20,93,370.0,CALL,86.0
2026-11-20,93,380.0,CALL,776.0
2026-11-20,93,390.0,CALL,193.0
2026-11-20,93,400.0,CALL,386.0
2026-11-20,93,410.0,CALL,203.0
2026-11-20,93,420.0,CALL,491.0
2026-11-20,93,430.0,CALL,809.0
2026-11-20,93,440.0,CALL,1216.0
2026-11-20,93,450.0,CALL,786.0
2026-11-20,93,460.0,CALL,385.0
2026-11-20,93,470.0,CALL,213.0
2026-11-20,93,480.0,CALL,276.0
2026-11-20,93,490.0,CALL,326.0
2026-11-20,93,500.0,CALL,1138.0
2026-11-20,93,510.0,CALL,175.0
2026-11-20,93,520.0,CALL,219.0
2026-11-20,93,530.0,CALL,307.0
2026-11-20,93,540.0,CALL,297.0
2026-11-20,93,550.0,CALL,231.0
2026-11-20,93,560.0,CALL,218.0
2026-11-20,93,570.0,CALL,1207.0
2026-11-20,93,580.0,CALL,117.0
2026-11-20,93,590.0,CALL,368.0
2026-11-20,93,600.0,CALL,519.0
2026-11-20,93,610.0,CALL,157.0
2026-11-20,93,620.0,CALL,367.0
2026-11-20,93,630.0,CALL,192.0
2026-11-20,93,640.0,CALL,306.0
2026-11-20,93,650.0,CALL,749.0
2026-11-20,93,660.0,CALL,310.0
2026-11-20,93,670.0,CALL,273.0
2026-11-20,93,680.0,CALL,142.0
2026-11-20,93,700.0,CALL,1004.0
2026-11-20,93,710.0,CALL,232.0
2026-11-20,93,720.0,CALL,247.0
2026-11-20,93,730.0,CALL,353.0
2026-11-20,93,740.0,CALL,178.0
2026-11-20,93,750.0,CALL,512.0
2026-11-20,93,760.0,CALL,342.0
2026-11-20,93,770.0,CALL,312.0
2026-11-20,93,780.0,CALL,270.0
2026-11-20,93,790.0,CALL,290.0
2026-11-20,93,800.0,CALL,1652.0
2026-11-20,93,810.0,CALL,610.0
2026-11-20,93,820.0,CALL,663.0
2026-11-20,93,830.0,CALL,309.0
2026-11-20,93,840.0,CALL,192.0
2026-11-20,93,850.0,CALL,561.0
2026-11-20,93,860.0,CALL,310.0
2026-11-20,93,870.0,CALL,270.0
2026-11-20,93,880.0,CALL,384.0
2026-11-20,93,890.0,CALL,365.0
2026-11-20,93,900.0,CALL,1957.0
2026-11-20,93,910.0,CALL,7143.0
2026-11-20,93,920.0,CALL,627.0
2026-11-20,93,930.0,CALL,258.0
2026-11-20,93,940.0,CALL,218.0
2026-11-20,93,950.0,CALL,430.0
2026-11-20,93,960.0,CALL,373.0
2026-11-20,93,970.0,CALL,158.0
2026-11-20,93,980.0,CALL,285.0
2026-11-20,93,990.0,CALL,178.0
2026-11-20,93,1000.0,CALL,2204.0
2026-11-20,93,1010.0,CALL,696.0
2026-11-20,93,1020.0,CALL,509.0
2026-11-20,93,1030.0,CALL,253.0
2026-11-20,93,1040.0,CALL,151.0
2026-11-20,93,1050.0,CALL,714.0
2026-11-20,93,1060.0,CALL,217.0
2026-11-20,93,1070.0,CALL,273.0
2026-11-20,93,1080.0,CALL,378.0
2026-11-20,93,1090.0,CALL,233.0
2026-11-20,93,1100.0,CALL,1404.0
2026-11-20,93,1110.0,CALL,157.0
2026-11-20,93,1120.0,CALL,280.0
2026-11-20,93,1130.0,CALL,196.0
2026-11-20,93,1140.0,CALL,274.0
2026-11-20,93,1150.0,CALL,562.0
2026-11-20,93,1160.0,CALL,440.0
2026-11-20,93,1170.0,CALL,403.0
2026-11-20,93,1180.0,CALL,279.0
2026-11-20,93,1190.0,CALL,861.0
2026-11-20,93,1200.0,CALL,1075.0
2026-11-20,93,1210.0,CALL,300.0
2026-11-20,93,1220.0,CALL,136.0
2026-11-20,93,1230.0,CALL,228.0
2026-11-20,93,1240.0,CALL,112.0
2026-11-20,93,1250.0,CALL,442.0
2026-11-20,93,1260.0,CALL,112.0
2026-11-20,93,1270.0,CALL,338.0
2026-11-20,93,1280.0,CALL,208.0
2026-11-20,93,1290.0,CALL,126.0
2026-11-20,93,1300.0,CALL,2123.0
2026-11-20,93,1310.0,CALL,534.0
2026-11-20,93,1320.0,CALL,283.0
2026-11-20,93,1330.0,CALL,364.0
2026-11-20,93,1340.0,CALL,176.0
2026-11-20,93,1350.0,CALL,990.0
2026-11-20,93,1360.0,CALL,186.0
2026-11-20,93,1370.0,CALL,129.0
2026-11-20,93,1380.0,CALL,388.0
2026-11-20,93,1390.0,CALL,69.0
2026-11-20,93,1400.0,CALL,652.0
2026-11-20,93,1410.0,CALL,270.0
2026-11-20,93,1420.0,CALL,189.0
2026-11-20,93,1430.0,CALL,84.0
2026-11-20,93,1440.0,CALL,238.0
2026-11-20,93,1450.0,CALL,165.0
2026-11-20,93,1460.0,CALL,131.0
2026-11-20,93,1470.0,CALL,340.0
2026-11-20,93,1480.0,CALL,492.0
2026-11-20,93,1490.0,CALL,171.0
2026-11-20,93,1500.0,CALL,1583.0
2026-11-20,93,1510.0,CALL,456.0
2026-11-20,93,1520.0,CALL,851.0
2026-11-20,93,1530.0,CALL,746.0
2026-11-20,93,1540.0,CALL,255.0
2026-11-20,93,1550.0,CALL,212.0
2026-11-20,93,1560.0,CALL,131.0
2026-11-20,93,1570.0,CALL,142.0
2026-11-20,93,1580.0,CALL,83.0
2026-11-20,93,1590.0,CALL,422.0
2026-11-20,93,1600.0,CALL,561.0
2026-11-20,93,1610.0,CALL,429.0
2026-11-20,93,1620.0,CALL,142.0
2026-11-20,93,1630.0,CALL,212.0
2026-11-20,93,1640.0,CALL,90.0
2026-11-20,93,1650.0,CALL,197.0
2026-11-20,93,1660.0,CALL,65.0
2026-11-20,93,1670.0,CALL,90.0
2026-11-20,93,1680.0,CALL,116.0
2026-11-20,93,1690.0,CALL,71.0
2026-11-20,93,1700.0,CALL,286.0
2026-11-20,93,1710.0,CALL,142.0
2026-11-20,93,1720.0,CALL,207.0
2026-11-20,93,1730.0,CALL,39.0
2026-11-20,93,1740.0,CALL,244.0
2026-11-20,93,1750.0,CALL,196.0
2026-11-20,93,1760.0,CALL,60.0
2026-11-20,93,1770.0,CALL,157.0
2026-11-20,93,1780.0,CALL,201.0
2026-11-20,93,1790.0,CALL,190.0
2026-11-20,93,1800.0,CALL,887.0
2026-11-20,93,1810.0,CALL,102.0
2026-11-20,93,1820.0,CALL,569.0
2026-11-20,93,1830.0,CALL,340.0
2026-11-20,93,1840.0,CALL,369.0
2026-11-20,93,1850.0,CALL,402.0
2026-11-20,93,1860.0,CALL,135.0
2026-11-20,93,1870.0,CALL,198.0
2026-11-20,93,1880.0,CALL,474.0
2026-11-20,93,1890.0,CALL,214.0
2026-11-20,93,1900.0,CALL,294.0
2026-11-20,93,1910.0,CALL,689.0
2026-11-20,93,1920.0,CALL,152.0
2026-11-20,93,1930.0,CALL,174.0
2026-11-20,93,1940.0,CALL,168.0
2026-11-20,93,1950.0,CALL,283.0
2026-11-20,93,1960.0,CALL,344.0
2026-11-20,93,1970.0,CALL,217.0
2026-11-20,93,1980.0,CALL,68.0
2026-11-20,93,1990.0,CALL,175.0
2026-11-20,93,2000.0,CALL,598.0
2026-11-20,93,2010.0,CALL,145.0
2026-11-20,93,2020.0,CALL,225.0
2026-11-20,93,2030.0,CALL,138.0
2026-11-20,93,2040.0,CALL,238.0
2026-11-20,93,2050.0,CALL,192.0
2026-11-20,93,2060.0,CALL,254.0
2026-11-20,93,2070.0,CALL,235.0
2026-11-20,93,2080.0,CALL,137.0
2026-11-20,93,2090.0,CALL,129.0
2026-11-20,93,2100.0,CALL,300.0
2026-11-20,93,2110.0,CALL,266.0
2026-11-20,93,2120.0,CALL,147.0
2026-11-20,93,2130.0,CALL,148.0
2026-11-20,93,2140.0,CALL,459.0
2026-11-20,93,2150.0,CALL,240.0
2026-11-20,93,2160.0,CALL,57.0
2026-11-20,93,2170.0,CALL,285.0
2026-11-20,93,2180.0,CALL,147.0
2026-11-20,93,2190.0,CALL,145.0
2026-11-20,93,2200.0,CALL,43.0
2026-11-20,93,2210.0,CALL,7.0
2026-11-20,93,2220.0,CALL,32.0
2026-11-20,93,2230.0,CALL,40.0
2026-11-20,93,2240.0,CALL,46.0
2026-11-20,93,2250.0,CALL,37.0
2026-11-20,93,2260.0,CALL,66.0
2026-11-20,93,2270.0,CALL,78.0
2026-11-20,93,2280.0,CALL,105.0
2026-11-20,93,2290.0,CALL,302.0
2026-11-20,93,2300.0,CALL,61.0
2026-11-20,93,2310.0,CALL,36.0
2026-11-20,93,2320.0,CALL,20.0
2026-11-20,93,2330.0,CALL,27.0
2026-11-20,93,2340.0,CALL,44.0
2026-11-20,93,2350.0,CALL,101.0
2026-11-20,93,2360.0,CALL,20.0
2026-11-20,93,2370.0,CALL,132.0
2026-11-20,93,2380.0,CALL,49.0
2026-11-20,93,2390.0,CALL,201.0
2026-11-20,93,2400.0,CALL,88.0
2026-11-20,93,2410.0,CALL,182.0
2026-11-20,93,2420.0,CALL,202.0
2026-11-20,93,2440.0,CALL,103.0
2026-11-20,93,2460.0,CALL,92.0
2026-11-20,93,2480.0,CALL,409.0
2026-11-20,93,2500.0,CALL,665.0
2026-11-20,93,5.0,PUT,86.0
2026-11-20,93,10.0,PUT,47.0
2026-11-20,93,15.0,PUT,635.0
2026-11-20,93,20.0,PUT,163.0
2026-11-20,93,25.0,PUT,139.0
2026-11-20,93,30.0,PUT,52.0
2026-11-20,93,35.0,PUT,783.0
2026-11-20,93,40.0,PUT,47.0
2026-11-20,93,45.0,PUT,88.0
2026-11-20,93,50.0,PUT,52.0
2026-11-20,93,55.0,PUT,194.0
2026-11-20,93,60.0,PUT,285.0
2026-11-20,93,65.0,PUT,549.0
2026-11-20,93,70.0,PUT,895.0
2026-11-20,93,75.0,PUT,52.0
2026-11-20,93,80.0,PUT,56.0
2026-11-20,93,85.0,PUT,36.0
2026-11-20,93,90.0,PUT,158.0
2026-11-20,93,95.0,PUT,724.0
2026-11-20,93,100.0,PUT,930.0
2026-11-20,93,105.0,PUT,170.0
2026-11-20,93,110.0,PUT,390.0
2026-11-20,93,115.0,PUT,187.0
2026-11-20,93,120.0,PUT,110.0
2026-11-20,93,125.0,PUT,468.0
2026-11-20,93,130.0,PUT,122.0
2026-11-20,93,135.0,PUT,3307.0
2026-11-20,93,140.0,PUT,53.0
2026-11-20,93,145.0,PUT,188.0
2026-11-20,93,150.0,PUT,707.0
2026-11-20,93,155.0,PUT,119.0
2026-11-20,93,160.0,PUT,239.0
2026-11-20,93,165.0,PUT,43.0
2026-11-20,93,170.0,PUT,51.0
2026-11-20,93,175.0,PUT,225.0
2026-11-20,93,180.0,PUT,37.0
2026-11-20,93,185.0,PUT,94.0
2026-11-20,93,190.0,PUT,171.0
2026-11-20,93,195.0,PUT,2748.0
2026-11-20,93,200.0,PUT,1841.0
2026-11-20,93,210.0,PUT,176.0
2026-11-20,93,220.0,PUT,406.0
2026-11-20,93,230.0,PUT,1670.0
2026-11-20,93,240.0,PUT,743.0
2026-11-20,93,250.0,PUT,953.0
2026-11-20,93,260.0,PUT,1567.0
2026-11-20,93,270.0,PUT,556.0
2026-11-20,93,280.0,PUT,1032.0
2026-11-20,93,290.0,PUT,1763.0
2026-11-20,93,300.0,PUT,1950.0
2026-11-20,93,310.0,PUT,413.0
2026-11-20,93,320.0,PUT,565.0
2026-11-20,93,330.0,PUT,639.0
2026-11-20,93,340.0,PUT,205.0
2026-11-20,93,350.0,PUT,4600.0
2026-11-20,93,360.0,PUT,6372.0
2026-11-20,93,370.0,PUT,719.0
2026-11-20,93,380.0,PUT,5754.0
2026-11-20,93,390.0,PUT,431.0
2026-11-20,93,400.0,PUT,1009.0
2026-11-20,93,410.0,PUT,534.0
2026-11-20,93,420.0,PUT,902.0
2026-11-20,93,430.0,PUT,967.0
2026-11-20,93,440.0,PUT,577.0
2026-11-20,93,450.0,PUT,993.0
2026-11-20,93,460.0,PUT,909.0
2026-11-20,93,470.0,PUT,281.0
2026-11-20,93,480.0,PUT,460.0
2026-11-20,93,490.0,PUT,611.0
2026-11-20,93,500.0,PUT,3183.0
2026-11-20,93,510.0,PUT,201.0
2026-11-20,93,520.0,PUT,957.0
2026-11-20,93,530.0,PUT,484.0
2026-11-20,93,540.0,PUT,601.0
2026-11-20,93,550.0,PUT,876.0
2026-11-20,93,560.0,PUT,262.0
2026-11-20,93,570.0,PUT,1604.0
2026-11-20,93,580.0,PUT,1148.0
2026-11-20,93,590.0,PUT,644.0
2026-11-20,93,600.0,PUT,3832.0
2026-11-20,93,610.0,PUT,485.0
2026-11-20,93,620.0,PUT,963.0
2026-11-20,93,630.0,PUT,1053.0
2026-11-20,93,640.0,PUT,783.0
2026-11-20,93,650.0,PUT,1859.0
2026-11-20,93,660.0,PUT,1221.0
2026-11-20,93,670.0,PUT,672.0
2026-11-20,93,680.0,PUT,430.0
2026-11-20,93,700.0,PUT,2426.0
2026-11-20,93,710.0,PUT,155.0
2026-11-20,93,720.0,PUT,476.0
2026-11-20,93,730.0,PUT,345.0
2026-11-20,93,740.0,PUT,2593.0
2026-11-20,93,750.0,PUT,1699.0
2026-11-20,93,760.0,PUT,703.0
2026-11-20,93,770.0,PUT,416.0
2026-11-20,93,780.0,PUT,371.0
2026-11-20,93,790.0,PUT,329.0
2026-11-20,93,800.0,PUT,1773.0
2026-11-20,93,810.0,PUT,416.0
2026-11-20,93,820.0,PUT,557.0
2026-11-20,93,830.0,PUT,408.0
2026-11-20,93,840.0,PUT,329.0
2026-11-20,93,850.0,PUT,609.0
2026-11-20,93,860.0,PUT,312.0
2026-11-20,93,870.0,PUT,176.0
2026-11-20,93,880.0,PUT,495.0
2026-11-20,93,890.0,PUT,465.0
2026-11-20,93,900.0,PUT,884.0
2026-11-20,93,910.0,PUT,871.0
2026-11-20,93,920.0,PUT,1289.0
2026-11-20,93,930.0,PUT,661.0
2026-11-20,93,940.0,PUT,349.0
2026-11-20,93,950.0,PUT,498.0
2026-11-20,93,960.0,PUT,149.0
2026-11-20,93,970.0,PUT,321.0
2026-11-20,93,980.0,PUT,569.0
2026-11-20,93,990.0,PUT,376.0
2026-11-20,93,1000.0,PUT,1022.0
2026-11-20,93,1010.0,PUT,130.0
2026-11-20,93,1020.0,PUT,252.0
2026-11-20,93,1030.0,PUT,166.0
2026-11-20,93,1040.0,PUT,252.0
2026-11-20,93,1050.0,PUT,33.0
2026-11-20,93,1060.0,PUT,81.0
2026-11-20,93,1070.0,PUT,109.0
2026-11-20,93,1080.0,PUT,80.0
2026-11-20,93,1090.0,PUT,246.0
2026-11-20,93,1100.0,PUT,392.0
2026-11-20,93,1110.0,PUT,89.0
2026-11-20,93,1120.0,PUT,55.0
2026-11-20,93,1130.0,PUT,32.0
2026-11-20,93,1140.0,PUT,77.0
2026-11-20,93,1150.0,PUT,244.0
2026-11-20,93,1160.0,PUT,77.0
2026-11-20,93,1170.0,PUT,32.0
2026-11-20,93,1180.0,PUT,26.0
2026-11-20,93,1190.0,PUT,40.0
2026-11-20,93,1200.0,PUT,138.0
2026-11-20,93,1210.0,PUT,121.0
2026-11-20,93,1220.0,PUT,35.0
2026-11-20,93,1230.0,PUT,8.0
2026-11-20,93,1240.0,PUT,11.0
2026-11-20,93,1250.0,PUT,20.0
2026-11-20,93,1260.0,PUT,56.0
2026-11-20,93,1270.0,PUT,58.0
2026-11-20,93,1280.0,PUT,81.0
2026-11-20,93,1290.0,PUT,43.0
2026-11-20,93,1300.0,PUT,1068.0
2026-11-20,93,1310.0,PUT,57.0
2026-11-20,93,1320.0,PUT,40.0
2026-11-20,93,1330.0,PUT,23.0
2026-11-20,93,1340.0,PUT,45.0
2026-11-20,93,1350.0,PUT,18.0
2026-11-20,93,1360.0,PUT,30.0
2026-11-20,93,1370.0,PUT,51.0
2026-11-20,93,1380.0,PUT,32.0
2026-11-20,93,1390.0,PUT,7.0
2026-11-20,93,1400.0,PUT,7.0
2026-11-20,93,1410.0,PUT,15.0
2026-11-20,93,1420.0,PUT,3.0
2026-11-20,93,1430.0,PUT,302.0
2026-11-20,93,1440.0,PUT,12.0
2026-11-20,93,1450.0,PUT,7.0
2026-11-20,93,1460.0,PUT,2.0
2026-11-20,93,1470.0,PUT,12.0
2026-11-20,93,1480.0,PUT,10.0
2026-11-20,93,1490.0,PUT,2.0
2026-11-20,93,1500.0,PUT,22.0
2026-11-20,93,1510.0,PUT,2.0
2026-11-20,93,1520.0,PUT,15.0
2026-11-20,93,1530.0,PUT,0.0
2026-11-20,93,1540.0,PUT,13.0
2026-11-20,93,1550.0,PUT,1.0
2026-11-20,93,1560.0,PUT,5.0
2026-11-20,93,1590.0,PUT,0.0
2026-11-20,93,1600.0,PUT,11.0
2026-11-20,93,1610.0,PUT,13.0
2026-11-20,93,1630.0,PUT,7.0
2026-11-20,93,1640.0,PUT,3.0
2026-11-20,93,1670.0,PUT,65.0
2026-11-20,93,1680.0,PUT,0.0
2026-11-20,93,1690.0,PUT,9.0
2026-11-20,93,1700.0,PUT,3.0
2026-11-20,93,1720.0,PUT,21.0
2026-11-20,93,1730.0,PUT,11.0
2026-11-20,93,1740.0,PUT,6.0
2026-11-20,93,1750.0,PUT,21.0
2026-11-20,93,1760.0,PUT,1.0
2026-11-20,93,1770.0,PUT,21.0
2026-11-20,93,1790.0,PUT,1.0
2026-11-20,93,1800.0,PUT,3.0
2026-11-20,93,1820.0,PUT,16.0
2026-11-20,93,1840.0,PUT,6.0
2026-11-20,93,1860.0,PUT,1.0
2026-11-20,93,1880.0,PUT,0.0
2026-11-20,93,1890.0,PUT,10.0
2026-11-20,93,1900.0,PUT,4.0
2026-11-20,93,1910.0,PUT,0.0
2026-11-20,93,1920.0,PUT,6.0
2026-11-20,93,1930.0,PUT,0.0
2026-11-20,93,1940.0,PUT,1.0
2026-11-20,93,1950.0,PUT,0.0
2026-11-20,93,1960.0,PUT,0.0
2026-11-20,93,1980.0,PUT,0.0
2026-11-20,93,1990.0,PUT,0.0
2026-11-20,93,2000.0,PUT,35.0
2026-11-20,93,2010.0,PUT,0.0
2026-11-20,93,2020.0,PUT,0.0
2026-11-20,93,2030.0,PUT,0.0
2026-11-20,93,2050.0,PUT,0.0
2026-11-20,93,2070.0,PUT,0.0
2026-11-20,93,2140.0,PUT,0.0
2026-11-20,93,2150.0,PUT,0.0
2026-11-20,93,2170.0,PUT,0.0
2026-11-20,93,2200.0,PUT,0.0
2026-11-20,93,2290.0,PUT,0.0
2026-11-20,93,2400.0,PUT,0.0
2026-11-20,93,2410.0,PUT,0.0
2026-11-20,93,2420.0,PUT,0.0
2026-11-20,93,2500.0,PUT,0.0
2026-12-18,121,5.0,CALL,29.0
2026-12-18,121,10.0,CALL,21.0
2026-12-18,121,15.0,CALL,31.0
2026-12-18,121,20.0,CALL,10.0
2026-12-18,121,25.0,CALL,33.0
2026-12-18,121,35.0,CALL,27.0
2026-12-18,121,40.0,CALL,42.0
2026-12-18,121,45.0,CALL,0.0
2026-12-18,121,47.5,CALL,162.0
2026-12-18,121,50.0,CALL,242.0
2026-12-18,121,55.0,CALL,102.0
2026-12-18,121,60.0,CALL,89.0
2026-12-18,121,65.0,CALL,157.0
2026-12-18,121,70.0,CALL,271.0
2026-12-18,121,75.0,CALL,267.0
2026-12-18,121,80.0,CALL,319.0
2026-12-18,121,85.0,CALL,470.0
2026-12-18,121,87.5,CALL,185.0
2026-12-18,121,90.0,CALL,996.0
2026-12-18,121,92.5,CALL,154.0
2026-12-18,121,95.0,CALL,620.0
2026-12-18,121,97.5,CALL,164.0
2026-12-18,121,100.0,CALL,782.0
2026-12-18,121,105.0,CALL,398.0
2026-12-18,121,110.0,CALL,929.0
2026-12-18,121,115.0,CALL,88.0
2026-12-18,121,120.0,CALL,425.0
2026-12-18,121,125.0,CALL,497.0
2026-12-18,121,130.0,CALL,441.0
2026-12-18,121,135.0,CALL,177.0
2026-12-18,121,140.0,CALL,1238.0
2026-12-18,121,145.0,CALL,249.0
2026-12-18,121,150.0,CALL,504.0
2026-12-18,121,155.0,CALL,183.0
2026-12-18,121,160.0,CALL,676.0
2026-12-18,121,165.0,CALL,863.0
2026-12-18,121,170.0,CALL,434.0
2026-12-18,121,175.0,CALL,338.0
2026-12-18,121,180.0,CALL,768.0
2026-12-18,121,185.0,CALL,167.0
2026-12-18,121,190.0,CALL,874.0
2026-12-18,121,195.0,CALL,135.0
2026-12-18,121,200.0,CALL,1393.0
2026-12-18,121,210.0,CALL,734.0
2026-12-18,121,220.0,CALL,2073.0
2026-12-18,121,230.0,CALL,599.0
2026-12-18,121,240.0,CALL,897.0
2026-12-18,121,250.0,CALL,1074.0
2026-12-18,121,260.0,CALL,525.0
2026-12-18,121,270.0,CALL,675.0
2026-12-18,121,280.0,CALL,2165.0
2026-12-18,121,290.0,CALL,250.0
2026-12-18,121,300.0,CALL,1284.0
2026-12-18,121,310.0,CALL,438.0
2026-12-18,121,320.0,CALL,402.0
2026-12-18,121,330.0,CALL,996.0
2026-12-18,121,340.0,CALL,1449.0
2026-12-18,121,350.0,CALL,649.0
2026-12-18,121,360.0,CALL,486.0
2026-12-18,121,370.0,CALL,207.0
2026-12-18,121,380.0,CALL,800.0
2026-12-18,121,390.0,CALL,500.0
2026-12-18,121,400.0,CALL,823.0
2026-12-18,121,410.0,CALL,366.0
2026-12-18,121,420.0,CALL,1469.0
2026-12-18,121,430.0,CALL,215.0
2026-12-18,121,440.0,CALL,250.0
2026-12-18,121,450.0,CALL,1260.0
2026-12-18,121,460.0,CALL,712.0
2026-12-18,121,470.0,CALL,467.0
2026-12-18,121,480.0,CALL,787.0
2026-12-18,121,490.0,CALL,580.0
2026-12-18,121,500.0,CALL,1479.0
2026-12-18,121,510.0,CALL,720.0
2026-12-18,121,520.0,CALL,871.0
2026-12-18,121,530.0,CALL,208.0
2026-12-18,121,540.0,CALL,288.0
2026-12-18,121,550.0,CALL,698.0
2026-12-18,121,560.0,CALL,169.0
2026-12-18,121,570.0,CALL,580.0
2026-12-18,121,580.0,CALL,2974.0
2026-12-18,121,590.0,CALL,374.0
2026-12-18,121,600.0,CALL,1377.0
2026-12-18,121,610.0,CALL,427.0
2026-12-18,121,620.0,CALL,915.0
2026-12-18,121,630.0,CALL,198.0
2026-12-18,121,640.0,CALL,358.0
2026-12-18,121,650.0,CALL,736.0
2026-12-18,121,660.0,CALL,320.0
2026-12-18,121,670.0,CALL,330.0
2026-12-18,121,680.0,CALL,406.0
2026-12-18,121,690.0,CALL,406.0
2026-12-18,121,700.0,CALL,4411.0
2026-12-18,121,710.0,CALL,439.0
2026-12-18,121,720.0,CALL,313.0
2026-12-18,121,730.0,CALL,288.0
2026-12-18,121,740.0,CALL,1105.0
2026-12-18,121,750.0,CALL,597.0
2026-12-18,121,760.0,CALL,319.0
2026-12-18,121,770.0,CALL,519.0
2026-12-18,121,780.0,CALL,646.0
2026-12-18,121,790.0,CALL,237.0
2026-12-18,121,800.0,CALL,3672.0
2026-12-18,121,810.0,CALL,386.0
2026-12-18,121,820.0,CALL,424.0
2026-12-18,121,830.0,CALL,269.0
2026-12-18,121,840.0,CALL,757.0
2026-12-18,121,850.0,CALL,913.0
2026-12-18,121,860.0,CALL,537.0
2026-12-18,121,870.0,CALL,480.0
2026-12-18,121,880.0,CALL,491.0
2026-12-18,121,890.0,CALL,348.0
2026-12-18,121,900.0,CALL,2262.0
2026-12-18,121,910.0,CALL,1032.0
2026-12-18,121,920.0,CALL,1184.0
2026-12-18,121,930.0,CALL,267.0
2026-12-18,121,940.0,CALL,216.0
2026-12-18,121,950.0,CALL,1203.0
2026-12-18,121,960.0,CALL,441.0
2026-12-18,121,970.0,CALL,295.0
2026-12-18,121,980.0,CALL,306.0
2026-12-18,121,990.0,CALL,151.0
2026-12-18,121,1000.0,CALL,2875.0
2026-12-18,121,1010.0,CALL,417.0
2026-12-18,121,1020.0,CALL,425.0
2026-12-18,121,1030.0,CALL,347.0
2026-12-18,121,1040.0,CALL,168.0
2026-12-18,121,1050.0,CALL,1086.0
2026-12-18,121,1060.0,CALL,432.0
2026-12-18,121,1070.0,CALL,477.0
2026-12-18,121,1080.0,CALL,319.0
2026-12-18,121,1090.0,CALL,267.0
2026-12-18,121,1100.0,CALL,1525.0
2026-12-18,121,1110.0,CALL,149.0
2026-12-18,121,1120.0,CALL,177.0
2026-12-18,121,1130.0,CALL,224.0
2026-12-18,121,1140.0,CALL,288.0
2026-12-18,121,1150.0,CALL,625.0
2026-12-18,121,1160.0,CALL,150.0
2026-12-18,121,1170.0,CALL,380.0
2026-12-18,121,1180.0,CALL,672.0
2026-12-18,121,1190.0,CALL,88.0
2026-12-18,121,1200.0,CALL,2775.0
2026-12-18,121,1210.0,CALL,203.0
2026-12-18,121,1220.0,CALL,595.0
2026-12-18,121,1230.0,CALL,231.0
2026-12-18,121,1240.0,CALL,163.0
2026-12-18,121,1250.0,CALL,898.0
2026-12-18,121,1260.0,CALL,561.0
2026-12-18,121,1270.0,CALL,385.0
2026-12-18,121,1280.0,CALL,246.0
2026-12-18,121,1290.0,CALL,257.0
2026-12-18,121,1300.0,CALL,1477.0
2026-12-18,121,1310.0,CALL,430.0
2026-12-18,121,1320.0,CALL,470.0
2026-12-18,121,1330.0,CALL,1024.0
2026-12-18,121,1340.0,CALL,712.0
2026-12-18,121,1350.0,CALL,356.0
2026-12-18,121,1360.0,CALL,489.0
2026-12-18,121,1370.0,CALL,110.0
2026-12-18,121,1380.0,CALL,307.0
2026-12-18,121,1390.0,CALL,464.0
2026-12-18,121,1400.0,CALL,1937.0
2026-12-18,121,1410.0,CALL,162.0
2026-12-18,121,1420.0,CALL,858.0
2026-12-18,121,1430.0,CALL,74.0
2026-12-18,121,1440.0,CALL,185.0
2026-12-18,121,1450.0,CALL,606.0
2026-12-18,121,1460.0,CALL,583.0
2026-12-18,121,1470.0,CALL,164.0
2026-12-18,121,1480.0,CALL,319.0
2026-12-18,121,1490.0,CALL,195.0
2026-12-18,121,1500.0,CALL,1723.0
2026-12-18,121,1510.0,CALL,411.0
2026-12-18,121,1520.0,CALL,414.0
2026-12-18,121,1530.0,CALL,444.0
2026-12-18,121,1540.0,CALL,651.0
2026-12-18,121,1550.0,CALL,778.0
2026-12-18,121,1560.0,CALL,258.0
2026-12-18,121,1570.0,CALL,480.0
2026-12-18,121,1580.0,CALL,174.0
2026-12-18,121,1590.0,CALL,154.0
2026-12-18,121,1600.0,CALL,1592.0
2026-12-18,121,1610.0,CALL,980.0
2026-12-18,121,1620.0,CALL,618.0
2026-12-18,121,1630.0,CALL,581.0
2026-12-18,121,1640.0,CALL,130.0
2026-12-18,121,1650.0,CALL,157.0
2026-12-18,121,1660.0,CALL,165.0
2026-12-18,121,1670.0,CALL,87.0
2026-12-18,121,1680.0,CALL,239.0
2026-12-18,121,1690.0,CALL,127.0
2026-12-18,121,1700.0,CALL,462.0
2026-12-18,121,1710.0,CALL,226.0
2026-12-18,121,1720.0,CALL,41.0
2026-12-18,121,1730.0,CALL,223.0
2026-12-18,121,1740.0,CALL,134.0
2026-12-18,121,1750.0,CALL,492.0
2026-12-18,121,1760.0,CALL,190.0
2026-12-18,121,1770.0,CALL,154.0
2026-12-18,121,1780.0,CALL,91.0
2026-12-18,121,1790.0,CALL,282.0
2026-12-18,121,1800.0,CALL,474.0
2026-12-18,121,1810.0,CALL,235.0
2026-12-18,121,1820.0,CALL,878.0
2026-12-18,121,1830.0,CALL,1152.0
2026-12-18,121,1840.0,CALL,281.0
2026-12-18,121,1850.0,CALL,99.0
2026-12-18,121,1860.0,CALL,454.0
2026-12-18,121,1870.0,CALL,293.0
2026-12-18,121,1880.0,CALL,325.0
2026-12-18,121,1890.0,CALL,157.0
2026-12-18,121,1900.0,CALL,389.0
2026-12-18,121,1910.0,CALL,370.0
2026-12-18,121,1920.0,CALL,253.0
2026-12-18,121,1930.0,CALL,602.0
2026-12-18,121,1940.0,CALL,391.0
2026-12-18,121,1950.0,CALL,255.0
2026-12-18,121,1960.0,CALL,242.0
2026-12-18,121,1970.0,CALL,587.0
2026-12-18,121,1980.0,CALL,242.0
2026-12-18,121,1990.0,CALL,132.0
2026-12-18,121,2000.0,CALL,655.0
2026-12-18,121,2010.0,CALL,81.0
2026-12-18,121,2020.0,CALL,153.0
2026-12-18,121,2030.0,CALL,163.0
2026-12-18,121,2040.0,CALL,208.0
2026-12-18,121,2050.0,CALL,68.0
2026-12-18,121,2060.0,CALL,52.0
2026-12-18,121,2070.0,CALL,237.0
2026-12-18,121,2080.0,CALL,79.0
2026-12-18,121,2090.0,CALL,278.0
2026-12-18,121,2100.0,CALL,627.0
2026-12-18,121,2110.0,CALL,151.0
2026-12-18,121,2120.0,CALL,185.0
2026-12-18,121,2130.0,CALL,132.0
2026-12-18,121,2140.0,CALL,260.0
2026-12-18,121,2150.0,CALL,159.0
2026-12-18,121,2160.0,CALL,274.0
2026-12-18,121,2170.0,CALL,628.0
2026-12-18,121,2180.0,CALL,121.0
2026-12-18,121,2190.0,CALL,152.0
2026-12-18,121,2200.0,CALL,610.0
2026-12-18,121,2210.0,CALL,15.0
2026-12-18,121,2220.0,CALL,131.0
2026-12-18,121,2230.0,CALL,100.0
2026-12-18,121,2240.0,CALL,27.0
2026-12-18,121,2250.0,CALL,95.0
2026-12-18,121,2260.0,CALL,134.0
2026-12-18,121,2270.0,CALL,171.0
2026-12-18,121,2280.0,CALL,133.0
2026-12-18,121,2290.0,CALL,119.0
2026-12-18,121,2300.0,CALL,63.0
2026-12-18,121,2310.0,CALL,68.0
2026-12-18,121,2320.0,CALL,66.0
2026-12-18,121,2330.0,CALL,13.0
2026-12-18,121,2340.0,CALL,157.0
2026-12-18,121,2350.0,CALL,41.0
2026-12-18,121,2360.0,CALL,295.0
2026-12-18,121,2370.0,CALL,199.0
2026-12-18,121,2380.0,CALL,68.0
2026-12-18,121,2390.0,CALL,128.0
2026-12-18,121,2400.0,CALL,172.0
2026-12-18,121,2410.0,CALL,136.0
2026-12-18,121,2420.0,CALL,414.0
2026-12-18,121,2440.0,CALL,113.0
2026-12-18,121,2460.0,CALL,251.0
2026-12-18,121,2480.0,CALL,125.0
2026-12-18,121,2500.0,CALL,2922.0
2026-12-18,121,5.0,PUT,75.0
2026-12-18,121,10.0,PUT,141.0
2026-12-18,121,15.0,PUT,97.0
2026-12-18,121,20.0,PUT,27.0
2026-12-18,121,25.0,PUT,37.0
2026-12-18,121,30.0,PUT,1432.0
2026-12-18,121,35.0,PUT,3349.0
2026-12-18,121,40.0,PUT,1052.0
2026-12-18,121,45.0,PUT,3277.0
2026-12-18,121,47.5,PUT,2262.0
2026-12-18,121,50.0,PUT,1128.0
2026-12-18,121,55.0,PUT,3927.0
2026-12-18,121,60.0,PUT,4396.0
2026-12-18,121,65.0,PUT,1291.0
2026-12-18,121,70.0,PUT,4140.0
2026-12-18,121,75.0,PUT,3040.0
2026-12-18,121,80.0,PUT,4331.0
2026-12-18,121,85.0,PUT,3453.0
2026-12-18,121,87.5,PUT,2094.0
2026-12-18,121,90.0,PUT,2487.0
2026-12-18,121,92.5,PUT,276.0
2026-12-18,121,95.0,PUT,1166.0
2026-12-18,121,97.5,PUT,192.0
2026-12-18,121,100.0,PUT,2261.0
2026-12-18,121,105.0,PUT,754.0
2026-12-18,121,110.0,PUT,1213.0
2026-12-18,121,115.0,PUT,1150.0
2026-12-18,121,120.0,PUT,1063.0
2026-12-18,121,125.0,PUT,2188.0
2026-12-18,121,130.0,PUT,1253.0
2026-12-18,121,135.0,PUT,407.0
2026-12-18,121,140.0,PUT,906.0
2026-12-18,121,145.0,PUT,248.0
2026-12-18,121,150.0,PUT,1269.0
2026-12-18,121,155.0,PUT,315.0
2026-12-18,121,160.0,PUT,1124.0
2026-12-18,121,165.0,PUT,449.0
2026-12-18,121,170.0,PUT,812.0
2026-12-18,121,175.0,PUT,342.0
2026-12-18,121,180.0,PUT,779.0
2026-12-18,121,185.0,PUT,233.0
2026-12-18,121,190.0,PUT,1447.0
2026-12-18,121,195.0,PUT,1034.0
2026-12-18,121,200.0,PUT,2237.0
2026-12-18,121,210.0,PUT,2666.0
2026-12-18,121,220.0,PUT,1769.0
2026-12-18,121,230.0,PUT,625.0
2026-12-18,121,240.0,PUT,1554.0
2026-12-18,121,250.0,PUT,1917.0
2026-12-18,121,260.0,PUT,372.0
2026-12-18,121,270.0,PUT,1535.0
2026-12-18,121,280.0,PUT,3193.0
2026-12-18,121,290.0,PUT,635.0
2026-12-18,121,300.0,PUT,3107.0
2026-12-18,121,310.0,PUT,2715.0
2026-12-18,121,320.0,PUT,437.0
2026-12-18,121,330.0,PUT,758.0
2026-12-18,121,340.0,PUT,797.0
2026-12-18,121,350.0,PUT,2485.0
2026-12-18,121,360.0,PUT,10857.0
2026-12-18,121,370.0,PUT,5433.0
2026-12-18,121,380.0,PUT,6702.0
2026-12-18,121,390.0,PUT,2242.0
2026-12-18,121,400.0,PUT,5561.0
2026-12-18,121,410.0,PUT,1074.0
2026-12-18,121,420.0,PUT,4006.0
2026-12-18,121,430.0,PUT,611.0
2026-12-18,121,440.0,PUT,1117.0
2026-12-18,121,450.0,PUT,1165.0
2026-12-18,121,460.0,PUT,456.0
2026-12-18,121,470.0,PUT,602.0
2026-12-18,121,480.0,PUT,1597.0
2026-12-18,121,490.0,PUT,1517.0
2026-12-18,121,500.0,PUT,3576.0
2026-12-18,121,510.0,PUT,397.0
2026-12-18,121,520.0,PUT,349.0
2026-12-18,121,530.0,PUT,1194.0
2026-12-18,121,540.0,PUT,422.0
2026-12-18,121,550.0,PUT,4173.0
2026-12-18,121,560.0,PUT,708.0
2026-12-18,121,570.0,PUT,375.0
2026-12-18,121,580.0,PUT,3469.0
2026-12-18,121,590.0,PUT,408.0
2026-12-18,121,600.0,PUT,5170.0
2026-12-18,121,610.0,PUT,423.0
2026-12-18,121,620.0,PUT,761.0
2026-12-18,121,630.0,PUT,468.0
2026-12-18,121,640.0,PUT,388.0
2026-12-18,121,650.0,PUT,3165.0
2026-12-18,121,660.0,PUT,663.0
2026-12-18,121,670.0,PUT,293.0
2026-12-18,121,680.0,PUT,375.0
2026-12-18,121,690.0,PUT,230.0
2026-12-18,121,700.0,PUT,3322.0
2026-12-18,121,710.0,PUT,663.0
2026-12-18,121,720.0,PUT,401.0
2026-12-18,121,730.0,PUT,494.0
2026-12-18,121,740.0,PUT,436.0
2026-12-18,121,750.0,PUT,2320.0
2026-12-18,121,760.0,PUT,1061.0
2026-12-18,121,770.0,PUT,254.0
2026-12-18,121,780.0,PUT,491.0
2026-12-18,121,790.0,PUT,691.0
2026-12-18,121,800.0,PUT,3113.0
2026-12-18,121,810.0,PUT,278.0
2026-12-18,121,820.0,PUT,556.0
2026-12-18,121,830.0,PUT,295.0
2026-12-18,121,840.0,PUT,407.0
2026-12-18,121,850.0,PUT,1408.0
2026-12-18,121,860.0,PUT,562.0
2026-12-18,121,870.0,PUT,677.0
2026-12-18,121,880.0,PUT,435.0
2026-12-18,121,890.0,PUT,566.0
2026-12-18,121,900.0,PUT,1701.0
2026-12-18,121,910.0,PUT,525.0
2026-12-18,121,920.0,PUT,276.0
2026-12-18,121,930.0,PUT,969.0
2026-12-18,121,940.0,PUT,362.0
2026-12-18,121,950.0,PUT,831.0
2026-12-18,121,960.0,PUT,261.0
2026-12-18,121,970.0,PUT,111.0
2026-12-18,121,980.0,PUT,546.0
2026-12-18,121,990.0,PUT,197.0
2026-12-18,121,1000.0,PUT,878.0
2026-12-18,121,1010.0,PUT,157.0
2026-12-18,121,1020.0,PUT,127.0
2026-12-18,121,1030.0,PUT,135.0
2026-12-18,121,1040.0,PUT,68.0
2026-12-18,121,1050.0,PUT,210.0
2026-12-18,121,1060.0,PUT,157.0
2026-12-18,121,1070.0,PUT,141.0
2026-12-18,121,1080.0,PUT,122.0
2026-12-18,121,1090.0,PUT,202.0
2026-12-18,121,1100.0,PUT,290.0
2026-12-18,121,1110.0,PUT,113.0
2026-12-18,121,1120.0,PUT,47.0
2026-12-18,121,1130.0,PUT,36.0
2026-12-18,121,1140.0,PUT,35.0
2026-12-18,121,1150.0,PUT,293.0
2026-12-18,121,1160.0,PUT,48.0
2026-12-18,121,1170.0,PUT,56.0
2026-12-18,121,1180.0,PUT,117.0
2026-12-18,121,1190.0,PUT,46.0
2026-12-18,121,1200.0,PUT,229.0
2026-12-18,121,1210.0,PUT,27.0
2026-12-18,121,1220.0,PUT,36.0
2026-12-18,121,1230.0,PUT,13.0
2026-12-18,121,1240.0,PUT,10.0
2026-12-18,121,1250.0,PUT,46.0
2026-12-18,121,1260.0,PUT,17.0
2026-12-18,121,1270.0,PUT,111.0
2026-12-18,121,1280.0,PUT,85.0
2026-12-18,121,1290.0,PUT,75.0
2026-12-18,121,1300.0,PUT,101.0
2026-12-18,121,1310.0,PUT,9.0
2026-12-18,121,1320.0,PUT,115.0
2026-12-18,121,1330.0,PUT,57.0
2026-12-18,121,1340.0,PUT,113.0
2026-12-18,121,1350.0,PUT,118.0
2026-12-18,121,1360.0,PUT,68.0
2026-12-18,121,1370.0,PUT,9.0
2026-12-18,121,1380.0,PUT,24.0
2026-12-18,121,1390.0,PUT,24.0
2026-12-18,121,1400.0,PUT,41.0
2026-12-18,121,1410.0,PUT,6.0
2026-12-18,121,1420.0,PUT,15.0
2026-12-18,121,1430.0,PUT,9.0
2026-12-18,121,1440.0,PUT,10.0
2026-12-18,121,1450.0,PUT,7.0
2026-12-18,121,1460.0,PUT,6.0
2026-12-18,121,1470.0,PUT,5.0
2026-12-18,121,1480.0,PUT,5.0
2026-12-18,121,1490.0,PUT,32.0
2026-12-18,121,1500.0,PUT,62.0
2026-12-18,121,1510.0,PUT,9.0
2026-12-18,121,1520.0,PUT,1.0
2026-12-18,121,1530.0,PUT,69.0
2026-12-18,121,1540.0,PUT,2.0
2026-12-18,121,1550.0,PUT,70.0
2026-12-18,121,1560.0,PUT,7.0
2026-12-18,121,1580.0,PUT,1.0
2026-12-18,121,1600.0,PUT,18.0
2026-12-18,121,1610.0,PUT,17.0
2026-12-18,121,1620.0,PUT,72.0
2026-12-18,121,1630.0,PUT,11.0
2026-12-18,121,1640.0,PUT,41.0
2026-12-18,121,1660.0,PUT,6.0
2026-12-18,121,1680.0,PUT,2.0
2026-12-18,121,1700.0,PUT,5.0
2026-12-18,121,1710.0,PUT,2.0
2026-12-18,121,1720.0,PUT,1.0
2026-12-18,121,1750.0,PUT,2.0
2026-12-18,121,1760.0,PUT,1.0
2026-12-18,121,1770.0,PUT,11.0
2026-12-18,121,1780.0,PUT,2.0
2026-12-18,121,1790.0,PUT,0.0
2026-12-18,121,1800.0,PUT,8.0
2026-12-18,121,1820.0,PUT,0.0
2026-12-18,121,1830.0,PUT,144.0
2026-12-18,121,1840.0,PUT,7.0
2026-12-18,121,1850.0,PUT,24.0
2026-12-18,121,1860.0,PUT,3.0
2026-12-18,121,1880.0,PUT,11.0
2026-12-18,121,1890.0,PUT,60.0
2026-12-18,121,1900.0,PUT,20.0
2026-12-18,121,1910.0,PUT,0.0
2026-12-18,121,1920.0,PUT,10.0
2026-12-18,121,1930.0,PUT,2.0
2026-12-18,121,1940.0,PUT,1.0
2026-12-18,121,1950.0,PUT,8.0
2026-12-18,121,1960.0,PUT,1.0
2026-12-18,121,1980.0,PUT,1.0
2026-12-18,121,2000.0,PUT,19.0
2026-12-18,121,2010.0,PUT,0.0
2026-12-18,121,2030.0,PUT,0.0
2026-12-18,121,2070.0,PUT,0.0
2026-12-18,121,2090.0,PUT,1.0
2026-12-18,121,2100.0,PUT,0.0
2026-12-18,121,2120.0,PUT,0.0
2026-12-18,121,2150.0,PUT,1.0
2026-12-18,121,2170.0,PUT,0.0
2026-12-18,121,2180.0,PUT,0.0
2026-12-18,121,2220.0,PUT,5.0
2026-12-18,121,2240.0,PUT,0.0
2026-12-18,121,2260.0,PUT,1.0
2026-12-18,121,2270.0,PUT,1.0
2026-12-18,121,2320.0,PUT,0.0
2026-12-18,121,2380.0,PUT,0.0
2026-12-18,121,2400.0,PUT,0.0
2026-12-18,121,2410.0,PUT,0.0
2026-12-18,121,2420.0,PUT,0.0
2026-12-18,121,2480.0,PUT,0.0
2026-12-18,121,2500.0,PUT,0.0
2027-01-15,149,35.0,CALL,119.0
2027-01-15,149,40.0,CALL,116.0
2027-01-15,149,45.0,CALL,178.0
2027-01-15,149,50.0,CALL,333.0
2027-01-15,149,55.0,CALL,105.0
2027-01-15,149,60.0,CALL,241.0
2027-01-15,149,65.0,CALL,0.0
2027-01-15,149,70.0,CALL,351.0
2027-01-15,149,75.0,CALL,335.0
2027-01-15,149,80.0,CALL,1725.0
2027-01-15,149,85.0,CALL,1292.0
2027-01-15,149,90.0,CALL,4466.0
2027-01-15,149,95.0,CALL,587.0
2027-01-15,149,100.0,CALL,656.0
2027-01-15,149,105.0,CALL,395.0
2027-01-15,149,110.0,CALL,1833.0
2027-01-15,149,115.0,CALL,366.0
2027-01-15,149,120.0,CALL,600.0
2027-01-15,149,125.0,CALL,412.0
2027-01-15,149,130.0,CALL,636.0
2027-01-15,149,135.0,CALL,493.0
2027-01-15,149,140.0,CALL,2531.0
2027-01-15,149,145.0,CALL,370.0
2027-01-15,149,150.0,CALL,2084.0
2027-01-15,149,155.0,CALL,359.0
2027-01-15,149,160.0,CALL,2297.0
2027-01-15,149,165.0,CALL,873.0
2027-01-15,149,170.0,CALL,983.0
2027-01-15,149,175.0,CALL,637.0
2027-01-15,149,180.0,CALL,795.0
2027-01-15,149,185.0,CALL,316.0
2027-01-15,149,190.0,CALL,1292.0
2027-01-15,149,195.0,CALL,998.0
2027-01-15,149,200.0,CALL,1433.0
2027-01-15,149,210.0,CALL,541.0
2027-01-15,149,220.0,CALL,3882.0
2027-01-15,149,230.0,CALL,962.0
2027-01-15,149,240.0,CALL,1011.0
2027-01-15,149,250.0,CALL,532.0
2027-01-15,149,260.0,CALL,417.0
2027-01-15,149,270.0,CALL,426.0
2027-01-15,149,280.0,CALL,251.0
2027-01-15,149,290.0,CALL,348.0
2027-01-15,149,300.0,CALL,1384.0
2027-01-15,149,310.0,CALL,736.0
2027-01-15,149,320.0,CALL,1956.0
2027-01-15,149,330.0,CALL,1633.0
2027-01-15,149,340.0,CALL,784.0
2027-01-15,149,350.0,CALL,2282.0
2027-01-15,149,360.0,CALL,618.0
2027-01-15,149,370.0,CALL,347.0
2027-01-15,149,380.0,CALL,733.0
2027-01-15,149,390.0,CALL,410.0
2027-01-15,149,400.0,CALL,1691.0
2027-01-15,149,410.0,CALL,607.0
2027-01-15,149,420.0,CALL,770.0
2027-01-15,149,430.0,CALL,963.0
2027-01-15,149,440.0,CALL,946.0
2027-01-15,149,450.0,CALL,3909.0
2027-01-15,149,460.0,CALL,557.0
2027-01-15,149,470.0,CALL,484.0
2027-01-15,149,480.0,CALL,1445.0
2027-01-15,149,490.0,CALL,1360.0
2027-01-15,149,500.0,CALL,5848.0
2027-01-15,149,510.0,CALL,1166.0
2027-01-15,149,520.0,CALL,1319.0
2027-01-15,149,530.0,CALL,571.0
2027-01-15,149,540.0,CALL,514.0
2027-01-15,149,550.0,CALL,3501.0
2027-01-15,149,560.0,CALL,509.0
2027-01-15,149,570.0,CALL,578.0
2027-01-15,149,580.0,CALL,1371.0
2027-01-15,149,590.0,CALL,361.0
2027-01-15,149,600.0,CALL,4855.0
2027-01-15,149,610.0,CALL,986.0
2027-01-15,149,620.0,CALL,1185.0
2027-01-15,149,630.0,CALL,1584.0
2027-01-15,149,640.0,CALL,545.0
2027-01-15,149,650.0,CALL,3649.0
2027-01-15,149,660.0,CALL,1258.0
2027-01-15,149,670.0,CALL,293.0
2027-01-15,149,680.0,CALL,1329.0
2027-01-15,149,690.0,CALL,1491.0
2027-01-15,149,700.0,CALL,4931.0
2027-01-15,149,710.0,CALL,1224.0
2027-01-15,149,720.0,CALL,1135.0
2027-01-15,149,730.0,CALL,252.0
2027-01-15,149,740.0,CALL,3982.0
2027-01-15,149,750.0,CALL,3677.0
2027-01-15,149,760.0,CALL,387.0
2027-01-15,149,770.0,CALL,298.0
2027-01-15,149,780.0,CALL,790.0
2027-01-15,149,790.0,CALL,893.0
2027-01-15,149,800.0,CALL,4611.0
2027-01-15,149,810.0,CALL,572.0
2027-01-15,149,820.0,CALL,519.0
2027-01-15,149,830.0,CALL,676.0
2027-01-15,149,840.0,CALL,1286.0
2027-01-15,149,850.0,CALL,3049.0
2027-01-15,149,860.0,CALL,443.0
2027-01-15,149,870.0,CALL,659.0
2027-01-15,149,880.0,CALL,617.0
2027-01-15,149,890.0,CALL,372.0
2027-01-15,149,900.0,CALL,6369.0
2027-01-15,149,910.0,CALL,1973.0
2027-01-15,149,920.0,CALL,172.0
2027-01-15,149,930.0,CALL,237.0
2027-01-15,149,940.0,CALL,394.0
2027-01-15,149,950.0,CALL,4229.0
2027-01-15,149,960.0,CALL,483.0
2027-01-15,149,970.0,CALL,427.0
2027-01-15,149,980.0,CALL,365.0
2027-01-15,149,990.0,CALL,212.0
2027-01-15,149,1000.0,CALL,6156.0
2027-01-15,149,1010.0,CALL,410.0
2027-01-15,149,1020.0,CALL,468.0
2027-01-15,149,1030.0,CALL,501.0
2027-01-15,149,1040.0,CALL,767.0
2027-01-15,149,1050.0,CALL,1887.0
2027-01-15,149,1060.0,CALL,879.0
2027-01-15,149,1070.0,CALL,206.0
2027-01-15,149,1080.0,CALL,964.0
2027-01-15,149,1090.0,CALL,897.0
2027-01-15,149,1100.0,CALL,2930.0
2027-01-15,149,1110.0,CALL,474.0
2027-01-15,149,1120.0,CALL,441.0
2027-01-15,149,1130.0,CALL,279.0
2027-01-15,149,1140.0,CALL,328.0
2027-01-15,149,1150.0,CALL,4323.0
2027-01-15,149,1160.0,CALL,453.0
2027-01-15,149,1170.0,CALL,449.0
2027-01-15,149,1180.0,CALL,966.0
2027-01-15,149,1190.0,CALL,363.0
2027-01-15,149,1200.0,CALL,4230.0
2027-01-15,149,1210.0,CALL,458.0
2027-01-15,149,1220.0,CALL,782.0
2027-01-15,149,1230.0,CALL,287.0
2027-01-15,149,1240.0,CALL,452.0
2027-01-15,149,1250.0,CALL,1416.0
2027-01-15,149,1260.0,CALL,417.0
2027-01-15,149,1270.0,CALL,131.0
2027-01-15,149,1280.0,CALL,618.0
2027-01-15,149,1290.0,CALL,200.0
2027-01-15,149,1300.0,CALL,8110.0
2027-01-15,149,1310.0,CALL,310.0
2027-01-15,149,1320.0,CALL,443.0
2027-01-15,149,1330.0,CALL,186.0
2027-01-15,149,1340.0,CALL,1550.0
2027-01-15,149,1350.0,CALL,1303.0
2027-01-15,149,1360.0,CALL,687.0
2027-01-15,149,1370.0,CALL,277.0
2027-01-15,149,1380.0,CALL,783.0
2027-01-15,149,1390.0,CALL,358.0
2027-01-15,149,1400.0,CALL,4725.0
2027-01-15,149,1410.0,CALL,370.0
2027-01-15,149,1420.0,CALL,607.0
2027-01-15,149,1430.0,CALL,199.0
2027-01-15,149,1440.0,CALL,376.0
2027-01-15,149,1450.0,CALL,284.0
2027-01-15,149,1460.0,CALL,181.0
2027-01-15,149,1470.0,CALL,444.0
2027-01-15,149,1480.0,CALL,582.0
2027-01-15,149,1490.0,CALL,313.0
2027-01-15,149,1500.0,CALL,4359.0
2027-01-15,149,1510.0,CALL,135.0
2027-01-15,149,1520.0,CALL,275.0
2027-01-15,149,1530.0,CALL,117.0
2027-01-15,149,1540.0,CALL,369.0
2027-01-15,149,1550.0,CALL,710.0
2027-01-15,149,1560.0,CALL,547.0
2027-01-15,149,1570.0,CALL,512.0
2027-01-15,149,1580.0,CALL,347.0
2027-01-15,149,1590.0,CALL,464.0
2027-01-15,149,1600.0,CALL,1963.0
2027-01-15,149,1610.0,CALL,595.0
2027-01-15,149,1620.0,CALL,424.0
2027-01-15,149,1630.0,CALL,808.0
2027-01-15,149,1640.0,CALL,188.0
2027-01-15,149,1650.0,CALL,398.0
2027-01-15,149,1660.0,CALL,262.0
2027-01-15,149,1670.0,CALL,229.0
2027-01-15,149,1680.0,CALL,134.0
2027-01-15,149,1690.0,CALL,198.0
2027-01-15,149,1700.0,CALL,1404.0
2027-01-15,149,1710.0,CALL,312.0
2027-01-15,149,1720.0,CALL,97.0
2027-01-15,149,1730.0,CALL,202.0
2027-01-15,149,1740.0,CALL,164.0
2027-01-15,149,1750.0,CALL,955.0
2027-01-15,149,1760.0,CALL,183.0
2027-01-15,149,1770.0,CALL,307.0
2027-01-15,149,1780.0,CALL,137.0
2027-01-15,149,1790.0,CALL,244.0
2027-01-15,149,1800.0,CALL,692.0
2027-01-15,149,1810.0,CALL,592.0
2027-01-15,149,1820.0,CALL,246.0
2027-01-15,149,1830.0,CALL,1089.0
2027-01-15,149,1840.0,CALL,132.0
2027-01-15,149,1850.0,CALL,274.0
2027-01-15,149,1860.0,CALL,95.0
2027-01-15,149,1870.0,CALL,79.0
2027-01-15,149,1880.0,CALL,55.0
2027-01-15,149,1890.0,CALL,49.0
2027-01-15,149,1900.0,CALL,1385.0
2027-01-15,149,1910.0,CALL,693.0
2027-01-15,149,1920.0,CALL,223.0
2027-01-15,149,1930.0,CALL,107.0
2027-01-15,149,1940.0,CALL,100.0
2027-01-15,149,1950.0,CALL,940.0
2027-01-15,149,1960.0,CALL,241.0
2027-01-15,149,1970.0,CALL,126.0
2027-01-15,149,1980.0,CALL,240.0
2027-01-15,149,1990.0,CALL,210.0
2027-01-15,149,2000.0,CALL,2466.0
2027-01-15,149,2010.0,CALL,98.0
2027-01-15,149,2020.0,CALL,290.0
2027-01-15,149,2030.0,CALL,172.0
2027-01-15,149,2040.0,CALL,87.0
2027-01-15,149,2050.0,CALL,719.0
2027-01-15,149,2060.0,CALL,82.0
2027-01-15,149,2070.0,CALL,153.0
2027-01-15,149,2080.0,CALL,165.0
2027-01-15,149,2090.0,CALL,197.0
2027-01-15,149,2100.0,CALL,522.0
2027-01-15,149,2110.0,CALL,177.0
2027-01-15,149,2120.0,CALL,135.0
2027-01-15,149,2130.0,CALL,91.0
2027-01-15,149,2140.0,CALL,37.0
2027-01-15,149,2150.0,CALL,300.0
2027-01-15,149,2160.0,CALL,170.0
2027-01-15,149,2170.0,CALL,1455.0
2027-01-15,149,2180.0,CALL,41.0
2027-01-15,149,2190.0,CALL,85.0
2027-01-15,149,2200.0,CALL,402.0
2027-01-15,149,2210.0,CALL,125.0
2027-01-15,149,2220.0,CALL,86.0
2027-01-15,149,2230.0,CALL,9.0
2027-01-15,149,2240.0,CALL,39.0
2027-01-15,149,2250.0,CALL,228.0
2027-01-15,149,2260.0,CALL,81.0
2027-01-15,149,2270.0,CALL,96.0
2027-01-15,149,2280.0,CALL,22.0
2027-01-15,149,2290.0,CALL,181.0
2027-01-15,149,2300.0,CALL,102.0
2027-01-15,149,2310.0,CALL,83.0
2027-01-15,149,2320.0,CALL,101.0
2027-01-15,149,2330.0,CALL,30.0
2027-01-15,149,2340.0,CALL,25.0
2027-01-15,149,2350.0,CALL,66.0
2027-01-15,149,2360.0,CALL,71.0
2027-01-15,149,2370.0,CALL,99.0
2027-01-15,149,2380.0,CALL,157.0
2027-01-15,149,2390.0,CALL,237.0
2027-01-15,149,2400.0,CALL,811.0
2027-01-15,149,2410.0,CALL,107.0
2027-01-15,149,2420.0,CALL,396.0
2027-01-15,149,2440.0,CALL,222.0
2027-01-15,149,2460.0,CALL,183.0
2027-01-15,149,2480.0,CALL,211.0
2027-01-15,149,2500.0,CALL,2625.0
2027-01-15,149,35.0,PUT,2235.0
2027-01-15,149,40.0,PUT,3966.0
2027-01-15,149,45.0,PUT,3500.0
2027-01-15,149,50.0,PUT,2204.0
2027-01-15,149,55.0,PUT,2777.0
2027-01-15,149,60.0,PUT,6050.0
2027-01-15,149,65.0,PUT,2967.0
2027-01-15,149,70.0,PUT,5708.0
2027-01-15,149,75.0,PUT,6499.0
2027-01-15,149,80.0,PUT,7881.0
2027-01-15,149,85.0,PUT,2896.0
2027-01-15,149,90.0,PUT,4202.0
2027-01-15,149,95.0,PUT,2589.0
2027-01-15,149,100.0,PUT,2758.0
2027-01-15,149,105.0,PUT,1165.0
2027-01-15,149,110.0,PUT,3281.0
2027-01-15,149,115.0,PUT,1647.0
2027-01-15,149,120.0,PUT,1930.0
2027-01-15,149,125.0,PUT,1211.0
2027-01-15,149,130.0,PUT,6033.0
2027-01-15,149,135.0,PUT,733.0
2027-01-15,149,140.0,PUT,961.0
2027-01-15,149,145.0,PUT,582.0
2027-01-15,149,150.0,PUT,3863.0
2027-01-15,149,155.0,PUT,344.0
2027-01-15,149,160.0,PUT,2597.0
2027-01-15,149,165.0,PUT,286.0
2027-01-15,149,170.0,PUT,1017.0
2027-01-15,149,175.0,PUT,586.0
2027-01-15,149,180.0,PUT,1436.0
2027-01-15,149,185.0,PUT,438.0
2027-01-15,149,190.0,PUT,608.0
2027-01-15,149,195.0,PUT,469.0
2027-01-15,149,200.0,PUT,3486.0
2027-01-15,149,210.0,PUT,900.0
2027-01-15,149,220.0,PUT,1515.0
2027-01-15,149,230.0,PUT,1696.0
2027-01-15,149,240.0,PUT,1860.0
2027-01-15,149,250.0,PUT,3872.0
2027-01-15,149,260.0,PUT,1711.0
2027-01-15,149,270.0,PUT,1501.0
2027-01-15,149,280.0,PUT,1606.0
2027-01-15,149,290.0,PUT,924.0
2027-01-15,149,300.0,PUT,7681.0
2027-01-15,149,310.0,PUT,986.0
2027-01-15,149,320.0,PUT,2691.0
2027-01-15,149,330.0,PUT,2160.0
2027-01-15,149,340.0,PUT,1882.0
2027-01-15,149,350.0,PUT,3853.0
2027-01-15,149,360.0,PUT,4317.0
2027-01-15,149,370.0,PUT,1479.0
2027-01-15,149,380.0,PUT,2221.0
2027-01-15,149,390.0,PUT,1951.0
2027-01-15,149,400.0,PUT,4780.0
2027-01-15,149,410.0,PUT,947.0
2027-01-15,149,420.0,PUT,1063.0
2027-01-15,149,430.0,PUT,2410.0
2027-01-15,149,440.0,PUT,1004.0
2027-01-15,149,450.0,PUT,2807.0
2027-01-15,149,460.0,PUT,1362.0
2027-01-15,149,470.0,PUT,1711.0
2027-01-15,149,480.0,PUT,1257.0
2027-01-15,149,490.0,PUT,1363.0
2027-01-15,149,500.0,PUT,4110.0
2027-01-15,149,510.0,PUT,1042.0
2027-01-15,149,520.0,PUT,987.0
2027-01-15,149,530.0,PUT,559.0
2027-01-15,149,540.0,PUT,770.0
2027-01-15,149,550.0,PUT,4313.0
2027-01-15,149,560.0,PUT,501.0
2027-01-15,149,570.0,PUT,388.0
2027-01-15,149,580.0,PUT,751.0
2027-01-15,149,590.0,PUT,873.0
2027-01-15,149,600.0,PUT,3555.0
2027-01-15,149,610.0,PUT,642.0
2027-01-15,149,620.0,PUT,1687.0
2027-01-15,149,630.0,PUT,494.0
2027-01-15,149,640.0,PUT,438.0
2027-01-15,149,650.0,PUT,4172.0
2027-01-15,149,660.0,PUT,292.0
2027-01-15,149,670.0,PUT,360.0
2027-01-15,149,680.0,PUT,701.0
2027-01-15,149,690.0,PUT,877.0
2027-01-15,149,700.0,PUT,5650.0
2027-01-15,149,710.0,PUT,553.0
2027-01-15,149,720.0,PUT,1969.0
2027-01-15,149,730.0,PUT,600.0
2027-01-15,149,740.0,PUT,236.0
2027-01-15,149,750.0,PUT,3152.0
2027-01-15,149,760.0,PUT,487.0
2027-01-15,149,770.0,PUT,440.0
2027-01-15,149,780.0,PUT,744.0
2027-01-15,149,790.0,PUT,593.0
2027-01-15,149,800.0,PUT,3465.0
2027-01-15,149,810.0,PUT,253.0
2027-01-15,149,820.0,PUT,327.0
2027-01-15,149,830.0,PUT,875.0
2027-01-15,149,840.0,PUT,501.0
2027-01-15,149,850.0,PUT,3451.0
2027-01-15,149,860.0,PUT,308.0
2027-01-15,149,870.0,PUT,1412.0
2027-01-15,149,880.0,PUT,235.0
2027-01-15,149,890.0,PUT,572.0
2027-01-15,149,900.0,PUT,2323.0
2027-01-15,149,910.0,PUT,231.0
2027-01-15,149,920.0,PUT,1257.0
2027-01-15,149,930.0,PUT,219.0
2027-01-15,149,940.0,PUT,462.0
2027-01-15,149,950.0,PUT,1852.0
2027-01-15,149,960.0,PUT,373.0
2027-01-15,149,970.0,PUT,247.0
2027-01-15,149,980.0,PUT,350.0
2027-01-15,149,990.0,PUT,277.0
2027-01-15,149,1000.0,PUT,3331.0
2027-01-15,149,1010.0,PUT,449.0
2027-01-15,149,1020.0,PUT,138.0
2027-01-15,149,1030.0,PUT,201.0
2027-01-15,149,1040.0,PUT,202.0
2027-01-15,149,1050.0,PUT,527.0
2027-01-15,149,1060.0,PUT,752.0
2027-01-15,149,1070.0,PUT,114.0
2027-01-15,149,1080.0,PUT,143.0
2027-01-15,149,1090.0,PUT,81.0
2027-01-15,149,1100.0,PUT,635.0
2027-01-15,149,1110.0,PUT,96.0
2027-01-15,149,1120.0,PUT,156.0
2027-01-15,149,1130.0,PUT,115.0
2027-01-15,149,1140.0,PUT,43.0
2027-01-15,149,1150.0,PUT,140.0
2027-01-15,149,1160.0,PUT,42.0
2027-01-15,149,1170.0,PUT,132.0
2027-01-15,149,1180.0,PUT,55.0
2027-01-15,149,1190.0,PUT,131.0
2027-01-15,149,1200.0,PUT,1041.0
2027-01-15,149,1210.0,PUT,29.0
2027-01-15,149,1220.0,PUT,31.0
2027-01-15,149,1230.0,PUT,23.0
2027-01-15,149,1240.0,PUT,445.0
2027-01-15,149,1250.0,PUT,48.0
2027-01-15,149,1260.0,PUT,70.0
2027-01-15,149,1270.0,PUT,50.0
2027-01-15,149,1280.0,PUT,99.0
2027-01-15,149,1290.0,PUT,24.0
2027-01-15,149,1300.0,PUT,145.0
2027-01-15,149,1310.0,PUT,24.0
2027-01-15,149,1320.0,PUT,42.0
2027-01-15,149,1330.0,PUT,72.0
2027-01-15,149,1340.0,PUT,28.0
2027-01-15,149,1350.0,PUT,20.0
2027-01-15,149,1360.0,PUT,51.0
2027-01-15,149,1370.0,PUT,20.0
2027-01-15,149,1380.0,PUT,79.0
2027-01-15,149,1390.0,PUT,65.0
2027-01-15,149,1400.0,PUT,270.0
2027-01-15,149,1410.0,PUT,94.0
2027-01-15,149,1420.0,PUT,38.0
2027-01-15,149,1430.0,PUT,13.0
2027-01-15,149,1440.0,PUT,71.0
2027-01-15,149,1450.0,PUT,59.0
2027-01-15,149,1460.0,PUT,25.0
2027-01-15,149,1470.0,PUT,57.0
2027-01-15,149,1480.0,PUT,142.0
2027-01-15,149,1490.0,PUT,13.0
2027-01-15,149,1500.0,PUT,407.0
2027-01-15,149,1510.0,PUT,10.0
2027-01-15,149,1520.0,PUT,7.0
2027-01-15,149,1530.0,PUT,2.0
2027-01-15,149,1540.0,PUT,11.0
2027-01-15,149,1550.0,PUT,2.0
2027-01-15,149,1560.0,PUT,3.0
2027-01-15,149,1570.0,PUT,2.0
2027-01-15,149,1580.0,PUT,1.0
2027-01-15,149,1590.0,PUT,2.0
2027-01-15,149,1600.0,PUT,18.0
2027-01-15,149,1610.0,PUT,4.0
2027-01-15,149,1620.0,PUT,6.0
2027-01-15,149,1630.0,PUT,91.0
2027-01-15,149,1640.0,PUT,25.0
2027-01-15,149,1650.0,PUT,2.0
2027-01-15,149,1660.0,PUT,6.0
2027-01-15,149,1670.0,PUT,0.0
2027-01-15,149,1680.0,PUT,14.0
2027-01-15,149,1690.0,PUT,0.0
2027-01-15,149,1700.0,PUT,24.0
2027-01-15,149,1710.0,PUT,0.0
2027-01-15,149,1720.0,PUT,7.0
2027-01-15,149,1730.0,PUT,1.0
2027-01-15,149,1740.0,PUT,3.0
2027-01-15,149,1750.0,PUT,4.0
2027-01-15,149,1760.0,PUT,33.0
2027-01-15,149,1770.0,PUT,1.0
2027-01-15,149,1780.0,PUT,1.0
2027-01-15,149,1790.0,PUT,7.0
2027-01-15,149,1800.0,PUT,12.0
2027-01-15,149,1810.0,PUT,4.0
2027-01-15,149,1820.0,PUT,5.0
2027-01-15,149,1830.0,PUT,52.0
2027-01-15,149,1840.0,PUT,10.0
2027-01-15,149,1850.0,PUT,1.0
2027-01-15,149,1880.0,PUT,1.0
2027-01-15,149,1900.0,PUT,6.0
2027-01-15,149,1910.0,PUT,7.0
2027-01-15,149,1920.0,PUT,2.0
2027-01-15,149,1930.0,PUT,2.0
2027-01-15,149,1940.0,PUT,3.0
2027-01-15,149,1950.0,PUT,2.0
2027-01-15,149,1960.0,PUT,11.0
2027-01-15,149,1970.0,PUT,1.0
2027-01-15,149,1980.0,PUT,1.0
2027-01-15,149,1990.0,PUT,3.0
2027-01-15,149,2000.0,PUT,15.0
2027-01-15,149,2010.0,PUT,4.0
2027-01-15,149,2020.0,PUT,3.0
2027-01-15,149,2030.0,PUT,1.0
2027-01-15,149,2050.0,PUT,3.0
2027-01-15,149,2060.0,PUT,1.0
2027-01-15,149,2080.0,PUT,1.0
2027-01-15,149,2090.0,PUT,4.0
2027-01-15,149,2100.0,PUT,13.0
2027-01-15,149,2110.0,PUT,1.0
2027-01-15,149,2120.0,PUT,4.0
2027-01-15,149,2130.0,PUT,0.0
2027-01-15,149,2140.0,PUT,17.0
2027-01-15,149,2150.0,PUT,2.0
2027-01-15,149,2160.0,PUT,39.0
2027-01-15,149,2170.0,PUT,21.0
2027-01-15,149,2190.0,PUT,10.0
2027-01-15,149,2200.0,PUT,2.0
2027-01-15,149,2210.0,PUT,6.0
2027-01-15,149,2220.0,PUT,1.0
2027-01-15,149,2230.0,PUT,0.0
2027-01-15,149,2270.0,PUT,0.0
2027-01-15,149,2280.0,PUT,0.0
2027-01-15,149,2290.0,PUT,8.0
2027-01-15,149,2300.0,PUT,0.0
2027-01-15,149,2310.0,PUT,0.0
2027-01-15,149,2320.0,PUT,0.0
2027-01-15,149,2350.0,PUT,0.0
2027-01-15,149,2360.0,PUT,0.0
2027-01-15,149,2370.0,PUT,0.0
2027-01-15,149,2380.0,PUT,0.0
2027-01-15,149,2390.0,PUT,0.0
2027-01-15,149,2400.0,PUT,0.0
2027-01-15,149,2410.0,PUT,0.0
2027-01-15,149,2420.0,PUT,0.0
2027-01-15,149,2440.0,PUT,0.0
2027-01-15,149,2460.0,PUT,0.0
2027-01-15,149,2480.0,PUT,0.0
2027-01-15,149,2500.0,PUT,0.0
