expiration,DTE,strike,option_type,openInterest
2026-08-14,1,100.0,CALL,7.0
2026-08-14,1,110.0,CALL,2.0
2026-08-14,1,130.0,CALL,2.0
2026-08-14,1,135.0,CALL,3.0
2026-08-14,1,140.0,CALL,0.0
2026-08-14,1,155.0,CALL,1.0
2026-08-14,1,180.0,CALL,1.0
2026-08-14,1,190.0,CALL,1.0
2026-08-14,1,240.0,CALL,1.0
2026-08-14,1,250.0,CALL,0.0
2026-08-14,1,260.0,CALL,1.0
2026-08-14,1,290.0,CALL,1.0
2026-08-14,1,320.0,CALL,1.0
2026-08-14,1,325.0,CALL,1.0
2026-08-14,1,330.0,CALL,1.0
2026-08-14,1,345.0,CALL,1.0
2026-08-14,1,350.0,CALL,1.0
2026-08-14,1,355.0,CALL,2.0
2026-08-14,1,370.0,CALL,6.0
2026-08-14,1,375.0,CALL,0.0
2026-08-14,1,380.0,CALL,5.0
2026-08-14,1,385.0,CALL,1.0
2026-08-14,1,400.0,CALL,3.0
2026-08-14,1,420.0,CALL,7.0
2026-08-14,1,425.0,CALL,1.0
2026-08-14,1,430.0,CALL,4.0
2026-08-14,1,440.0,CALL,1.0
2026-08-14,1,450.0,CALL,4.0
2026-08-14,1,455.0,CALL,0.0
2026-08-14,1,460.0,CALL,2.0
2026-08-14,1,470.0,CALL,25.0
2026-08-14,1,475.0,CALL,5.0
2026-08-14,1,480.0,CALL,13.0
2026-08-14,1,500.0,CALL,40.0
2026-08-14,1,505.0,CALL,25.0
2026-08-14,1,510.0,CALL,136.0
2026-08-14,1,525.0,CALL,5.0
2026-08-14,1,530.0,CALL,2.0
2026-08-14,1,535.0,CALL,0.0
2026-08-14,1,540.0,CALL,7.0
2026-08-14,1,545.0,CALL,0.0
2026-08-14,1,550.0,CALL,2.0
2026-08-14,1,555.0,CALL,1.0
2026-08-14,1,560.0,CALL,1.0
2026-08-14,1,565.0,CALL,6.0
2026-08-14,1,570.0,CALL,15.0
2026-08-14,1,575.0,CALL,42.0
2026-08-14,1,580.0,CALL,1.0
2026-08-14,1,585.0,CALL,11.0
2026-08-14,1,590.0,CALL,2.0
2026-08-14,1,595.0,CALL,2.0
2026-08-14,1,600.0,CALL,11.0
2026-08-14,1,605.0,CALL,6.0
2026-08-14,1,610.0,CALL,11.0
2026-08-14,1,615.0,CALL,3.0
2026-08-14,1,617.5,CALL,10.0
2026-08-14,1,620.0,CALL,7.0
2026-08-14,1,622.5,CALL,10.0
2026-08-14,1,625.0,CALL,8.0
2026-08-14,1,630.0,CALL,13.0
2026-08-14,1,635.0,CALL,20.0
2026-08-14,1,640.0,CALL,21.0
2026-08-14,1,645.0,CALL,1.0
2026-08-14,1,650.0,CALL,26.0
2026-08-14,1,655.0,CALL,8.0
2026-08-14,1,660.0,CALL,21.0
2026-08-14,1,665.0,CALL,5.0
2026-08-14,1,670.0,CALL,11.0
2026-08-14,1,675.0,CALL,20.0
2026-08-14,1,680.0,CALL,27.0
2026-08-14,1,682.5,CALL,5.0
2026-08-14,1,685.0,CALL,6.0
2026-08-14,1,687.5,CALL,7.0
2026-08-14,1,690.0,CALL,10.0
2026-08-14,1,695.0,CALL,2.0
2026-08-14,1,700.0,CALL,112.0
2026-08-14,1,702.5,CALL,3.0
2026-08-14,1,705.0,CALL,27.0
2026-08-14,1,710.0,CALL,39.0
2026-08-14,1,712.5,CALL,1.0
2026-08-14,1,715.0,CALL,13.0
2026-08-14,1,717.5,CALL,2.0
2026-08-14,1,720.0,CALL,23.0
2026-08-14,1,725.0,CALL,16.0
2026-08-14,1,727.5,CALL,3.0
2026-08-14,1,730.0,CALL,85.0
2026-08-14,1,732.5,CALL,2.0
2026-08-14,1,735.0,CALL,24.0
2026-08-14,1,737.5,CALL,1.0
2026-08-14,1,740.0,CALL,47.0
2026-08-14,1,745.0,CALL,15.0
2026-08-14,1,750.0,CALL,33.0
2026-08-14,1,755.0,CALL,45.0
2026-08-14,1,760.0,CALL,42.0
2026-08-14,1,765.0,CALL,30.0
2026-08-14,1,770.0,CALL,297.0
2026-08-14,1,772.5,CALL,30.0
2026-08-14,1,775.0,CALL,173.0
2026-08-14,1,777.5,CALL,31.0
2026-08-14,1,780.0,CALL,120.0
2026-08-14,1,782.5,CALL,14.0
2026-08-14,1,785.0,CALL,117.0
2026-08-14,1,787.5,CALL,62.0
2026-08-14,1,790.0,CALL,52.0
2026-08-14,1,792.5,CALL,64.0
2026-08-14,1,795.0,CALL,110.0
2026-08-14,1,800.0,CALL,730.0
2026-08-14,1,805.0,CALL,167.0
2026-08-14,1,810.0,CALL,220.0
2026-08-14,1,815.0,CALL,203.0
2026-08-14,1,820.0,CALL,215.0
2026-08-14,1,825.0,CALL,323.0
2026-08-14,1,830.0,CALL,290.0
2026-08-14,1,835.0,CALL,84.0
2026-08-14,1,840.0,CALL,299.0
2026-08-14,1,845.0,CALL,316.0
2026-08-14,1,850.0,CALL,1718.0
2026-08-14,1,855.0,CALL,2724.0
2026-08-14,1,860.0,CALL,1584.0
2026-08-14,1,865.0,CALL,1353.0
2026-08-14,1,870.0,CALL,614.0
2026-08-14,1,875.0,CALL,796.0
2026-08-14,1,880.0,CALL,1322.0
2026-08-14,1,885.0,CALL,567.0
2026-08-14,1,890.0,CALL,1423.0
2026-08-14,1,895.0,CALL,1139.0
2026-08-14,1,900.0,CALL,7542.0
2026-08-14,1,905.0,CALL,538.0
2026-08-14,1,907.5,CALL,176.0
2026-08-14,1,910.0,CALL,1250.0
2026-08-14,1,912.5,CALL,631.0
2026-08-14,1,915.0,CALL,906.0
2026-08-14,1,917.5,CALL,215.0
2026-08-14,1,920.0,CALL,3733.0
2026-08-14,1,922.5,CALL,352.0
2026-08-14,1,925.0,CALL,2211.0
2026-08-14,1,927.5,CALL,288.0
2026-08-14,1,930.0,CALL,2819.0
2026-08-14,1,932.5,CALL,481.0
2026-08-14,1,935.0,CALL,690.0
2026-08-14,1,940.0,CALL,2145.0
2026-08-14,1,945.0,CALL,586.0
2026-08-14,1,950.0,CALL,5260.0
2026-08-14,1,955.0,CALL,814.0
2026-08-14,1,957.5,CALL,580.0
2026-08-14,1,960.0,CALL,2597.0
2026-08-14,1,962.5,CALL,157.0
2026-08-14,1,965.0,CALL,659.0
2026-08-14,1,970.0,CALL,1608.0
2026-08-14,1,975.0,CALL,1074.0
2026-08-14,1,980.0,CALL,1721.0
2026-08-14,1,985.0,CALL,523.0
2026-08-14,1,990.0,CALL,957.0
2026-08-14,1,995.0,CALL,867.0
2026-08-14,1,1000.0,CALL,10593.0
2026-08-14,1,1005.0,CALL,1904.0
2026-08-14,1,1010.0,CALL,1110.0
2026-08-14,1,1015.0,CALL,2651.0
2026-08-14,1,1020.0,CALL,1294.0
2026-08-14,1,1025.0,CALL,689.0
2026-08-14,1,1030.0,CALL,577.0
2026-08-14,1,1035.0,CALL,287.0
2026-08-14,1,1040.0,CALL,835.0
2026-08-14,1,1045.0,CALL,553.0
2026-08-14,1,1050.0,CALL,3467.0
2026-08-14,1,1055.0,CALL,1359.0
2026-08-14,1,1060.0,CALL,976.0
2026-08-14,1,1065.0,CALL,339.0
2026-08-14,1,1070.0,CALL,384.0
2026-08-14,1,1075.0,CALL,293.0
2026-08-14,1,1080.0,CALL,577.0
2026-08-14,1,1085.0,CALL,225.0
2026-08-14,1,1090.0,CALL,288.0
2026-08-14,1,1095.0,CALL,230.0
2026-08-14,1,1100.0,CALL,4191.0
2026-08-14,1,1105.0,CALL,336.0
2026-08-14,1,1110.0,CALL,635.0
2026-08-14,1,1115.0,CALL,350.0
2026-08-14,1,1120.0,CALL,671.0
2026-08-14,1,1125.0,CALL,256.0
2026-08-14,1,1130.0,CALL,86.0
2026-08-14,1,1135.0,CALL,117.0
2026-08-14,1,1140.0,CALL,314.0
2026-08-14,1,1145.0,CALL,13.0
2026-08-14,1,1150.0,CALL,906.0
2026-08-14,1,1155.0,CALL,356.0
2026-08-14,1,1160.0,CALL,167.0
2026-08-14,1,1165.0,CALL,21.0
2026-08-14,1,1170.0,CALL,209.0
2026-08-14,1,1175.0,CALL,94.0
2026-08-14,1,1180.0,CALL,162.0
2026-08-14,1,1185.0,CALL,144.0
2026-08-14,1,1190.0,CALL,181.0
2026-08-14,1,1200.0,CALL,3829.0
2026-08-14,1,1210.0,CALL,162.0
2026-08-14,1,1220.0,CALL,332.0
2026-08-14,1,1230.0,CALL,365.0
2026-08-14,1,1240.0,CALL,335.0
2026-08-14,1,1250.0,CALL,783.0
2026-08-14,1,1260.0,CALL,260.0
2026-08-14,1,1270.0,CALL,206.0
2026-08-14,1,1280.0,CALL,307.0
2026-08-14,1,1290.0,CALL,258.0
2026-08-14,1,1300.0,CALL,868.0
2026-08-14,1,1310.0,CALL,149.0
2026-08-14,1,1320.0,CALL,305.0
2026-08-14,1,1330.0,CALL,443.0
2026-08-14,1,1340.0,CALL,147.0
2026-08-14,1,1350.0,CALL,425.0
2026-08-14,1,1360.0,CALL,364.0
2026-08-14,1,1370.0,CALL,124.0
2026-08-14,1,1380.0,CALL,160.0
2026-08-14,1,1390.0,CALL,114.0
2026-08-14,1,1400.0,CALL,527.0
2026-08-14,1,1410.0,CALL,72.0
2026-08-14,1,1420.0,CALL,79.0
2026-08-14,1,1430.0,CALL,82.0
2026-08-14,1,1440.0,CALL,140.0
2026-08-14,1,1450.0,CALL,641.0
2026-08-14,1,1460.0,CALL,104.0
2026-08-14,1,1470.0,CALL,146.0
2026-08-14,1,1480.0,CALL,64.0
2026-08-14,1,1490.0,CALL,95.0
2026-08-14,1,1500.0,CALL,558.0
2026-08-14,1,1510.0,CALL,184.0
2026-08-14,1,1520.0,CALL,59.0
2026-08-14,1,1530.0,CALL,133.0
2026-08-14,1,1540.0,CALL,50.0
2026-08-14,1,1550.0,CALL,39.0
2026-08-14,1,1560.0,CALL,115.0
2026-08-14,1,1570.0,CALL,89.0
2026-08-14,1,1580.0,CALL,30.0
2026-08-14,1,1590.0,CALL,37.0
2026-08-14,1,1600.0,CALL,226.0
2026-08-14,1,1610.0,CALL,87.0
2026-08-14,1,1620.0,CALL,165.0
2026-08-14,1,1630.0,CALL,59.0
2026-08-14,1,1640.0,CALL,65.0
2026-08-14,1,1650.0,CALL,74.0
2026-08-14,1,1660.0,CALL,72.0
2026-08-14,1,1670.0,CALL,157.0
2026-08-14,1,1680.0,CALL,40.0
2026-08-14,1,1690.0,CALL,49.0
2026-08-14,1,1700.0,CALL,558.0
2026-08-14,1,1710.0,CALL,88.0
2026-08-14,1,1720.0,CALL,16.0
2026-08-14,1,1730.0,CALL,60.0
2026-08-14,1,1740.0,CALL,56.0
2026-08-14,1,1750.0,CALL,80.0
2026-08-14,1,1760.0,CALL,40.0
2026-08-14,1,1770.0,CALL,51.0
2026-08-14,1,1780.0,CALL,34.0
2026-08-14,1,1790.0,CALL,40.0
2026-08-14,1,1800.0,CALL,109.0
2026-08-14,1,1810.0,CALL,19.0
2026-08-14,1,1820.0,CALL,954.0
2026-08-14,1,1830.0,CALL,116.0
2026-08-14,1,1840.0,CALL,108.0
2026-08-14,1,1850.0,CALL,332.0
2026-08-14,1,1860.0,CALL,157.0
2026-08-14,1,1870.0,CALL,211.0
2026-08-14,1,1880.0,CALL,164.0
2026-08-14,1,1890.0,CALL,138.0
2026-08-14,1,1900.0,CALL,1149.0
2026-08-14,1,1910.0,CALL,105.0
2026-08-14,1,1920.0,CALL,517.0
2026-08-14,1,1930.0,CALL,300.0
2026-08-14,1,1940.0,CALL,418.0
2026-08-14,1,1950.0,CALL,157.0
2026-08-14,1,1960.0,CALL,237.0
2026-08-14,1,1970.0,CALL,144.0
2026-08-14,1,1980.0,CALL,125.0
2026-08-14,1,1990.0,CALL,130.0
2026-08-14,1,2000.0,CALL,473.0
2026-08-14,1,2010.0,CALL,88.0
2026-08-14,1,2020.0,CALL,174.0
2026-08-14,1,2030.0,CALL,576.0
2026-08-14,1,2040.0,CALL,125.0
2026-08-14,1,2050.0,CALL,81.0
2026-08-14,1,2060.0,CALL,21.0
2026-08-14,1,2070.0,CALL,50.0
2026-08-14,1,2080.0,CALL,15.0
2026-08-14,1,2090.0,CALL,15.0
2026-08-14,1,2100.0,CALL,74.0
2026-08-14,1,2110.0,CALL,31.0
2026-08-14,1,2120.0,CALL,66.0
2026-08-14,1,100.0,PUT,99.0
2026-08-14,1,105.0,PUT,23191.0
2026-08-14,1,110.0,PUT,7010.0
2026-08-14,1,115.0,PUT,2146.0
2026-08-14,1,120.0,PUT,2039.0
2026-08-14,1,125.0,PUT,2001.0
2026-08-14,1,130.0,PUT,1003.0
2026-08-14,1,135.0,PUT,1066.0
2026-08-14,1,140.0,PUT,1020.0
2026-08-14,1,145.0,PUT,1014.0
2026-08-14,1,150.0,PUT,1106.0
2026-08-14,1,155.0,PUT,1500.0
2026-08-14,1,160.0,PUT,116.0
2026-08-14,1,165.0,PUT,9.0
2026-08-14,1,170.0,PUT,139.0
2026-08-14,1,175.0,PUT,286.0
2026-08-14,1,180.0,PUT,115.0
2026-08-14,1,185.0,PUT,154.0
2026-08-14,1,190.0,PUT,517.0
2026-08-14,1,195.0,PUT,165.0
2026-08-14,1,200.0,PUT,247.0
2026-08-14,1,210.0,PUT,9.0
2026-08-14,1,215.0,PUT,120.0
2026-08-14,1,220.0,PUT,45.0
2026-08-14,1,225.0,PUT,1005.0
2026-08-14,1,230.0,PUT,8.0
2026-08-14,1,235.0,PUT,8.0
2026-08-14,1,240.0,PUT,380.0
2026-08-14,1,245.0,PUT,32.0
2026-08-14,1,250.0,PUT,186.0
2026-08-14,1,255.0,PUT,154.0
2026-08-14,1,260.0,PUT,21.0
2026-08-14,1,265.0,PUT,16.0
2026-08-14,1,270.0,PUT,36.0
2026-08-14,1,275.0,PUT,9.0
2026-08-14,1,280.0,PUT,1368.0
2026-08-14,1,285.0,PUT,4.0
2026-08-14,1,290.0,PUT,542.0
2026-08-14,1,295.0,PUT,4.0
2026-08-14,1,300.0,PUT,1776.0
2026-08-14,1,305.0,PUT,38.0
2026-08-14,1,310.0,PUT,27.0
2026-08-14,1,315.0,PUT,9.0
2026-08-14,1,320.0,PUT,271.0
2026-08-14,1,325.0,PUT,8.0
2026-08-14,1,330.0,PUT,7.0
2026-08-14,1,335.0,PUT,383.0
2026-08-14,1,340.0,PUT,27.0
2026-08-14,1,345.0,PUT,67.0
2026-08-14,1,350.0,PUT,347.0
2026-08-14,1,355.0,PUT,29.0
2026-08-14,1,360.0,PUT,64.0
2026-08-14,1,365.0,PUT,76.0
2026-08-14,1,370.0,PUT,51.0
2026-08-14,1,375.0,PUT,96.0
2026-08-14,1,380.0,PUT,166.0
2026-08-14,1,385.0,PUT,80.0
2026-08-14,1,390.0,PUT,71.0
2026-08-14,1,395.0,PUT,76.0
2026-08-14,1,400.0,PUT,1917.0
2026-08-14,1,405.0,PUT,114.0
2026-08-14,1,410.0,PUT,101.0
2026-08-14,1,415.0,PUT,63.0
2026-08-14,1,420.0,PUT,551.0
2026-08-14,1,425.0,PUT,480.0
2026-08-14,1,430.0,PUT,668.0
2026-08-14,1,435.0,PUT,400.0
2026-08-14,1,440.0,PUT,125.0
2026-08-14,1,445.0,PUT,163.0
2026-08-14,1,450.0,PUT,492.0
2026-08-14,1,455.0,PUT,55.0
2026-08-14,1,460.0,PUT,172.0
2026-08-14,1,465.0,PUT,132.0
2026-08-14,1,470.0,PUT,76.0
2026-08-14,1,475.0,PUT,87.0
2026-08-14,1,480.0,PUT,414.0
2026-08-14,1,485.0,PUT,133.0
2026-08-14,1,490.0,PUT,450.0
2026-08-14,1,495.0,PUT,541.0
2026-08-14,1,500.0,PUT,1262.0
2026-08-14,1,502.5,PUT,529.0
2026-08-14,1,505.0,PUT,3626.0
2026-08-14,1,507.5,PUT,544.0
2026-08-14,1,510.0,PUT,200.0
2026-08-14,1,512.5,PUT,298.0
2026-08-14,1,515.0,PUT,179.0
2026-08-14,1,517.5,PUT,93.0
2026-08-14,1,520.0,PUT,683.0
2026-08-14,1,522.5,PUT,54.0
2026-08-14,1,525.0,PUT,2911.0
2026-08-14,1,527.5,PUT,59.0
2026-08-14,1,530.0,PUT,669.0
2026-08-14,1,532.5,PUT,32.0
2026-08-14,1,535.0,PUT,71.0
2026-08-14,1,537.5,PUT,94.0
2026-08-14,1,540.0,PUT,297.0
2026-08-14,1,542.5,PUT,54.0
2026-08-14,1,545.0,PUT,106.0
2026-08-14,1,547.5,PUT,116.0
2026-08-14,1,550.0,PUT,26653.0
2026-08-14,1,552.5,PUT,17.0
2026-08-14,1,555.0,PUT,654.0
2026-08-14,1,557.5,PUT,28.0
2026-08-14,1,560.0,PUT,406.0
2026-08-14,1,562.5,PUT,61.0
2026-08-14,1,565.0,PUT,175.0
2026-08-14,1,567.5,PUT,71.0
2026-08-14,1,570.0,PUT,422.0
2026-08-14,1,572.5,PUT,284.0
2026-08-14,1,575.0,PUT,214.0
2026-08-14,1,577.5,PUT,55.0
2026-08-14,1,580.0,PUT,360.0
2026-08-14,1,582.5,PUT,76.0
2026-08-14,1,585.0,PUT,280.0
2026-08-14,1,587.5,PUT,49.0
2026-08-14,1,590.0,PUT,274.0
2026-08-14,1,592.5,PUT,44.0
2026-08-14,1,595.0,PUT,324.0
2026-08-14,1,597.5,PUT,32.0
2026-08-14,1,600.0,PUT,6819.0
2026-08-14,1,602.5,PUT,61.0
2026-08-14,1,605.0,PUT,117.0
2026-08-14,1,607.5,PUT,34.0
2026-08-14,1,610.0,PUT,151.0
2026-08-14,1,612.5,PUT,46.0
2026-08-14,1,615.0,PUT,160.0
2026-08-14,1,617.5,PUT,180.0
2026-08-14,1,620.0,PUT,1377.0
2026-08-14,1,622.5,PUT,39.0
2026-08-14,1,625.0,PUT,325.0
2026-08-14,1,627.5,PUT,2256.0
2026-08-14,1,630.0,PUT,953.0
2026-08-14,1,632.5,PUT,329.0
2026-08-14,1,635.0,PUT,123.0
2026-08-14,1,637.5,PUT,68.0
2026-08-14,1,640.0,PUT,2178.0
2026-08-14,1,642.5,PUT,93.0
2026-08-14,1,645.0,PUT,62.0
2026-08-14,1,647.5,PUT,68.0
2026-08-14,1,650.0,PUT,2166.0
2026-08-14,1,652.5,PUT,47.0
2026-08-14,1,655.0,PUT,441.0
2026-08-14,1,657.5,PUT,73.0
2026-08-14,1,660.0,PUT,1324.0
2026-08-14,1,662.5,PUT,58.0
2026-08-14,1,665.0,PUT,145.0
2026-08-14,1,667.5,PUT,40.0
2026-08-14,1,670.0,PUT,290.0
2026-08-14,1,672.5,PUT,41.0
2026-08-14,1,675.0,PUT,377.0
2026-08-14,1,677.5,PUT,84.0
2026-08-14,1,680.0,PUT,1676.0
2026-08-14,1,682.5,PUT,45.0
2026-08-14,1,685.0,PUT,181.0
2026-08-14,1,687.5,PUT,267.0
2026-08-14,1,690.0,PUT,683.0
2026-08-14,1,692.5,PUT,236.0
2026-08-14,1,695.0,PUT,228.0
2026-08-14,1,697.5,PUT,271.0
2026-08-14,1,700.0,PUT,3231.0
2026-08-14,1,702.5,PUT,42.0
2026-08-14,1,705.0,PUT,532.0
2026-08-14,1,707.5,PUT,74.0
2026-08-14,1,710.0,PUT,624.0
2026-08-14,1,712.5,PUT,110.0
2026-08-14,1,715.0,PUT,435.0
2026-08-14,1,717.5,PUT,463.0
2026-08-14,1,720.0,PUT,720.0
2026-08-14,1,722.5,PUT,472.0
2026-08-14,1,725.0,PUT,1000.0
2026-08-14,1,727.5,PUT,486.0
2026-08-14,1,730.0,PUT,1148.0
2026-08-14,1,732.5,PUT,916.0
2026-08-14,1,735.0,PUT,829.0
2026-08-14,1,737.5,PUT,547.0
2026-08-14,1,740.0,PUT,859.0
2026-08-14,1,742.5,PUT,75.0
2026-08-14,1,745.0,PUT,488.0
2026-08-14,1,747.5,PUT,164.0
2026-08-14,1,750.0,PUT,3062.0
2026-08-14,1,755.0,PUT,851.0
2026-08-14,1,760.0,PUT,733.0
2026-08-14,1,765.0,PUT,559.0
2026-08-14,1,767.5,PUT,101.0
2026-08-14,1,770.0,PUT,1622.0
2026-08-14,1,772.5,PUT,177.0
2026-08-14,1,775.0,PUT,758.0
2026-08-14,1,777.5,PUT,172.0
2026-08-14,1,780.0,PUT,913.0
2026-08-14,1,782.5,PUT,689.0
2026-08-14,1,785.0,PUT,490.0
2026-08-14,1,787.5,PUT,126.0
2026-08-14,1,790.0,PUT,1381.0
2026-08-14,1,792.5,PUT,172.0
2026-08-14,1,795.0,PUT,719.0
2026-08-14,1,800.0,PUT,3528.0
2026-08-14,1,805.0,PUT,1006.0
2026-08-14,1,810.0,PUT,1079.0
2026-08-14,1,815.0,PUT,824.0
2026-08-14,1,820.0,PUT,1211.0
2026-08-14,1,825.0,PUT,1254.0
2026-08-14,1,830.0,PUT,1363.0
2026-08-14,1,835.0,PUT,729.0
2026-08-14,1,840.0,PUT,975.0
2026-08-14,1,845.0,PUT,766.0
2026-08-14,1,850.0,PUT,3308.0
2026-08-14,1,855.0,PUT,638.0
2026-08-14,1,860.0,PUT,2329.0
2026-08-14,1,865.0,PUT,1077.0
2026-08-14,1,870.0,PUT,3010.0
2026-08-14,1,875.0,PUT,1513.0
2026-08-14,1,880.0,PUT,954.0
2026-08-14,1,885.0,PUT,591.0
2026-08-14,1,890.0,PUT,768.0
2026-08-14,1,895.0,PUT,557.0
2026-08-14,1,900.0,PUT,2269.0
2026-08-14,1,905.0,PUT,264.0
2026-08-14,1,907.5,PUT,139.0
2026-08-14,1,910.0,PUT,749.0
2026-08-14,1,912.5,PUT,178.0
2026-08-14,1,915.0,PUT,646.0
2026-08-14,1,917.5,PUT,85.0
2026-08-14,1,920.0,PUT,618.0
2026-08-14,1,922.5,PUT,126.0
2026-08-14,1,925.0,PUT,387.0
2026-08-14,1,927.5,PUT,140.0
2026-08-14,1,930.0,PUT,2057.0
2026-08-14,1,932.5,PUT,70.0
2026-08-14,1,935.0,PUT,1156.0
2026-08-14,1,940.0,PUT,249.0
2026-08-14,1,945.0,PUT,129.0
2026-08-14,1,950.0,PUT,1709.0
2026-08-14,1,955.0,PUT,40.0
2026-08-14,1,957.5,PUT,14.0
2026-08-14,1,960.0,PUT,68.0
2026-08-14,1,962.5,PUT,3.0
2026-08-14,1,965.0,PUT,61.0
2026-08-14,1,970.0,PUT,121.0
2026-08-14,1,975.0,PUT,238.0
2026-08-14,1,980.0,PUT,339.0
2026-08-14,1,985.0,PUT,224.0
2026-08-14,1,990.0,PUT,141.0
2026-08-14,1,995.0,PUT,34.0
2026-08-14,1,1000.0,PUT,332.0
2026-08-14,1,1005.0,PUT,14.0
2026-08-14,1,1010.0,PUT,33.0
2026-08-14,1,1015.0,PUT,47.0
2026-08-14,1,1020.0,PUT,56.0
2026-08-14,1,1025.0,PUT,16.0
2026-08-14,1,1030.0,PUT,28.0
2026-08-14,1,1035.0,PUT,12.0
2026-08-14,1,1040.0,PUT,79.0
2026-08-14,1,1045.0,PUT,9.0
2026-08-14,1,1050.0,PUT,60.0
2026-08-14,1,1055.0,PUT,39.0
2026-08-14,1,1060.0,PUT,11.0
2026-08-14,1,1065.0,PUT,1.0
2026-08-14,1,1070.0,PUT,7.0
2026-08-14,1,1075.0,PUT,0.0
2026-08-14,1,1080.0,PUT,3.0
2026-08-14,1,1085.0,PUT,6.0
2026-08-14,1,1090.0,PUT,0.0
2026-08-14,1,1095.0,PUT,11.0
2026-08-14,1,1100.0,PUT,11.0
2026-08-14,1,1105.0,PUT,10.0
2026-08-14,1,1110.0,PUT,1.0
2026-08-14,1,1115.0,PUT,1.0
2026-08-14,1,1120.0,PUT,8.0
2026-08-14,1,1125.0,PUT,1.0
2026-08-14,1,1130.0,PUT,1.0
2026-08-14,1,1135.0,PUT,0.0
2026-08-14,1,1140.0,PUT,2.0
2026-08-14,1,1150.0,PUT,2.0
2026-08-14,1,1160.0,PUT,0.0
2026-08-14,1,1170.0,PUT,0.0
2026-08-14,1,1180.0,PUT,0.0
2026-08-14,1,1185.0,PUT,0.0
2026-08-14,1,1190.0,PUT,0.0
2026-08-14,1,1200.0,PUT,0.0
2026-08-14,1,1210.0,PUT,1.0
2026-08-14,1,1220.0,PUT,0.0
2026-08-14,1,1230.0,PUT,0.0
2026-08-14,1,1240.0,PUT,0.0
2026-08-14,1,1250.0,PUT,0.0
2026-08-14,1,1260.0,PUT,0.0
2026-08-14,1,1270.0,PUT,0.0
2026-08-14,1,1280.0,PUT,0.0
2026-08-14,1,1300.0,PUT,0.0
2026-08-14,1,1310.0,PUT,0.0
2026-08-14,1,1320.0,PUT,0.0
2026-08-14,1,1340.0,PUT,0.0
2026-08-14,1,1370.0,PUT,0.0
2026-08-14,1,1390.0,PUT,0.0
2026-08-14,1,1400.0,PUT,0.0
2026-08-14,1,1440.0,PUT,0.0
2026-08-14,1,1540.0,PUT,0.0
2026-08-14,1,1560.0,PUT,0.0
2026-08-14,1,1790.0,PUT,0.0
2026-08-14,1,1840.0,PUT,0.0
2026-08-14,1,1920.0,PUT,0.0
2026-08-14,1,1950.0,PUT,0.0
2026-08-14,1,1980.0,PUT,0.0
2026-08-17,4,470.0,CALL,2.0
2026-08-17,4,500.0,CALL,2.0
2026-08-17,4,520.0,CALL,1.0
2026-08-17,4,525.0,CALL,1.0
2026-08-17,4,650.0,CALL,2.0
2026-08-17,4,700.0,CALL,6.0
2026-08-17,4,720.0,CALL,3.0
2026-08-17,4,725.0,CALL,3.0
2026-08-17,4,750.0,CALL,20.0
2026-08-17,4,755.0,CALL,2.0
2026-08-17,4,780.0,CALL,3.0
2026-08-17,4,785.0,CALL,2.0
2026-08-17,4,790.0,CALL,21.0
2026-08-17,4,795.0,CALL,5.0
2026-08-17,4,800.0,CALL,127.0
2026-08-17,4,805.0,CALL,24.0
2026-08-17,4,810.0,CALL,28.0
2026-08-17,4,815.0,CALL,4.0
2026-08-17,4,820.0,CALL,18.0
2026-08-17,4,825.0,CALL,40.0
2026-08-17,4,830.0,CALL,7.0
2026-08-17,4,835.0,CALL,3.0
2026-08-17,4,840.0,CALL,20.0
2026-08-17,4,845.0,CALL,57.0
2026-08-17,4,850.0,CALL,231.0
2026-08-17,4,855.0,CALL,62.0
2026-08-17,4,860.0,CALL,333.0
2026-08-17,4,865.0,CALL,3943.0
2026-08-17,4,870.0,CALL,1571.0
2026-08-17,4,875.0,CALL,148.0
2026-08-17,4,880.0,CALL,88.0
2026-08-17,4,885.0,CALL,167.0
2026-08-17,4,890.0,CALL,200.0
2026-08-17,4,895.0,CALL,80.0
2026-08-17,4,900.0,CALL,670.0
2026-08-17,4,905.0,CALL,64.0
2026-08-17,4,910.0,CALL,265.0
2026-08-17,4,915.0,CALL,160.0
2026-08-17,4,920.0,CALL,368.0
2026-08-17,4,925.0,CALL,208.0
2026-08-17,4,930.0,CALL,1247.0
2026-08-17,4,935.0,CALL,318.0
2026-08-17,4,940.0,CALL,636.0
2026-08-17,4,945.0,CALL,48.0
2026-08-17,4,950.0,CALL,573.0
2026-08-17,4,955.0,CALL,95.0
2026-08-17,4,960.0,CALL,207.0
2026-08-17,4,965.0,CALL,145.0
2026-08-17,4,970.0,CALL,412.0
2026-08-17,4,975.0,CALL,136.0
2026-08-17,4,980.0,CALL,177.0
2026-08-17,4,985.0,CALL,143.0
2026-08-17,4,990.0,CALL,350.0
2026-08-17,4,995.0,CALL,397.0
2026-08-17,4,1000.0,CALL,783.0
2026-08-17,4,1005.0,CALL,109.0
2026-08-17,4,1010.0,CALL,167.0
2026-08-17,4,1015.0,CALL,82.0
2026-08-17,4,1020.0,CALL,106.0
2026-08-17,4,1025.0,CALL,127.0
2026-08-17,4,1030.0,CALL,296.0
2026-08-17,4,1035.0,CALL,85.0
2026-08-17,4,1040.0,CALL,68.0
2026-08-17,4,1045.0,CALL,148.0
2026-08-17,4,1050.0,CALL,210.0
2026-08-17,4,1055.0,CALL,145.0
2026-08-17,4,1060.0,CALL,59.0
2026-08-17,4,1065.0,CALL,31.0
2026-08-17,4,1070.0,CALL,179.0
2026-08-17,4,1075.0,CALL,45.0
2026-08-17,4,1080.0,CALL,108.0
2026-08-17,4,1085.0,CALL,27.0
2026-08-17,4,1090.0,CALL,22.0
2026-08-17,4,1095.0,CALL,21.0
2026-08-17,4,1100.0,CALL,297.0
2026-08-17,4,1105.0,CALL,95.0
2026-08-17,4,1110.0,CALL,47.0
2026-08-17,4,1115.0,CALL,39.0
2026-08-17,4,1120.0,CALL,23.0
2026-08-17,4,1125.0,CALL,37.0
2026-08-17,4,1130.0,CALL,8.0
2026-08-17,4,1135.0,CALL,31.0
2026-08-17,4,1140.0,CALL,6.0
2026-08-17,4,1150.0,CALL,57.0
2026-08-17,4,1155.0,CALL,42.0
2026-08-17,4,1160.0,CALL,39.0
2026-08-17,4,1165.0,CALL,0.0
2026-08-17,4,1170.0,CALL,1.0
2026-08-17,4,1175.0,CALL,12.0
2026-08-17,4,1180.0,CALL,44.0
2026-08-17,4,1185.0,CALL,44.0
2026-08-17,4,1190.0,CALL,21.0
2026-08-17,4,1195.0,CALL,22.0
2026-08-17,4,1200.0,CALL,114.0
2026-08-17,4,1205.0,CALL,94.0
2026-08-17,4,1210.0,CALL,12.0
2026-08-17,4,1215.0,CALL,2.0
2026-08-17,4,1220.0,CALL,12.0
2026-08-17,4,1225.0,CALL,6.0
2026-08-17,4,1230.0,CALL,3.0
2026-08-17,4,1235.0,CALL,5.0
2026-08-17,4,1240.0,CALL,8.0
2026-08-17,4,1250.0,CALL,62.0
2026-08-17,4,1260.0,CALL,2.0
2026-08-17,4,1270.0,CALL,3.0
2026-08-17,4,1280.0,CALL,23.0
2026-08-17,4,1300.0,CALL,204.0
2026-08-17,4,1310.0,CALL,73.0
2026-08-17,4,1320.0,CALL,37.0
2026-08-17,4,1340.0,CALL,10.0
2026-08-17,4,1350.0,CALL,41.0
2026-08-17,4,1360.0,CALL,1.0
2026-08-17,4,1370.0,CALL,33.0
2026-08-17,4,450.0,PUT,15.0
2026-08-17,4,455.0,PUT,5.0
2026-08-17,4,460.0,PUT,10.0
2026-08-17,4,485.0,PUT,1.0
2026-08-17,4,560.0,PUT,1.0
2026-08-17,4,570.0,PUT,1.0
2026-08-17,4,575.0,PUT,1.0
2026-08-17,4,585.0,PUT,25.0
2026-08-17,4,590.0,PUT,41.0
2026-08-17,4,600.0,PUT,39.0
2026-08-17,4,605.0,PUT,7.0
2026-08-17,4,615.0,PUT,1.0
2026-08-17,4,617.5,PUT,1.0
2026-08-17,4,622.5,PUT,1.0
2026-08-17,4,625.0,PUT,2.0
2026-08-17,4,627.5,PUT,6.0
2026-08-17,4,630.0,PUT,10.0
2026-08-17,4,635.0,PUT,11.0
2026-08-17,4,637.5,PUT,2.0
2026-08-17,4,640.0,PUT,13.0
2026-08-17,4,645.0,PUT,4.0
2026-08-17,4,647.5,PUT,47.0
2026-08-17,4,650.0,PUT,54.0
2026-08-17,4,652.5,PUT,38.0
2026-08-17,4,655.0,PUT,10.0
2026-08-17,4,657.5,PUT,12.0
2026-08-17,4,660.0,PUT,3.0
2026-08-17,4,662.5,PUT,46.0
2026-08-17,4,665.0,PUT,27.0
2026-08-17,4,667.5,PUT,1.0
2026-08-17,4,670.0,PUT,4.0
2026-08-17,4,672.5,PUT,1.0
2026-08-17,4,675.0,PUT,72.0
2026-08-17,4,677.5,PUT,3.0
2026-08-17,4,680.0,PUT,8.0
2026-08-17,4,682.5,PUT,15.0
2026-08-17,4,685.0,PUT,36.0
2026-08-17,4,687.5,PUT,12.0
2026-08-17,4,690.0,PUT,16.0
2026-08-17,4,692.5,PUT,6.0
2026-08-17,4,695.0,PUT,13.0
2026-08-17,4,697.5,PUT,16.0
2026-08-17,4,700.0,PUT,209.0
2026-08-17,4,702.5,PUT,12.0
2026-08-17,4,705.0,PUT,47.0
2026-08-17,4,710.0,PUT,37.0
2026-08-17,4,715.0,PUT,15.0
2026-08-17,4,717.5,PUT,8.0
2026-08-17,4,720.0,PUT,136.0
2026-08-17,4,722.5,PUT,23.0
2026-08-17,4,725.0,PUT,103.0
2026-08-17,4,727.5,PUT,9.0
2026-08-17,4,730.0,PUT,73.0
2026-08-17,4,732.5,PUT,19.0
2026-08-17,4,735.0,PUT,156.0
2026-08-17,4,737.5,PUT,9.0
2026-08-17,4,740.0,PUT,75.0
2026-08-17,4,742.5,PUT,16.0
2026-08-17,4,745.0,PUT,99.0
2026-08-17,4,747.5,PUT,28.0
2026-08-17,4,750.0,PUT,455.0
2026-08-17,4,755.0,PUT,594.0
2026-08-17,4,760.0,PUT,299.0
2026-08-17,4,765.0,PUT,24.0
2026-08-17,4,770.0,PUT,88.0
2026-08-17,4,775.0,PUT,277.0
2026-08-17,4,780.0,PUT,506.0
2026-08-17,4,785.0,PUT,186.0
2026-08-17,4,790.0,PUT,98.0
2026-08-17,4,795.0,PUT,168.0
2026-08-17,4,800.0,PUT,619.0
2026-08-17,4,805.0,PUT,97.0
2026-08-17,4,810.0,PUT,98.0
2026-08-17,4,815.0,PUT,116.0
2026-08-17,4,820.0,PUT,52.0
2026-08-17,4,825.0,PUT,584.0
2026-08-17,4,830.0,PUT,140.0
2026-08-17,4,835.0,PUT,146.0
2026-08-17,4,840.0,PUT,53.0
2026-08-17,4,845.0,PUT,69.0
2026-08-17,4,850.0,PUT,215.0
2026-08-17,4,855.0,PUT,201.0
2026-08-17,4,860.0,PUT,355.0
2026-08-17,4,865.0,PUT,216.0
2026-08-17,4,870.0,PUT,254.0
2026-08-17,4,875.0,PUT,160.0
2026-08-17,4,880.0,PUT,235.0
2026-08-17,4,885.0,PUT,60.0
2026-08-17,4,890.0,PUT,167.0
2026-08-17,4,895.0,PUT,83.0
2026-08-17,4,900.0,PUT,281.0
2026-08-17,4,905.0,PUT,92.0
2026-08-17,4,910.0,PUT,215.0
2026-08-17,4,915.0,PUT,307.0
2026-08-17,4,920.0,PUT,133.0
2026-08-17,4,925.0,PUT,554.0
2026-08-17,4,930.0,PUT,135.0
2026-08-17,4,935.0,PUT,8.0
2026-08-17,4,940.0,PUT,12.0
2026-08-17,4,945.0,PUT,13.0
2026-08-17,4,950.0,PUT,41.0
2026-08-17,4,960.0,PUT,18.0
2026-08-17,4,965.0,PUT,1495.0
2026-08-17,4,970.0,PUT,16.0
2026-08-17,4,975.0,PUT,6.0
2026-08-17,4,980.0,PUT,20.0
2026-08-17,4,990.0,PUT,2.0
2026-08-17,4,1000.0,PUT,14.0
2026-08-17,4,1005.0,PUT,24.0
2026-08-17,4,1010.0,PUT,4.0
2026-08-17,4,1015.0,PUT,24.0
2026-08-17,4,1020.0,PUT,8.0
2026-08-17,4,1040.0,PUT,1.0
2026-08-17,4,1100.0,PUT,2.0
2026-08-17,4,1115.0,PUT,0.0
2026-08-17,4,1130.0,PUT,0.0
2026-08-17,4,1370.0,PUT,0.0
2026-08-19,6,725.0,CALL,3.0
2026-08-19,6,742.5,CALL,1.0
2026-08-19,6,750.0,CALL,1.0
2026-08-19,6,755.0,CALL,1.0
2026-08-19,6,770.0,CALL,3.0
2026-08-19,6,790.0,CALL,10.0
2026-08-19,6,795.0,CALL,30.0
2026-08-19,6,800.0,CALL,62.0
2026-08-19,6,805.0,CALL,6.0
2026-08-19,6,810.0,CALL,2.0
2026-08-19,6,820.0,CALL,4.0
2026-08-19,6,825.0,CALL,7.0
2026-08-19,6,830.0,CALL,4.0
2026-08-19,6,835.0,CALL,12.0
2026-08-19,6,840.0,CALL,8.0
2026-08-19,6,845.0,CALL,13.0
2026-08-19,6,850.0,CALL,44.0
2026-08-19,6,855.0,CALL,24.0
2026-08-19,6,860.0,CALL,41.0
2026-08-19,6,865.0,CALL,26.0
2026-08-19,6,870.0,CALL,71.0
2026-08-19,6,875.0,CALL,45.0
2026-08-19,6,880.0,CALL,77.0
2026-08-19,6,885.0,CALL,27.0
2026-08-19,6,890.0,CALL,47.0
2026-08-19,6,895.0,CALL,53.0
2026-08-19,6,900.0,CALL,167.0
2026-08-19,6,905.0,CALL,14.0
2026-08-19,6,910.0,CALL,78.0
2026-08-19,6,915.0,CALL,49.0
2026-08-19,6,920.0,CALL,101.0
2026-08-19,6,925.0,CALL,255.0
2026-08-19,6,930.0,CALL,92.0
2026-08-19,6,935.0,CALL,80.0
2026-08-19,6,940.0,CALL,39.0
2026-08-19,6,945.0,CALL,78.0
2026-08-19,6,950.0,CALL,147.0
2026-08-19,6,955.0,CALL,49.0
2026-08-19,6,960.0,CALL,69.0
2026-08-19,6,965.0,CALL,22.0
2026-08-19,6,970.0,CALL,65.0
2026-08-19,6,975.0,CALL,120.0
2026-08-19,6,980.0,CALL,60.0
2026-08-19,6,985.0,CALL,19.0
2026-08-19,6,990.0,CALL,68.0
2026-08-19,6,995.0,CALL,14.0
2026-08-19,6,1000.0,CALL,1209.0
2026-08-19,6,1005.0,CALL,22.0
2026-08-19,6,1010.0,CALL,31.0
2026-08-19,6,1015.0,CALL,22.0
2026-08-19,6,1020.0,CALL,41.0
2026-08-19,6,1025.0,CALL,26.0
2026-08-19,6,1030.0,CALL,24.0
2026-08-19,6,1035.0,CALL,25.0
2026-08-19,6,1040.0,CALL,208.0
2026-08-19,6,1045.0,CALL,7.0
2026-08-19,6,1050.0,CALL,117.0
2026-08-19,6,1055.0,CALL,53.0
2026-08-19,6,1060.0,CALL,53.0
2026-08-19,6,1065.0,CALL,9.0
2026-08-19,6,1070.0,CALL,23.0
2026-08-19,6,1075.0,CALL,26.0
2026-08-19,6,1080.0,CALL,41.0
2026-08-19,6,1085.0,CALL,109.0
2026-08-19,6,1090.0,CALL,7.0
2026-08-19,6,1095.0,CALL,14.0
2026-08-19,6,1100.0,CALL,122.0
2026-08-19,6,1110.0,CALL,20.0
2026-08-19,6,1120.0,CALL,16.0
2026-08-19,6,1125.0,CALL,26.0
2026-08-19,6,1130.0,CALL,25.0
2026-08-19,6,1150.0,CALL,77.0
2026-08-19,6,1155.0,CALL,27.0
2026-08-19,6,1170.0,CALL,16.0
2026-08-19,6,1175.0,CALL,25.0
2026-08-19,6,1180.0,CALL,9.0
2026-08-19,6,1190.0,CALL,9.0
2026-08-19,6,1200.0,CALL,89.0
2026-08-19,6,1205.0,CALL,50.0
2026-08-19,6,1210.0,CALL,15.0
2026-08-19,6,1215.0,CALL,126.0
2026-08-19,6,1220.0,CALL,27.0
2026-08-19,6,1225.0,CALL,3.0
2026-08-19,6,1230.0,CALL,168.0
2026-08-19,6,1235.0,CALL,110.0
2026-08-19,6,1250.0,CALL,5.0
2026-08-19,6,1270.0,CALL,2.0
2026-08-19,6,1290.0,CALL,47.0
2026-08-19,6,1300.0,CALL,7.0
2026-08-19,6,1310.0,CALL,42.0
2026-08-19,6,1320.0,CALL,13.0
2026-08-19,6,1330.0,CALL,23.0
2026-08-19,6,1350.0,CALL,55.0
2026-08-19,6,1360.0,CALL,18.0
2026-08-19,6,465.0,PUT,1.0
2026-08-19,6,500.0,PUT,11.0
2026-08-19,6,535.0,PUT,10.0
2026-08-19,6,560.0,PUT,1.0
2026-08-19,6,585.0,PUT,92.0
2026-08-19,6,590.0,PUT,18.0
2026-08-19,6,595.0,PUT,47.0
2026-08-19,6,600.0,PUT,55.0
2026-08-19,6,605.0,PUT,32.0
2026-08-19,6,610.0,PUT,102.0
2026-08-19,6,615.0,PUT,26.0
2026-08-19,6,620.0,PUT,28.0
2026-08-19,6,622.5,PUT,12.0
2026-08-19,6,625.0,PUT,22.0
2026-08-19,6,627.5,PUT,41.0
2026-08-19,6,630.0,PUT,11.0
2026-08-19,6,632.5,PUT,2.0
2026-08-19,6,637.5,PUT,11.0
2026-08-19,6,640.0,PUT,22.0
2026-08-19,6,642.5,PUT,2.0
2026-08-19,6,645.0,PUT,3.0
2026-08-19,6,647.5,PUT,1.0
2026-08-19,6,650.0,PUT,62.0
2026-08-19,6,655.0,PUT,47.0
2026-08-19,6,657.5,PUT,50.0
2026-08-19,6,660.0,PUT,11.0
2026-08-19,6,662.5,PUT,5.0
2026-08-19,6,665.0,PUT,14.0
2026-08-19,6,670.0,PUT,11.0
2026-08-19,6,677.5,PUT,8.0
2026-08-19,6,680.0,PUT,16.0
2026-08-19,6,682.5,PUT,2.0
2026-08-19,6,685.0,PUT,5.0
2026-08-19,6,687.5,PUT,23.0
2026-08-19,6,690.0,PUT,28.0
2026-08-19,6,692.5,PUT,9.0
2026-08-19,6,695.0,PUT,8.0
2026-08-19,6,697.5,PUT,2.0
2026-08-19,6,700.0,PUT,101.0
2026-08-19,6,705.0,PUT,3.0
2026-08-19,6,707.5,PUT,19.0
2026-08-19,6,710.0,PUT,24.0
2026-08-19,6,712.5,PUT,30.0
2026-08-19,6,715.0,PUT,20.0
2026-08-19,6,717.5,PUT,4.0
2026-08-19,6,720.0,PUT,26.0
2026-08-19,6,722.5,PUT,9.0
2026-08-19,6,725.0,PUT,18.0
2026-08-19,6,727.5,PUT,12.0
2026-08-19,6,730.0,PUT,29.0
2026-08-19,6,735.0,PUT,29.0
2026-08-19,6,737.5,PUT,16.0
2026-08-19,6,740.0,PUT,17.0
2026-08-19,6,745.0,PUT,14.0
2026-08-19,6,747.5,PUT,8.0
2026-08-19,6,750.0,PUT,117.0
2026-08-19,6,755.0,PUT,33.0
2026-08-19,6,760.0,PUT,40.0
2026-08-19,6,765.0,PUT,53.0
2026-08-19,6,770.0,PUT,68.0
2026-08-19,6,775.0,PUT,73.0
2026-08-19,6,780.0,PUT,46.0
2026-08-19,6,785.0,PUT,25.0
2026-08-19,6,790.0,PUT,102.0
2026-08-19,6,795.0,PUT,35.0
2026-08-19,6,800.0,PUT,178.0
2026-08-19,6,805.0,PUT,14.0
2026-08-19,6,810.0,PUT,37.0
2026-08-19,6,815.0,PUT,27.0
2026-08-19,6,820.0,PUT,83.0
2026-08-19,6,825.0,PUT,42.0
2026-08-19,6,830.0,PUT,36.0
2026-08-19,6,835.0,PUT,39.0
2026-08-19,6,840.0,PUT,40.0
2026-08-19,6,845.0,PUT,36.0
2026-08-19,6,850.0,PUT,234.0
2026-08-19,6,855.0,PUT,20.0
2026-08-19,6,860.0,PUT,57.0
2026-08-19,6,865.0,PUT,30.0
2026-08-19,6,870.0,PUT,269.0
2026-08-19,6,875.0,PUT,43.0
2026-08-19,6,880.0,PUT,116.0
2026-08-19,6,885.0,PUT,20.0
2026-08-19,6,890.0,PUT,102.0
2026-08-19,6,895.0,PUT,24.0
2026-08-19,6,900.0,PUT,149.0
2026-08-19,6,905.0,PUT,49.0
2026-08-19,6,910.0,PUT,43.0
2026-08-19,6,915.0,PUT,163.0
2026-08-19,6,920.0,PUT,16.0
2026-08-19,6,930.0,PUT,25.0
2026-08-19,6,935.0,PUT,72.0
2026-08-19,6,945.0,PUT,7.0
2026-08-19,6,950.0,PUT,43.0
2026-08-19,6,970.0,PUT,8.0
2026-08-19,6,995.0,PUT,1.0
2026-08-19,6,1005.0,PUT,1.0
2026-08-19,6,1010.0,PUT,1.0
2026-08-19,6,1050.0,PUT,3.0
2026-08-19,6,1140.0,PUT,1.0
2026-08-19,6,1175.0,PUT,0.0
2026-08-21,8,5.0,CALL,1361.0
2026-08-21,8,10.0,CALL,20.0
2026-08-21,8,15.0,CALL,4.0
2026-08-21,8,20.0,CALL,4.0
2026-08-21,8,25.0,CALL,8.0
2026-08-21,8,30.0,CALL,4.0
2026-08-21,8,35.0,CALL,3.0
2026-08-21,8,45.0,CALL,29.0
2026-08-21,8,50.0,CALL,1.0
2026-08-21,8,60.0,CALL,143.0
2026-08-21,8,65.0,CALL,25.0
2026-08-21,8,70.0,CALL,8.0
2026-08-21,8,75.0,CALL,14.0
2026-08-21,8,80.0,CALL,13.0
2026-08-21,8,85.0,CALL,35.0
2026-08-21,8,90.0,CALL,21.0
2026-08-21,8,95.0,CALL,24.0
2026-08-21,8,100.0,CALL,46.0
2026-08-21,8,105.0,CALL,7.0
2026-08-21,8,110.0,CALL,61.0
2026-08-21,8,115.0,CALL,65.0
2026-08-21,8,120.0,CALL,845.0
2026-08-21,8,125.0,CALL,129.0
2026-08-21,8,130.0,CALL,87.0
2026-08-21,8,135.0,CALL,78.0
2026-08-21,8,140.0,CALL,56.0
2026-08-21,8,145.0,CALL,49.0
2026-08-21,8,150.0,CALL,82.0
2026-08-21,8,155.0,CALL,81.0
2026-08-21,8,160.0,CALL,100.0
2026-08-21,8,165.0,CALL,85.0
2026-08-21,8,170.0,CALL,123.0
2026-08-21,8,175.0,CALL,0.0
2026-08-21,8,180.0,CALL,257.0
2026-08-21,8,185.0,CALL,73.0
2026-08-21,8,190.0,CALL,109.0
2026-08-21,8,195.0,CALL,148.0
2026-08-21,8,200.0,CALL,137.0
2026-08-21,8,210.0,CALL,191.0
2026-08-21,8,220.0,CALL,138.0
2026-08-21,8,230.0,CALL,363.0
2026-08-21,8,240.0,CALL,215.0
2026-08-21,8,250.0,CALL,570.0
2026-08-21,8,260.0,CALL,675.0
2026-08-21,8,270.0,CALL,261.0
2026-08-21,8,280.0,CALL,375.0
2026-08-21,8,290.0,CALL,168.0
2026-08-21,8,300.0,CALL,439.0
2026-08-21,8,310.0,CALL,395.0
2026-08-21,8,320.0,CALL,220.0
2026-08-21,8,330.0,CALL,203.0
2026-08-21,8,340.0,CALL,273.0
2026-08-21,8,350.0,CALL,422.0
2026-08-21,8,360.0,CALL,1031.0
2026-08-21,8,370.0,CALL,512.0
2026-08-21,8,380.0,CALL,401.0
2026-08-21,8,390.0,CALL,242.0
2026-08-21,8,400.0,CALL,405.0
2026-08-21,8,410.0,CALL,292.0
2026-08-21,8,420.0,CALL,758.0
2026-08-21,8,430.0,CALL,413.0
2026-08-21,8,440.0,CALL,858.0
2026-08-21,8,450.0,CALL,506.0
2026-08-21,8,460.0,CALL,332.0
2026-08-21,8,470.0,CALL,610.0
2026-08-21,8,480.0,CALL,394.0
2026-08-21,8,490.0,CALL,587.0
2026-08-21,8,500.0,CALL,1571.0
2026-08-21,8,510.0,CALL,1004.0
2026-08-21,8,520.0,CALL,484.0
2026-08-21,8,530.0,CALL,499.0
2026-08-21,8,540.0,CALL,461.0
2026-08-21,8,550.0,CALL,613.0
2026-08-21,8,560.0,CALL,293.0
2026-08-21,8,570.0,CALL,304.0
2026-08-21,8,580.0,CALL,277.0
2026-08-21,8,590.0,CALL,241.0
2026-08-21,8,600.0,CALL,1823.0
2026-08-21,8,610.0,CALL,415.0
2026-08-21,8,620.0,CALL,467.0
2026-08-21,8,630.0,CALL,287.0
2026-08-21,8,640.0,CALL,598.0
2026-08-21,8,650.0,CALL,827.0
2026-08-21,8,660.0,CALL,220.0
2026-08-21,8,670.0,CALL,274.0
2026-08-21,8,680.0,CALL,217.0
2026-08-21,8,690.0,CALL,299.0
2026-08-21,8,700.0,CALL,989.0
2026-08-21,8,710.0,CALL,719.0
2026-08-21,8,720.0,CALL,354.0
2026-08-21,8,730.0,CALL,620.0
2026-08-21,8,740.0,CALL,409.0
2026-08-21,8,750.0,CALL,861.0
2026-08-21,8,760.0,CALL,370.0
2026-08-21,8,770.0,CALL,206.0
2026-08-21,8,780.0,CALL,481.0
2026-08-21,8,790.0,CALL,202.0
2026-08-21,8,795.0,CALL,102.0
2026-08-21,8,800.0,CALL,1600.0
2026-08-21,8,805.0,CALL,138.0
2026-08-21,8,810.0,CALL,404.0
2026-08-21,8,815.0,CALL,110.0
2026-08-21,8,820.0,CALL,776.0
2026-08-21,8,825.0,CALL,70.0
2026-08-21,8,830.0,CALL,720.0
2026-08-21,8,835.0,CALL,173.0
2026-08-21,8,840.0,CALL,639.0
2026-08-21,8,845.0,CALL,149.0
2026-08-21,8,850.0,CALL,2031.0
2026-08-21,8,855.0,CALL,226.0
2026-08-21,8,860.0,CALL,549.0
2026-08-21,8,865.0,CALL,148.0
2026-08-21,8,870.0,CALL,1069.0
2026-08-21,8,875.0,CALL,236.0
2026-08-21,8,880.0,CALL,1513.0
2026-08-21,8,885.0,CALL,177.0
2026-08-21,8,890.0,CALL,1825.0
2026-08-21,8,895.0,CALL,430.0
2026-08-21,8,900.0,CALL,3442.0
2026-08-21,8,905.0,CALL,343.0
2026-08-21,8,910.0,CALL,1421.0
2026-08-21,8,915.0,CALL,546.0
2026-08-21,8,920.0,CALL,1267.0
2026-08-21,8,925.0,CALL,729.0
2026-08-21,8,930.0,CALL,1426.0
2026-08-21,8,935.0,CALL,309.0
2026-08-21,8,940.0,CALL,1150.0
2026-08-21,8,945.0,CALL,535.0
2026-08-21,8,950.0,CALL,5526.0
2026-08-21,8,955.0,CALL,209.0
2026-08-21,8,957.5,CALL,114.0
2026-08-21,8,960.0,CALL,1240.0
2026-08-21,8,962.5,CALL,81.0
2026-08-21,8,965.0,CALL,695.0
2026-08-21,8,970.0,CALL,846.0
2026-08-21,8,975.0,CALL,315.0
2026-08-21,8,980.0,CALL,5211.0
2026-08-21,8,985.0,CALL,245.0
2026-08-21,8,990.0,CALL,7120.0
2026-08-21,8,995.0,CALL,372.0
2026-08-21,8,1000.0,CALL,8734.0
2026-08-21,8,1005.0,CALL,287.0
2026-08-21,8,1010.0,CALL,882.0
2026-08-21,8,1020.0,CALL,1205.0
2026-08-21,8,1030.0,CALL,2061.0
2026-08-21,8,1040.0,CALL,657.0
2026-08-21,8,1050.0,CALL,3944.0
2026-08-21,8,1060.0,CALL,1262.0
2026-08-21,8,1070.0,CALL,639.0
2026-08-21,8,1080.0,CALL,4650.0
2026-08-21,8,1090.0,CALL,626.0
2026-08-21,8,1100.0,CALL,10681.0
2026-08-21,8,1110.0,CALL,1187.0
2026-08-21,8,1120.0,CALL,605.0
2026-08-21,8,1130.0,CALL,495.0
2026-08-21,8,1140.0,CALL,531.0
2026-08-21,8,1150.0,CALL,2750.0
2026-08-21,8,1160.0,CALL,453.0
2026-08-21,8,1170.0,CALL,842.0
2026-08-21,8,1180.0,CALL,910.0
2026-08-21,8,1190.0,CALL,7137.0
2026-08-21,8,1200.0,CALL,8625.0
2026-08-21,8,1210.0,CALL,871.0
2026-08-21,8,1220.0,CALL,552.0
2026-08-21,8,1230.0,CALL,453.0
2026-08-21,8,1240.0,CALL,295.0
2026-08-21,8,1250.0,CALL,1948.0
2026-08-21,8,1260.0,CALL,768.0
2026-08-21,8,1270.0,CALL,520.0
2026-08-21,8,1280.0,CALL,1110.0
2026-08-21,8,1290.0,CALL,371.0
2026-08-21,8,1300.0,CALL,2932.0
2026-08-21,8,1310.0,CALL,351.0
2026-08-21,8,1320.0,CALL,498.0
2026-08-21,8,1330.0,CALL,422.0
2026-08-21,8,1340.0,CALL,294.0
2026-08-21,8,1350.0,CALL,2103.0
2026-08-21,8,1360.0,CALL,412.0
2026-08-21,8,1370.0,CALL,280.0
2026-08-21,8,1380.0,CALL,234.0
2026-08-21,8,1390.0,CALL,225.0
2026-08-21,8,1400.0,CALL,3582.0
2026-08-21,8,1410.0,CALL,306.0
2026-08-21,8,1420.0,CALL,1040.0
2026-08-21,8,1430.0,CALL,191.0
2026-08-21,8,1440.0,CALL,458.0
2026-08-21,8,1450.0,CALL,1162.0
2026-08-21,8,1460.0,CALL,189.0
2026-08-21,8,1470.0,CALL,318.0
2026-08-21,8,1480.0,CALL,370.0
2026-08-21,8,1490.0,CALL,429.0
2026-08-21,8,1500.0,CALL,7538.0
2026-08-21,8,1510.0,CALL,382.0
2026-08-21,8,1520.0,CALL,350.0
2026-08-21,8,1530.0,CALL,315.0
2026-08-21,8,1540.0,CALL,229.0
2026-08-21,8,1550.0,CALL,901.0
2026-08-21,8,1560.0,CALL,534.0
2026-08-21,8,1570.0,CALL,874.0
2026-08-21,8,1580.0,CALL,276.0
2026-08-21,8,1590.0,CALL,294.0
2026-08-21,8,1600.0,CALL,2709.0
2026-08-21,8,1610.0,CALL,600.0
2026-08-21,8,1620.0,CALL,319.0
2026-08-21,8,1630.0,CALL,379.0
2026-08-21,8,1640.0,CALL,244.0
2026-08-21,8,1650.0,CALL,498.0
2026-08-21,8,1660.0,CALL,228.0
2026-08-21,8,1670.0,CALL,263.0
2026-08-21,8,1680.0,CALL,190.0
2026-08-21,8,1690.0,CALL,528.0
2026-08-21,8,1700.0,CALL,2213.0
2026-08-21,8,1710.0,CALL,275.0
2026-08-21,8,1720.0,CALL,180.0
2026-08-21,8,1730.0,CALL,145.0
2026-08-21,8,1740.0,CALL,357.0
2026-08-21,8,1750.0,CALL,603.0
2026-08-21,8,1760.0,CALL,816.0
2026-08-21,8,1770.0,CALL,545.0
2026-08-21,8,1780.0,CALL,494.0
2026-08-21,8,1790.0,CALL,898.0
2026-08-21,8,1800.0,CALL,2881.0
2026-08-21,8,1810.0,CALL,513.0
2026-08-21,8,1820.0,CALL,498.0
2026-08-21,8,1830.0,CALL,733.0
2026-08-21,8,1840.0,CALL,150.0
2026-08-21,8,1850.0,CALL,244.0
2026-08-21,8,1860.0,CALL,807.0
2026-08-21,8,1870.0,CALL,688.0
2026-08-21,8,1880.0,CALL,864.0
2026-08-21,8,1890.0,CALL,578.0
2026-08-21,8,1900.0,CALL,985.0
2026-08-21,8,1910.0,CALL,263.0
2026-08-21,8,1920.0,CALL,476.0
2026-08-21,8,1930.0,CALL,405.0
2026-08-21,8,1940.0,CALL,486.0
2026-08-21,8,1950.0,CALL,534.0
2026-08-21,8,1960.0,CALL,71.0
2026-08-21,8,1970.0,CALL,159.0
2026-08-21,8,1980.0,CALL,271.0
2026-08-21,8,1990.0,CALL,114.0
2026-08-21,8,2000.0,CALL,4734.0
2026-08-21,8,2010.0,CALL,94.0
2026-08-21,8,2020.0,CALL,1136.0
2026-08-21,8,2030.0,CALL,653.0
2026-08-21,8,2040.0,CALL,678.0
2026-08-21,8,2050.0,CALL,571.0
2026-08-21,8,2060.0,CALL,410.0
2026-08-21,8,2070.0,CALL,171.0
2026-08-21,8,2080.0,CALL,117.0
2026-08-21,8,2090.0,CALL,137.0
2026-08-21,8,2100.0,CALL,270.0
2026-08-21,8,2110.0,CALL,320.0
2026-08-21,8,2120.0,CALL,583.0
2026-08-21,8,2130.0,CALL,138.0
2026-08-21,8,2140.0,CALL,238.0
2026-08-21,8,2150.0,CALL,238.0
2026-08-21,8,2160.0,CALL,180.0
2026-08-21,8,2170.0,CALL,923.0
2026-08-21,8,2180.0,CALL,271.0
2026-08-21,8,2190.0,CALL,103.0
2026-08-21,8,2200.0,CALL,1044.0
2026-08-21,8,2210.0,CALL,99.0
2026-08-21,8,2220.0,CALL,136.0
2026-08-21,8,2230.0,CALL,713.0
2026-08-21,8,2240.0,CALL,10.0
2026-08-21,8,2250.0,CALL,501.0
2026-08-21,8,2260.0,CALL,18.0
2026-08-21,8,2270.0,CALL,15.0
2026-08-21,8,2280.0,CALL,13.0
2026-08-21,8,2290.0,CALL,130.0
2026-08-21,8,2300.0,CALL,170.0
2026-08-21,8,2310.0,CALL,278.0
2026-08-21,8,2320.0,CALL,119.0
2026-08-21,8,2330.0,CALL,18.0
2026-08-21,8,2340.0,CALL,52.0
2026-08-21,8,2350.0,CALL,106.0
2026-08-21,8,2360.0,CALL,116.0
2026-08-21,8,2370.0,CALL,111.0
2026-08-21,8,2380.0,CALL,119.0
2026-08-21,8,2390.0,CALL,123.0
2026-08-21,8,2400.0,CALL,511.0
2026-08-21,8,2410.0,CALL,118.0
2026-08-21,8,2420.0,CALL,910.0
2026-08-21,8,2440.0,CALL,319.0
2026-08-21,8,2460.0,CALL,164.0
2026-08-21,8,2480.0,CALL,703.0
2026-08-21,8,2500.0,CALL,1727.0
2026-08-21,8,5.0,PUT,102.0
2026-08-21,8,10.0,PUT,114.0
2026-08-21,8,15.0,PUT,60.0
2026-08-21,8,20.0,PUT,169.0
2026-08-21,8,25.0,PUT,129.0
2026-08-21,8,30.0,PUT,392.0
2026-08-21,8,35.0,PUT,1171.0
2026-08-21,8,40.0,PUT,395.0
2026-08-21,8,45.0,PUT,1333.0
2026-08-21,8,50.0,PUT,667.0
2026-08-21,8,55.0,PUT,1051.0
2026-08-21,8,60.0,PUT,1627.0
2026-08-21,8,65.0,PUT,2970.0
2026-08-21,8,70.0,PUT,640.0
2026-08-21,8,75.0,PUT,864.0
2026-08-21,8,80.0,PUT,1150.0
2026-08-21,8,85.0,PUT,3062.0
2026-08-21,8,90.0,PUT,896.0
2026-08-21,8,95.0,PUT,816.0
2026-08-21,8,100.0,PUT,2342.0
2026-08-21,8,105.0,PUT,1677.0
2026-08-21,8,110.0,PUT,2955.0
2026-08-21,8,115.0,PUT,728.0
2026-08-21,8,120.0,PUT,1250.0
2026-08-21,8,125.0,PUT,1564.0
2026-08-21,8,130.0,PUT,1147.0
2026-08-21,8,135.0,PUT,559.0
2026-08-21,8,140.0,PUT,892.0
2026-08-21,8,145.0,PUT,612.0
2026-08-21,8,150.0,PUT,304.0
2026-08-21,8,155.0,PUT,1553.0
2026-08-21,8,160.0,PUT,793.0
2026-08-21,8,165.0,PUT,1251.0
2026-08-21,8,170.0,PUT,1018.0
2026-08-21,8,175.0,PUT,578.0
2026-08-21,8,180.0,PUT,888.0
2026-08-21,8,185.0,PUT,871.0
2026-08-21,8,190.0,PUT,891.0
2026-08-21,8,195.0,PUT,972.0
2026-08-21,8,200.0,PUT,2113.0
2026-08-21,8,210.0,PUT,479.0
2026-08-21,8,220.0,PUT,1617.0
2026-08-21,8,230.0,PUT,1895.0
2026-08-21,8,240.0,PUT,1584.0
2026-08-21,8,250.0,PUT,3490.0
2026-08-21,8,260.0,PUT,2456.0
2026-08-21,8,270.0,PUT,1986.0
2026-08-21,8,280.0,PUT,3195.0
2026-08-21,8,290.0,PUT,3207.0
2026-08-21,8,300.0,PUT,5339.0
2026-08-21,8,310.0,PUT,2178.0
2026-08-21,8,320.0,PUT,3445.0
2026-08-21,8,330.0,PUT,1201.0
2026-08-21,8,340.0,PUT,994.0
2026-08-21,8,350.0,PUT,2287.0
2026-08-21,8,360.0,PUT,736.0
2026-08-21,8,370.0,PUT,1766.0
2026-08-21,8,380.0,PUT,1839.0
2026-08-21,8,390.0,PUT,1460.0
2026-08-21,8,400.0,PUT,2973.0
2026-08-21,8,410.0,PUT,1407.0
2026-08-21,8,420.0,PUT,1910.0
2026-08-21,8,430.0,PUT,906.0
2026-08-21,8,440.0,PUT,2311.0
2026-08-21,8,450.0,PUT,5371.0
2026-08-21,8,460.0,PUT,658.0
2026-08-21,8,470.0,PUT,1049.0
2026-08-21,8,480.0,PUT,734.0
2026-08-21,8,490.0,PUT,630.0
2026-08-21,8,500.0,PUT,4070.0
2026-08-21,8,510.0,PUT,738.0
2026-08-21,8,520.0,PUT,1286.0
2026-08-21,8,530.0,PUT,584.0
2026-08-21,8,540.0,PUT,1398.0
2026-08-21,8,550.0,PUT,13501.0
2026-08-21,8,560.0,PUT,525.0
2026-08-21,8,570.0,PUT,731.0
2026-08-21,8,580.0,PUT,491.0
2026-08-21,8,590.0,PUT,983.0
2026-08-21,8,600.0,PUT,10036.0
2026-08-21,8,610.0,PUT,1014.0
2026-08-21,8,620.0,PUT,1916.0
2026-08-21,8,630.0,PUT,2630.0
2026-08-21,8,640.0,PUT,2093.0
2026-08-21,8,650.0,PUT,3508.0
2026-08-21,8,660.0,PUT,1281.0
2026-08-21,8,670.0,PUT,1983.0
2026-08-21,8,680.0,PUT,1643.0
2026-08-21,8,690.0,PUT,1251.0
2026-08-21,8,700.0,PUT,9919.0
2026-08-21,8,710.0,PUT,1210.0
2026-08-21,8,720.0,PUT,3288.0
2026-08-21,8,730.0,PUT,1402.0
2026-08-21,8,740.0,PUT,1498.0
2026-08-21,8,750.0,PUT,5399.0
2026-08-21,8,760.0,PUT,1930.0
2026-08-21,8,770.0,PUT,1808.0
2026-08-21,8,780.0,PUT,2005.0
2026-08-21,8,790.0,PUT,1230.0
2026-08-21,8,795.0,PUT,364.0
2026-08-21,8,800.0,PUT,7861.0
2026-08-21,8,805.0,PUT,282.0
2026-08-21,8,810.0,PUT,936.0
2026-08-21,8,815.0,PUT,383.0
2026-08-21,8,820.0,PUT,1952.0
2026-08-21,8,825.0,PUT,1105.0
2026-08-21,8,830.0,PUT,3398.0
2026-08-21,8,835.0,PUT,365.0
2026-08-21,8,840.0,PUT,1729.0
2026-08-21,8,845.0,PUT,580.0
2026-08-21,8,850.0,PUT,5701.0
2026-08-21,8,855.0,PUT,771.0
2026-08-21,8,860.0,PUT,1564.0
2026-08-21,8,865.0,PUT,277.0
2026-08-21,8,870.0,PUT,1799.0
2026-08-21,8,875.0,PUT,467.0
2026-08-21,8,880.0,PUT,1422.0
2026-08-21,8,885.0,PUT,382.0
2026-08-21,8,890.0,PUT,1085.0
2026-08-21,8,895.0,PUT,361.0
2026-08-21,8,900.0,PUT,4645.0
2026-08-21,8,905.0,PUT,199.0
2026-08-21,8,910.0,PUT,481.0
2026-08-21,8,915.0,PUT,396.0
2026-08-21,8,920.0,PUT,1038.0
2026-08-21,8,925.0,PUT,242.0
2026-08-21,8,930.0,PUT,2064.0
2026-08-21,8,935.0,PUT,120.0
2026-08-21,8,940.0,PUT,698.0
2026-08-21,8,945.0,PUT,117.0
2026-08-21,8,950.0,PUT,2528.0
2026-08-21,8,955.0,PUT,39.0
2026-08-21,8,957.5,PUT,13.0
2026-08-21,8,960.0,PUT,436.0
2026-08-21,8,962.5,PUT,6.0
2026-08-21,8,965.0,PUT,107.0
2026-08-21,8,970.0,PUT,433.0
2026-08-21,8,975.0,PUT,43.0
2026-08-21,8,980.0,PUT,4724.0
2026-08-21,8,985.0,PUT,10.0
2026-08-21,8,990.0,PUT,6749.0
2026-08-21,8,995.0,PUT,14.0
2026-08-21,8,1000.0,PUT,4624.0
2026-08-21,8,1005.0,PUT,17.0
2026-08-21,8,1010.0,PUT,334.0
2026-08-21,8,1020.0,PUT,654.0
2026-08-21,8,1030.0,PUT,444.0
2026-08-21,8,1040.0,PUT,219.0
2026-08-21,8,1050.0,PUT,658.0
2026-08-21,8,1060.0,PUT,138.0
2026-08-21,8,1070.0,PUT,243.0
2026-08-21,8,1080.0,PUT,303.0
2026-08-21,8,1090.0,PUT,274.0
2026-08-21,8,1100.0,PUT,1327.0
2026-08-21,8,1110.0,PUT,173.0
2026-08-21,8,1120.0,PUT,258.0
2026-08-21,8,1130.0,PUT,251.0
2026-08-21,8,1140.0,PUT,165.0
2026-08-21,8,1150.0,PUT,1082.0
2026-08-21,8,1160.0,PUT,177.0
2026-08-21,8,1170.0,PUT,200.0
2026-08-21,8,1180.0,PUT,130.0
2026-08-21,8,1190.0,PUT,11783.0
2026-08-21,8,1200.0,PUT,388.0
2026-08-21,8,1210.0,PUT,11.0
2026-08-21,8,1220.0,PUT,7.0
2026-08-21,8,1230.0,PUT,2.0
2026-08-21,8,1240.0,PUT,0.0
2026-08-21,8,1250.0,PUT,9.0
2026-08-21,8,1260.0,PUT,5.0
2026-08-21,8,1270.0,PUT,3.0
2026-08-21,8,1280.0,PUT,1.0
2026-08-21,8,1290.0,PUT,7.0
2026-08-21,8,1300.0,PUT,1.0
2026-08-21,8,1310.0,PUT,0.0
2026-08-21,8,1320.0,PUT,17.0
2026-08-21,8,1330.0,PUT,0.0
2026-08-21,8,1340.0,PUT,0.0
2026-08-21,8,1350.0,PUT,0.0
2026-08-21,8,1360.0,PUT,0.0
2026-08-21,8,1370.0,PUT,0.0
2026-08-21,8,1380.0,PUT,15.0
2026-08-21,8,1390.0,PUT,0.0
2026-08-21,8,1400.0,PUT,0.0
2026-08-21,8,1410.0,PUT,0.0
2026-08-21,8,1420.0,PUT,0.0
2026-08-21,8,1430.0,PUT,17.0
2026-08-21,8,1440.0,PUT,0.0
2026-08-21,8,1450.0,PUT,0.0
2026-08-21,8,1460.0,PUT,0.0
2026-08-21,8,1470.0,PUT,16.0
2026-08-21,8,1480.0,PUT,10.0
2026-08-21,8,1490.0,PUT,0.0
2026-08-21,8,1500.0,PUT,1.0
2026-08-21,8,1510.0,PUT,0.0
2026-08-21,8,1520.0,PUT,0.0
2026-08-21,8,1530.0,PUT,0.0
2026-08-21,8,1540.0,PUT,4.0
2026-08-21,8,1550.0,PUT,0.0
2026-08-21,8,1560.0,PUT,8.0
2026-08-21,8,1570.0,PUT,1.0
2026-08-21,8,1580.0,PUT,0.0
2026-08-21,8,1590.0,PUT,4.0
2026-08-21,8,1600.0,PUT,0.0
2026-08-21,8,1610.0,PUT,0.0
2026-08-21,8,1620.0,PUT,0.0
2026-08-21,8,1630.0,PUT,0.0
2026-08-21,8,1640.0,PUT,0.0
2026-08-21,8,1650.0,PUT,0.0
2026-08-21,8,1660.0,PUT,1.0
2026-08-21,8,1670.0,PUT,1.0
2026-08-21,8,1680.0,PUT,0.0
2026-08-21,8,1690.0,PUT,0.0
2026-08-21,8,1700.0,PUT,0.0
2026-08-21,8,1710.0,PUT,0.0
2026-08-21,8,1720.0,PUT,0.0
2026-08-21,8,1730.0,PUT,0.0
2026-08-21,8,1740.0,PUT,0.0
2026-08-21,8,1750.0,PUT,0.0
2026-08-21,8,1760.0,PUT,0.0
2026-08-21,8,1770.0,PUT,0.0
2026-08-21,8,1780.0,PUT,0.0
2026-08-21,8,1790.0,PUT,0.0
2026-08-21,8,1800.0,PUT,0.0
2026-08-21,8,1810.0,PUT,0.0
2026-08-21,8,1820.0,PUT,0.0
2026-08-21,8,1830.0,PUT,0.0
2026-08-21,8,1840.0,PUT,0.0
2026-08-21,8,1850.0,PUT,0.0
2026-08-21,8,1860.0,PUT,0.0
2026-08-21,8,1870.0,PUT,0.0
2026-08-21,8,1880.0,PUT,0.0
2026-08-21,8,1890.0,PUT,0.0
2026-08-21,8,1900.0,PUT,0.0
2026-08-21,8,1910.0,PUT,0.0
2026-08-21,8,1920.0,PUT,0.0
2026-08-21,8,1930.0,PUT,0.0
2026-08-21,8,1940.0,PUT,0.0
2026-08-21,8,1950.0,PUT,0.0
2026-08-21,8,1960.0,PUT,0.0
2026-08-21,8,1990.0,PUT,0.0
2026-08-21,8,2000.0,PUT,0.0
2026-08-21,8,2050.0,PUT,0.0
2026-08-21,8,2100.0,PUT,0.0
2026-08-21,8,2120.0,PUT,0.0
2026-08-21,8,2150.0,PUT,0.0
2026-08-21,8,2170.0,PUT,0.0
2026-08-21,8,2220.0,PUT,0.0
2026-08-21,8,2300.0,PUT,0.0
2026-08-21,8,2340.0,PUT,0.0
2026-08-21,8,2350.0,PUT,0.0
2026-08-21,8,2360.0,PUT,0.0
2026-08-21,8,2390.0,PUT,0.0
2026-08-21,8,2400.0,PUT,0.0
2026-08-21,8,2420.0,PUT,0.0
2026-08-21,8,2500.0,PUT,0.0
2026-08-28,15,240.0,CALL,2.0
2026-08-28,15,275.0,CALL,0.0
2026-08-28,15,310.0,CALL,2.0
2026-08-28,15,315.0,CALL,1.0
2026-08-28,15,320.0,CALL,1.0
2026-08-28,15,335.0,CALL,1.0
2026-08-28,15,340.0,CALL,1.0
2026-08-28,15,350.0,CALL,1.0
2026-08-28,15,360.0,CALL,1.0
2026-08-28,15,370.0,CALL,1.0
2026-08-28,15,380.0,CALL,0.0
2026-08-28,15,390.0,CALL,2.0
2026-08-28,15,400.0,CALL,20.0
2026-08-28,15,405.0,CALL,5.0
2026-08-28,15,430.0,CALL,1.0
2026-08-28,15,450.0,CALL,1.0
2026-08-28,15,455.0,CALL,4.0
2026-08-28,15,470.0,CALL,2.0
2026-08-28,15,480.0,CALL,3.0
2026-08-28,15,500.0,CALL,1.0
2026-08-28,15,510.0,CALL,1.0
2026-08-28,15,515.0,CALL,1.0
2026-08-28,15,520.0,CALL,12.0
2026-08-28,15,525.0,CALL,16.0
2026-08-28,15,530.0,CALL,6.0
2026-08-28,15,535.0,CALL,1.0
2026-08-28,15,540.0,CALL,9.0
2026-08-28,15,545.0,CALL,6.0
2026-08-28,15,550.0,CALL,8.0
2026-08-28,15,560.0,CALL,4.0
2026-08-28,15,565.0,CALL,14.0
2026-08-28,15,575.0,CALL,1.0
2026-08-28,15,580.0,CALL,23.0
2026-08-28,15,585.0,CALL,11.0
2026-08-28,15,590.0,CALL,3.0
2026-08-28,15,595.0,CALL,5.0
2026-08-28,15,600.0,CALL,12.0
2026-08-28,15,605.0,CALL,3.0
2026-08-28,15,610.0,CALL,6.0
2026-08-28,15,615.0,CALL,33.0
2026-08-28,15,620.0,CALL,26.0
2026-08-28,15,625.0,CALL,3.0
2026-08-28,15,630.0,CALL,4.0
2026-08-28,15,640.0,CALL,15.0
2026-08-28,15,645.0,CALL,13.0
2026-08-28,15,650.0,CALL,19.0
2026-08-28,15,655.0,CALL,0.0
2026-08-28,15,660.0,CALL,5.0
2026-08-28,15,665.0,CALL,11.0
2026-08-28,15,670.0,CALL,6.0
2026-08-28,15,675.0,CALL,3.0
2026-08-28,15,680.0,CALL,11.0
2026-08-28,15,685.0,CALL,1.0
2026-08-28,15,690.0,CALL,1.0
2026-08-28,15,700.0,CALL,312.0
2026-08-28,15,705.0,CALL,5.0
2026-08-28,15,710.0,CALL,5.0
2026-08-28,15,715.0,CALL,5.0
2026-08-28,15,720.0,CALL,6.0
2026-08-28,15,725.0,CALL,33.0
2026-08-28,15,730.0,CALL,19.0
2026-08-28,15,735.0,CALL,12.0
2026-08-28,15,740.0,CALL,14.0
2026-08-28,15,745.0,CALL,13.0
2026-08-28,15,750.0,CALL,74.0
2026-08-28,15,755.0,CALL,16.0
2026-08-28,15,760.0,CALL,33.0
2026-08-28,15,765.0,CALL,44.0
2026-08-28,15,770.0,CALL,48.0
2026-08-28,15,775.0,CALL,40.0
2026-08-28,15,780.0,CALL,104.0
2026-08-28,15,785.0,CALL,26.0
2026-08-28,15,790.0,CALL,63.0
2026-08-28,15,795.0,CALL,36.0
2026-08-28,15,800.0,CALL,174.0
2026-08-28,15,805.0,CALL,37.0
2026-08-28,15,810.0,CALL,80.0
2026-08-28,15,815.0,CALL,38.0
2026-08-28,15,820.0,CALL,167.0
2026-08-28,15,825.0,CALL,165.0
2026-08-28,15,830.0,CALL,82.0
2026-08-28,15,835.0,CALL,52.0
2026-08-28,15,840.0,CALL,43.0
2026-08-28,15,845.0,CALL,38.0
2026-08-28,15,850.0,CALL,329.0
2026-08-28,15,855.0,CALL,262.0
2026-08-28,15,860.0,CALL,177.0
2026-08-28,15,865.0,CALL,350.0
2026-08-28,15,870.0,CALL,114.0
2026-08-28,15,875.0,CALL,116.0
2026-08-28,15,880.0,CALL,121.0
2026-08-28,15,885.0,CALL,183.0
2026-08-28,15,890.0,CALL,136.0
2026-08-28,15,895.0,CALL,99.0
2026-08-28,15,900.0,CALL,733.0
2026-08-28,15,905.0,CALL,113.0
2026-08-28,15,910.0,CALL,303.0
2026-08-28,15,915.0,CALL,91.0
2026-08-28,15,920.0,CALL,416.0
2026-08-28,15,925.0,CALL,153.0
2026-08-28,15,930.0,CALL,304.0
2026-08-28,15,935.0,CALL,245.0
2026-08-28,15,940.0,CALL,201.0
2026-08-28,15,945.0,CALL,77.0
2026-08-28,15,950.0,CALL,452.0
2026-08-28,15,955.0,CALL,206.0
2026-08-28,15,960.0,CALL,159.0
2026-08-28,15,965.0,CALL,192.0
2026-08-28,15,970.0,CALL,123.0
2026-08-28,15,975.0,CALL,82.0
2026-08-28,15,980.0,CALL,234.0
2026-08-28,15,985.0,CALL,71.0
2026-08-28,15,990.0,CALL,124.0
2026-08-28,15,995.0,CALL,110.0
2026-08-28,15,1000.0,CALL,1825.0
2026-08-28,15,1005.0,CALL,623.0
2026-08-28,15,1010.0,CALL,200.0
2026-08-28,15,1015.0,CALL,127.0
2026-08-28,15,1020.0,CALL,182.0
2026-08-28,15,1025.0,CALL,190.0
2026-08-28,15,1030.0,CALL,2066.0
2026-08-28,15,1035.0,CALL,96.0
2026-08-28,15,1040.0,CALL,114.0
2026-08-28,15,1045.0,CALL,37.0
2026-08-28,15,1050.0,CALL,721.0
2026-08-28,15,1055.0,CALL,92.0
2026-08-28,15,1060.0,CALL,75.0
2026-08-28,15,1065.0,CALL,155.0
2026-08-28,15,1070.0,CALL,89.0
2026-08-28,15,1075.0,CALL,94.0
2026-08-28,15,1080.0,CALL,392.0
2026-08-28,15,1085.0,CALL,61.0
2026-08-28,15,1090.0,CALL,113.0
2026-08-28,15,1095.0,CALL,99.0
2026-08-28,15,1100.0,CALL,1048.0
2026-08-28,15,1105.0,CALL,83.0
2026-08-28,15,1110.0,CALL,246.0
2026-08-28,15,1115.0,CALL,74.0
2026-08-28,15,1120.0,CALL,214.0
2026-08-28,15,1125.0,CALL,45.0
2026-08-28,15,1130.0,CALL,1236.0
2026-08-28,15,1135.0,CALL,69.0
2026-08-28,15,1140.0,CALL,210.0
2026-08-28,15,1150.0,CALL,754.0
2026-08-28,15,1160.0,CALL,198.0
2026-08-28,15,1170.0,CALL,115.0
2026-08-28,15,1180.0,CALL,321.0
2026-08-28,15,1190.0,CALL,118.0
2026-08-28,15,1200.0,CALL,854.0
2026-08-28,15,1210.0,CALL,147.0
2026-08-28,15,1220.0,CALL,110.0
2026-08-28,15,1230.0,CALL,88.0
2026-08-28,15,1240.0,CALL,64.0
2026-08-28,15,1250.0,CALL,360.0
2026-08-28,15,1260.0,CALL,171.0
2026-08-28,15,1270.0,CALL,100.0
2026-08-28,15,1280.0,CALL,80.0
2026-08-28,15,1290.0,CALL,46.0
2026-08-28,15,1300.0,CALL,529.0
2026-08-28,15,1310.0,CALL,144.0
2026-08-28,15,1320.0,CALL,506.0
2026-08-28,15,1330.0,CALL,46.0
2026-08-28,15,1340.0,CALL,333.0
2026-08-28,15,1350.0,CALL,100.0
2026-08-28,15,1360.0,CALL,85.0
2026-08-28,15,1370.0,CALL,553.0
2026-08-28,15,1380.0,CALL,58.0
2026-08-28,15,1390.0,CALL,66.0
2026-08-28,15,1400.0,CALL,681.0
2026-08-28,15,1410.0,CALL,160.0
2026-08-28,15,1420.0,CALL,56.0
2026-08-28,15,1430.0,CALL,41.0
2026-08-28,15,1440.0,CALL,114.0
2026-08-28,15,1450.0,CALL,58.0
2026-08-28,15,1460.0,CALL,102.0
2026-08-28,15,1470.0,CALL,70.0
2026-08-28,15,1480.0,CALL,26.0
2026-08-28,15,1490.0,CALL,48.0
2026-08-28,15,1500.0,CALL,336.0
2026-08-28,15,1510.0,CALL,86.0
2026-08-28,15,1520.0,CALL,52.0
2026-08-28,15,1530.0,CALL,4.0
2026-08-28,15,1540.0,CALL,74.0
2026-08-28,15,1550.0,CALL,126.0
2026-08-28,15,1560.0,CALL,37.0
2026-08-28,15,1570.0,CALL,64.0
2026-08-28,15,1580.0,CALL,25.0
2026-08-28,15,1590.0,CALL,29.0
2026-08-28,15,1600.0,CALL,167.0
2026-08-28,15,1610.0,CALL,46.0
2026-08-28,15,1620.0,CALL,12.0
2026-08-28,15,1630.0,CALL,55.0
2026-08-28,15,1640.0,CALL,17.0
2026-08-28,15,1650.0,CALL,62.0
2026-08-28,15,1660.0,CALL,10.0
2026-08-28,15,1670.0,CALL,13.0
2026-08-28,15,1680.0,CALL,31.0
2026-08-28,15,1690.0,CALL,5.0
2026-08-28,15,1700.0,CALL,279.0
2026-08-28,15,1710.0,CALL,13.0
2026-08-28,15,1720.0,CALL,1.0
2026-08-28,15,1730.0,CALL,30.0
2026-08-28,15,1740.0,CALL,13.0
2026-08-28,15,1750.0,CALL,83.0
2026-08-28,15,1760.0,CALL,7.0
2026-08-28,15,1770.0,CALL,42.0
2026-08-28,15,1780.0,CALL,6.0
2026-08-28,15,1790.0,CALL,26.0
2026-08-28,15,1800.0,CALL,122.0
2026-08-28,15,1810.0,CALL,52.0
2026-08-28,15,1820.0,CALL,104.0
2026-08-28,15,1840.0,CALL,1.0
2026-08-28,15,1850.0,CALL,41.0
2026-08-28,15,1860.0,CALL,3.0
2026-08-28,15,1870.0,CALL,0.0
2026-08-28,15,1880.0,CALL,1.0
2026-08-28,15,1890.0,CALL,3.0
2026-08-28,15,1900.0,CALL,69.0
2026-08-28,15,1910.0,CALL,14.0
2026-08-28,15,1920.0,CALL,1.0
2026-08-28,15,1930.0,CALL,1.0
2026-08-28,15,1950.0,CALL,20.0
2026-08-28,15,1960.0,CALL,1.0
2026-08-28,15,1970.0,CALL,6.0
2026-08-28,15,1980.0,CALL,1.0
2026-08-28,15,1990.0,CALL,21.0
2026-08-28,15,2000.0,CALL,88.0
2026-08-28,15,2010.0,CALL,11.0
2026-08-28,15,2020.0,CALL,23.0
2026-08-28,15,2030.0,CALL,83.0
2026-08-28,15,2040.0,CALL,1.0
2026-08-28,15,2050.0,CALL,7.0
2026-08-28,15,2060.0,CALL,4.0
2026-08-28,15,2070.0,CALL,30.0
2026-08-28,15,100.0,PUT,102.0
2026-08-28,15,105.0,PUT,22.0
2026-08-28,15,110.0,PUT,43.0
2026-08-28,15,115.0,PUT,12.0
2026-08-28,15,120.0,PUT,46.0
2026-08-28,15,125.0,PUT,41.0
2026-08-28,15,130.0,PUT,13.0
2026-08-28,15,135.0,PUT,33.0
2026-08-28,15,140.0,PUT,20.0
2026-08-28,15,145.0,PUT,22.0
2026-08-28,15,150.0,PUT,8.0
2026-08-28,15,155.0,PUT,21.0
2026-08-28,15,160.0,PUT,19.0
2026-08-28,15,165.0,PUT,24.0
2026-08-28,15,170.0,PUT,19.0
2026-08-28,15,175.0,PUT,21.0
2026-08-28,15,180.0,PUT,6.0
2026-08-28,15,185.0,PUT,32.0
2026-08-28,15,190.0,PUT,241.0
2026-08-28,15,195.0,PUT,2.0
2026-08-28,15,200.0,PUT,153.0
2026-08-28,15,205.0,PUT,26.0
2026-08-28,15,210.0,PUT,47.0
2026-08-28,15,215.0,PUT,5.0
2026-08-28,15,220.0,PUT,97.0
2026-08-28,15,225.0,PUT,10.0
2026-08-28,15,230.0,PUT,61.0
2026-08-28,15,235.0,PUT,11.0
2026-08-28,15,240.0,PUT,54.0
2026-08-28,15,245.0,PUT,8.0
2026-08-28,15,250.0,PUT,54.0
2026-08-28,15,255.0,PUT,2.0
2026-08-28,15,270.0,PUT,1.0
2026-08-28,15,275.0,PUT,5.0
2026-08-28,15,280.0,PUT,675.0
2026-08-28,15,285.0,PUT,1.0
2026-08-28,15,290.0,PUT,8.0
2026-08-28,15,295.0,PUT,84.0
2026-08-28,15,300.0,PUT,517.0
2026-08-28,15,305.0,PUT,7.0
2026-08-28,15,310.0,PUT,8.0
2026-08-28,15,320.0,PUT,18.0
2026-08-28,15,325.0,PUT,97.0
2026-08-28,15,330.0,PUT,59.0
2026-08-28,15,335.0,PUT,5.0
2026-08-28,15,340.0,PUT,7.0
2026-08-28,15,345.0,PUT,17.0
2026-08-28,15,350.0,PUT,262.0
2026-08-28,15,355.0,PUT,25.0
2026-08-28,15,360.0,PUT,26.0
2026-08-28,15,365.0,PUT,520.0
2026-08-28,15,370.0,PUT,318.0
2026-08-28,15,375.0,PUT,404.0
2026-08-28,15,380.0,PUT,171.0
2026-08-28,15,385.0,PUT,59.0
2026-08-28,15,390.0,PUT,107.0
2026-08-28,15,395.0,PUT,154.0
2026-08-28,15,400.0,PUT,289.0
2026-08-28,15,405.0,PUT,79.0
2026-08-28,15,410.0,PUT,36.0
2026-08-28,15,415.0,PUT,20.0
2026-08-28,15,420.0,PUT,55.0
2026-08-28,15,425.0,PUT,52.0
2026-08-28,15,430.0,PUT,39.0
2026-08-28,15,435.0,PUT,7.0
2026-08-28,15,440.0,PUT,176.0
2026-08-28,15,445.0,PUT,35.0
2026-08-28,15,450.0,PUT,420.0
2026-08-28,15,455.0,PUT,20.0
2026-08-28,15,460.0,PUT,70.0
2026-08-28,15,465.0,PUT,28.0
2026-08-28,15,470.0,PUT,54.0
2026-08-28,15,475.0,PUT,26.0
2026-08-28,15,480.0,PUT,194.0
2026-08-28,15,485.0,PUT,27.0
2026-08-28,15,490.0,PUT,68.0
2026-08-28,15,495.0,PUT,60.0
2026-08-28,15,500.0,PUT,452.0
2026-08-28,15,505.0,PUT,73.0
2026-08-28,15,510.0,PUT,63.0
2026-08-28,15,515.0,PUT,43.0
2026-08-28,15,520.0,PUT,60.0
2026-08-28,15,525.0,PUT,179.0
2026-08-28,15,530.0,PUT,95.0
2026-08-28,15,535.0,PUT,82.0
2026-08-28,15,540.0,PUT,128.0
2026-08-28,15,545.0,PUT,63.0
2026-08-28,15,550.0,PUT,313.0
2026-08-28,15,555.0,PUT,136.0
2026-08-28,15,560.0,PUT,154.0
2026-08-28,15,565.0,PUT,413.0
2026-08-28,15,570.0,PUT,63.0
2026-08-28,15,575.0,PUT,119.0
2026-08-28,15,580.0,PUT,150.0
2026-08-28,15,585.0,PUT,115.0
2026-08-28,15,590.0,PUT,297.0
2026-08-28,15,595.0,PUT,309.0
2026-08-28,15,600.0,PUT,767.0
2026-08-28,15,605.0,PUT,66.0
2026-08-28,15,610.0,PUT,180.0
2026-08-28,15,615.0,PUT,50.0
2026-08-28,15,620.0,PUT,137.0
2026-08-28,15,625.0,PUT,254.0
2026-08-28,15,630.0,PUT,146.0
2026-08-28,15,635.0,PUT,94.0
2026-08-28,15,640.0,PUT,180.0
2026-08-28,15,645.0,PUT,111.0
2026-08-28,15,650.0,PUT,785.0
2026-08-28,15,655.0,PUT,88.0
2026-08-28,15,660.0,PUT,334.0
2026-08-28,15,665.0,PUT,106.0
2026-08-28,15,670.0,PUT,231.0
2026-08-28,15,675.0,PUT,186.0
2026-08-28,15,680.0,PUT,183.0
2026-08-28,15,685.0,PUT,121.0
2026-08-28,15,690.0,PUT,280.0
2026-08-28,15,695.0,PUT,188.0
2026-08-28,15,700.0,PUT,1260.0
2026-08-28,15,705.0,PUT,127.0
2026-08-28,15,710.0,PUT,595.0
2026-08-28,15,715.0,PUT,110.0
2026-08-28,15,720.0,PUT,188.0
2026-08-28,15,725.0,PUT,175.0
2026-08-28,15,730.0,PUT,1276.0
2026-08-28,15,735.0,PUT,145.0
2026-08-28,15,740.0,PUT,232.0
2026-08-28,15,745.0,PUT,170.0
2026-08-28,15,750.0,PUT,875.0
2026-08-28,15,755.0,PUT,207.0
2026-08-28,15,760.0,PUT,295.0
2026-08-28,15,765.0,PUT,198.0
2026-08-28,15,770.0,PUT,209.0
2026-08-28,15,775.0,PUT,532.0
2026-08-28,15,780.0,PUT,408.0
2026-08-28,15,785.0,PUT,110.0
2026-08-28,15,790.0,PUT,195.0
2026-08-28,15,795.0,PUT,159.0
2026-08-28,15,800.0,PUT,2382.0
2026-08-28,15,805.0,PUT,321.0
2026-08-28,15,810.0,PUT,395.0
2026-08-28,15,815.0,PUT,100.0
2026-08-28,15,820.0,PUT,1317.0
2026-08-28,15,825.0,PUT,168.0
2026-08-28,15,830.0,PUT,372.0
2026-08-28,15,835.0,PUT,273.0
2026-08-28,15,840.0,PUT,212.0
2026-08-28,15,845.0,PUT,137.0
2026-08-28,15,850.0,PUT,1075.0
2026-08-28,15,855.0,PUT,77.0
2026-08-28,15,860.0,PUT,229.0
2026-08-28,15,865.0,PUT,272.0
2026-08-28,15,870.0,PUT,143.0
2026-08-28,15,875.0,PUT,173.0
2026-08-28,15,880.0,PUT,354.0
2026-08-28,15,885.0,PUT,332.0
2026-08-28,15,890.0,PUT,391.0
2026-08-28,15,895.0,PUT,117.0
2026-08-28,15,900.0,PUT,425.0
2026-08-28,15,905.0,PUT,205.0
2026-08-28,15,910.0,PUT,245.0
2026-08-28,15,915.0,PUT,60.0
2026-08-28,15,920.0,PUT,290.0
2026-08-28,15,925.0,PUT,212.0
2026-08-28,15,930.0,PUT,130.0
2026-08-28,15,935.0,PUT,110.0
2026-08-28,15,940.0,PUT,201.0
2026-08-28,15,945.0,PUT,20.0
2026-08-28,15,950.0,PUT,887.0
2026-08-28,15,955.0,PUT,29.0
2026-08-28,15,960.0,PUT,125.0
2026-08-28,15,965.0,PUT,21.0
2026-08-28,15,970.0,PUT,284.0
2026-08-28,15,975.0,PUT,65.0
2026-08-28,15,980.0,PUT,76.0
2026-08-28,15,985.0,PUT,30.0
2026-08-28,15,990.0,PUT,71.0
2026-08-28,15,995.0,PUT,37.0
2026-08-28,15,1000.0,PUT,231.0
2026-08-28,15,1005.0,PUT,9.0
2026-08-28,15,1010.0,PUT,12.0
2026-08-28,15,1015.0,PUT,8.0
2026-08-28,15,1020.0,PUT,15.0
2026-08-28,15,1025.0,PUT,25.0
2026-08-28,15,1030.0,PUT,29.0
2026-08-28,15,1035.0,PUT,13.0
2026-08-28,15,1040.0,PUT,43.0
2026-08-28,15,1045.0,PUT,36.0
2026-08-28,15,1050.0,PUT,37.0
2026-08-28,15,1055.0,PUT,15.0
2026-08-28,15,1060.0,PUT,42.0
2026-08-28,15,1065.0,PUT,4.0
2026-08-28,15,1070.0,PUT,57.0
2026-08-28,15,1075.0,PUT,9.0
2026-08-28,15,1080.0,PUT,15.0
2026-08-28,15,1085.0,PUT,13.0
2026-08-28,15,1090.0,PUT,42.0
2026-08-28,15,1095.0,PUT,10.0
2026-08-28,15,1100.0,PUT,78.0
2026-08-28,15,1105.0,PUT,7.0
2026-08-28,15,1110.0,PUT,31.0
2026-08-28,15,1115.0,PUT,3.0
2026-08-28,15,1120.0,PUT,13.0
2026-08-28,15,1125.0,PUT,4.0
2026-08-28,15,1130.0,PUT,23.0
2026-08-28,15,1135.0,PUT,6.0
2026-08-28,15,1140.0,PUT,6.0
2026-08-28,15,1150.0,PUT,5.0
2026-08-28,15,1160.0,PUT,23.0
2026-08-28,15,1170.0,PUT,25.0
2026-08-28,15,1180.0,PUT,30.0
2026-08-28,15,1190.0,PUT,11.0
2026-08-28,15,1200.0,PUT,24.0
2026-08-28,15,1210.0,PUT,2.0
2026-08-28,15,1220.0,PUT,3.0
2026-08-28,15,1230.0,PUT,15.0
2026-08-28,15,1240.0,PUT,3.0
2026-08-28,15,1250.0,PUT,2.0
2026-08-28,15,1270.0,PUT,1.0
2026-08-28,15,1280.0,PUT,4.0
2026-08-28,15,1300.0,PUT,2.0
2026-08-28,15,1320.0,PUT,0.0
2026-08-28,15,1350.0,PUT,0.0
2026-08-28,15,1370.0,PUT,0.0
2026-08-28,15,1440.0,PUT,0.0
2026-08-28,15,1450.0,PUT,0.0
2026-08-28,15,1500.0,PUT,0.0
2026-08-28,15,1600.0,PUT,0.0
2026-08-28,15,1630.0,PUT,0.0
2026-08-28,15,1640.0,PUT,0.0
2026-08-28,15,1650.0,PUT,0.0
2026-08-28,15,1830.0,PUT,0.0
2026-08-28,15,1920.0,PUT,0.0
2026-09-04,22,150.0,CALL,1.0
2026-09-04,22,225.0,CALL,1.0
2026-09-04,22,245.0,CALL,1.0
2026-09-04,22,250.0,CALL,2.0
2026-09-04,22,285.0,CALL,1.0
2026-09-04,22,400.0,CALL,5.0
2026-09-04,22,405.0,CALL,1.0
2026-09-04,22,420.0,CALL,1.0
2026-09-04,22,430.0,CALL,2.0
2026-09-04,22,450.0,CALL,1.0
2026-09-04,22,475.0,CALL,4.0
2026-09-04,22,480.0,CALL,4.0
2026-09-04,22,490.0,CALL,10.0
2026-09-04,22,495.0,CALL,12.0
2026-09-04,22,500.0,CALL,4.0
2026-09-04,22,505.0,CALL,3.0
2026-09-04,22,510.0,CALL,25.0
2026-09-04,22,515.0,CALL,15.0
2026-09-04,22,520.0,CALL,16.0
2026-09-04,22,525.0,CALL,18.0
2026-09-04,22,530.0,CALL,18.0
2026-09-04,22,535.0,CALL,16.0
2026-09-04,22,540.0,CALL,19.0
2026-09-04,22,545.0,CALL,18.0
2026-09-04,22,550.0,CALL,16.0
2026-09-04,22,560.0,CALL,4.0
2026-09-04,22,570.0,CALL,12.0
2026-09-04,22,590.0,CALL,8.0
2026-09-04,22,595.0,CALL,1.0
2026-09-04,22,600.0,CALL,23.0
2026-09-04,22,605.0,CALL,9.0
2026-09-04,22,615.0,CALL,8.0
2026-09-04,22,620.0,CALL,7.0
2026-09-04,22,625.0,CALL,3.0
2026-09-04,22,630.0,CALL,14.0
2026-09-04,22,635.0,CALL,17.0
2026-09-04,22,640.0,CALL,11.0
2026-09-04,22,645.0,CALL,4.0
2026-09-04,22,650.0,CALL,10.0
2026-09-04,22,660.0,CALL,6.0
2026-09-04,22,665.0,CALL,1.0
2026-09-04,22,675.0,CALL,1.0
2026-09-04,22,680.0,CALL,5.0
2026-09-04,22,690.0,CALL,1.0
2026-09-04,22,695.0,CALL,7.0
2026-09-04,22,700.0,CALL,27.0
2026-09-04,22,705.0,CALL,42.0
2026-09-04,22,710.0,CALL,7.0
2026-09-04,22,715.0,CALL,4.0
2026-09-04,22,720.0,CALL,13.0
2026-09-04,22,725.0,CALL,6.0
2026-09-04,22,730.0,CALL,10.0
2026-09-04,22,735.0,CALL,3.0
2026-09-04,22,740.0,CALL,112.0
2026-09-04,22,745.0,CALL,16.0
2026-09-04,22,750.0,CALL,45.0
2026-09-04,22,755.0,CALL,15.0
2026-09-04,22,760.0,CALL,48.0
2026-09-04,22,765.0,CALL,15.0
2026-09-04,22,770.0,CALL,241.0
2026-09-04,22,775.0,CALL,130.0
2026-09-04,22,780.0,CALL,82.0
2026-09-04,22,785.0,CALL,93.0
2026-09-04,22,790.0,CALL,43.0
2026-09-04,22,795.0,CALL,49.0
2026-09-04,22,800.0,CALL,122.0
2026-09-04,22,805.0,CALL,15.0
2026-09-04,22,810.0,CALL,74.0
2026-09-04,22,815.0,CALL,124.0
2026-09-04,22,820.0,CALL,42.0
2026-09-04,22,825.0,CALL,53.0
2026-09-04,22,830.0,CALL,45.0
2026-09-04,22,835.0,CALL,55.0
2026-09-04,22,840.0,CALL,43.0
2026-09-04,22,845.0,CALL,19.0
2026-09-04,22,850.0,CALL,298.0
2026-09-04,22,855.0,CALL,26.0
2026-09-04,22,860.0,CALL,85.0
2026-09-04,22,865.0,CALL,40.0
2026-09-04,22,870.0,CALL,122.0
2026-09-04,22,875.0,CALL,68.0
2026-09-04,22,880.0,CALL,189.0
2026-09-04,22,885.0,CALL,119.0
2026-09-04,22,890.0,CALL,95.0
2026-09-04,22,895.0,CALL,37.0
2026-09-04,22,900.0,CALL,350.0
2026-09-04,22,905.0,CALL,84.0
2026-09-04,22,910.0,CALL,53.0
2026-09-04,22,915.0,CALL,51.0
2026-09-04,22,920.0,CALL,245.0
2026-09-04,22,925.0,CALL,61.0
2026-09-04,22,930.0,CALL,208.0
2026-09-04,22,935.0,CALL,71.0
2026-09-04,22,940.0,CALL,100.0
2026-09-04,22,945.0,CALL,222.0
2026-09-04,22,950.0,CALL,805.0
2026-09-04,22,955.0,CALL,252.0
2026-09-04,22,960.0,CALL,125.0
2026-09-04,22,965.0,CALL,21.0
2026-09-04,22,970.0,CALL,66.0
2026-09-04,22,975.0,CALL,51.0
2026-09-04,22,980.0,CALL,65.0
2026-09-04,22,985.0,CALL,32.0
2026-09-04,22,990.0,CALL,79.0
2026-09-04,22,995.0,CALL,71.0
2026-09-04,22,1000.0,CALL,923.0
2026-09-04,22,1005.0,CALL,679.0
2026-09-04,22,1010.0,CALL,92.0
2026-09-04,22,1015.0,CALL,96.0
2026-09-04,22,1020.0,CALL,55.0
2026-09-04,22,1025.0,CALL,54.0
2026-09-04,22,1030.0,CALL,81.0
2026-09-04,22,1035.0,CALL,63.0
2026-09-04,22,1040.0,CALL,79.0
2026-09-04,22,1045.0,CALL,57.0
2026-09-04,22,1050.0,CALL,200.0
2026-09-04,22,1055.0,CALL,29.0
2026-09-04,22,1060.0,CALL,45.0
2026-09-04,22,1065.0,CALL,47.0
2026-09-04,22,1070.0,CALL,75.0
2026-09-04,22,1075.0,CALL,34.0
2026-09-04,22,1080.0,CALL,96.0
2026-09-04,22,1085.0,CALL,62.0
2026-09-04,22,1090.0,CALL,55.0
2026-09-04,22,1095.0,CALL,152.0
2026-09-04,22,1100.0,CALL,514.0
2026-09-04,22,1105.0,CALL,246.0
2026-09-04,22,1110.0,CALL,63.0
2026-09-04,22,1115.0,CALL,190.0
2026-09-04,22,1120.0,CALL,114.0
2026-09-04,22,1125.0,CALL,150.0
2026-09-04,22,1130.0,CALL,50.0
2026-09-04,22,1135.0,CALL,112.0
2026-09-04,22,1140.0,CALL,57.0
2026-09-04,22,1150.0,CALL,270.0
2026-09-04,22,1160.0,CALL,175.0
2026-09-04,22,1170.0,CALL,123.0
2026-09-04,22,1180.0,CALL,151.0
2026-09-04,22,1190.0,CALL,148.0
2026-09-04,22,1200.0,CALL,488.0
2026-09-04,22,1210.0,CALL,86.0
2026-09-04,22,1220.0,CALL,70.0
2026-09-04,22,1230.0,CALL,65.0
2026-09-04,22,1240.0,CALL,25.0
2026-09-04,22,1250.0,CALL,227.0
2026-09-04,22,1260.0,CALL,76.0
2026-09-04,22,1270.0,CALL,49.0
2026-09-04,22,1280.0,CALL,84.0
2026-09-04,22,1290.0,CALL,84.0
2026-09-04,22,1300.0,CALL,264.0
2026-09-04,22,1310.0,CALL,195.0
2026-09-04,22,1320.0,CALL,121.0
2026-09-04,22,1330.0,CALL,71.0
2026-09-04,22,1340.0,CALL,85.0
2026-09-04,22,1350.0,CALL,34.0
2026-09-04,22,1360.0,CALL,56.0
2026-09-04,22,1370.0,CALL,54.0
2026-09-04,22,1380.0,CALL,49.0
2026-09-04,22,1390.0,CALL,28.0
2026-09-04,22,1400.0,CALL,215.0
2026-09-04,22,1410.0,CALL,29.0
2026-09-04,22,1420.0,CALL,11.0
2026-09-04,22,1430.0,CALL,10.0
2026-09-04,22,1440.0,CALL,118.0
2026-09-04,22,1450.0,CALL,40.0
2026-09-04,22,1460.0,CALL,8.0
2026-09-04,22,1470.0,CALL,45.0
2026-09-04,22,1480.0,CALL,13.0
2026-09-04,22,1490.0,CALL,19.0
2026-09-04,22,1500.0,CALL,204.0
2026-09-04,22,1510.0,CALL,5.0
2026-09-04,22,1520.0,CALL,37.0
2026-09-04,22,1530.0,CALL,46.0
2026-09-04,22,1540.0,CALL,29.0
2026-09-04,22,1550.0,CALL,40.0
2026-09-04,22,1570.0,CALL,35.0
2026-09-04,22,1580.0,CALL,31.0
2026-09-04,22,1590.0,CALL,105.0
2026-09-04,22,1600.0,CALL,60.0
2026-09-04,22,1610.0,CALL,10.0
2026-09-04,22,1620.0,CALL,1.0
2026-09-04,22,1630.0,CALL,1.0
2026-09-04,22,1640.0,CALL,2.0
2026-09-04,22,1650.0,CALL,3.0
2026-09-04,22,1700.0,CALL,3.0
2026-09-04,22,1710.0,CALL,9.0
2026-09-04,22,1750.0,CALL,5.0
2026-09-04,22,1790.0,CALL,1.0
2026-09-04,22,1800.0,CALL,18.0
2026-09-04,22,1810.0,CALL,1.0
2026-09-04,22,1820.0,CALL,47.0
2026-09-04,22,1840.0,CALL,2.0
2026-09-04,22,1860.0,CALL,1.0
2026-09-04,22,1870.0,CALL,1.0
2026-09-04,22,1890.0,CALL,2.0
2026-09-04,22,1900.0,CALL,1.0
2026-09-04,22,1910.0,CALL,36.0
2026-09-04,22,1920.0,CALL,3.0
2026-09-04,22,1960.0,CALL,1.0
2026-09-04,22,1970.0,CALL,1.0
2026-09-04,22,2000.0,CALL,52.0
2026-09-04,22,100.0,PUT,26.0
2026-09-04,22,105.0,PUT,9.0
2026-09-04,22,110.0,PUT,1.0
2026-09-04,22,115.0,PUT,0.0
2026-09-04,22,120.0,PUT,2.0
2026-09-04,22,125.0,PUT,0.0
2026-09-04,22,130.0,PUT,21.0
2026-09-04,22,135.0,PUT,2.0
2026-09-04,22,140.0,PUT,7.0
2026-09-04,22,145.0,PUT,1.0
2026-09-04,22,150.0,PUT,2.0
2026-09-04,22,155.0,PUT,1.0
2026-09-04,22,160.0,PUT,2.0
2026-09-04,22,165.0,PUT,1.0
2026-09-04,22,170.0,PUT,1.0
2026-09-04,22,175.0,PUT,2.0
2026-09-04,22,180.0,PUT,4.0
2026-09-04,22,190.0,PUT,1.0
2026-09-04,22,195.0,PUT,1.0
2026-09-04,22,205.0,PUT,1.0
2026-09-04,22,210.0,PUT,2.0
2026-09-04,22,225.0,PUT,1.0
2026-09-04,22,240.0,PUT,16.0
2026-09-04,22,250.0,PUT,29.0
2026-09-04,22,260.0,PUT,66.0
2026-09-04,22,270.0,PUT,161.0
2026-09-04,22,280.0,PUT,324.0
2026-09-04,22,285.0,PUT,3.0
2026-09-04,22,290.0,PUT,226.0
2026-09-04,22,300.0,PUT,1495.0
2026-09-04,22,310.0,PUT,81.0
2026-09-04,22,320.0,PUT,7.0
2026-09-04,22,325.0,PUT,2.0
2026-09-04,22,330.0,PUT,12.0
2026-09-04,22,335.0,PUT,3.0
2026-09-04,22,340.0,PUT,6.0
2026-09-04,22,350.0,PUT,260.0
2026-09-04,22,355.0,PUT,2.0
2026-09-04,22,360.0,PUT,34.0
2026-09-04,22,365.0,PUT,15.0
2026-09-04,22,370.0,PUT,114.0
2026-09-04,22,375.0,PUT,34.0
2026-09-04,22,380.0,PUT,203.0
2026-09-04,22,385.0,PUT,40.0
2026-09-04,22,390.0,PUT,13.0
2026-09-04,22,395.0,PUT,18.0
2026-09-04,22,400.0,PUT,177.0
2026-09-04,22,405.0,PUT,109.0
2026-09-04,22,410.0,PUT,6.0
2026-09-04,22,415.0,PUT,12.0
2026-09-04,22,420.0,PUT,15.0
2026-09-04,22,425.0,PUT,8.0
2026-09-04,22,430.0,PUT,12.0
2026-09-04,22,435.0,PUT,3.0
2026-09-04,22,440.0,PUT,10.0
2026-09-04,22,445.0,PUT,14.0
2026-09-04,22,450.0,PUT,148.0
2026-09-04,22,455.0,PUT,15.0
2026-09-04,22,460.0,PUT,15.0
2026-09-04,22,465.0,PUT,63.0
2026-09-04,22,470.0,PUT,26.0
2026-09-04,22,475.0,PUT,82.0
2026-09-04,22,480.0,PUT,13.0
2026-09-04,22,485.0,PUT,51.0
2026-09-04,22,490.0,PUT,23.0
2026-09-04,22,495.0,PUT,50.0
2026-09-04,22,500.0,PUT,132.0
2026-09-04,22,505.0,PUT,30.0
2026-09-04,22,510.0,PUT,60.0
2026-09-04,22,515.0,PUT,30.0
2026-09-04,22,520.0,PUT,46.0
2026-09-04,22,525.0,PUT,49.0
2026-09-04,22,530.0,PUT,123.0
2026-09-04,22,535.0,PUT,56.0
2026-09-04,22,540.0,PUT,49.0
2026-09-04,22,545.0,PUT,45.0
2026-09-04,22,550.0,PUT,596.0
2026-09-04,22,555.0,PUT,41.0
2026-09-04,22,560.0,PUT,24.0
2026-09-04,22,565.0,PUT,57.0
2026-09-04,22,570.0,PUT,60.0
2026-09-04,22,575.0,PUT,116.0
2026-09-04,22,580.0,PUT,64.0
2026-09-04,22,585.0,PUT,113.0
2026-09-04,22,590.0,PUT,116.0
2026-09-04,22,595.0,PUT,142.0
2026-09-04,22,600.0,PUT,323.0
2026-09-04,22,605.0,PUT,51.0
2026-09-04,22,610.0,PUT,49.0
2026-09-04,22,615.0,PUT,48.0
2026-09-04,22,620.0,PUT,116.0
2026-09-04,22,625.0,PUT,171.0
2026-09-04,22,630.0,PUT,52.0
2026-09-04,22,635.0,PUT,74.0
2026-09-04,22,640.0,PUT,151.0
2026-09-04,22,645.0,PUT,122.0
2026-09-04,22,650.0,PUT,447.0
2026-09-04,22,655.0,PUT,45.0
2026-09-04,22,660.0,PUT,164.0
2026-09-04,22,665.0,PUT,34.0
2026-09-04,22,670.0,PUT,132.0
2026-09-04,22,675.0,PUT,72.0
2026-09-04,22,680.0,PUT,147.0
2026-09-04,22,685.0,PUT,56.0
2026-09-04,22,690.0,PUT,148.0
2026-09-04,22,695.0,PUT,142.0
2026-09-04,22,700.0,PUT,334.0
2026-09-04,22,705.0,PUT,47.0
2026-09-04,22,710.0,PUT,76.0
2026-09-04,22,715.0,PUT,76.0
2026-09-04,22,720.0,PUT,85.0
2026-09-04,22,725.0,PUT,134.0
2026-09-04,22,730.0,PUT,85.0
2026-09-04,22,735.0,PUT,31.0
2026-09-04,22,740.0,PUT,191.0
2026-09-04,22,745.0,PUT,64.0
2026-09-04,22,750.0,PUT,937.0
2026-09-04,22,755.0,PUT,39.0
2026-09-04,22,760.0,PUT,220.0
2026-09-04,22,765.0,PUT,53.0
2026-09-04,22,770.0,PUT,258.0
2026-09-04,22,775.0,PUT,193.0
2026-09-04,22,780.0,PUT,150.0
2026-09-04,22,785.0,PUT,169.0
2026-09-04,22,790.0,PUT,93.0
2026-09-04,22,795.0,PUT,122.0
2026-09-04,22,800.0,PUT,831.0
2026-09-04,22,805.0,PUT,48.0
2026-09-04,22,810.0,PUT,69.0
2026-09-04,22,815.0,PUT,37.0
2026-09-04,22,820.0,PUT,205.0
2026-09-04,22,825.0,PUT,76.0
2026-09-04,22,830.0,PUT,78.0
2026-09-04,22,835.0,PUT,54.0
2026-09-04,22,840.0,PUT,175.0
2026-09-04,22,845.0,PUT,49.0
2026-09-04,22,850.0,PUT,207.0
2026-09-04,22,855.0,PUT,73.0
2026-09-04,22,860.0,PUT,74.0
2026-09-04,22,865.0,PUT,51.0
2026-09-04,22,870.0,PUT,64.0
2026-09-04,22,875.0,PUT,152.0
2026-09-04,22,880.0,PUT,83.0
2026-09-04,22,885.0,PUT,45.0
2026-09-04,22,890.0,PUT,32.0
2026-09-04,22,895.0,PUT,83.0
2026-09-04,22,900.0,PUT,612.0
2026-09-04,22,905.0,PUT,22.0
2026-09-04,22,910.0,PUT,50.0
2026-09-04,22,915.0,PUT,23.0
2026-09-04,22,920.0,PUT,60.0
2026-09-04,22,925.0,PUT,39.0
2026-09-04,22,930.0,PUT,28.0
2026-09-04,22,935.0,PUT,10.0
2026-09-04,22,940.0,PUT,41.0
2026-09-04,22,945.0,PUT,9.0
2026-09-04,22,950.0,PUT,907.0
2026-09-04,22,955.0,PUT,36.0
2026-09-04,22,960.0,PUT,9.0
2026-09-04,22,965.0,PUT,3.0
2026-09-04,22,970.0,PUT,85.0
2026-09-04,22,975.0,PUT,13.0
2026-09-04,22,980.0,PUT,24.0
2026-09-04,22,985.0,PUT,3.0
2026-09-04,22,990.0,PUT,20.0
2026-09-04,22,995.0,PUT,13.0
2026-09-04,22,1000.0,PUT,38.0
2026-09-04,22,1005.0,PUT,1.0
2026-09-04,22,1010.0,PUT,15.0
2026-09-04,22,1015.0,PUT,3.0
2026-09-04,22,1020.0,PUT,16.0
2026-09-04,22,1025.0,PUT,5.0
2026-09-04,22,1030.0,PUT,7.0
2026-09-04,22,1035.0,PUT,6.0
2026-09-04,22,1040.0,PUT,13.0
2026-09-04,22,1045.0,PUT,3.0
2026-09-04,22,1050.0,PUT,10.0
2026-09-04,22,1055.0,PUT,1.0
2026-09-04,22,1060.0,PUT,3.0
2026-09-04,22,1070.0,PUT,2.0
2026-09-04,22,1080.0,PUT,6.0
2026-09-04,22,1085.0,PUT,10.0
2026-09-04,22,1090.0,PUT,9.0
2026-09-04,22,1095.0,PUT,11.0
2026-09-04,22,1100.0,PUT,32.0
2026-09-04,22,1105.0,PUT,8.0
2026-09-04,22,1110.0,PUT,26.0
2026-09-04,22,1115.0,PUT,3.0
2026-09-04,22,1120.0,PUT,1.0
2026-09-04,22,1130.0,PUT,6.0
2026-09-04,22,1140.0,PUT,2.0
2026-09-04,22,1150.0,PUT,7.0
2026-09-04,22,1160.0,PUT,19.0
2026-09-04,22,1170.0,PUT,3.0
2026-09-04,22,1180.0,PUT,4.0
2026-09-04,22,1190.0,PUT,4.0
2026-09-04,22,1200.0,PUT,7.0
2026-09-04,22,1210.0,PUT,5.0
2026-09-04,22,1220.0,PUT,0.0
2026-09-04,22,1230.0,PUT,0.0
2026-09-04,22,1240.0,PUT,3.0
2026-09-04,22,1250.0,PUT,8.0
2026-09-04,22,1260.0,PUT,7.0
2026-09-04,22,1270.0,PUT,1.0
2026-09-04,22,1400.0,PUT,0.0
2026-09-04,22,1500.0,PUT,0.0
2026-09-04,22,1510.0,PUT,0.0
2026-09-04,22,1520.0,PUT,0.0
2026-09-04,22,1560.0,PUT,0.0
2026-09-04,22,2000.0,PUT,0.0
2026-09-11,29,185.0,CALL,1.0
2026-09-11,29,240.0,CALL,5.0
2026-09-11,29,275.0,CALL,1.0
2026-09-11,29,400.0,CALL,1.0
2026-09-11,29,495.0,CALL,4.0
2026-09-11,29,500.0,CALL,13.0
2026-09-11,29,520.0,CALL,4.0
2026-09-11,29,525.0,CALL,4.0
2026-09-11,29,550.0,CALL,1.0
2026-09-11,29,555.0,CALL,1.0
2026-09-11,29,560.0,CALL,8.0
2026-09-11,29,595.0,CALL,5.0
2026-09-11,29,600.0,CALL,2.0
2026-09-11,29,660.0,CALL,1.0
2026-09-11,29,700.0,CALL,262.0
2026-09-11,29,705.0,CALL,2.0
2026-09-11,29,710.0,CALL,3.0
2026-09-11,29,715.0,CALL,27.0
2026-09-11,29,720.0,CALL,4.0
2026-09-11,29,725.0,CALL,2.0
2026-09-11,29,730.0,CALL,2.0
2026-09-11,29,735.0,CALL,3.0
2026-09-11,29,740.0,CALL,61.0
2026-09-11,29,745.0,CALL,8.0
2026-09-11,29,750.0,CALL,13.0
2026-09-11,29,755.0,CALL,12.0
2026-09-11,29,760.0,CALL,13.0
2026-09-11,29,765.0,CALL,14.0
2026-09-11,29,770.0,CALL,14.0
2026-09-11,29,775.0,CALL,15.0
2026-09-11,29,780.0,CALL,71.0
2026-09-11,29,785.0,CALL,8.0
2026-09-11,29,790.0,CALL,68.0
2026-09-11,29,795.0,CALL,10.0
2026-09-11,29,800.0,CALL,12.0
2026-09-11,29,805.0,CALL,18.0
2026-09-11,29,810.0,CALL,30.0
2026-09-11,29,815.0,CALL,24.0
2026-09-11,29,820.0,CALL,23.0
2026-09-11,29,825.0,CALL,15.0
2026-09-11,29,830.0,CALL,15.0
2026-09-11,29,835.0,CALL,91.0
2026-09-11,29,840.0,CALL,40.0
2026-09-11,29,845.0,CALL,26.0
2026-09-11,29,850.0,CALL,93.0
2026-09-11,29,855.0,CALL,33.0
2026-09-11,29,860.0,CALL,65.0
2026-09-11,29,865.0,CALL,63.0
2026-09-11,29,870.0,CALL,104.0
2026-09-11,29,875.0,CALL,28.0
2026-09-11,29,880.0,CALL,60.0
2026-09-11,29,885.0,CALL,61.0
2026-09-11,29,890.0,CALL,67.0
2026-09-11,29,895.0,CALL,69.0
2026-09-11,29,900.0,CALL,164.0
2026-09-11,29,905.0,CALL,47.0
2026-09-11,29,910.0,CALL,129.0
2026-09-11,29,915.0,CALL,122.0
2026-09-11,29,920.0,CALL,215.0
2026-09-11,29,925.0,CALL,162.0
2026-09-11,29,930.0,CALL,92.0
2026-09-11,29,935.0,CALL,37.0
2026-09-11,29,940.0,CALL,53.0
2026-09-11,29,945.0,CALL,30.0
2026-09-11,29,950.0,CALL,216.0
2026-09-11,29,955.0,CALL,28.0
2026-09-11,29,960.0,CALL,21.0
2026-09-11,29,965.0,CALL,54.0
2026-09-11,29,970.0,CALL,34.0
2026-09-11,29,975.0,CALL,148.0
2026-09-11,29,980.0,CALL,47.0
2026-09-11,29,985.0,CALL,58.0
2026-09-11,29,990.0,CALL,34.0
2026-09-11,29,995.0,CALL,6.0
2026-09-11,29,1000.0,CALL,266.0
2026-09-11,29,1005.0,CALL,20.0
2026-09-11,29,1010.0,CALL,59.0
2026-09-11,29,1015.0,CALL,47.0
2026-09-11,29,1020.0,CALL,47.0
2026-09-11,29,1025.0,CALL,38.0
2026-09-11,29,1030.0,CALL,46.0
2026-09-11,29,1035.0,CALL,155.0
2026-09-11,29,1040.0,CALL,95.0
2026-09-11,29,1045.0,CALL,56.0
2026-09-11,29,1050.0,CALL,194.0
2026-09-11,29,1055.0,CALL,43.0
2026-09-11,29,1060.0,CALL,42.0
2026-09-11,29,1065.0,CALL,53.0
2026-09-11,29,1070.0,CALL,20.0
2026-09-11,29,1075.0,CALL,14.0
2026-09-11,29,1080.0,CALL,94.0
2026-09-11,29,1085.0,CALL,22.0
2026-09-11,29,1090.0,CALL,23.0
2026-09-11,29,1095.0,CALL,22.0
2026-09-11,29,1100.0,CALL,192.0
2026-09-11,29,1105.0,CALL,72.0
2026-09-11,29,1110.0,CALL,176.0
2026-09-11,29,1115.0,CALL,79.0
2026-09-11,29,1120.0,CALL,33.0
2026-09-11,29,1125.0,CALL,266.0
2026-09-11,29,1130.0,CALL,105.0
2026-09-11,29,1135.0,CALL,65.0
2026-09-11,29,1140.0,CALL,130.0
2026-09-11,29,1150.0,CALL,82.0
2026-09-11,29,1160.0,CALL,37.0
2026-09-11,29,1170.0,CALL,125.0
2026-09-11,29,1180.0,CALL,88.0
2026-09-11,29,1190.0,CALL,43.0
2026-09-11,29,1200.0,CALL,198.0
2026-09-11,29,1210.0,CALL,127.0
2026-09-11,29,1220.0,CALL,110.0
2026-09-11,29,1230.0,CALL,136.0
2026-09-11,29,1240.0,CALL,40.0
2026-09-11,29,1250.0,CALL,314.0
2026-09-11,29,1260.0,CALL,73.0
2026-09-11,29,1270.0,CALL,23.0
2026-09-11,29,1280.0,CALL,12.0
2026-09-11,29,1290.0,CALL,34.0
2026-09-11,29,1300.0,CALL,91.0
2026-09-11,29,1310.0,CALL,37.0
2026-09-11,29,1320.0,CALL,31.0
2026-09-11,29,1330.0,CALL,115.0
2026-09-11,29,1340.0,CALL,15.0
2026-09-11,29,1350.0,CALL,56.0
2026-09-11,29,1360.0,CALL,64.0
2026-09-11,29,1370.0,CALL,19.0
2026-09-11,29,1380.0,CALL,145.0
2026-09-11,29,1390.0,CALL,41.0
2026-09-11,29,1400.0,CALL,238.0
2026-09-11,29,1410.0,CALL,115.0
2026-09-11,29,1420.0,CALL,5.0
2026-09-11,29,1430.0,CALL,37.0
2026-09-11,29,1440.0,CALL,51.0
2026-09-11,29,1450.0,CALL,65.0
2026-09-11,29,1460.0,CALL,3.0
2026-09-11,29,1470.0,CALL,16.0
2026-09-11,29,1480.0,CALL,10.0
2026-09-11,29,1490.0,CALL,165.0
2026-09-11,29,1500.0,CALL,209.0
2026-09-11,29,1510.0,CALL,47.0
2026-09-11,29,1520.0,CALL,4.0
2026-09-11,29,1530.0,CALL,67.0
2026-09-11,29,1540.0,CALL,32.0
2026-09-11,29,1550.0,CALL,15.0
2026-09-11,29,1560.0,CALL,22.0
2026-09-11,29,1570.0,CALL,17.0
2026-09-11,29,1580.0,CALL,18.0
2026-09-11,29,1590.0,CALL,68.0
2026-09-11,29,1600.0,CALL,109.0
2026-09-11,29,1610.0,CALL,6.0
2026-09-11,29,1620.0,CALL,4.0
2026-09-11,29,1630.0,CALL,5.0
2026-09-11,29,1650.0,CALL,2.0
2026-09-11,29,1660.0,CALL,1.0
2026-09-11,29,1680.0,CALL,3.0
2026-09-11,29,1690.0,CALL,1.0
2026-09-11,29,1700.0,CALL,101.0
2026-09-11,29,1710.0,CALL,4.0
2026-09-11,29,1720.0,CALL,1.0
2026-09-11,29,1730.0,CALL,98.0
2026-09-11,29,105.0,PUT,10.0
2026-09-11,29,110.0,PUT,21.0
2026-09-11,29,115.0,PUT,32.0
2026-09-11,29,120.0,PUT,5.0
2026-09-11,29,125.0,PUT,30.0
2026-09-11,29,130.0,PUT,31.0
2026-09-11,29,135.0,PUT,22.0
2026-09-11,29,140.0,PUT,0.0
2026-09-11,29,145.0,PUT,30.0
2026-09-11,29,150.0,PUT,50.0
2026-09-11,29,155.0,PUT,40.0
2026-09-11,29,160.0,PUT,11.0
2026-09-11,29,165.0,PUT,21.0
2026-09-11,29,170.0,PUT,12.0
2026-09-11,29,175.0,PUT,24.0
2026-09-11,29,180.0,PUT,12.0
2026-09-11,29,185.0,PUT,27.0
2026-09-11,29,190.0,PUT,17.0
2026-09-11,29,195.0,PUT,20.0
2026-09-11,29,200.0,PUT,20.0
2026-09-11,29,205.0,PUT,11.0
2026-09-11,29,210.0,PUT,12.0
2026-09-11,29,215.0,PUT,10.0
2026-09-11,29,240.0,PUT,3.0
2026-09-11,29,245.0,PUT,1.0
2026-09-11,29,255.0,PUT,3.0
2026-09-11,29,265.0,PUT,0.0
2026-09-11,29,270.0,PUT,408.0
2026-09-11,29,275.0,PUT,2.0
2026-09-11,29,280.0,PUT,48.0
2026-09-11,29,290.0,PUT,193.0
2026-09-11,29,300.0,PUT,1403.0
2026-09-11,29,310.0,PUT,81.0
2026-09-11,29,315.0,PUT,7.0
2026-09-11,29,320.0,PUT,7.0
2026-09-11,29,325.0,PUT,160.0
2026-09-11,29,330.0,PUT,8.0
2026-09-11,29,335.0,PUT,5.0
2026-09-11,29,345.0,PUT,11.0
2026-09-11,29,350.0,PUT,79.0
2026-09-11,29,355.0,PUT,20.0
2026-09-11,29,360.0,PUT,106.0
2026-09-11,29,365.0,PUT,5.0
2026-09-11,29,370.0,PUT,58.0
2026-09-11,29,375.0,PUT,12.0
2026-09-11,29,380.0,PUT,9.0
2026-09-11,29,385.0,PUT,1.0
2026-09-11,29,390.0,PUT,14.0
2026-09-11,29,395.0,PUT,82.0
2026-09-11,29,400.0,PUT,262.0
2026-09-11,29,405.0,PUT,3.0
2026-09-11,29,415.0,PUT,2.0
2026-09-11,29,430.0,PUT,10.0
2026-09-11,29,435.0,PUT,3.0
2026-09-11,29,440.0,PUT,11.0
2026-09-11,29,445.0,PUT,25.0
2026-09-11,29,450.0,PUT,33.0
2026-09-11,29,460.0,PUT,193.0
2026-09-11,29,465.0,PUT,1.0
2026-09-11,29,470.0,PUT,20.0
2026-09-11,29,475.0,PUT,40.0
2026-09-11,29,480.0,PUT,15.0
2026-09-11,29,485.0,PUT,28.0
2026-09-11,29,490.0,PUT,28.0
2026-09-11,29,495.0,PUT,29.0
2026-09-11,29,500.0,PUT,75.0
2026-09-11,29,505.0,PUT,14.0
2026-09-11,29,510.0,PUT,4.0
2026-09-11,29,515.0,PUT,3.0
2026-09-11,29,520.0,PUT,17.0
2026-09-11,29,525.0,PUT,31.0
2026-09-11,29,530.0,PUT,8.0
2026-09-11,29,540.0,PUT,20.0
2026-09-11,29,545.0,PUT,6.0
2026-09-11,29,550.0,PUT,65.0
2026-09-11,29,555.0,PUT,27.0
2026-09-11,29,560.0,PUT,19.0
2026-09-11,29,565.0,PUT,24.0
2026-09-11,29,570.0,PUT,32.0
2026-09-11,29,575.0,PUT,72.0
2026-09-11,29,580.0,PUT,85.0
2026-09-11,29,585.0,PUT,79.0
2026-09-11,29,590.0,PUT,85.0
2026-09-11,29,595.0,PUT,163.0
2026-09-11,29,600.0,PUT,134.0
2026-09-11,29,605.0,PUT,18.0
2026-09-11,29,610.0,PUT,127.0
2026-09-11,29,615.0,PUT,22.0
2026-09-11,29,620.0,PUT,77.0
2026-09-11,29,625.0,PUT,24.0
2026-09-11,29,630.0,PUT,61.0
2026-09-11,29,635.0,PUT,39.0
2026-09-11,29,640.0,PUT,56.0
2026-09-11,29,645.0,PUT,39.0
2026-09-11,29,650.0,PUT,192.0
2026-09-11,29,655.0,PUT,28.0
2026-09-11,29,660.0,PUT,115.0
2026-09-11,29,665.0,PUT,134.0
2026-09-11,29,670.0,PUT,60.0
2026-09-11,29,675.0,PUT,63.0
2026-09-11,29,680.0,PUT,173.0
2026-09-11,29,685.0,PUT,93.0
2026-09-11,29,690.0,PUT,83.0
2026-09-11,29,695.0,PUT,51.0
2026-09-11,29,700.0,PUT,209.0
2026-09-11,29,705.0,PUT,72.0
2026-09-11,29,710.0,PUT,161.0
2026-09-11,29,715.0,PUT,52.0
2026-09-11,29,720.0,PUT,61.0
2026-09-11,29,725.0,PUT,51.0
2026-09-11,29,730.0,PUT,73.0
2026-09-11,29,735.0,PUT,56.0
2026-09-11,29,740.0,PUT,106.0
2026-09-11,29,745.0,PUT,56.0
2026-09-11,29,750.0,PUT,152.0
2026-09-11,29,755.0,PUT,48.0
2026-09-11,29,760.0,PUT,43.0
2026-09-11,29,765.0,PUT,40.0
2026-09-11,29,770.0,PUT,53.0
2026-09-11,29,775.0,PUT,178.0
2026-09-11,29,780.0,PUT,460.0
2026-09-11,29,785.0,PUT,154.0
2026-09-11,29,790.0,PUT,93.0
2026-09-11,29,795.0,PUT,76.0
2026-09-11,29,800.0,PUT,561.0
2026-09-11,29,805.0,PUT,38.0
2026-09-11,29,810.0,PUT,63.0
2026-09-11,29,815.0,PUT,25.0
2026-09-11,29,820.0,PUT,114.0
2026-09-11,29,825.0,PUT,49.0
2026-09-11,29,830.0,PUT,71.0
2026-09-11,29,835.0,PUT,40.0
2026-09-11,29,840.0,PUT,102.0
2026-09-11,29,845.0,PUT,67.0
2026-09-11,29,850.0,PUT,98.0
2026-09-11,29,855.0,PUT,47.0
2026-09-11,29,860.0,PUT,62.0
2026-09-11,29,865.0,PUT,51.0
2026-09-11,29,870.0,PUT,45.0
2026-09-11,29,875.0,PUT,18.0
2026-09-11,29,880.0,PUT,38.0
2026-09-11,29,885.0,PUT,26.0
2026-09-11,29,890.0,PUT,28.0
2026-09-11,29,895.0,PUT,119.0
2026-09-11,29,900.0,PUT,101.0
2026-09-11,29,905.0,PUT,26.0
2026-09-11,29,910.0,PUT,67.0
2026-09-11,29,915.0,PUT,32.0
2026-09-11,29,920.0,PUT,683.0
2026-09-11,29,925.0,PUT,12.0
2026-09-11,29,930.0,PUT,11.0
2026-09-11,29,935.0,PUT,5.0
2026-09-11,29,940.0,PUT,43.0
2026-09-11,29,945.0,PUT,7.0
2026-09-11,29,950.0,PUT,10.0
2026-09-11,29,955.0,PUT,14.0
2026-09-11,29,960.0,PUT,33.0
2026-09-11,29,965.0,PUT,31.0
2026-09-11,29,970.0,PUT,2.0
2026-09-11,29,975.0,PUT,5.0
2026-09-11,29,980.0,PUT,16.0
2026-09-11,29,985.0,PUT,3.0
2026-09-11,29,990.0,PUT,6.0
2026-09-11,29,995.0,PUT,4.0
2026-09-11,29,1000.0,PUT,12.0
2026-09-11,29,1005.0,PUT,7.0
2026-09-11,29,1010.0,PUT,16.0
2026-09-11,29,1015.0,PUT,2.0
2026-09-11,29,1020.0,PUT,1.0
2026-09-11,29,1025.0,PUT,4.0
2026-09-11,29,1030.0,PUT,8.0
2026-09-11,29,1035.0,PUT,6.0
2026-09-11,29,1040.0,PUT,6.0
2026-09-11,29,1050.0,PUT,1.0
2026-09-11,29,1055.0,PUT,1.0
2026-09-11,29,1060.0,PUT,9.0
2026-09-11,29,1075.0,PUT,1.0
2026-09-11,29,1100.0,PUT,2.0
2026-09-11,29,1110.0,PUT,2.0
2026-09-11,29,1140.0,PUT,2.0
2026-09-11,29,1150.0,PUT,2.0
2026-09-11,29,1160.0,PUT,5.0
2026-09-11,29,1200.0,PUT,4.0
2026-09-11,29,1210.0,PUT,2.0
2026-09-11,29,1220.0,PUT,2.0
2026-09-11,29,1240.0,PUT,1.0
2026-09-11,29,1250.0,PUT,1.0
2026-09-11,29,1260.0,PUT,1.0
2026-09-11,29,1310.0,PUT,1.0
2026-09-18,36,5.0,CALL,186.0
2026-09-18,36,10.0,CALL,4.0
2026-09-18,36,20.0,CALL,6.0
2026-09-18,36,25.0,CALL,2.0
2026-09-18,36,50.0,CALL,89.0
2026-09-18,36,55.0,CALL,61.0
2026-09-18,36,60.0,CALL,20.0
2026-09-18,36,65.0,CALL,25.0
2026-09-18,36,70.0,CALL,19.0
2026-09-18,36,75.0,CALL,51.0
2026-09-18,36,80.0,CALL,611.0
2026-09-18,36,85.0,CALL,478.0
2026-09-18,36,90.0,CALL,339.0
2026-09-18,36,95.0,CALL,261.0
2026-09-18,36,100.0,CALL,169.0
2026-09-18,36,105.0,CALL,90.0
2026-09-18,36,110.0,CALL,176.0
2026-09-18,36,115.0,CALL,244.0
2026-09-18,36,120.0,CALL,545.0
2026-09-18,36,125.0,CALL,229.0
2026-09-18,36,130.0,CALL,1151.0
2026-09-18,36,135.0,CALL,179.0
2026-09-18,36,140.0,CALL,254.0
2026-09-18,36,145.0,CALL,136.0
2026-09-18,36,150.0,CALL,469.0
2026-09-18,36,155.0,CALL,190.0
2026-09-18,36,160.0,CALL,176.0
2026-09-18,36,165.0,CALL,186.0
2026-09-18,36,170.0,CALL,270.0
2026-09-18,36,175.0,CALL,140.0
2026-09-18,36,180.0,CALL,346.0
2026-09-18,36,185.0,CALL,1124.0
2026-09-18,36,190.0,CALL,539.0
2026-09-18,36,195.0,CALL,997.0
2026-09-18,36,200.0,CALL,559.0
2026-09-18,36,210.0,CALL,135.0
2026-09-18,36,220.0,CALL,191.0
2026-09-18,36,230.0,CALL,308.0
2026-09-18,36,240.0,CALL,386.0
2026-09-18,36,250.0,CALL,599.0
2026-09-18,36,260.0,CALL,306.0
2026-09-18,36,270.0,CALL,206.0
2026-09-18,36,280.0,CALL,241.0
2026-09-18,36,290.0,CALL,151.0
2026-09-18,36,300.0,CALL,550.0
2026-09-18,36,310.0,CALL,254.0
2026-09-18,36,320.0,CALL,853.0
2026-09-18,36,330.0,CALL,338.0
2026-09-18,36,340.0,CALL,320.0
2026-09-18,36,350.0,CALL,632.0
2026-09-18,36,360.0,CALL,784.0
2026-09-18,36,370.0,CALL,785.0
2026-09-18,36,380.0,CALL,534.0
2026-09-18,36,390.0,CALL,361.0
2026-09-18,36,400.0,CALL,2201.0
2026-09-18,36,410.0,CALL,1327.0
2026-09-18,36,420.0,CALL,559.0
2026-09-18,36,430.0,CALL,596.0
2026-09-18,36,440.0,CALL,857.0
2026-09-18,36,450.0,CALL,1403.0
2026-09-18,36,460.0,CALL,425.0
2026-09-18,36,470.0,CALL,224.0
2026-09-18,36,480.0,CALL,697.0
2026-09-18,36,490.0,CALL,467.0
2026-09-18,36,500.0,CALL,3576.0
2026-09-18,36,510.0,CALL,302.0
2026-09-18,36,520.0,CALL,868.0
2026-09-18,36,530.0,CALL,314.0
2026-09-18,36,540.0,CALL,303.0
2026-09-18,36,550.0,CALL,1872.0
2026-09-18,36,560.0,CALL,725.0
2026-09-18,36,570.0,CALL,774.0
2026-09-18,36,580.0,CALL,396.0
2026-09-18,36,590.0,CALL,439.0
2026-09-18,36,600.0,CALL,2517.0
2026-09-18,36,610.0,CALL,274.0
2026-09-18,36,620.0,CALL,673.0
2026-09-18,36,630.0,CALL,207.0
2026-09-18,36,640.0,CALL,287.0
2026-09-18,36,650.0,CALL,857.0
2026-09-18,36,660.0,CALL,431.0
2026-09-18,36,670.0,CALL,725.0
2026-09-18,36,680.0,CALL,746.0
2026-09-18,36,690.0,CALL,382.0
2026-09-18,36,700.0,CALL,3064.0
2026-09-18,36,710.0,CALL,331.0
2026-09-18,36,720.0,CALL,241.0
2026-09-18,36,730.0,CALL,341.0
2026-09-18,36,740.0,CALL,1579.0
2026-09-18,36,750.0,CALL,1462.0
2026-09-18,36,760.0,CALL,414.0
2026-09-18,36,770.0,CALL,408.0
2026-09-18,36,780.0,CALL,809.0
2026-09-18,36,790.0,CALL,404.0
2026-09-18,36,800.0,CALL,3581.0
2026-09-18,36,810.0,CALL,720.0
2026-09-18,36,820.0,CALL,655.0
2026-09-18,36,830.0,CALL,403.0
2026-09-18,36,840.0,CALL,363.0
2026-09-18,36,850.0,CALL,1752.0
2026-09-18,36,860.0,CALL,531.0
2026-09-18,36,870.0,CALL,557.0
2026-09-18,36,880.0,CALL,1383.0
2026-09-18,36,890.0,CALL,963.0
2026-09-18,36,900.0,CALL,6279.0
2026-09-18,36,910.0,CALL,3408.0
2026-09-18,36,920.0,CALL,927.0
2026-09-18,36,930.0,CALL,610.0
2026-09-18,36,940.0,CALL,593.0
2026-09-18,36,950.0,CALL,1404.0
2026-09-18,36,960.0,CALL,690.0
2026-09-18,36,970.0,CALL,627.0
2026-09-18,36,980.0,CALL,874.0
2026-09-18,36,990.0,CALL,1995.0
2026-09-18,36,1000.0,CALL,10217.0
2026-09-18,36,1010.0,CALL,520.0
2026-09-18,36,1020.0,CALL,1642.0
2026-09-18,36,1030.0,CALL,657.0
2026-09-18,36,1040.0,CALL,369.0
2026-09-18,36,1050.0,CALL,2273.0
2026-09-18,36,1060.0,CALL,693.0
2026-09-18,36,1070.0,CALL,403.0
2026-09-18,36,1080.0,CALL,350.0
2026-09-18,36,1090.0,CALL,751.0
2026-09-18,36,1100.0,CALL,4151.0
2026-09-18,36,1110.0,CALL,895.0
2026-09-18,36,1120.0,CALL,304.0
2026-09-18,36,1130.0,CALL,1208.0
2026-09-18,36,1140.0,CALL,247.0
2026-09-18,36,1150.0,CALL,2117.0
2026-09-18,36,1160.0,CALL,243.0
2026-09-18,36,1170.0,CALL,451.0
2026-09-18,36,1180.0,CALL,541.0
2026-09-18,36,1190.0,CALL,325.0
2026-09-18,36,1200.0,CALL,4732.0
2026-09-18,36,1210.0,CALL,581.0
2026-09-18,36,1220.0,CALL,665.0
2026-09-18,36,1230.0,CALL,339.0
2026-09-18,36,1240.0,CALL,766.0
2026-09-18,36,1250.0,CALL,1469.0
2026-09-18,36,1260.0,CALL,455.0
2026-09-18,36,1270.0,CALL,586.0
2026-09-18,36,1280.0,CALL,277.0
2026-09-18,36,1290.0,CALL,282.0
2026-09-18,36,1300.0,CALL,3592.0
2026-09-18,36,1310.0,CALL,195.0
2026-09-18,36,1320.0,CALL,332.0
2026-09-18,36,1330.0,CALL,242.0
2026-09-18,36,1340.0,CALL,172.0
2026-09-18,36,1350.0,CALL,766.0
2026-09-18,36,1360.0,CALL,275.0
2026-09-18,36,1370.0,CALL,183.0
2026-09-18,36,1380.0,CALL,294.0
2026-09-18,36,1390.0,CALL,214.0
2026-09-18,36,1400.0,CALL,2057.0
2026-09-18,36,1410.0,CALL,99.0
2026-09-18,36,1420.0,CALL,173.0
2026-09-18,36,1430.0,CALL,266.0
2026-09-18,36,1440.0,CALL,202.0
2026-09-18,36,1450.0,CALL,1644.0
2026-09-18,36,1460.0,CALL,461.0
2026-09-18,36,1470.0,CALL,308.0
2026-09-18,36,1480.0,CALL,470.0
2026-09-18,36,1490.0,CALL,275.0
2026-09-18,36,1500.0,CALL,5180.0
2026-09-18,36,1510.0,CALL,142.0
2026-09-18,36,1520.0,CALL,384.0
2026-09-18,36,1530.0,CALL,177.0
2026-09-18,36,1540.0,CALL,210.0
2026-09-18,36,1550.0,CALL,680.0
2026-09-18,36,1560.0,CALL,173.0
2026-09-18,36,1570.0,CALL,131.0
2026-09-18,36,1580.0,CALL,288.0
2026-09-18,36,1590.0,CALL,166.0
2026-09-18,36,1600.0,CALL,2420.0
2026-09-18,36,1610.0,CALL,261.0
2026-09-18,36,1620.0,CALL,165.0
2026-09-18,36,1630.0,CALL,621.0
2026-09-18,36,1640.0,CALL,266.0
2026-09-18,36,1650.0,CALL,375.0
2026-09-18,36,1660.0,CALL,201.0
2026-09-18,36,1670.0,CALL,88.0
2026-09-18,36,1680.0,CALL,87.0
2026-09-18,36,1690.0,CALL,99.0
2026-09-18,36,1700.0,CALL,846.0
2026-09-18,36,1710.0,CALL,152.0
2026-09-18,36,1720.0,CALL,117.0
2026-09-18,36,1730.0,CALL,121.0
2026-09-18,36,1740.0,CALL,48.0
2026-09-18,36,1750.0,CALL,229.0
2026-09-18,36,1760.0,CALL,197.0
2026-09-18,36,1770.0,CALL,199.0
2026-09-18,36,1780.0,CALL,142.0
2026-09-18,36,1790.0,CALL,190.0
2026-09-18,36,1800.0,CALL,803.0
2026-09-18,36,1810.0,CALL,105.0
2026-09-18,36,1820.0,CALL,237.0
2026-09-18,36,1830.0,CALL,365.0
2026-09-18,36,1840.0,CALL,22.0
2026-09-18,36,1850.0,CALL,154.0
2026-09-18,36,1860.0,CALL,317.0
2026-09-18,36,1870.0,CALL,111.0
2026-09-18,36,1880.0,CALL,32.0
2026-09-18,36,1890.0,CALL,88.0
2026-09-18,36,1900.0,CALL,548.0
2026-09-18,36,1910.0,CALL,397.0
2026-09-18,36,1920.0,CALL,230.0
2026-09-18,36,1930.0,CALL,204.0
2026-09-18,36,1940.0,CALL,48.0
2026-09-18,36,1950.0,CALL,266.0
2026-09-18,36,1960.0,CALL,159.0
2026-09-18,36,1970.0,CALL,255.0
2026-09-18,36,1980.0,CALL,289.0
2026-09-18,36,1990.0,CALL,785.0
2026-09-18,36,2000.0,CALL,2152.0
2026-09-18,36,2010.0,CALL,73.0
2026-09-18,36,2020.0,CALL,111.0
2026-09-18,36,2030.0,CALL,385.0
2026-09-18,36,2040.0,CALL,141.0
2026-09-18,36,2050.0,CALL,294.0
2026-09-18,36,2060.0,CALL,325.0
2026-09-18,36,2070.0,CALL,308.0
2026-09-18,36,2080.0,CALL,57.0
2026-09-18,36,2090.0,CALL,119.0
2026-09-18,36,2100.0,CALL,160.0
2026-09-18,36,2110.0,CALL,113.0
2026-09-18,36,2120.0,CALL,48.0
2026-09-18,36,2130.0,CALL,40.0
2026-09-18,36,2140.0,CALL,138.0
2026-09-18,36,2150.0,CALL,124.0
2026-09-18,36,2160.0,CALL,28.0
2026-09-18,36,2170.0,CALL,1007.0
2026-09-18,36,2180.0,CALL,188.0
2026-09-18,36,2190.0,CALL,221.0
2026-09-18,36,2200.0,CALL,596.0
2026-09-18,36,2210.0,CALL,243.0
2026-09-18,36,2220.0,CALL,287.0
2026-09-18,36,2230.0,CALL,150.0
2026-09-18,36,2240.0,CALL,40.0
2026-09-18,36,2250.0,CALL,94.0
2026-09-18,36,2260.0,CALL,169.0
2026-09-18,36,2270.0,CALL,78.0
2026-09-18,36,2280.0,CALL,29.0
2026-09-18,36,2290.0,CALL,194.0
2026-09-18,36,2300.0,CALL,253.0
2026-09-18,36,2310.0,CALL,69.0
2026-09-18,36,2320.0,CALL,39.0
2026-09-18,36,2330.0,CALL,132.0
2026-09-18,36,2340.0,CALL,82.0
2026-09-18,36,2350.0,CALL,109.0
2026-09-18,36,2360.0,CALL,97.0
2026-09-18,36,2370.0,CALL,93.0
2026-09-18,36,2380.0,CALL,57.0
2026-09-18,36,2390.0,CALL,50.0
2026-09-18,36,2400.0,CALL,255.0
2026-09-18,36,2410.0,CALL,40.0
2026-09-18,36,2420.0,CALL,410.0
2026-09-18,36,2440.0,CALL,138.0
2026-09-18,36,2460.0,CALL,164.0
2026-09-18,36,2480.0,CALL,167.0
2026-09-18,36,2500.0,CALL,5030.0
2026-09-18,36,5.0,PUT,403.0
2026-09-18,36,10.0,PUT,3.0
2026-09-18,36,15.0,PUT,160.0
2026-09-18,36,20.0,PUT,25.0
2026-09-18,36,25.0,PUT,18.0
2026-09-18,36,30.0,PUT,621.0
2026-09-18,36,35.0,PUT,1238.0
2026-09-18,36,40.0,PUT,1530.0
2026-09-18,36,45.0,PUT,10177.0
2026-09-18,36,50.0,PUT,3633.0
2026-09-18,36,55.0,PUT,298.0
2026-09-18,36,60.0,PUT,1239.0
2026-09-18,36,65.0,PUT,951.0
2026-09-18,36,70.0,PUT,651.0
2026-09-18,36,75.0,PUT,1682.0
2026-09-18,36,80.0,PUT,603.0
2026-09-18,36,85.0,PUT,2972.0
2026-09-18,36,90.0,PUT,2241.0
2026-09-18,36,95.0,PUT,697.0
2026-09-18,36,100.0,PUT,2436.0
2026-09-18,36,105.0,PUT,805.0
2026-09-18,36,110.0,PUT,1245.0
2026-09-18,36,115.0,PUT,683.0
2026-09-18,36,120.0,PUT,787.0
2026-09-18,36,125.0,PUT,593.0
2026-09-18,36,130.0,PUT,1703.0
2026-09-18,36,135.0,PUT,1600.0
2026-09-18,36,140.0,PUT,3707.0
2026-09-18,36,145.0,PUT,893.0
2026-09-18,36,150.0,PUT,2927.0
2026-09-18,36,155.0,PUT,482.0
2026-09-18,36,160.0,PUT,1389.0
2026-09-18,36,165.0,PUT,911.0
2026-09-18,36,170.0,PUT,827.0
2026-09-18,36,175.0,PUT,541.0
2026-09-18,36,180.0,PUT,3159.0
2026-09-18,36,185.0,PUT,828.0
2026-09-18,36,190.0,PUT,1618.0
2026-09-18,36,195.0,PUT,1169.0
2026-09-18,36,200.0,PUT,6819.0
2026-09-18,36,210.0,PUT,1516.0
2026-09-18,36,220.0,PUT,1976.0
2026-09-18,36,230.0,PUT,4481.0
2026-09-18,36,240.0,PUT,1372.0
2026-09-18,36,250.0,PUT,4417.0
2026-09-18,36,260.0,PUT,4688.0
2026-09-18,36,270.0,PUT,1906.0
2026-09-18,36,280.0,PUT,1602.0
2026-09-18,36,290.0,PUT,3261.0
2026-09-18,36,300.0,PUT,6935.0
2026-09-18,36,310.0,PUT,1667.0
2026-09-18,36,320.0,PUT,2114.0
2026-09-18,36,330.0,PUT,3717.0
2026-09-18,36,340.0,PUT,1543.0
2026-09-18,36,350.0,PUT,4240.0
2026-09-18,36,360.0,PUT,2088.0
2026-09-18,36,370.0,PUT,2253.0
2026-09-18,36,380.0,PUT,4762.0
2026-09-18,36,390.0,PUT,1973.0
2026-09-18,36,400.0,PUT,9477.0
2026-09-18,36,410.0,PUT,2640.0
2026-09-18,36,420.0,PUT,1873.0
2026-09-18,36,430.0,PUT,1405.0
2026-09-18,36,440.0,PUT,1778.0
2026-09-18,36,450.0,PUT,1899.0
2026-09-18,36,460.0,PUT,3444.0
2026-09-18,36,470.0,PUT,1580.0
2026-09-18,36,480.0,PUT,588.0
2026-09-18,36,490.0,PUT,363.0
2026-09-18,36,500.0,PUT,9472.0
2026-09-18,36,510.0,PUT,312.0
2026-09-18,36,520.0,PUT,1190.0
2026-09-18,36,530.0,PUT,422.0
2026-09-18,36,540.0,PUT,656.0
2026-09-18,36,550.0,PUT,2434.0
2026-09-18,36,560.0,PUT,917.0
2026-09-18,36,570.0,PUT,353.0
2026-09-18,36,580.0,PUT,675.0
2026-09-18,36,590.0,PUT,1908.0
2026-09-18,36,600.0,PUT,6658.0
2026-09-18,36,610.0,PUT,1258.0
2026-09-18,36,620.0,PUT,1358.0
2026-09-18,36,630.0,PUT,519.0
2026-09-18,36,640.0,PUT,957.0
2026-09-18,36,650.0,PUT,5047.0
2026-09-18,36,660.0,PUT,1493.0
2026-09-18,36,670.0,PUT,738.0
2026-09-18,36,680.0,PUT,4041.0
2026-09-18,36,690.0,PUT,930.0
2026-09-18,36,700.0,PUT,4904.0
2026-09-18,36,710.0,PUT,701.0
2026-09-18,36,720.0,PUT,1735.0
2026-09-18,36,730.0,PUT,705.0
2026-09-18,36,740.0,PUT,954.0
2026-09-18,36,750.0,PUT,4665.0
2026-09-18,36,760.0,PUT,1414.0
2026-09-18,36,770.0,PUT,706.0
2026-09-18,36,780.0,PUT,1920.0
2026-09-18,36,790.0,PUT,1014.0
2026-09-18,36,800.0,PUT,6497.0
2026-09-18,36,810.0,PUT,845.0
2026-09-18,36,820.0,PUT,1183.0
2026-09-18,36,830.0,PUT,2119.0
2026-09-18,36,840.0,PUT,796.0
2026-09-18,36,850.0,PUT,2708.0
2026-09-18,36,860.0,PUT,945.0
2026-09-18,36,870.0,PUT,883.0
2026-09-18,36,880.0,PUT,716.0
2026-09-18,36,890.0,PUT,931.0
2026-09-18,36,900.0,PUT,3381.0
2026-09-18,36,910.0,PUT,805.0
2026-09-18,36,920.0,PUT,1865.0
2026-09-18,36,930.0,PUT,742.0
2026-09-18,36,940.0,PUT,765.0
2026-09-18,36,950.0,PUT,1404.0
2026-09-18,36,960.0,PUT,1093.0
2026-09-18,36,970.0,PUT,560.0
2026-09-18,36,980.0,PUT,275.0
2026-09-18,36,990.0,PUT,341.0
2026-09-18,36,1000.0,PUT,1498.0
2026-09-18,36,1010.0,PUT,513.0
2026-09-18,36,1020.0,PUT,259.0
2026-09-18,36,1030.0,PUT,227.0
2026-09-18,36,1040.0,PUT,91.0
2026-09-18,36,1050.0,PUT,954.0
2026-09-18,36,1060.0,PUT,524.0
2026-09-18,36,1070.0,PUT,326.0
2026-09-18,36,1080.0,PUT,89.0
2026-09-18,36,1090.0,PUT,164.0
2026-09-18,36,1100.0,PUT,1170.0
2026-09-18,36,1110.0,PUT,112.0
2026-09-18,36,1120.0,PUT,262.0
2026-09-18,36,1130.0,PUT,40.0
2026-09-18,36,1140.0,PUT,42.0
2026-09-18,36,1150.0,PUT,451.0
2026-09-18,36,1160.0,PUT,32.0
2026-09-18,36,1170.0,PUT,72.0
2026-09-18,36,1180.0,PUT,49.0
2026-09-18,36,1190.0,PUT,66.0
2026-09-18,36,1200.0,PUT,1075.0
2026-09-18,36,1210.0,PUT,27.0
2026-09-18,36,1220.0,PUT,74.0
2026-09-18,36,1230.0,PUT,30.0
2026-09-18,36,1240.0,PUT,24.0
2026-09-18,36,1250.0,PUT,134.0
2026-09-18,36,1260.0,PUT,11.0
2026-09-18,36,1270.0,PUT,14.0
2026-09-18,36,1280.0,PUT,17.0
2026-09-18,36,1290.0,PUT,49.0
2026-09-18,36,1300.0,PUT,597.0
2026-09-18,36,1310.0,PUT,20.0
2026-09-18,36,1320.0,PUT,6.0
2026-09-18,36,1330.0,PUT,171.0
2026-09-18,36,1340.0,PUT,33.0
2026-09-18,36,1350.0,PUT,63.0
2026-09-18,36,1360.0,PUT,30.0
2026-09-18,36,1370.0,PUT,5.0
2026-09-18,36,1380.0,PUT,2.0
2026-09-18,36,1390.0,PUT,31.0
2026-09-18,36,1400.0,PUT,178.0
2026-09-18,36,1410.0,PUT,37.0
2026-09-18,36,1420.0,PUT,13.0
2026-09-18,36,1430.0,PUT,53.0
2026-09-18,36,1440.0,PUT,6.0
2026-09-18,36,1450.0,PUT,1.0
2026-09-18,36,1460.0,PUT,146.0
2026-09-18,36,1470.0,PUT,1.0
2026-09-18,36,1480.0,PUT,0.0
2026-09-18,36,1500.0,PUT,263.0
2026-09-18,36,1510.0,PUT,1.0
2026-09-18,36,1520.0,PUT,0.0
2026-09-18,36,1530.0,PUT,0.0
2026-09-18,36,1540.0,PUT,0.0
2026-09-18,36,1550.0,PUT,0.0
2026-09-18,36,1560.0,PUT,0.0
2026-09-18,36,1570.0,PUT,0.0
2026-09-18,36,1580.0,PUT,0.0
2026-09-18,36,1590.0,PUT,0.0
2026-09-18,36,1600.0,PUT,0.0
2026-09-18,36,1610.0,PUT,13.0
2026-09-18,36,1620.0,PUT,0.0
2026-09-18,36,1630.0,PUT,0.0
2026-09-18,36,1640.0,PUT,0.0
2026-09-18,36,1650.0,PUT,0.0
2026-09-18,36,1660.0,PUT,0.0
2026-09-18,36,1670.0,PUT,0.0
2026-09-18,36,1680.0,PUT,13.0
2026-09-18,36,1690.0,PUT,1.0
2026-09-18,36,1700.0,PUT,0.0
2026-09-18,36,1750.0,PUT,0.0
2026-09-18,36,1770.0,PUT,1.0
2026-09-18,36,1790.0,PUT,10.0
2026-09-18,36,1800.0,PUT,0.0
2026-09-18,36,1820.0,PUT,0.0
2026-09-18,36,1830.0,PUT,1.0
2026-09-18,36,1840.0,PUT,0.0
2026-09-18,36,1860.0,PUT,0.0
2026-09-18,36,1880.0,PUT,0.0
2026-09-18,36,1890.0,PUT,0.0
2026-09-18,36,1900.0,PUT,0.0
2026-09-18,36,1910.0,PUT,0.0
2026-09-18,36,1920.0,PUT,1.0
2026-09-18,36,1930.0,PUT,0.0
2026-09-18,36,1940.0,PUT,0.0
2026-09-18,36,1950.0,PUT,0.0
2026-09-18,36,1960.0,PUT,0.0
2026-09-18,36,1970.0,PUT,0.0
2026-09-18,36,1980.0,PUT,0.0
2026-09-18,36,1990.0,PUT,0.0
2026-09-18,36,2000.0,PUT,8.0
2026-09-18,36,2010.0,PUT,0.0
2026-09-18,36,2020.0,PUT,0.0
2026-09-18,36,2030.0,PUT,0.0
2026-09-18,36,2050.0,PUT,0.0
2026-09-18,36,2090.0,PUT,4.0
2026-09-18,36,2100.0,PUT,0.0
2026-09-18,36,2110.0,PUT,0.0
2026-09-18,36,2120.0,PUT,0.0
2026-09-18,36,2130.0,PUT,0.0
2026-09-18,36,2140.0,PUT,1.0
2026-09-18,36,2170.0,PUT,0.0
2026-09-18,36,2190.0,PUT,0.0
2026-09-18,36,2200.0,PUT,0.0
2026-09-18,36,2210.0,PUT,0.0
2026-09-18,36,2220.0,PUT,0.0
2026-09-18,36,2250.0,PUT,0.0
2026-09-18,36,2270.0,PUT,0.0
2026-09-18,36,2280.0,PUT,0.0
2026-09-18,36,2290.0,PUT,0.0
2026-09-18,36,2320.0,PUT,0.0
2026-09-18,36,2350.0,PUT,0.0
2026-09-18,36,2370.0,PUT,0.0
2026-09-18,36,2420.0,PUT,0.0
2026-09-18,36,2440.0,PUT,0.0
2026-09-25,43,480.0,CALL,1.0
2026-09-25,43,600.0,CALL,1.0
2026-09-25,43,695.0,CALL,2.0
2026-09-25,43,700.0,CALL,4.0
2026-09-25,43,750.0,CALL,5.0
2026-09-25,43,760.0,CALL,3.0
2026-09-25,43,765.0,CALL,24.0
2026-09-25,43,770.0,CALL,6.0
2026-09-25,43,775.0,CALL,12.0
2026-09-25,43,780.0,CALL,10.0
2026-09-25,43,790.0,CALL,5.0
2026-09-25,43,795.0,CALL,8.0
2026-09-25,43,800.0,CALL,112.0
2026-09-25,43,810.0,CALL,14.0
2026-09-25,43,815.0,CALL,17.0
2026-09-25,43,825.0,CALL,8.0
2026-09-25,43,830.0,CALL,6.0
2026-09-25,43,835.0,CALL,3.0
2026-09-25,43,840.0,CALL,8.0
2026-09-25,43,845.0,CALL,13.0
2026-09-25,43,850.0,CALL,54.0
2026-09-25,43,855.0,CALL,14.0
2026-09-25,43,860.0,CALL,43.0
2026-09-25,43,865.0,CALL,11.0
2026-09-25,43,870.0,CALL,106.0
2026-09-25,43,875.0,CALL,20.0
2026-09-25,43,880.0,CALL,42.0
2026-09-25,43,885.0,CALL,14.0
2026-09-25,43,890.0,CALL,20.0
2026-09-25,43,895.0,CALL,18.0
2026-09-25,43,900.0,CALL,255.0
2026-09-25,43,905.0,CALL,21.0
2026-09-25,43,910.0,CALL,49.0
2026-09-25,43,915.0,CALL,24.0
2026-09-25,43,920.0,CALL,62.0
2026-09-25,43,925.0,CALL,36.0
2026-09-25,43,930.0,CALL,35.0
2026-09-25,43,935.0,CALL,15.0
2026-09-25,43,940.0,CALL,16.0
2026-09-25,43,945.0,CALL,13.0
2026-09-25,43,950.0,CALL,177.0
2026-09-25,43,960.0,CALL,32.0
2026-09-25,43,965.0,CALL,18.0
2026-09-25,43,970.0,CALL,18.0
2026-09-25,43,975.0,CALL,11.0
2026-09-25,43,980.0,CALL,16.0
2026-09-25,43,985.0,CALL,37.0
2026-09-25,43,990.0,CALL,77.0
2026-09-25,43,1000.0,CALL,377.0
2026-09-25,43,1005.0,CALL,12.0
2026-09-25,43,1010.0,CALL,21.0
2026-09-25,43,1020.0,CALL,35.0
2026-09-25,43,1030.0,CALL,38.0
2026-09-25,43,1035.0,CALL,40.0
2026-09-25,43,1040.0,CALL,8.0
2026-09-25,43,1050.0,CALL,80.0
2026-09-25,43,1055.0,CALL,3.0
2026-09-25,43,1060.0,CALL,33.0
2026-09-25,43,1065.0,CALL,18.0
2026-09-25,43,1090.0,CALL,1.0
2026-09-25,43,1095.0,CALL,8.0
2026-09-25,43,1100.0,CALL,186.0
2026-09-25,43,1105.0,CALL,22.0
2026-09-25,43,1110.0,CALL,311.0
2026-09-25,43,1115.0,CALL,5.0
2026-09-25,43,1120.0,CALL,7.0
2026-09-25,43,1125.0,CALL,7.0
2026-09-25,43,1150.0,CALL,196.0
2026-09-25,43,1170.0,CALL,10.0
2026-09-25,43,1180.0,CALL,9.0
2026-09-25,43,1190.0,CALL,19.0
2026-09-25,43,1200.0,CALL,479.0
2026-09-25,43,1210.0,CALL,320.0
2026-09-25,43,1230.0,CALL,7.0
2026-09-25,43,1250.0,CALL,156.0
2026-09-25,43,1260.0,CALL,40.0
2026-09-25,43,1270.0,CALL,19.0
2026-09-25,43,1300.0,CALL,74.0
2026-09-25,43,1310.0,CALL,33.0
2026-09-25,43,1320.0,CALL,13.0
2026-09-25,43,1340.0,CALL,17.0
2026-09-25,43,1370.0,CALL,5.0
2026-09-25,43,1380.0,CALL,2.0
2026-09-25,43,1400.0,CALL,25.0
2026-09-25,43,1450.0,CALL,5.0
2026-09-25,43,1480.0,CALL,1.0
2026-09-25,43,1490.0,CALL,3.0
2026-09-25,43,1500.0,CALL,34.0
2026-09-25,43,1540.0,CALL,43.0
2026-09-25,43,1670.0,CALL,4.0
2026-09-25,43,1700.0,CALL,1.0
2026-09-25,43,1730.0,CALL,51.0
2026-09-25,43,220.0,PUT,1.0
2026-09-25,43,225.0,PUT,74.0
2026-09-25,43,230.0,PUT,1694.0
2026-09-25,43,235.0,PUT,121.0
2026-09-25,43,240.0,PUT,141.0
2026-09-25,43,245.0,PUT,133.0
2026-09-25,43,250.0,PUT,83.0
2026-09-25,43,255.0,PUT,41.0
2026-09-25,43,260.0,PUT,123.0
2026-09-25,43,265.0,PUT,112.0
2026-09-25,43,270.0,PUT,120.0
2026-09-25,43,275.0,PUT,19.0
2026-09-25,43,350.0,PUT,1.0
2026-09-25,43,370.0,PUT,2.0
2026-09-25,43,380.0,PUT,150.0
2026-09-25,43,390.0,PUT,50.0
2026-09-25,43,400.0,PUT,8.0
2026-09-25,43,405.0,PUT,2.0
2026-09-25,43,440.0,PUT,2.0
2026-09-25,43,460.0,PUT,14.0
2026-09-25,43,475.0,PUT,2.0
2026-09-25,43,480.0,PUT,2.0
2026-09-25,43,495.0,PUT,2.0
2026-09-25,43,500.0,PUT,24.0
2026-09-25,43,540.0,PUT,3.0
2026-09-25,43,545.0,PUT,9.0
2026-09-25,43,550.0,PUT,24.0
2026-09-25,43,560.0,PUT,13.0
2026-09-25,43,570.0,PUT,4.0
2026-09-25,43,580.0,PUT,6.0
2026-09-25,43,585.0,PUT,6.0
2026-09-25,43,590.0,PUT,6.0
2026-09-25,43,600.0,PUT,90.0
2026-09-25,43,610.0,PUT,14.0
2026-09-25,43,620.0,PUT,9.0
2026-09-25,43,625.0,PUT,11.0
2026-09-25,43,630.0,PUT,38.0
2026-09-25,43,640.0,PUT,20.0
2026-09-25,43,650.0,PUT,89.0
2026-09-25,43,660.0,PUT,17.0
2026-09-25,43,665.0,PUT,3.0
2026-09-25,43,670.0,PUT,40.0
2026-09-25,43,675.0,PUT,26.0
2026-09-25,43,680.0,PUT,61.0
2026-09-25,43,690.0,PUT,42.0
2026-09-25,43,695.0,PUT,12.0
2026-09-25,43,700.0,PUT,216.0
2026-09-25,43,705.0,PUT,47.0
2026-09-25,43,710.0,PUT,41.0
2026-09-25,43,715.0,PUT,7.0
2026-09-25,43,720.0,PUT,139.0
2026-09-25,43,725.0,PUT,9.0
2026-09-25,43,730.0,PUT,29.0
2026-09-25,43,735.0,PUT,10.0
2026-09-25,43,740.0,PUT,48.0
2026-09-25,43,745.0,PUT,8.0
2026-09-25,43,750.0,PUT,118.0
2026-09-25,43,755.0,PUT,17.0
2026-09-25,43,770.0,PUT,35.0
2026-09-25,43,775.0,PUT,8.0
2026-09-25,43,780.0,PUT,23.0
2026-09-25,43,785.0,PUT,8.0
2026-09-25,43,790.0,PUT,15.0
2026-09-25,43,800.0,PUT,153.0
2026-09-25,43,810.0,PUT,233.0
2026-09-25,43,820.0,PUT,23.0
2026-09-25,43,835.0,PUT,6.0
2026-09-25,43,840.0,PUT,25.0
2026-09-25,43,850.0,PUT,285.0
2026-09-25,43,855.0,PUT,42.0
2026-09-25,43,860.0,PUT,255.0
2026-09-25,43,865.0,PUT,23.0
2026-09-25,43,870.0,PUT,64.0
2026-09-25,43,875.0,PUT,209.0
2026-09-25,43,880.0,PUT,127.0
2026-09-25,43,885.0,PUT,221.0
2026-09-25,43,890.0,PUT,23.0
2026-09-25,43,895.0,PUT,18.0
2026-09-25,43,900.0,PUT,63.0
2026-09-25,43,905.0,PUT,16.0
2026-09-25,43,910.0,PUT,32.0
2026-09-25,43,915.0,PUT,15.0
2026-09-25,43,925.0,PUT,27.0
2026-09-25,43,930.0,PUT,77.0
2026-09-25,43,935.0,PUT,27.0
2026-09-25,43,940.0,PUT,207.0
2026-09-25,43,945.0,PUT,19.0
2026-09-25,43,950.0,PUT,217.0
2026-09-25,43,955.0,PUT,12.0
2026-09-25,43,960.0,PUT,9.0
2026-09-25,43,965.0,PUT,2.0
2026-09-25,43,970.0,PUT,7.0
2026-09-25,43,975.0,PUT,2.0
2026-09-25,43,980.0,PUT,8.0
2026-09-25,43,985.0,PUT,44.0
2026-09-25,43,990.0,PUT,14.0
2026-09-25,43,1000.0,PUT,6.0
2026-09-25,43,1005.0,PUT,4.0
2026-09-25,43,1015.0,PUT,3.0
2026-09-25,43,1020.0,PUT,0.0
2026-09-25,43,1035.0,PUT,3.0
2026-09-25,43,1040.0,PUT,0.0
2026-09-25,43,1045.0,PUT,0.0
2026-09-25,43,1050.0,PUT,0.0
2026-09-25,43,1085.0,PUT,1.0
2026-09-25,43,1120.0,PUT,203.0
2026-09-25,43,1150.0,PUT,6.0
2026-09-25,43,1190.0,PUT,3.0
2026-09-25,43,1540.0,PUT,1.0
2026-09-25,43,1560.0,PUT,1.0
2026-10-16,64,5.0,CALL,613.0
2026-10-16,64,10.0,CALL,22.0
2026-10-16,64,15.0,CALL,10.0
2026-10-16,64,20.0,CALL,16.0
2026-10-16,64,25.0,CALL,52.0
2026-10-16,64,30.0,CALL,35.0
2026-10-16,64,40.0,CALL,6.0
2026-10-16,64,45.0,CALL,21.0
2026-10-16,64,50.0,CALL,28.0
2026-10-16,64,60.0,CALL,1.0
2026-10-16,64,185.0,CALL,13.0
2026-10-16,64,190.0,CALL,17.0
2026-10-16,64,195.0,CALL,4.0
2026-10-16,64,200.0,CALL,49.0
2026-10-16,64,210.0,CALL,67.0
2026-10-16,64,220.0,CALL,21.0
2026-10-16,64,230.0,CALL,6.0
2026-10-16,64,240.0,CALL,25.0
2026-10-16,64,250.0,CALL,531.0
2026-10-16,64,260.0,CALL,59.0
2026-10-16,64,270.0,CALL,67.0
2026-10-16,64,280.0,CALL,315.0
2026-10-16,64,290.0,CALL,261.0
2026-10-16,64,300.0,CALL,246.0
2026-10-16,64,310.0,CALL,448.0
2026-10-16,64,320.0,CALL,227.0
2026-10-16,64,330.0,CALL,35.0
2026-10-16,64,340.0,CALL,285.0
2026-10-16,64,350.0,CALL,318.0
2026-10-16,64,360.0,CALL,186.0
2026-10-16,64,370.0,CALL,124.0
2026-10-16,64,380.0,CALL,149.0
2026-10-16,64,390.0,CALL,85.0
2026-10-16,64,400.0,CALL,735.0
2026-10-16,64,410.0,CALL,310.0
2026-10-16,64,420.0,CALL,343.0
2026-10-16,64,430.0,CALL,140.0
2026-10-16,64,440.0,CALL,170.0
2026-10-16,64,450.0,CALL,712.0
2026-10-16,64,460.0,CALL,448.0
2026-10-16,64,470.0,CALL,650.0
2026-10-16,64,480.0,CALL,449.0
2026-10-16,64,490.0,CALL,212.0
2026-10-16,64,500.0,CALL,645.0
2026-10-16,64,510.0,CALL,293.0
2026-10-16,64,520.0,CALL,355.0
2026-10-16,64,530.0,CALL,555.0
2026-10-16,64,540.0,CALL,501.0
2026-10-16,64,560.0,CALL,756.0
2026-10-16,64,580.0,CALL,192.0
2026-10-16,64,600.0,CALL,1462.0
2026-10-16,64,620.0,CALL,771.0
2026-10-16,64,640.0,CALL,1716.0
2026-10-16,64,660.0,CALL,349.0
2026-10-16,64,680.0,CALL,412.0
2026-10-16,64,700.0,CALL,1418.0
2026-10-16,64,720.0,CALL,688.0
2026-10-16,64,740.0,CALL,766.0
2026-10-16,64,760.0,CALL,438.0
2026-10-16,64,780.0,CALL,1197.0
2026-10-16,64,800.0,CALL,1239.0
2026-10-16,64,820.0,CALL,600.0
2026-10-16,64,840.0,CALL,1622.0
2026-10-16,64,860.0,CALL,859.0
2026-10-16,64,880.0,CALL,593.0
2026-10-16,64,900.0,CALL,2352.0
2026-10-16,64,910.0,CALL,515.0
2026-10-16,64,920.0,CALL,506.0
2026-10-16,64,930.0,CALL,487.0
2026-10-16,64,940.0,CALL,384.0
2026-10-16,64,950.0,CALL,1919.0
2026-10-16,64,960.0,CALL,453.0
2026-10-16,64,970.0,CALL,456.0
2026-10-16,64,980.0,CALL,405.0
2026-10-16,64,990.0,CALL,525.0
2026-10-16,64,1000.0,CALL,7487.0
2026-10-16,64,1010.0,CALL,241.0
2026-10-16,64,1020.0,CALL,409.0
2026-10-16,64,1030.0,CALL,263.0
2026-10-16,64,1040.0,CALL,136.0
2026-10-16,64,1050.0,CALL,1344.0
2026-10-16,64,1060.0,CALL,206.0
2026-10-16,64,1070.0,CALL,380.0
2026-10-16,64,1080.0,CALL,373.0
2026-10-16,64,1090.0,CALL,323.0
2026-10-16,64,1100.0,CALL,4749.0
2026-10-16,64,1110.0,CALL,239.0
2026-10-16,64,1120.0,CALL,281.0
2026-10-16,64,1130.0,CALL,197.0
2026-10-16,64,1140.0,CALL,193.0
2026-10-16,64,1150.0,CALL,820.0
2026-10-16,64,1160.0,CALL,652.0
2026-10-16,64,1170.0,CALL,358.0
2026-10-16,64,1180.0,CALL,319.0
2026-10-16,64,1190.0,CALL,257.0
2026-10-16,64,1200.0,CALL,3479.0
2026-10-16,64,1210.0,CALL,480.0
2026-10-16,64,1220.0,CALL,309.0
2026-10-16,64,1230.0,CALL,211.0
2026-10-16,64,1240.0,CALL,132.0
2026-10-16,64,1250.0,CALL,846.0
2026-10-16,64,1260.0,CALL,371.0
2026-10-16,64,1270.0,CALL,368.0
2026-10-16,64,1280.0,CALL,357.0
2026-10-16,64,1290.0,CALL,336.0
2026-10-16,64,1300.0,CALL,2289.0
2026-10-16,64,1310.0,CALL,198.0
2026-10-16,64,1320.0,CALL,297.0
2026-10-16,64,1330.0,CALL,841.0
2026-10-16,64,1340.0,CALL,242.0
2026-10-16,64,1350.0,CALL,701.0
2026-10-16,64,1360.0,CALL,254.0
2026-10-16,64,1370.0,CALL,135.0
2026-10-16,64,1380.0,CALL,215.0
2026-10-16,64,1390.0,CALL,324.0
2026-10-16,64,1400.0,CALL,2858.0
2026-10-16,64,1410.0,CALL,262.0
2026-10-16,64,1420.0,CALL,235.0
2026-10-16,64,1430.0,CALL,693.0
2026-10-16,64,1440.0,CALL,175.0
2026-10-16,64,1450.0,CALL,178.0
2026-10-16,64,1460.0,CALL,314.0
2026-10-16,64,1470.0,CALL,349.0
2026-10-16,64,1480.0,CALL,300.0
2026-10-16,64,1490.0,CALL,249.0
2026-10-16,64,1500.0,CALL,2492.0
2026-10-16,64,1510.0,CALL,629.0
2026-10-16,64,1520.0,CALL,322.0
2026-10-16,64,1530.0,CALL,256.0
2026-10-16,64,1540.0,CALL,251.0
2026-10-16,64,1550.0,CALL,376.0
2026-10-16,64,1560.0,CALL,118.0
2026-10-16,64,1570.0,CALL,151.0
2026-10-16,64,1580.0,CALL,48.0
2026-10-16,64,1590.0,CALL,187.0
2026-10-16,64,1600.0,CALL,1215.0
2026-10-16,64,1610.0,CALL,282.0
2026-10-16,64,1620.0,CALL,219.0
2026-10-16,64,1630.0,CALL,279.0
2026-10-16,64,1640.0,CALL,103.0
2026-10-16,64,1650.0,CALL,155.0
2026-10-16,64,1660.0,CALL,301.0
2026-10-16,64,1670.0,CALL,242.0
2026-10-16,64,1680.0,CALL,73.0
2026-10-16,64,1690.0,CALL,835.0
2026-10-16,64,1700.0,CALL,629.0
2026-10-16,64,1710.0,CALL,95.0
2026-10-16,64,1720.0,CALL,149.0
2026-10-16,64,1730.0,CALL,194.0
2026-10-16,64,1740.0,CALL,285.0
2026-10-16,64,1750.0,CALL,163.0
2026-10-16,64,1760.0,CALL,234.0
2026-10-16,64,1770.0,CALL,280.0
2026-10-16,64,1780.0,CALL,88.0
2026-10-16,64,1790.0,CALL,366.0
2026-10-16,64,1800.0,CALL,715.0
2026-10-16,64,1810.0,CALL,235.0
2026-10-16,64,1820.0,CALL,945.0
2026-10-16,64,1830.0,CALL,1203.0
2026-10-16,64,1840.0,CALL,119.0
2026-10-16,64,1850.0,CALL,594.0
2026-10-16,64,1860.0,CALL,158.0
2026-10-16,64,1870.0,CALL,159.0
2026-10-16,64,1880.0,CALL,227.0
2026-10-16,64,1890.0,CALL,388.0
2026-10-16,64,1900.0,CALL,596.0
2026-10-16,64,1910.0,CALL,1037.0
2026-10-16,64,1920.0,CALL,87.0
2026-10-16,64,1930.0,CALL,203.0
2026-10-16,64,1940.0,CALL,276.0
2026-10-16,64,1950.0,CALL,289.0
2026-10-16,64,1960.0,CALL,404.0
2026-10-16,64,1970.0,CALL,88.0
2026-10-16,64,1980.0,CALL,144.0
2026-10-16,64,1990.0,CALL,77.0
2026-10-16,64,2000.0,CALL,1772.0
2026-10-16,64,2010.0,CALL,81.0
2026-10-16,64,2020.0,CALL,42.0
2026-10-16,64,2030.0,CALL,132.0
2026-10-16,64,2040.0,CALL,14.0
2026-10-16,64,2050.0,CALL,236.0
2026-10-16,64,2060.0,CALL,246.0
2026-10-16,64,2070.0,CALL,85.0
2026-10-16,64,2080.0,CALL,308.0
2026-10-16,64,2090.0,CALL,218.0
2026-10-16,64,2100.0,CALL,353.0
2026-10-16,64,2110.0,CALL,126.0
2026-10-16,64,2120.0,CALL,67.0
2026-10-16,64,2130.0,CALL,91.0
2026-10-16,64,2140.0,CALL,44.0
2026-10-16,64,2150.0,CALL,172.0
2026-10-16,64,2160.0,CALL,83.0
2026-10-16,64,2170.0,CALL,287.0
2026-10-16,64,2180.0,CALL,47.0
2026-10-16,64,2190.0,CALL,77.0
2026-10-16,64,2200.0,CALL,204.0
2026-10-16,64,2210.0,CALL,55.0
2026-10-16,64,2220.0,CALL,148.0
2026-10-16,64,2230.0,CALL,16.0
2026-10-16,64,2240.0,CALL,25.0
2026-10-16,64,2250.0,CALL,140.0
2026-10-16,64,2260.0,CALL,38.0
2026-10-16,64,2270.0,CALL,92.0
2026-10-16,64,2280.0,CALL,74.0
2026-10-16,64,2290.0,CALL,180.0
2026-10-16,64,2300.0,CALL,279.0
2026-10-16,64,2310.0,CALL,53.0
2026-10-16,64,2320.0,CALL,162.0
2026-10-16,64,2330.0,CALL,51.0
2026-10-16,64,2340.0,CALL,79.0
2026-10-16,64,2350.0,CALL,54.0
2026-10-16,64,2360.0,CALL,136.0
2026-10-16,64,2370.0,CALL,111.0
2026-10-16,64,2380.0,CALL,31.0
2026-10-16,64,2390.0,CALL,93.0
2026-10-16,64,2400.0,CALL,270.0
2026-10-16,64,2410.0,CALL,108.0
2026-10-16,64,2420.0,CALL,624.0
2026-10-16,64,2440.0,CALL,79.0
2026-10-16,64,2460.0,CALL,155.0
2026-10-16,64,2480.0,CALL,190.0
2026-10-16,64,2500.0,CALL,1268.0
2026-10-16,64,5.0,PUT,119.0
2026-10-16,64,10.0,PUT,85.0
2026-10-16,64,15.0,PUT,180.0
2026-10-16,64,20.0,PUT,138.0
2026-10-16,64,25.0,PUT,129.0
2026-10-16,64,30.0,PUT,206.0
2026-10-16,64,35.0,PUT,583.0
2026-10-16,64,40.0,PUT,747.0
2026-10-16,64,45.0,PUT,612.0
2026-10-16,64,50.0,PUT,1384.0
2026-10-16,64,55.0,PUT,5008.0
2026-10-16,64,60.0,PUT,14564.0
2026-10-16,64,185.0,PUT,237.0
2026-10-16,64,190.0,PUT,129.0
2026-10-16,64,195.0,PUT,1728.0
2026-10-16,64,200.0,PUT,1935.0
2026-10-16,64,210.0,PUT,1001.0
2026-10-16,64,220.0,PUT,1906.0
2026-10-16,64,230.0,PUT,2638.0
2026-10-16,64,240.0,PUT,479.0
2026-10-16,64,250.0,PUT,694.0
2026-10-16,64,260.0,PUT,2267.0
2026-10-16,64,270.0,PUT,586.0
2026-10-16,64,280.0,PUT,713.0
2026-10-16,64,290.0,PUT,586.0
2026-10-16,64,300.0,PUT,1988.0
2026-10-16,64,310.0,PUT,426.0
2026-10-16,64,320.0,PUT,1998.0
2026-10-16,64,330.0,PUT,1717.0
2026-10-16,64,340.0,PUT,6687.0
2026-10-16,64,350.0,PUT,744.0
2026-10-16,64,360.0,PUT,3989.0
2026-10-16,64,370.0,PUT,859.0
2026-10-16,64,380.0,PUT,2182.0
2026-10-16,64,390.0,PUT,530.0
2026-10-16,64,400.0,PUT,2259.0
2026-10-16,64,410.0,PUT,815.0
2026-10-16,64,420.0,PUT,664.0
2026-10-16,64,430.0,PUT,423.0
2026-10-16,64,440.0,PUT,337.0
2026-10-16,64,450.0,PUT,2987.0
2026-10-16,64,460.0,PUT,812.0
2026-10-16,64,470.0,PUT,399.0
2026-10-16,64,480.0,PUT,564.0
2026-10-16,64,490.0,PUT,678.0
2026-10-16,64,500.0,PUT,4511.0
2026-10-16,64,510.0,PUT,399.0
2026-10-16,64,520.0,PUT,971.0
2026-10-16,64,530.0,PUT,1045.0
2026-10-16,64,540.0,PUT,1078.0
2026-10-16,64,560.0,PUT,985.0
2026-10-16,64,580.0,PUT,1740.0
2026-10-16,64,600.0,PUT,3591.0
2026-10-16,64,620.0,PUT,1628.0
2026-10-16,64,640.0,PUT,4624.0
2026-10-16,64,660.0,PUT,1808.0
2026-10-16,64,680.0,PUT,1957.0
2026-10-16,64,700.0,PUT,6264.0
2026-10-16,64,720.0,PUT,557.0
2026-10-16,64,740.0,PUT,1746.0
2026-10-16,64,760.0,PUT,2556.0
2026-10-16,64,780.0,PUT,1336.0
2026-10-16,64,800.0,PUT,3734.0
2026-10-16,64,820.0,PUT,1666.0
2026-10-16,64,840.0,PUT,3126.0
2026-10-16,64,860.0,PUT,1369.0
2026-10-16,64,880.0,PUT,894.0
2026-10-16,64,900.0,PUT,2753.0
2026-10-16,64,910.0,PUT,612.0
2026-10-16,64,920.0,PUT,850.0
2026-10-16,64,930.0,PUT,476.0
2026-10-16,64,940.0,PUT,204.0
2026-10-16,64,950.0,PUT,1007.0
2026-10-16,64,960.0,PUT,394.0
2026-10-16,64,970.0,PUT,410.0
2026-10-16,64,980.0,PUT,280.0
2026-10-16,64,990.0,PUT,614.0
2026-10-16,64,1000.0,PUT,3348.0
2026-10-16,64,1010.0,PUT,153.0
2026-10-16,64,1020.0,PUT,317.0
2026-10-16,64,1030.0,PUT,139.0
2026-10-16,64,1040.0,PUT,353.0
2026-10-16,64,1050.0,PUT,395.0
2026-10-16,64,1060.0,PUT,187.0
2026-10-16,64,1070.0,PUT,76.0
2026-10-16,64,1080.0,PUT,293.0
2026-10-16,64,1090.0,PUT,286.0
2026-10-16,64,1100.0,PUT,3003.0
2026-10-16,64,1110.0,PUT,74.0
2026-10-16,64,1120.0,PUT,149.0
2026-10-16,64,1130.0,PUT,70.0
2026-10-16,64,1140.0,PUT,167.0
2026-10-16,64,1150.0,PUT,82.0
2026-10-16,64,1160.0,PUT,155.0
2026-10-16,64,1170.0,PUT,27.0
2026-10-16,64,1180.0,PUT,57.0
2026-10-16,64,1190.0,PUT,74.0
2026-10-16,64,1200.0,PUT,204.0
2026-10-16,64,1210.0,PUT,42.0
2026-10-16,64,1220.0,PUT,42.0
2026-10-16,64,1230.0,PUT,7.0
2026-10-16,64,1240.0,PUT,39.0
2026-10-16,64,1250.0,PUT,111.0
2026-10-16,64,1260.0,PUT,73.0
2026-10-16,64,1270.0,PUT,54.0
2026-10-16,64,1280.0,PUT,48.0
2026-10-16,64,1290.0,PUT,49.0
2026-10-16,64,1300.0,PUT,74.0
2026-10-16,64,1310.0,PUT,38.0
2026-10-16,64,1320.0,PUT,50.0
2026-10-16,64,1330.0,PUT,2.0
2026-10-16,64,1340.0,PUT,37.0
2026-10-16,64,1350.0,PUT,99.0
2026-10-16,64,1360.0,PUT,23.0
2026-10-16,64,1370.0,PUT,29.0
2026-10-16,64,1380.0,PUT,24.0
2026-10-16,64,1390.0,PUT,22.0
2026-10-16,64,1400.0,PUT,15.0
2026-10-16,64,1410.0,PUT,75.0
2026-10-16,64,1420.0,PUT,1.0
2026-10-16,64,1430.0,PUT,32.0
2026-10-16,64,1440.0,PUT,3.0
2026-10-16,64,1450.0,PUT,16.0
2026-10-16,64,1460.0,PUT,11.0
2026-10-16,64,1470.0,PUT,0.0
2026-10-16,64,1480.0,PUT,13.0
2026-10-16,64,1490.0,PUT,10.0
2026-10-16,64,1500.0,PUT,51.0
2026-10-16,64,1520.0,PUT,10.0
2026-10-16,64,1530.0,PUT,0.0
2026-10-16,64,1540.0,PUT,2.0
2026-10-16,64,1550.0,PUT,3.0
2026-10-16,64,1560.0,PUT,3.0
2026-10-16,64,1580.0,PUT,2.0
2026-10-16,64,1600.0,PUT,4.0
2026-10-16,64,1620.0,PUT,1.0
2026-10-16,64,1630.0,PUT,98.0
2026-10-16,64,1650.0,PUT,3.0
2026-10-16,64,1660.0,PUT,0.0
2026-10-16,64,1680.0,PUT,1.0
2026-10-16,64,1690.0,PUT,5.0
2026-10-16,64,1700.0,PUT,2.0
2026-10-16,64,1720.0,PUT,11.0
2026-10-16,64,1740.0,PUT,0.0
2026-10-16,64,1760.0,PUT,0.0
2026-10-16,64,1770.0,PUT,0.0
2026-10-16,64,1790.0,PUT,0.0
2026-10-16,64,1800.0,PUT,2.0
2026-10-16,64,1830.0,PUT,0.0
2026-10-16,64,1840.0,PUT,0.0
2026-10-16,64,1850.0,PUT,0.0
2026-10-16,64,1860.0,PUT,0.0
2026-10-16,64,1870.0,PUT,0.0
2026-10-16,64,1880.0,PUT,0.0
2026-10-16,64,1890.0,PUT,0.0
2026-10-16,64,1900.0,PUT,3.0
2026-10-16,64,1910.0,PUT,0.0
2026-10-16,64,1920.0,PUT,0.0
2026-10-16,64,1930.0,PUT,0.0
2026-10-16,64,1940.0,PUT,0.0
2026-10-16,64,1950.0,PUT,0.0
2026-10-16,64,1960.0,PUT,0.0
2026-10-16,64,1970.0,PUT,10.0
2026-10-16,64,1980.0,PUT,0.0
2026-10-16,64,1990.0,PUT,0.0
2026-10-16,64,2000.0,PUT,0.0
2026-10-16,64,2010.0,PUT,0.0
2026-10-16,64,2020.0,PUT,0.0
2026-10-16,64,2030.0,PUT,0.0
2026-10-16,64,2040.0,PUT,0.0
2026-10-16,64,2050.0,PUT,0.0
2026-10-16,64,2060.0,PUT,0.0
2026-10-16,64,2070.0,PUT,0.0
2026-10-16,64,2090.0,PUT,0.0
2026-10-16,64,2100.0,PUT,0.0
2026-10-16,64,2170.0,PUT,0.0
2026-10-16,64,2190.0,PUT,0.0
2026-10-16,64,2200.0,PUT,0.0
2026-10-16,64,2210.0,PUT,0.0
2026-10-16,64,2220.0,PUT,0.0
2026-10-16,64,2260.0,PUT,0.0
2026-10-16,64,2290.0,PUT,0.0
2026-10-16,64,2340.0,PUT,0.0
2026-10-16,64,2350.0,PUT,0.0
2026-10-16,64,2360.0,PUT,0.0
2026-10-16,64,2390.0,PUT,0.0
2026-10-16,64,2420.0,PUT,0.0
2026-11-20,99,5.0,CALL,9.0
2026-11-20,99,35.0,CALL,9.0
2026-11-20,99,40.0,CALL,0.0
2026-11-20,99,45.0,CALL,1.0
2026-11-20,99,50.0,CALL,0.0
2026-11-20,99,55.0,CALL,8.0
2026-11-20,99,60.0,CALL,12.0
2026-11-20,99,65.0,CALL,3.0
2026-11-20,99,70.0,CALL,0.0
2026-11-20,99,75.0,CALL,2.0
2026-11-20,99,80.0,CALL,4.0
2026-11-20,99,85.0,CALL,1.0
2026-11-20,99,90.0,CALL,12.0
2026-11-20,99,95.0,CALL,0.0
2026-11-20,99,100.0,CALL,5.0
2026-11-20,99,105.0,CALL,2.0
2026-11-20,99,110.0,CALL,48.0
2026-11-20,99,115.0,CALL,5.0
2026-11-20,99,120.0,CALL,17.0
2026-11-20,99,125.0,CALL,3.0
2026-11-20,99,130.0,CALL,13.0
2026-11-20,99,135.0,CALL,10.0
2026-11-20,99,140.0,CALL,21.0
2026-11-20,99,145.0,CALL,5.0
2026-11-20,99,150.0,CALL,0.0
2026-11-20,99,155.0,CALL,16.0
2026-11-20,99,160.0,CALL,24.0
2026-11-20,99,165.0,CALL,30.0
2026-11-20,99,170.0,CALL,8.0
2026-11-20,99,175.0,CALL,19.0
2026-11-20,99,180.0,CALL,17.0
2026-11-20,99,185.0,CALL,0.0
2026-11-20,99,190.0,CALL,0.0
2026-11-20,99,195.0,CALL,117.0
2026-11-20,99,200.0,CALL,74.0
2026-11-20,99,210.0,CALL,39.0
2026-11-20,99,220.0,CALL,36.0
2026-11-20,99,230.0,CALL,0.0
2026-11-20,99,240.0,CALL,16.0
2026-11-20,99,250.0,CALL,98.0
2026-11-20,99,260.0,CALL,143.0
2026-11-20,99,270.0,CALL,33.0
2026-11-20,99,280.0,CALL,211.0
2026-11-20,99,290.0,CALL,47.0
2026-11-20,99,300.0,CALL,201.0
2026-11-20,99,310.0,CALL,13.0
2026-11-20,99,320.0,CALL,88.0
2026-11-20,99,330.0,CALL,201.0
2026-11-20,99,340.0,CALL,434.0
2026-11-20,99,350.0,CALL,170.0
2026-11-20,99,360.0,CALL,120.0
2026-11-20,99,370.0,CALL,86.0
2026-11-20,99,380.0,CALL,774.0
2026-11-20,99,390.0,CALL,189.0
2026-11-20,99,400.0,CALL,389.0
2026-11-20,99,410.0,CALL,204.0
2026-11-20,99,420.0,CALL,492.0
2026-11-20,99,430.0,CALL,809.0
2026-11-20,99,440.0,CALL,1218.0
2026-11-20,99,450.0,CALL,785.0
2026-11-20,99,460.0,CALL,385.0
2026-11-20,99,470.0,CALL,213.0
2026-11-20,99,480.0,CALL,276.0
2026-11-20,99,490.0,CALL,326.0
2026-11-20,99,500.0,CALL,1132.0
2026-11-20,99,510.0,CALL,175.0
2026-11-20,99,520.0,CALL,219.0
2026-11-20,99,530.0,CALL,306.0
2026-11-20,99,540.0,CALL,294.0
2026-11-20,99,550.0,CALL,236.0
2026-11-20,99,560.0,CALL,218.0
2026-11-20,99,570.0,CALL,1201.0
2026-11-20,99,580.0,CALL,117.0
2026-11-20,99,590.0,CALL,368.0
2026-11-20,99,600.0,CALL,511.0
2026-11-20,99,610.0,CALL,154.0
2026-11-20,99,620.0,CALL,368.0
2026-11-20,99,630.0,CALL,191.0
2026-11-20,99,640.0,CALL,305.0
2026-11-20,99,650.0,CALL,749.0
2026-11-20,99,660.0,CALL,310.0
2026-11-20,99,670.0,CALL,273.0
2026-11-20,99,680.0,CALL,125.0
2026-11-20,99,700.0,CALL,979.0
2026-11-20,99,710.0,CALL,230.0
2026-11-20,99,720.0,CALL,246.0
2026-11-20,99,730.0,CALL,348.0
2026-11-20,99,740.0,CALL,178.0
2026-11-20,99,750.0,CALL,499.0
2026-11-20,99,760.0,CALL,342.0
2026-11-20,99,770.0,CALL,338.0
2026-11-20,99,780.0,CALL,270.0
2026-11-20,99,790.0,CALL,289.0
2026-11-20,99,800.0,CALL,1641.0
2026-11-20,99,810.0,CALL,581.0
2026-11-20,99,820.0,CALL,692.0
2026-11-20,99,830.0,CALL,317.0
2026-11-20,99,840.0,CALL,201.0
2026-11-20,99,850.0,CALL,563.0
2026-11-20,99,860.0,CALL,303.0
2026-11-20,99,870.0,CALL,271.0
2026-11-20,99,880.0,CALL,379.0
2026-11-20,99,890.0,CALL,367.0
2026-11-20,99,900.0,CALL,2092.0
2026-11-20,99,910.0,CALL,7202.0
2026-11-20,99,920.0,CALL,624.0
2026-11-20,99,930.0,CALL,238.0
2026-11-20,99,940.0,CALL,184.0
2026-11-20,99,950.0,CALL,332.0
2026-11-20,99,960.0,CALL,324.0
2026-11-20,99,970.0,CALL,150.0
2026-11-20,99,980.0,CALL,244.0
2026-11-20,99,990.0,CALL,162.0
2026-11-20,99,1000.0,CALL,1952.0
2026-11-20,99,1010.0,CALL,720.0
2026-11-20,99,1020.0,CALL,477.0
2026-11-20,99,1030.0,CALL,205.0
2026-11-20,99,1040.0,CALL,144.0
2026-11-20,99,1050.0,CALL,601.0
2026-11-20,99,1060.0,CALL,225.0
2026-11-20,99,1070.0,CALL,287.0
2026-11-20,99,1080.0,CALL,359.0
2026-11-20,99,1090.0,CALL,220.0
2026-11-20,99,1100.0,CALL,1105.0
2026-11-20,99,1110.0,CALL,92.0
2026-11-20,99,1120.0,CALL,262.0
2026-11-20,99,1130.0,CALL,145.0
2026-11-20,99,1140.0,CALL,266.0
2026-11-20,99,1150.0,CALL,551.0
2026-11-20,99,1160.0,CALL,435.0
2026-11-20,99,1170.0,CALL,399.0
2026-11-20,99,1180.0,CALL,280.0
2026-11-20,99,1190.0,CALL,901.0
2026-11-20,99,1200.0,CALL,862.0
2026-11-20,99,1210.0,CALL,270.0
2026-11-20,99,1220.0,CALL,127.0
2026-11-20,99,1230.0,CALL,235.0
2026-11-20,99,1240.0,CALL,107.0
2026-11-20,99,1250.0,CALL,441.0
2026-11-20,99,1260.0,CALL,64.0
2026-11-20,99,1270.0,CALL,361.0
2026-11-20,99,1280.0,CALL,180.0
2026-11-20,99,1290.0,CALL,117.0
2026-11-20,99,1300.0,CALL,2108.0
2026-11-20,99,1310.0,CALL,515.0
2026-11-20,99,1320.0,CALL,262.0
2026-11-20,99,1330.0,CALL,370.0
2026-11-20,99,1340.0,CALL,182.0
2026-11-20,99,1350.0,CALL,1716.0
2026-11-20,99,1360.0,CALL,187.0
2026-11-20,99,1370.0,CALL,89.0
2026-11-20,99,1380.0,CALL,387.0
2026-11-20,99,1390.0,CALL,67.0
2026-11-20,99,1400.0,CALL,627.0
2026-11-20,99,1410.0,CALL,284.0
2026-11-20,99,1420.0,CALL,173.0
2026-11-20,99,1430.0,CALL,53.0
2026-11-20,99,1440.0,CALL,214.0
2026-11-20,99,1450.0,CALL,155.0
2026-11-20,99,1460.0,CALL,123.0
2026-11-20,99,1470.0,CALL,340.0
2026-11-20,99,1480.0,CALL,473.0
2026-11-20,99,1490.0,CALL,169.0
2026-11-20,99,1500.0,CALL,1292.0
2026-11-20,99,1510.0,CALL,457.0
2026-11-20,99,1520.0,CALL,849.0
2026-11-20,99,1530.0,CALL,745.0
2026-11-20,99,1540.0,CALL,254.0
2026-11-20,99,1550.0,CALL,209.0
2026-11-20,99,1560.0,CALL,129.0
2026-11-20,99,1570.0,CALL,142.0
2026-11-20,99,1580.0,CALL,84.0
2026-11-20,99,1590.0,CALL,422.0
2026-11-20,99,1600.0,CALL,562.0
2026-11-20,99,1610.0,CALL,417.0
2026-11-20,99,1620.0,CALL,143.0
2026-11-20,99,1630.0,CALL,213.0
2026-11-20,99,1640.0,CALL,89.0
2026-11-20,99,1650.0,CALL,197.0
2026-11-20,99,1660.0,CALL,64.0
2026-11-20,99,1670.0,CALL,90.0
2026-11-20,99,1680.0,CALL,117.0
2026-11-20,99,1690.0,CALL,65.0
2026-11-20,99,1700.0,CALL,303.0
2026-11-20,99,1710.0,CALL,140.0
2026-11-20,99,1720.0,CALL,208.0
2026-11-20,99,1730.0,CALL,37.0
2026-11-20,99,1740.0,CALL,243.0
2026-11-20,99,1750.0,CALL,195.0
2026-11-20,99,1760.0,CALL,60.0
2026-11-20,99,1770.0,CALL,154.0
2026-11-20,99,1780.0,CALL,201.0
2026-11-20,99,1790.0,CALL,189.0
2026-11-20,99,1800.0,CALL,913.0
2026-11-20,99,1810.0,CALL,102.0
2026-11-20,99,1820.0,CALL,574.0
2026-11-20,99,1830.0,CALL,340.0
2026-11-20,99,1840.0,CALL,369.0
2026-11-20,99,1850.0,CALL,399.0
2026-11-20,99,1860.0,CALL,134.0
2026-11-20,99,1870.0,CALL,203.0
2026-11-20,99,1880.0,CALL,474.0
2026-11-20,99,1890.0,CALL,214.0
2026-11-20,99,1900.0,CALL,293.0
2026-11-20,99,1910.0,CALL,689.0
2026-11-20,99,1920.0,CALL,152.0
2026-11-20,99,1930.0,CALL,174.0
2026-11-20,99,1940.0,CALL,168.0
2026-11-20,99,1950.0,CALL,283.0
2026-11-20,99,1960.0,CALL,345.0
2026-11-20,99,1970.0,CALL,206.0
2026-11-20,99,1980.0,CALL,67.0
2026-11-20,99,1990.0,CALL,162.0
2026-11-20,99,2000.0,CALL,583.0
2026-11-20,99,2010.0,CALL,145.0
2026-11-20,99,2020.0,CALL,225.0
2026-11-20,99,2030.0,CALL,137.0
2026-11-20,99,2040.0,CALL,235.0
2026-11-20,99,2050.0,CALL,192.0
2026-11-20,99,2060.0,CALL,248.0
2026-11-20,99,2070.0,CALL,235.0
2026-11-20,99,2080.0,CALL,137.0
2026-11-20,99,2090.0,CALL,129.0
2026-11-20,99,2100.0,CALL,299.0
2026-11-20,99,2110.0,CALL,266.0
2026-11-20,99,2120.0,CALL,140.0
2026-11-20,99,2130.0,CALL,147.0
2026-11-20,99,2140.0,CALL,470.0
2026-11-20,99,2150.0,CALL,240.0
2026-11-20,99,2160.0,CALL,57.0
2026-11-20,99,2170.0,CALL,286.0
2026-11-20,99,2180.0,CALL,147.0
2026-11-20,99,2190.0,CALL,144.0
2026-11-20,99,2200.0,CALL,42.0
2026-11-20,99,2210.0,CALL,4.0
2026-11-20,99,2220.0,CALL,28.0
2026-11-20,99,2230.0,CALL,40.0
2026-11-20,99,2240.0,CALL,44.0
2026-11-20,99,2250.0,CALL,31.0
2026-11-20,99,2260.0,CALL,66.0
2026-11-20,99,2270.0,CALL,77.0
2026-11-20,99,2280.0,CALL,97.0
2026-11-20,99,2290.0,CALL,154.0
2026-11-20,99,2300.0,CALL,61.0
2026-11-20,99,2310.0,CALL,36.0
2026-11-20,99,2320.0,CALL,20.0
2026-11-20,99,2330.0,CALL,26.0
2026-11-20,99,2340.0,CALL,44.0
2026-11-20,99,2350.0,CALL,101.0
2026-11-20,99,2360.0,CALL,20.0
2026-11-20,99,2370.0,CALL,132.0
2026-11-20,99,2380.0,CALL,48.0
2026-11-20,99,2390.0,CALL,186.0
2026-11-20,99,2400.0,CALL,91.0
2026-11-20,99,2410.0,CALL,175.0
2026-11-20,99,2420.0,CALL,196.0
2026-11-20,99,2440.0,CALL,111.0
2026-11-20,99,2460.0,CALL,81.0
2026-11-20,99,2480.0,CALL,401.0
2026-11-20,99,2500.0,CALL,571.0
2026-11-20,99,5.0,PUT,86.0
2026-11-20,99,10.0,PUT,47.0
2026-11-20,99,15.0,PUT,635.0
2026-11-20,99,20.0,PUT,163.0
2026-11-20,99,25.0,PUT,139.0
2026-11-20,99,30.0,PUT,52.0
2026-11-20,99,35.0,PUT,783.0
2026-11-20,99,40.0,PUT,47.0
2026-11-20,99,45.0,PUT,88.0
2026-11-20,99,50.0,PUT,52.0
2026-11-20,99,55.0,PUT,194.0
2026-11-20,99,60.0,PUT,296.0
2026-11-20,99,65.0,PUT,549.0
2026-11-20,99,70.0,PUT,895.0
2026-11-20,99,75.0,PUT,52.0
2026-11-20,99,80.0,PUT,56.0
2026-11-20,99,85.0,PUT,36.0
2026-11-20,99,90.0,PUT,158.0
2026-11-20,99,95.0,PUT,754.0
2026-11-20,99,100.0,PUT,922.0
2026-11-20,99,105.0,PUT,170.0
2026-11-20,99,110.0,PUT,390.0
2026-11-20,99,115.0,PUT,187.0
2026-11-20,99,120.0,PUT,110.0
2026-11-20,99,125.0,PUT,464.0
2026-11-20,99,130.0,PUT,122.0
2026-11-20,99,135.0,PUT,1946.0
2026-11-20,99,140.0,PUT,52.0
2026-11-20,99,145.0,PUT,187.0
2026-11-20,99,150.0,PUT,492.0
2026-11-20,99,155.0,PUT,119.0
2026-11-20,99,160.0,PUT,239.0
2026-11-20,99,165.0,PUT,43.0
2026-11-20,99,170.0,PUT,44.0
2026-11-20,99,175.0,PUT,130.0
2026-11-20,99,180.0,PUT,36.0
2026-11-20,99,185.0,PUT,71.0
2026-11-20,99,190.0,PUT,171.0
2026-11-20,99,195.0,PUT,2740.0
2026-11-20,99,200.0,PUT,1770.0
2026-11-20,99,210.0,PUT,178.0
2026-11-20,99,220.0,PUT,406.0
2026-11-20,99,230.0,PUT,1696.0
2026-11-20,99,240.0,PUT,738.0
2026-11-20,99,250.0,PUT,956.0
2026-11-20,99,260.0,PUT,1566.0
2026-11-20,99,270.0,PUT,557.0
2026-11-20,99,280.0,PUT,1047.0
2026-11-20,99,290.0,PUT,1741.0
2026-11-20,99,300.0,PUT,1953.0
2026-11-20,99,310.0,PUT,414.0
2026-11-20,99,320.0,PUT,563.0
2026-11-20,99,330.0,PUT,639.0
2026-11-20,99,340.0,PUT,202.0
2026-11-20,99,350.0,PUT,4593.0
2026-11-20,99,360.0,PUT,6372.0
2026-11-20,99,370.0,PUT,722.0
2026-11-20,99,380.0,PUT,5604.0
2026-11-20,99,390.0,PUT,432.0
2026-11-20,99,400.0,PUT,988.0
2026-11-20,99,410.0,PUT,611.0
2026-11-20,99,420.0,PUT,904.0
2026-11-20,99,430.0,PUT,968.0
2026-11-20,99,440.0,PUT,581.0
2026-11-20,99,450.0,PUT,990.0
2026-11-20,99,460.0,PUT,910.0
2026-11-20,99,470.0,PUT,286.0
2026-11-20,99,480.0,PUT,463.0
2026-11-20,99,490.0,PUT,631.0
2026-11-20,99,500.0,PUT,3186.0
2026-11-20,99,510.0,PUT,222.0
2026-11-20,99,520.0,PUT,960.0
2026-11-20,99,530.0,PUT,483.0
2026-11-20,99,540.0,PUT,851.0
2026-11-20,99,550.0,PUT,857.0
2026-11-20,99,560.0,PUT,264.0
2026-11-20,99,570.0,PUT,1480.0
2026-11-20,99,580.0,PUT,1134.0
2026-11-20,99,590.0,PUT,650.0
2026-11-20,99,600.0,PUT,3763.0
2026-11-20,99,610.0,PUT,484.0
2026-11-20,99,620.0,PUT,961.0
2026-11-20,99,630.0,PUT,1022.0
2026-11-20,99,640.0,PUT,784.0
2026-11-20,99,650.0,PUT,1776.0
2026-11-20,99,660.0,PUT,1154.0
2026-11-20,99,670.0,PUT,660.0
2026-11-20,99,680.0,PUT,500.0
2026-11-20,99,700.0,PUT,2447.0
2026-11-20,99,710.0,PUT,152.0
2026-11-20,99,720.0,PUT,446.0
2026-11-20,99,730.0,PUT,343.0
2026-11-20,99,740.0,PUT,2568.0
2026-11-20,99,750.0,PUT,1626.0
2026-11-20,99,760.0,PUT,487.0
2026-11-20,99,770.0,PUT,284.0
2026-11-20,99,780.0,PUT,318.0
2026-11-20,99,790.0,PUT,330.0
2026-11-20,99,800.0,PUT,1610.0
2026-11-20,99,810.0,PUT,331.0
2026-11-20,99,820.0,PUT,439.0
2026-11-20,99,830.0,PUT,382.0
2026-11-20,99,840.0,PUT,259.0
2026-11-20,99,850.0,PUT,434.0
2026-11-20,99,860.0,PUT,298.0
2026-11-20,99,870.0,PUT,167.0
2026-11-20,99,880.0,PUT,230.0
2026-11-20,99,890.0,PUT,433.0
2026-11-20,99,900.0,PUT,796.0
2026-11-20,99,910.0,PUT,894.0
2026-11-20,99,920.0,PUT,1193.0
2026-11-20,99,930.0,PUT,671.0
2026-11-20,99,940.0,PUT,271.0
2026-11-20,99,950.0,PUT,326.0
2026-11-20,99,960.0,PUT,127.0
2026-11-20,99,970.0,PUT,232.0
2026-11-20,99,980.0,PUT,534.0
2026-11-20,99,990.0,PUT,335.0
2026-11-20,99,1000.0,PUT,850.0
2026-11-20,99,1010.0,PUT,128.0
2026-11-20,99,1020.0,PUT,203.0
2026-11-20,99,1030.0,PUT,172.0
2026-11-20,99,1040.0,PUT,216.0
2026-11-20,99,1050.0,PUT,53.0
2026-11-20,99,1060.0,PUT,81.0
2026-11-20,99,1070.0,PUT,97.0
2026-11-20,99,1080.0,PUT,80.0
2026-11-20,99,1090.0,PUT,246.0
2026-11-20,99,1100.0,PUT,390.0
2026-11-20,99,1110.0,PUT,89.0
2026-11-20,99,1120.0,PUT,52.0
2026-11-20,99,1130.0,PUT,31.0
2026-11-20,99,1140.0,PUT,80.0
2026-11-20,99,1150.0,PUT,244.0
2026-11-20,99,1160.0,PUT,78.0
2026-11-20,99,1170.0,PUT,32.0
2026-11-20,99,1180.0,PUT,26.0
2026-11-20,99,1190.0,PUT,40.0
2026-11-20,99,1200.0,PUT,68.0
2026-11-20,99,1210.0,PUT,121.0
2026-11-20,99,1220.0,PUT,35.0
2026-11-20,99,1230.0,PUT,8.0
2026-11-20,99,1240.0,PUT,11.0
2026-11-20,99,1250.0,PUT,18.0
2026-11-20,99,1260.0,PUT,56.0
2026-11-20,99,1270.0,PUT,57.0
2026-11-20,99,1280.0,PUT,52.0
2026-11-20,99,1290.0,PUT,37.0
2026-11-20,99,1300.0,PUT,1008.0
2026-11-20,99,1310.0,PUT,44.0
2026-11-20,99,1320.0,PUT,40.0
2026-11-20,99,1330.0,PUT,23.0
2026-11-20,99,1340.0,PUT,14.0
2026-11-20,99,1350.0,PUT,18.0
2026-11-20,99,1360.0,PUT,30.0
2026-11-20,99,1370.0,PUT,51.0
2026-11-20,99,1380.0,PUT,32.0
2026-11-20,99,1390.0,PUT,7.0
2026-11-20,99,1400.0,PUT,7.0
2026-11-20,99,1410.0,PUT,15.0
2026-11-20,99,1420.0,PUT,3.0
2026-11-20,99,1430.0,PUT,302.0
2026-11-20,99,1440.0,PUT,12.0
2026-11-20,99,1450.0,PUT,7.0
2026-11-20,99,1460.0,PUT,1.0
2026-11-20,99,1470.0,PUT,12.0
2026-11-20,99,1480.0,PUT,10.0
2026-11-20,99,1490.0,PUT,2.0
2026-11-20,99,1500.0,PUT,25.0
2026-11-20,99,1510.0,PUT,2.0
2026-11-20,99,1520.0,PUT,15.0
2026-11-20,99,1530.0,PUT,0.0
2026-11-20,99,1540.0,PUT,13.0
2026-11-20,99,1550.0,PUT,1.0
2026-11-20,99,1560.0,PUT,5.0
2026-11-20,99,1590.0,PUT,0.0
2026-11-20,99,1600.0,PUT,11.0
2026-11-20,99,1610.0,PUT,13.0
2026-11-20,99,1630.0,PUT,8.0
2026-11-20,99,1640.0,PUT,3.0
2026-11-20,99,1670.0,PUT,65.0
2026-11-20,99,1680.0,PUT,0.0
2026-11-20,99,1690.0,PUT,9.0
2026-11-20,99,1700.0,PUT,3.0
2026-11-20,99,1720.0,PUT,21.0
2026-11-20,99,1730.0,PUT,11.0
2026-11-20,99,1740.0,PUT,6.0
2026-11-20,99,1750.0,PUT,21.0
2026-11-20,99,1760.0,PUT,1.0
2026-11-20,99,1770.0,PUT,21.0
2026-11-20,99,1790.0,PUT,1.0
2026-11-20,99,1800.0,PUT,3.0
2026-11-20,99,1820.0,PUT,15.0
2026-11-20,99,1840.0,PUT,7.0
2026-11-20,99,1860.0,PUT,1.0
2026-11-20,99,1880.0,PUT,0.0
2026-11-20,99,1890.0,PUT,10.0
2026-11-20,99,1910.0,PUT,0.0
2026-11-20,99,1920.0,PUT,6.0
2026-11-20,99,1930.0,PUT,0.0
2026-11-20,99,1940.0,PUT,1.0
2026-11-20,99,1950.0,PUT,0.0
2026-11-20,99,1960.0,PUT,0.0
2026-11-20,99,1980.0,PUT,0.0
2026-11-20,99,1990.0,PUT,0.0
2026-11-20,99,2000.0,PUT,0.0
2026-11-20,99,2010.0,PUT,0.0
2026-11-20,99,2020.0,PUT,0.0
2026-11-20,99,2030.0,PUT,0.0
2026-11-20,99,2050.0,PUT,0.0
2026-11-20,99,2070.0,PUT,0.0
2026-11-20,99,2140.0,PUT,0.0
2026-11-20,99,2150.0,PUT,0.0
2026-11-20,99,2170.0,PUT,0.0
2026-11-20,99,2200.0,PUT,0.0
2026-11-20,99,2290.0,PUT,0.0
2026-11-20,99,2400.0,PUT,0.0
2026-11-20,99,2410.0,PUT,0.0
2026-11-20,99,2420.0,PUT,0.0
2026-11-20,99,2500.0,PUT,0.0
2026-12-18,127,5.0,CALL,29.0
2026-12-18,127,10.0,CALL,17.0
2026-12-18,127,15.0,CALL,31.0
2026-12-18,127,20.0,CALL,10.0
2026-12-18,127,25.0,CALL,33.0
2026-12-18,127,35.0,CALL,27.0
2026-12-18,127,40.0,CALL,42.0
2026-12-18,127,45.0,CALL,0.0
2026-12-18,127,47.5,CALL,168.0
2026-12-18,127,50.0,CALL,242.0
2026-12-18,127,55.0,CALL,102.0
2026-12-18,127,60.0,CALL,89.0
2026-12-18,127,65.0,CALL,157.0
2026-12-18,127,70.0,CALL,271.0
2026-12-18,127,75.0,CALL,267.0
2026-12-18,127,80.0,CALL,319.0
2026-12-18,127,85.0,CALL,470.0
2026-12-18,127,87.5,CALL,185.0
2026-12-18,127,90.0,CALL,999.0
2026-12-18,127,92.5,CALL,154.0
2026-12-18,127,95.0,CALL,620.0
2026-12-18,127,97.5,CALL,164.0
2026-12-18,127,100.0,CALL,782.0
2026-12-18,127,105.0,CALL,398.0
2026-12-18,127,110.0,CALL,930.0
2026-12-18,127,115.0,CALL,88.0
2026-12-18,127,120.0,CALL,426.0
2026-12-18,127,125.0,CALL,516.0
2026-12-18,127,130.0,CALL,442.0
2026-12-18,127,135.0,CALL,185.0
2026-12-18,127,140.0,CALL,1238.0
2026-12-18,127,145.0,CALL,249.0
2026-12-18,127,150.0,CALL,504.0
2026-12-18,127,155.0,CALL,183.0
2026-12-18,127,160.0,CALL,676.0
2026-12-18,127,165.0,CALL,863.0
2026-12-18,127,170.0,CALL,434.0
2026-12-18,127,175.0,CALL,338.0
2026-12-18,127,180.0,CALL,769.0
2026-12-18,127,185.0,CALL,167.0
2026-12-18,127,190.0,CALL,874.0
2026-12-18,127,195.0,CALL,135.0
2026-12-18,127,200.0,CALL,1393.0
2026-12-18,127,210.0,CALL,734.0
2026-12-18,127,220.0,CALL,2073.0
2026-12-18,127,230.0,CALL,599.0
2026-12-18,127,240.0,CALL,897.0
2026-12-18,127,250.0,CALL,1074.0
2026-12-18,127,260.0,CALL,525.0
2026-12-18,127,270.0,CALL,677.0
2026-12-18,127,280.0,CALL,2177.0
2026-12-18,127,290.0,CALL,260.0
2026-12-18,127,300.0,CALL,1286.0
2026-12-18,127,310.0,CALL,438.0
2026-12-18,127,320.0,CALL,402.0
2026-12-18,127,330.0,CALL,996.0
2026-12-18,127,340.0,CALL,1449.0
2026-12-18,127,350.0,CALL,659.0
2026-12-18,127,360.0,CALL,486.0
2026-12-18,127,370.0,CALL,208.0
2026-12-18,127,380.0,CALL,800.0
2026-12-18,127,390.0,CALL,500.0
2026-12-18,127,400.0,CALL,823.0
2026-12-18,127,410.0,CALL,369.0
2026-12-18,127,420.0,CALL,1469.0
2026-12-18,127,430.0,CALL,215.0
2026-12-18,127,440.0,CALL,250.0
2026-12-18,127,450.0,CALL,1262.0
2026-12-18,127,460.0,CALL,712.0
2026-12-18,127,470.0,CALL,467.0
2026-12-18,127,480.0,CALL,787.0
2026-12-18,127,490.0,CALL,578.0
2026-12-18,127,500.0,CALL,1487.0
2026-12-18,127,510.0,CALL,720.0
2026-12-18,127,520.0,CALL,871.0
2026-12-18,127,530.0,CALL,208.0
2026-12-18,127,540.0,CALL,288.0
2026-12-18,127,550.0,CALL,699.0
2026-12-18,127,560.0,CALL,169.0
2026-12-18,127,570.0,CALL,580.0
2026-12-18,127,580.0,CALL,2975.0
2026-12-18,127,590.0,CALL,374.0
2026-12-18,127,600.0,CALL,1405.0
2026-12-18,127,610.0,CALL,427.0
2026-12-18,127,620.0,CALL,926.0
2026-12-18,127,630.0,CALL,199.0
2026-12-18,127,640.0,CALL,356.0
2026-12-18,127,650.0,CALL,739.0
2026-12-18,127,660.0,CALL,319.0
2026-12-18,127,670.0,CALL,330.0
2026-12-18,127,680.0,CALL,406.0
2026-12-18,127,690.0,CALL,406.0
2026-12-18,127,700.0,CALL,4647.0
2026-12-18,127,710.0,CALL,437.0
2026-12-18,127,720.0,CALL,313.0
2026-12-18,127,730.0,CALL,282.0
2026-12-18,127,740.0,CALL,1423.0
2026-12-18,127,750.0,CALL,596.0
2026-12-18,127,760.0,CALL,294.0
2026-12-18,127,770.0,CALL,519.0
2026-12-18,127,780.0,CALL,806.0
2026-12-18,127,790.0,CALL,235.0
2026-12-18,127,800.0,CALL,3611.0
2026-12-18,127,810.0,CALL,335.0
2026-12-18,127,820.0,CALL,431.0
2026-12-18,127,830.0,CALL,270.0
2026-12-18,127,840.0,CALL,611.0
2026-12-18,127,850.0,CALL,892.0
2026-12-18,127,860.0,CALL,523.0
2026-12-18,127,870.0,CALL,504.0
2026-12-18,127,880.0,CALL,493.0
2026-12-18,127,890.0,CALL,330.0
2026-12-18,127,900.0,CALL,2322.0
2026-12-18,127,910.0,CALL,1080.0
2026-12-18,127,920.0,CALL,702.0
2026-12-18,127,930.0,CALL,231.0
2026-12-18,127,940.0,CALL,194.0
2026-12-18,127,950.0,CALL,1085.0
2026-12-18,127,960.0,CALL,360.0
2026-12-18,127,970.0,CALL,273.0
2026-12-18,127,980.0,CALL,276.0
2026-12-18,127,990.0,CALL,134.0
2026-12-18,127,1000.0,CALL,2826.0
2026-12-18,127,1010.0,CALL,414.0
2026-12-18,127,1020.0,CALL,544.0
2026-12-18,127,1030.0,CALL,323.0
2026-12-18,127,1040.0,CALL,147.0
2026-12-18,127,1050.0,CALL,1071.0
2026-12-18,127,1060.0,CALL,412.0
2026-12-18,127,1070.0,CALL,459.0
2026-12-18,127,1080.0,CALL,271.0
2026-12-18,127,1090.0,CALL,262.0
2026-12-18,127,1100.0,CALL,1488.0
2026-12-18,127,1110.0,CALL,145.0
2026-12-18,127,1120.0,CALL,175.0
2026-12-18,127,1130.0,CALL,223.0
2026-12-18,127,1140.0,CALL,286.0
2026-12-18,127,1150.0,CALL,630.0
2026-12-18,127,1160.0,CALL,144.0
2026-12-18,127,1170.0,CALL,380.0
2026-12-18,127,1180.0,CALL,669.0
2026-12-18,127,1190.0,CALL,87.0
2026-12-18,127,1200.0,CALL,1708.0
2026-12-18,127,1210.0,CALL,194.0
2026-12-18,127,1220.0,CALL,488.0
2026-12-18,127,1230.0,CALL,264.0
2026-12-18,127,1240.0,CALL,166.0
2026-12-18,127,1250.0,CALL,888.0
2026-12-18,127,1260.0,CALL,555.0
2026-12-18,127,1270.0,CALL,383.0
2026-12-18,127,1280.0,CALL,245.0
2026-12-18,127,1290.0,CALL,298.0
2026-12-18,127,1300.0,CALL,1522.0
2026-12-18,127,1310.0,CALL,430.0
2026-12-18,127,1320.0,CALL,470.0
2026-12-18,127,1330.0,CALL,1026.0
2026-12-18,127,1340.0,CALL,712.0
2026-12-18,127,1350.0,CALL,318.0
2026-12-18,127,1360.0,CALL,527.0
2026-12-18,127,1370.0,CALL,107.0
2026-12-18,127,1380.0,CALL,305.0
2026-12-18,127,1390.0,CALL,443.0
2026-12-18,127,1400.0,CALL,1239.0
2026-12-18,127,1410.0,CALL,164.0
2026-12-18,127,1420.0,CALL,598.0
2026-12-18,127,1430.0,CALL,71.0
2026-12-18,127,1440.0,CALL,180.0
2026-12-18,127,1450.0,CALL,595.0
2026-12-18,127,1460.0,CALL,340.0
2026-12-18,127,1470.0,CALL,150.0
2026-12-18,127,1480.0,CALL,315.0
2026-12-18,127,1490.0,CALL,193.0
2026-12-18,127,1500.0,CALL,1616.0
2026-12-18,127,1510.0,CALL,440.0
2026-12-18,127,1520.0,CALL,600.0
2026-12-18,127,1530.0,CALL,438.0
2026-12-18,127,1540.0,CALL,652.0
2026-12-18,127,1550.0,CALL,747.0
2026-12-18,127,1560.0,CALL,258.0
2026-12-18,127,1570.0,CALL,308.0
2026-12-18,127,1580.0,CALL,174.0
2026-12-18,127,1590.0,CALL,173.0
2026-12-18,127,1600.0,CALL,1539.0
2026-12-18,127,1610.0,CALL,991.0
2026-12-18,127,1620.0,CALL,619.0
2026-12-18,127,1630.0,CALL,576.0
2026-12-18,127,1640.0,CALL,121.0
2026-12-18,127,1650.0,CALL,134.0
2026-12-18,127,1660.0,CALL,165.0
2026-12-18,127,1670.0,CALL,91.0
2026-12-18,127,1680.0,CALL,239.0
2026-12-18,127,1690.0,CALL,127.0
2026-12-18,127,1700.0,CALL,413.0
2026-12-18,127,1710.0,CALL,225.0
2026-12-18,127,1720.0,CALL,40.0
2026-12-18,127,1730.0,CALL,229.0
2026-12-18,127,1740.0,CALL,128.0
2026-12-18,127,1750.0,CALL,427.0
2026-12-18,127,1760.0,CALL,191.0
2026-12-18,127,1770.0,CALL,154.0
2026-12-18,127,1780.0,CALL,92.0
2026-12-18,127,1790.0,CALL,282.0
2026-12-18,127,1800.0,CALL,469.0
2026-12-18,127,1810.0,CALL,235.0
2026-12-18,127,1820.0,CALL,885.0
2026-12-18,127,1830.0,CALL,1152.0
2026-12-18,127,1840.0,CALL,281.0
2026-12-18,127,1850.0,CALL,70.0
2026-12-18,127,1860.0,CALL,448.0
2026-12-18,127,1870.0,CALL,294.0
2026-12-18,127,1880.0,CALL,325.0
2026-12-18,127,1890.0,CALL,132.0
2026-12-18,127,1900.0,CALL,388.0
2026-12-18,127,1910.0,CALL,369.0
2026-12-18,127,1920.0,CALL,252.0
2026-12-18,127,1930.0,CALL,615.0
2026-12-18,127,1940.0,CALL,391.0
2026-12-18,127,1950.0,CALL,247.0
2026-12-18,127,1960.0,CALL,246.0
2026-12-18,127,1970.0,CALL,602.0
2026-12-18,127,1980.0,CALL,241.0
2026-12-18,127,1990.0,CALL,123.0
2026-12-18,127,2000.0,CALL,629.0
2026-12-18,127,2010.0,CALL,80.0
2026-12-18,127,2020.0,CALL,153.0
2026-12-18,127,2030.0,CALL,97.0
2026-12-18,127,2040.0,CALL,208.0
2026-12-18,127,2050.0,CALL,68.0
2026-12-18,127,2060.0,CALL,52.0
2026-12-18,127,2070.0,CALL,227.0
2026-12-18,127,2080.0,CALL,79.0
2026-12-18,127,2090.0,CALL,275.0
2026-12-18,127,2100.0,CALL,605.0
2026-12-18,127,2110.0,CALL,151.0
2026-12-18,127,2120.0,CALL,182.0
2026-12-18,127,2130.0,CALL,50.0
2026-12-18,127,2140.0,CALL,259.0
2026-12-18,127,2150.0,CALL,156.0
2026-12-18,127,2160.0,CALL,273.0
2026-12-18,127,2170.0,CALL,626.0
2026-12-18,127,2180.0,CALL,121.0
2026-12-18,127,2190.0,CALL,152.0
2026-12-18,127,2200.0,CALL,581.0
2026-12-18,127,2210.0,CALL,15.0
2026-12-18,127,2220.0,CALL,131.0
2026-12-18,127,2230.0,CALL,100.0
2026-12-18,127,2240.0,CALL,10.0
2026-12-18,127,2250.0,CALL,80.0
2026-12-18,127,2260.0,CALL,133.0
2026-12-18,127,2270.0,CALL,169.0
2026-12-18,127,2280.0,CALL,133.0
2026-12-18,127,2290.0,CALL,119.0
2026-12-18,127,2300.0,CALL,19.0
2026-12-18,127,2310.0,CALL,68.0
2026-12-18,127,2320.0,CALL,61.0
2026-12-18,127,2330.0,CALL,13.0
2026-12-18,127,2340.0,CALL,157.0
2026-12-18,127,2350.0,CALL,42.0
2026-12-18,127,2360.0,CALL,289.0
2026-12-18,127,2370.0,CALL,196.0
2026-12-18,127,2380.0,CALL,67.0
2026-12-18,127,2390.0,CALL,123.0
2026-12-18,127,2400.0,CALL,167.0
2026-12-18,127,2410.0,CALL,131.0
2026-12-18,127,2420.0,CALL,410.0
2026-12-18,127,2440.0,CALL,96.0
2026-12-18,127,2460.0,CALL,25.0
2026-12-18,127,2480.0,CALL,100.0
2026-12-18,127,2500.0,CALL,2963.0
2026-12-18,127,5.0,PUT,70.0
2026-12-18,127,10.0,PUT,141.0
2026-12-18,127,15.0,PUT,97.0
2026-12-18,127,20.0,PUT,27.0
2026-12-18,127,25.0,PUT,37.0
2026-12-18,127,30.0,PUT,1467.0
2026-12-18,127,35.0,PUT,3336.0
2026-12-18,127,40.0,PUT,1032.0
2026-12-18,127,45.0,PUT,3216.0
2026-12-18,127,47.5,PUT,2257.0
2026-12-18,127,50.0,PUT,1123.0
2026-12-18,127,55.0,PUT,3405.0
2026-12-18,127,60.0,PUT,4317.0
2026-12-18,127,65.0,PUT,1224.0
2026-12-18,127,70.0,PUT,3979.0
2026-12-18,127,75.0,PUT,3301.0
2026-12-18,127,80.0,PUT,4300.0
2026-12-18,127,85.0,PUT,2984.0
2026-12-18,127,87.5,PUT,1377.0
2026-12-18,127,90.0,PUT,2279.0
2026-12-18,127,92.5,PUT,277.0
2026-12-18,127,95.0,PUT,1089.0
2026-12-18,127,97.5,PUT,192.0
2026-12-18,127,100.0,PUT,2237.0
2026-12-18,127,105.0,PUT,754.0
2026-12-18,127,110.0,PUT,1213.0
2026-12-18,127,115.0,PUT,1150.0
2026-12-18,127,120.0,PUT,1108.0
2026-12-18,127,125.0,PUT,2180.0
2026-12-18,127,130.0,PUT,1253.0
2026-12-18,127,135.0,PUT,407.0
2026-12-18,127,140.0,PUT,906.0
2026-12-18,127,145.0,PUT,248.0
2026-12-18,127,150.0,PUT,1277.0
2026-12-18,127,155.0,PUT,315.0
2026-12-18,127,160.0,PUT,1125.0
2026-12-18,127,165.0,PUT,449.0
2026-12-18,127,170.0,PUT,811.0
2026-12-18,127,175.0,PUT,342.0
2026-12-18,127,180.0,PUT,779.0
2026-12-18,127,185.0,PUT,242.0
2026-12-18,127,190.0,PUT,1453.0
2026-12-18,127,195.0,PUT,1034.0
2026-12-18,127,200.0,PUT,2238.0
2026-12-18,127,210.0,PUT,2666.0
2026-12-18,127,220.0,PUT,1770.0
2026-12-18,127,230.0,PUT,626.0
2026-12-18,127,240.0,PUT,1470.0
2026-12-18,127,250.0,PUT,1918.0
2026-12-18,127,260.0,PUT,364.0
2026-12-18,127,270.0,PUT,1545.0
2026-12-18,127,280.0,PUT,3194.0
2026-12-18,127,290.0,PUT,634.0
2026-12-18,127,300.0,PUT,3156.0
2026-12-18,127,310.0,PUT,2718.0
2026-12-18,127,320.0,PUT,440.0
2026-12-18,127,330.0,PUT,757.0
2026-12-18,127,340.0,PUT,805.0
2026-12-18,127,350.0,PUT,2535.0
2026-12-18,127,360.0,PUT,10864.0
2026-12-18,127,370.0,PUT,5439.0
2026-12-18,127,380.0,PUT,6727.0
2026-12-18,127,390.0,PUT,1859.0
2026-12-18,127,400.0,PUT,4292.0
2026-12-18,127,410.0,PUT,1077.0
2026-12-18,127,420.0,PUT,4001.0
2026-12-18,127,430.0,PUT,609.0
2026-12-18,127,440.0,PUT,609.0
2026-12-18,127,450.0,PUT,1162.0
2026-12-18,127,460.0,PUT,412.0
2026-12-18,127,470.0,PUT,606.0
2026-12-18,127,480.0,PUT,1567.0
2026-12-18,127,490.0,PUT,328.0
2026-12-18,127,500.0,PUT,3556.0
2026-12-18,127,510.0,PUT,398.0
2026-12-18,127,520.0,PUT,340.0
2026-12-18,127,530.0,PUT,1210.0
2026-12-18,127,540.0,PUT,423.0
2026-12-18,127,550.0,PUT,4157.0
2026-12-18,127,560.0,PUT,544.0
2026-12-18,127,570.0,PUT,361.0
2026-12-18,127,580.0,PUT,3816.0
2026-12-18,127,590.0,PUT,438.0
2026-12-18,127,600.0,PUT,5194.0
2026-12-18,127,610.0,PUT,379.0
2026-12-18,127,620.0,PUT,754.0
2026-12-18,127,630.0,PUT,462.0
2026-12-18,127,640.0,PUT,243.0
2026-12-18,127,650.0,PUT,2846.0
2026-12-18,127,660.0,PUT,322.0
2026-12-18,127,670.0,PUT,306.0
2026-12-18,127,680.0,PUT,364.0
2026-12-18,127,690.0,PUT,248.0
2026-12-18,127,700.0,PUT,3146.0
2026-12-18,127,710.0,PUT,652.0
2026-12-18,127,720.0,PUT,393.0
2026-12-18,127,730.0,PUT,491.0
2026-12-18,127,740.0,PUT,379.0
2026-12-18,127,750.0,PUT,2161.0
2026-12-18,127,760.0,PUT,914.0
2026-12-18,127,770.0,PUT,176.0
2026-12-18,127,780.0,PUT,484.0
2026-12-18,127,790.0,PUT,701.0
2026-12-18,127,800.0,PUT,2977.0
2026-12-18,127,810.0,PUT,243.0
2026-12-18,127,820.0,PUT,490.0
2026-12-18,127,830.0,PUT,250.0
2026-12-18,127,840.0,PUT,374.0
2026-12-18,127,850.0,PUT,1278.0
2026-12-18,127,860.0,PUT,539.0
2026-12-18,127,870.0,PUT,643.0
2026-12-18,127,880.0,PUT,406.0
2026-12-18,127,890.0,PUT,542.0
2026-12-18,127,900.0,PUT,1573.0
2026-12-18,127,910.0,PUT,500.0
2026-12-18,127,920.0,PUT,270.0
2026-12-18,127,930.0,PUT,934.0
2026-12-18,127,940.0,PUT,298.0
2026-12-18,127,950.0,PUT,776.0
2026-12-18,127,960.0,PUT,140.0
2026-12-18,127,970.0,PUT,110.0
2026-12-18,127,980.0,PUT,426.0
2026-12-18,127,990.0,PUT,189.0
2026-12-18,127,1000.0,PUT,867.0
2026-12-18,127,1010.0,PUT,143.0
2026-12-18,127,1020.0,PUT,82.0
2026-12-18,127,1030.0,PUT,112.0
2026-12-18,127,1040.0,PUT,62.0
2026-12-18,127,1050.0,PUT,219.0
2026-12-18,127,1060.0,PUT,139.0
2026-12-18,127,1070.0,PUT,141.0
2026-12-18,127,1080.0,PUT,123.0
2026-12-18,127,1090.0,PUT,188.0
2026-12-18,127,1100.0,PUT,282.0
2026-12-18,127,1110.0,PUT,113.0
2026-12-18,127,1120.0,PUT,46.0
2026-12-18,127,1130.0,PUT,42.0
2026-12-18,127,1140.0,PUT,38.0
2026-12-18,127,1150.0,PUT,295.0
2026-12-18,127,1160.0,PUT,43.0
2026-12-18,127,1170.0,PUT,56.0
2026-12-18,127,1180.0,PUT,117.0
2026-12-18,127,1190.0,PUT,54.0
2026-12-18,127,1200.0,PUT,242.0
2026-12-18,127,1210.0,PUT,27.0
2026-12-18,127,1220.0,PUT,36.0
2026-12-18,127,1230.0,PUT,13.0
2026-12-18,127,1240.0,PUT,10.0
2026-12-18,127,1250.0,PUT,44.0
2026-12-18,127,1260.0,PUT,16.0
2026-12-18,127,1270.0,PUT,111.0
2026-12-18,127,1280.0,PUT,85.0
2026-12-18,127,1290.0,PUT,75.0
2026-12-18,127,1300.0,PUT,70.0
2026-12-18,127,1310.0,PUT,9.0
2026-12-18,127,1320.0,PUT,115.0
2026-12-18,127,1330.0,PUT,57.0
2026-12-18,127,1340.0,PUT,112.0
2026-12-18,127,1350.0,PUT,91.0
2026-12-18,127,1360.0,PUT,68.0
2026-12-18,127,1370.0,PUT,9.0
2026-12-18,127,1380.0,PUT,24.0
2026-12-18,127,1390.0,PUT,24.0
2026-12-18,127,1400.0,PUT,41.0
2026-12-18,127,1410.0,PUT,6.0
2026-12-18,127,1420.0,PUT,15.0
2026-12-18,127,1430.0,PUT,9.0
2026-12-18,127,1440.0,PUT,10.0
2026-12-18,127,1450.0,PUT,7.0
2026-12-18,127,1460.0,PUT,6.0
2026-12-18,127,1470.0,PUT,5.0
2026-12-18,127,1480.0,PUT,5.0
2026-12-18,127,1490.0,PUT,32.0
2026-12-18,127,1500.0,PUT,64.0
2026-12-18,127,1510.0,PUT,9.0
2026-12-18,127,1520.0,PUT,1.0
2026-12-18,127,1530.0,PUT,69.0
2026-12-18,127,1540.0,PUT,2.0
2026-12-18,127,1550.0,PUT,70.0
2026-12-18,127,1560.0,PUT,7.0
2026-12-18,127,1580.0,PUT,1.0
2026-12-18,127,1600.0,PUT,18.0
2026-12-18,127,1610.0,PUT,17.0
2026-12-18,127,1620.0,PUT,72.0
2026-12-18,127,1630.0,PUT,11.0
2026-12-18,127,1640.0,PUT,41.0
2026-12-18,127,1660.0,PUT,6.0
2026-12-18,127,1680.0,PUT,2.0
2026-12-18,127,1700.0,PUT,5.0
2026-12-18,127,1710.0,PUT,2.0
2026-12-18,127,1750.0,PUT,2.0
2026-12-18,127,1760.0,PUT,1.0
2026-12-18,127,1770.0,PUT,11.0
2026-12-18,127,1780.0,PUT,2.0
2026-12-18,127,1790.0,PUT,0.0
2026-12-18,127,1800.0,PUT,8.0
2026-12-18,127,1820.0,PUT,0.0
2026-12-18,127,1830.0,PUT,144.0
2026-12-18,127,1840.0,PUT,7.0
2026-12-18,127,1850.0,PUT,24.0
2026-12-18,127,1860.0,PUT,3.0
2026-12-18,127,1880.0,PUT,11.0
2026-12-18,127,1890.0,PUT,60.0
2026-12-18,127,1900.0,PUT,20.0
2026-12-18,127,1910.0,PUT,0.0
2026-12-18,127,1920.0,PUT,10.0
2026-12-18,127,1930.0,PUT,2.0
2026-12-18,127,1940.0,PUT,1.0
2026-12-18,127,1950.0,PUT,8.0
2026-12-18,127,1960.0,PUT,1.0
2026-12-18,127,1980.0,PUT,1.0
2026-12-18,127,2000.0,PUT,18.0
2026-12-18,127,2010.0,PUT,0.0
2026-12-18,127,2030.0,PUT,0.0
2026-12-18,127,2070.0,PUT,0.0
2026-12-18,127,2090.0,PUT,1.0
2026-12-18,127,2100.0,PUT,0.0
2026-12-18,127,2120.0,PUT,0.0
2026-12-18,127,2150.0,PUT,1.0
2026-12-18,127,2170.0,PUT,0.0
2026-12-18,127,2180.0,PUT,0.0
2026-12-18,127,2220.0,PUT,5.0
2026-12-18,127,2240.0,PUT,0.0
2026-12-18,127,2260.0,PUT,1.0
2026-12-18,127,2270.0,PUT,1.0
2026-12-18,127,2320.0,PUT,0.0
2026-12-18,127,2380.0,PUT,0.0
2026-12-18,127,2400.0,PUT,0.0
2026-12-18,127,2410.0,PUT,0.0
2026-12-18,127,2420.0,PUT,0.0
2026-12-18,127,2480.0,PUT,0.0
2026-12-18,127,2500.0,PUT,0.0
2027-01-15,155,35.0,CALL,118.0
2027-01-15,155,40.0,CALL,116.0
2027-01-15,155,45.0,CALL,178.0
2027-01-15,155,50.0,CALL,333.0
2027-01-15,155,55.0,CALL,105.0
2027-01-15,155,60.0,CALL,241.0
2027-01-15,155,65.0,CALL,0.0
2027-01-15,155,70.0,CALL,351.0
2027-01-15,155,75.0,CALL,335.0
2027-01-15,155,80.0,CALL,1725.0
2027-01-15,155,85.0,CALL,1292.0
2027-01-15,155,90.0,CALL,4466.0
2027-01-15,155,95.0,CALL,587.0
2027-01-15,155,100.0,CALL,656.0
2027-01-15,155,105.0,CALL,395.0
2027-01-15,155,110.0,CALL,1833.0
2027-01-15,155,115.0,CALL,366.0
2027-01-15,155,120.0,CALL,601.0
2027-01-15,155,125.0,CALL,412.0
2027-01-15,155,130.0,CALL,636.0
2027-01-15,155,135.0,CALL,493.0
2027-01-15,155,140.0,CALL,2531.0
2027-01-15,155,145.0,CALL,370.0
2027-01-15,155,150.0,CALL,2084.0
2027-01-15,155,155.0,CALL,359.0
2027-01-15,155,160.0,CALL,2298.0
2027-01-15,155,165.0,CALL,873.0
2027-01-15,155,170.0,CALL,984.0
2027-01-15,155,175.0,CALL,637.0
2027-01-15,155,180.0,CALL,797.0
2027-01-15,155,185.0,CALL,316.0
2027-01-15,155,190.0,CALL,1292.0
2027-01-15,155,195.0,CALL,998.0
2027-01-15,155,200.0,CALL,1432.0
2027-01-15,155,210.0,CALL,541.0
2027-01-15,155,220.0,CALL,3883.0
2027-01-15,155,230.0,CALL,962.0
2027-01-15,155,240.0,CALL,1057.0
2027-01-15,155,250.0,CALL,532.0
2027-01-15,155,260.0,CALL,417.0
2027-01-15,155,270.0,CALL,426.0
2027-01-15,155,280.0,CALL,253.0
2027-01-15,155,290.0,CALL,348.0
2027-01-15,155,300.0,CALL,1385.0
2027-01-15,155,310.0,CALL,736.0
2027-01-15,155,320.0,CALL,1956.0
2027-01-15,155,330.0,CALL,1707.0
2027-01-15,155,340.0,CALL,825.0
2027-01-15,155,350.0,CALL,2282.0
2027-01-15,155,360.0,CALL,618.0
2027-01-15,155,370.0,CALL,347.0
2027-01-15,155,380.0,CALL,780.0
2027-01-15,155,390.0,CALL,413.0
2027-01-15,155,400.0,CALL,1703.0
2027-01-15,155,410.0,CALL,607.0
2027-01-15,155,420.0,CALL,776.0
2027-01-15,155,430.0,CALL,963.0
2027-01-15,155,440.0,CALL,948.0
2027-01-15,155,450.0,CALL,3954.0
2027-01-15,155,460.0,CALL,557.0
2027-01-15,155,470.0,CALL,485.0
2027-01-15,155,480.0,CALL,1453.0
2027-01-15,155,490.0,CALL,1380.0
2027-01-15,155,500.0,CALL,5864.0
2027-01-15,155,510.0,CALL,1166.0
2027-01-15,155,520.0,CALL,1323.0
2027-01-15,155,530.0,CALL,571.0
2027-01-15,155,540.0,CALL,514.0
2027-01-15,155,550.0,CALL,3493.0
2027-01-15,155,560.0,CALL,509.0
2027-01-15,155,570.0,CALL,578.0
2027-01-15,155,580.0,CALL,1381.0
2027-01-15,155,590.0,CALL,361.0
2027-01-15,155,600.0,CALL,4845.0
2027-01-15,155,610.0,CALL,986.0
2027-01-15,155,620.0,CALL,1186.0
2027-01-15,155,630.0,CALL,1584.0
2027-01-15,155,640.0,CALL,545.0
2027-01-15,155,650.0,CALL,3626.0
2027-01-15,155,660.0,CALL,1258.0
2027-01-15,155,670.0,CALL,294.0
2027-01-15,155,680.0,CALL,1332.0
2027-01-15,155,690.0,CALL,1511.0
2027-01-15,155,700.0,CALL,4989.0
2027-01-15,155,710.0,CALL,1223.0
2027-01-15,155,720.0,CALL,1136.0
2027-01-15,155,730.0,CALL,252.0
2027-01-15,155,740.0,CALL,3982.0
2027-01-15,155,750.0,CALL,3667.0
2027-01-15,155,760.0,CALL,389.0
2027-01-15,155,770.0,CALL,298.0
2027-01-15,155,780.0,CALL,770.0
2027-01-15,155,790.0,CALL,1045.0
2027-01-15,155,800.0,CALL,4781.0
2027-01-15,155,810.0,CALL,599.0
2027-01-15,155,820.0,CALL,519.0
2027-01-15,155,830.0,CALL,677.0
2027-01-15,155,840.0,CALL,1266.0
2027-01-15,155,850.0,CALL,2994.0
2027-01-15,155,860.0,CALL,464.0
2027-01-15,155,870.0,CALL,795.0
2027-01-15,155,880.0,CALL,505.0
2027-01-15,155,890.0,CALL,362.0
2027-01-15,155,900.0,CALL,6499.0
2027-01-15,155,910.0,CALL,1962.0
2027-01-15,155,920.0,CALL,173.0
2027-01-15,155,930.0,CALL,232.0
2027-01-15,155,940.0,CALL,374.0
2027-01-15,155,950.0,CALL,4172.0
2027-01-15,155,960.0,CALL,475.0
2027-01-15,155,970.0,CALL,433.0
2027-01-15,155,980.0,CALL,366.0
2027-01-15,155,990.0,CALL,202.0
2027-01-15,155,1000.0,CALL,6502.0
2027-01-15,155,1010.0,CALL,389.0
2027-01-15,155,1020.0,CALL,384.0
2027-01-15,155,1030.0,CALL,485.0
2027-01-15,155,1040.0,CALL,753.0
2027-01-15,155,1050.0,CALL,1814.0
2027-01-15,155,1060.0,CALL,847.0
2027-01-15,155,1070.0,CALL,143.0
2027-01-15,155,1080.0,CALL,905.0
2027-01-15,155,1090.0,CALL,872.0
2027-01-15,155,1100.0,CALL,2239.0
2027-01-15,155,1110.0,CALL,372.0
2027-01-15,155,1120.0,CALL,405.0
2027-01-15,155,1130.0,CALL,218.0
2027-01-15,155,1140.0,CALL,137.0
2027-01-15,155,1150.0,CALL,5164.0
2027-01-15,155,1160.0,CALL,437.0
2027-01-15,155,1170.0,CALL,454.0
2027-01-15,155,1180.0,CALL,960.0
2027-01-15,155,1190.0,CALL,370.0
2027-01-15,155,1200.0,CALL,4209.0
2027-01-15,155,1210.0,CALL,456.0
2027-01-15,155,1220.0,CALL,774.0
2027-01-15,155,1230.0,CALL,270.0
2027-01-15,155,1240.0,CALL,469.0
2027-01-15,155,1250.0,CALL,1313.0
2027-01-15,155,1260.0,CALL,418.0
2027-01-15,155,1270.0,CALL,143.0
2027-01-15,155,1280.0,CALL,593.0
2027-01-15,155,1290.0,CALL,198.0
2027-01-15,155,1300.0,CALL,6772.0
2027-01-15,155,1310.0,CALL,309.0
2027-01-15,155,1320.0,CALL,442.0
2027-01-15,155,1330.0,CALL,183.0
2027-01-15,155,1340.0,CALL,1537.0
2027-01-15,155,1350.0,CALL,1140.0
2027-01-15,155,1360.0,CALL,689.0
2027-01-15,155,1370.0,CALL,278.0
2027-01-15,155,1380.0,CALL,514.0
2027-01-15,155,1390.0,CALL,346.0
2027-01-15,155,1400.0,CALL,4746.0
2027-01-15,155,1410.0,CALL,351.0
2027-01-15,155,1420.0,CALL,608.0
2027-01-15,155,1430.0,CALL,182.0
2027-01-15,155,1440.0,CALL,357.0
2027-01-15,155,1450.0,CALL,252.0
2027-01-15,155,1460.0,CALL,194.0
2027-01-15,155,1470.0,CALL,372.0
2027-01-15,155,1480.0,CALL,537.0
2027-01-15,155,1490.0,CALL,313.0
2027-01-15,155,1500.0,CALL,4455.0
2027-01-15,155,1510.0,CALL,135.0
2027-01-15,155,1520.0,CALL,264.0
2027-01-15,155,1530.0,CALL,110.0
2027-01-15,155,1540.0,CALL,361.0
2027-01-15,155,1550.0,CALL,640.0
2027-01-15,155,1560.0,CALL,461.0
2027-01-15,155,1570.0,CALL,510.0
2027-01-15,155,1580.0,CALL,221.0
2027-01-15,155,1590.0,CALL,436.0
2027-01-15,155,1600.0,CALL,1943.0
2027-01-15,155,1610.0,CALL,276.0
2027-01-15,155,1620.0,CALL,380.0
2027-01-15,155,1630.0,CALL,825.0
2027-01-15,155,1640.0,CALL,118.0
2027-01-15,155,1650.0,CALL,320.0
2027-01-15,155,1660.0,CALL,262.0
2027-01-15,155,1670.0,CALL,227.0
2027-01-15,155,1680.0,CALL,115.0
2027-01-15,155,1690.0,CALL,208.0
2027-01-15,155,1700.0,CALL,1413.0
2027-01-15,155,1710.0,CALL,310.0
2027-01-15,155,1720.0,CALL,100.0
2027-01-15,155,1730.0,CALL,209.0
2027-01-15,155,1740.0,CALL,163.0
2027-01-15,155,1750.0,CALL,900.0
2027-01-15,155,1760.0,CALL,200.0
2027-01-15,155,1770.0,CALL,335.0
2027-01-15,155,1780.0,CALL,144.0
2027-01-15,155,1790.0,CALL,208.0
2027-01-15,155,1800.0,CALL,717.0
2027-01-15,155,1810.0,CALL,587.0
2027-01-15,155,1820.0,CALL,257.0
2027-01-15,155,1830.0,CALL,1089.0
2027-01-15,155,1840.0,CALL,117.0
2027-01-15,155,1850.0,CALL,275.0
2027-01-15,155,1860.0,CALL,137.0
2027-01-15,155,1870.0,CALL,83.0
2027-01-15,155,1880.0,CALL,50.0
2027-01-15,155,1890.0,CALL,33.0
2027-01-15,155,1900.0,CALL,1354.0
2027-01-15,155,1910.0,CALL,689.0
2027-01-15,155,1920.0,CALL,218.0
2027-01-15,155,1930.0,CALL,71.0
2027-01-15,155,1940.0,CALL,91.0
2027-01-15,155,1950.0,CALL,917.0
2027-01-15,155,1960.0,CALL,237.0
2027-01-15,155,1970.0,CALL,107.0
2027-01-15,155,1980.0,CALL,236.0
2027-01-15,155,1990.0,CALL,195.0
2027-01-15,155,2000.0,CALL,2346.0
2027-01-15,155,2010.0,CALL,92.0
2027-01-15,155,2020.0,CALL,290.0
2027-01-15,155,2030.0,CALL,162.0
2027-01-15,155,2040.0,CALL,84.0
2027-01-15,155,2050.0,CALL,703.0
2027-01-15,155,2060.0,CALL,80.0
2027-01-15,155,2070.0,CALL,152.0
2027-01-15,155,2080.0,CALL,165.0
2027-01-15,155,2090.0,CALL,197.0
2027-01-15,155,2100.0,CALL,509.0
2027-01-15,155,2110.0,CALL,181.0
2027-01-15,155,2120.0,CALL,126.0
2027-01-15,155,2130.0,CALL,91.0
2027-01-15,155,2140.0,CALL,37.0
2027-01-15,155,2150.0,CALL,299.0
2027-01-15,155,2160.0,CALL,158.0
2027-01-15,155,2170.0,CALL,1384.0
2027-01-15,155,2180.0,CALL,40.0
2027-01-15,155,2190.0,CALL,85.0
2027-01-15,155,2200.0,CALL,405.0
2027-01-15,155,2210.0,CALL,107.0
2027-01-15,155,2220.0,CALL,66.0
2027-01-15,155,2230.0,CALL,9.0
2027-01-15,155,2240.0,CALL,22.0
2027-01-15,155,2250.0,CALL,228.0
2027-01-15,155,2260.0,CALL,83.0
2027-01-15,155,2270.0,CALL,62.0
2027-01-15,155,2280.0,CALL,19.0
2027-01-15,155,2290.0,CALL,175.0
2027-01-15,155,2300.0,CALL,101.0
2027-01-15,155,2310.0,CALL,82.0
2027-01-15,155,2320.0,CALL,98.0
2027-01-15,155,2330.0,CALL,24.0
2027-01-15,155,2340.0,CALL,25.0
2027-01-15,155,2350.0,CALL,63.0
2027-01-15,155,2360.0,CALL,71.0
2027-01-15,155,2370.0,CALL,75.0
2027-01-15,155,2380.0,CALL,132.0
2027-01-15,155,2390.0,CALL,224.0
2027-01-15,155,2400.0,CALL,790.0
2027-01-15,155,2410.0,CALL,107.0
2027-01-15,155,2420.0,CALL,393.0
2027-01-15,155,2440.0,CALL,215.0
2027-01-15,155,2460.0,CALL,87.0
2027-01-15,155,2480.0,CALL,148.0
2027-01-15,155,2500.0,CALL,2534.0
2027-01-15,155,35.0,PUT,2235.0
2027-01-15,155,40.0,PUT,3976.0
2027-01-15,155,45.0,PUT,3514.0
2027-01-15,155,50.0,PUT,2241.0
2027-01-15,155,55.0,PUT,2701.0
2027-01-15,155,60.0,PUT,5610.0
2027-01-15,155,65.0,PUT,2823.0
2027-01-15,155,70.0,PUT,5313.0
2027-01-15,155,75.0,PUT,5770.0
2027-01-15,155,80.0,PUT,7870.0
2027-01-15,155,85.0,PUT,2826.0
2027-01-15,155,90.0,PUT,4194.0
2027-01-15,155,95.0,PUT,1960.0
2027-01-15,155,100.0,PUT,2592.0
2027-01-15,155,105.0,PUT,786.0
2027-01-15,155,110.0,PUT,3281.0
2027-01-15,155,115.0,PUT,1328.0
2027-01-15,155,120.0,PUT,1840.0
2027-01-15,155,125.0,PUT,1213.0
2027-01-15,155,130.0,PUT,4207.0
2027-01-15,155,135.0,PUT,555.0
2027-01-15,155,140.0,PUT,957.0
2027-01-15,155,145.0,PUT,583.0
2027-01-15,155,150.0,PUT,3904.0
2027-01-15,155,155.0,PUT,344.0
2027-01-15,155,160.0,PUT,2597.0
2027-01-15,155,165.0,PUT,286.0
2027-01-15,155,170.0,PUT,1072.0
2027-01-15,155,175.0,PUT,588.0
2027-01-15,155,180.0,PUT,1433.0
2027-01-15,155,185.0,PUT,438.0
2027-01-15,155,190.0,PUT,608.0
2027-01-15,155,195.0,PUT,382.0
2027-01-15,155,200.0,PUT,3495.0
2027-01-15,155,210.0,PUT,914.0
2027-01-15,155,220.0,PUT,1519.0
2027-01-15,155,230.0,PUT,1695.0
2027-01-15,155,240.0,PUT,1865.0
2027-01-15,155,250.0,PUT,3904.0
2027-01-15,155,260.0,PUT,1726.0
2027-01-15,155,270.0,PUT,1500.0
2027-01-15,155,280.0,PUT,1594.0
2027-01-15,155,290.0,PUT,928.0
2027-01-15,155,300.0,PUT,7725.0
2027-01-15,155,310.0,PUT,987.0
2027-01-15,155,320.0,PUT,2823.0
2027-01-15,155,330.0,PUT,2163.0
2027-01-15,155,340.0,PUT,1896.0
2027-01-15,155,350.0,PUT,3910.0
2027-01-15,155,360.0,PUT,4314.0
2027-01-15,155,370.0,PUT,1475.0
2027-01-15,155,380.0,PUT,2256.0
2027-01-15,155,390.0,PUT,1953.0
2027-01-15,155,400.0,PUT,4793.0
2027-01-15,155,410.0,PUT,940.0
2027-01-15,155,420.0,PUT,1081.0
2027-01-15,155,430.0,PUT,2410.0
2027-01-15,155,440.0,PUT,1008.0
2027-01-15,155,450.0,PUT,2786.0
2027-01-15,155,460.0,PUT,1336.0
2027-01-15,155,470.0,PUT,1704.0
2027-01-15,155,480.0,PUT,1245.0
2027-01-15,155,490.0,PUT,1350.0
2027-01-15,155,500.0,PUT,4155.0
2027-01-15,155,510.0,PUT,1112.0
2027-01-15,155,520.0,PUT,992.0
2027-01-15,155,530.0,PUT,550.0
2027-01-15,155,540.0,PUT,767.0
2027-01-15,155,550.0,PUT,4353.0
2027-01-15,155,560.0,PUT,500.0
2027-01-15,155,570.0,PUT,412.0
2027-01-15,155,580.0,PUT,744.0
2027-01-15,155,590.0,PUT,809.0
2027-01-15,155,600.0,PUT,3491.0
2027-01-15,155,610.0,PUT,674.0
2027-01-15,155,620.0,PUT,1545.0
2027-01-15,155,630.0,PUT,481.0
2027-01-15,155,640.0,PUT,444.0
2027-01-15,155,650.0,PUT,4377.0
2027-01-15,155,660.0,PUT,291.0
2027-01-15,155,670.0,PUT,337.0
2027-01-15,155,680.0,PUT,789.0
2027-01-15,155,690.0,PUT,871.0
2027-01-15,155,700.0,PUT,5653.0
2027-01-15,155,710.0,PUT,581.0
2027-01-15,155,720.0,PUT,1849.0
2027-01-15,155,730.0,PUT,320.0
2027-01-15,155,740.0,PUT,235.0
2027-01-15,155,750.0,PUT,3379.0
2027-01-15,155,760.0,PUT,329.0
2027-01-15,155,770.0,PUT,423.0
2027-01-15,155,780.0,PUT,791.0
2027-01-15,155,790.0,PUT,549.0
2027-01-15,155,800.0,PUT,3339.0
2027-01-15,155,810.0,PUT,277.0
2027-01-15,155,820.0,PUT,317.0
2027-01-15,155,830.0,PUT,713.0
2027-01-15,155,840.0,PUT,510.0
2027-01-15,155,850.0,PUT,3022.0
2027-01-15,155,860.0,PUT,314.0
2027-01-15,155,870.0,PUT,1383.0
2027-01-15,155,880.0,PUT,217.0
2027-01-15,155,890.0,PUT,502.0
2027-01-15,155,900.0,PUT,2222.0
2027-01-15,155,910.0,PUT,202.0
2027-01-15,155,920.0,PUT,1253.0
2027-01-15,155,930.0,PUT,202.0
2027-01-15,155,940.0,PUT,397.0
2027-01-15,155,950.0,PUT,1303.0
2027-01-15,155,960.0,PUT,253.0
2027-01-15,155,970.0,PUT,222.0
2027-01-15,155,980.0,PUT,279.0
2027-01-15,155,990.0,PUT,263.0
2027-01-15,155,1000.0,PUT,3068.0
2027-01-15,155,1010.0,PUT,420.0
2027-01-15,155,1020.0,PUT,153.0
2027-01-15,155,1030.0,PUT,190.0
2027-01-15,155,1040.0,PUT,207.0
2027-01-15,155,1050.0,PUT,514.0
2027-01-15,155,1060.0,PUT,970.0
2027-01-15,155,1070.0,PUT,76.0
2027-01-15,155,1080.0,PUT,147.0
2027-01-15,155,1090.0,PUT,107.0
2027-01-15,155,1100.0,PUT,435.0
2027-01-15,155,1110.0,PUT,84.0
2027-01-15,155,1120.0,PUT,145.0
2027-01-15,155,1130.0,PUT,52.0
2027-01-15,155,1140.0,PUT,41.0
2027-01-15,155,1150.0,PUT,140.0
2027-01-15,155,1160.0,PUT,45.0
2027-01-15,155,1170.0,PUT,116.0
2027-01-15,155,1180.0,PUT,55.0
2027-01-15,155,1190.0,PUT,131.0
2027-01-15,155,1200.0,PUT,1035.0
2027-01-15,155,1210.0,PUT,29.0
2027-01-15,155,1220.0,PUT,31.0
2027-01-15,155,1230.0,PUT,23.0
2027-01-15,155,1240.0,PUT,445.0
2027-01-15,155,1250.0,PUT,43.0
2027-01-15,155,1260.0,PUT,70.0
2027-01-15,155,1270.0,PUT,50.0
2027-01-15,155,1280.0,PUT,99.0
2027-01-15,155,1290.0,PUT,24.0
2027-01-15,155,1300.0,PUT,139.0
2027-01-15,155,1310.0,PUT,24.0
2027-01-15,155,1320.0,PUT,42.0
2027-01-15,155,1330.0,PUT,71.0
2027-01-15,155,1340.0,PUT,29.0
2027-01-15,155,1350.0,PUT,19.0
2027-01-15,155,1360.0,PUT,51.0
2027-01-15,155,1370.0,PUT,20.0
2027-01-15,155,1380.0,PUT,79.0
2027-01-15,155,1390.0,PUT,37.0
2027-01-15,155,1400.0,PUT,271.0
2027-01-15,155,1410.0,PUT,93.0
2027-01-15,155,1420.0,PUT,38.0
2027-01-15,155,1430.0,PUT,13.0
2027-01-15,155,1440.0,PUT,71.0
2027-01-15,155,1450.0,PUT,59.0
2027-01-15,155,1460.0,PUT,7.0
2027-01-15,155,1470.0,PUT,57.0
2027-01-15,155,1480.0,PUT,122.0
2027-01-15,155,1490.0,PUT,12.0
2027-01-15,155,1500.0,PUT,404.0
2027-01-15,155,1510.0,PUT,10.0
2027-01-15,155,1520.0,PUT,7.0
2027-01-15,155,1530.0,PUT,2.0
2027-01-15,155,1540.0,PUT,11.0
2027-01-15,155,1550.0,PUT,2.0
2027-01-15,155,1560.0,PUT,2.0
2027-01-15,155,1570.0,PUT,2.0
2027-01-15,155,1580.0,PUT,1.0
2027-01-15,155,1590.0,PUT,2.0
2027-01-15,155,1600.0,PUT,17.0
2027-01-15,155,1610.0,PUT,4.0
2027-01-15,155,1620.0,PUT,6.0
2027-01-15,155,1630.0,PUT,91.0
2027-01-15,155,1640.0,PUT,25.0
2027-01-15,155,1650.0,PUT,2.0
2027-01-15,155,1660.0,PUT,6.0
2027-01-15,155,1670.0,PUT,0.0
2027-01-15,155,1680.0,PUT,14.0
2027-01-15,155,1690.0,PUT,0.0
2027-01-15,155,1700.0,PUT,24.0
2027-01-15,155,1710.0,PUT,0.0
2027-01-15,155,1720.0,PUT,7.0
2027-01-15,155,1730.0,PUT,1.0
2027-01-15,155,1740.0,PUT,3.0
2027-01-15,155,1750.0,PUT,4.0
2027-01-15,155,1760.0,PUT,33.0
2027-01-15,155,1770.0,PUT,1.0
2027-01-15,155,1780.0,PUT,0.0
2027-01-15,155,1790.0,PUT,7.0
2027-01-15,155,1800.0,PUT,11.0
2027-01-15,155,1810.0,PUT,4.0
2027-01-15,155,1820.0,PUT,5.0
2027-01-15,155,1830.0,PUT,52.0
2027-01-15,155,1840.0,PUT,9.0
2027-01-15,155,1850.0,PUT,1.0
2027-01-15,155,1880.0,PUT,1.0
2027-01-15,155,1900.0,PUT,3.0
2027-01-15,155,1910.0,PUT,7.0
2027-01-15,155,1920.0,PUT,2.0
2027-01-15,155,1930.0,PUT,2.0
2027-01-15,155,1940.0,PUT,3.0
2027-01-15,155,1950.0,PUT,2.0
2027-01-15,155,1960.0,PUT,10.0
2027-01-15,155,1980.0,PUT,1.0
2027-01-15,155,1990.0,PUT,3.0
2027-01-15,155,2000.0,PUT,15.0
2027-01-15,155,2010.0,PUT,4.0
2027-01-15,155,2020.0,PUT,1.0
2027-01-15,155,2030.0,PUT,1.0
2027-01-15,155,2050.0,PUT,3.0
2027-01-15,155,2060.0,PUT,1.0
2027-01-15,155,2080.0,PUT,1.0
2027-01-15,155,2090.0,PUT,4.0
2027-01-15,155,2110.0,PUT,1.0
2027-01-15,155,2120.0,PUT,4.0
2027-01-15,155,2130.0,PUT,0.0
2027-01-15,155,2140.0,PUT,17.0
2027-01-15,155,2150.0,PUT,2.0
2027-01-15,155,2160.0,PUT,39.0
2027-01-15,155,2170.0,PUT,21.0
2027-01-15,155,2190.0,PUT,1.0
2027-01-15,155,2200.0,PUT,2.0
2027-01-15,155,2210.0,PUT,6.0
2027-01-15,155,2220.0,PUT,1.0
2027-01-15,155,2230.0,PUT,0.0
2027-01-15,155,2270.0,PUT,0.0
2027-01-15,155,2280.0,PUT,0.0
2027-01-15,155,2290.0,PUT,8.0
2027-01-15,155,2300.0,PUT,0.0
2027-01-15,155,2310.0,PUT,0.0
2027-01-15,155,2320.0,PUT,0.0
2027-01-15,155,2350.0,PUT,0.0
2027-01-15,155,2360.0,PUT,0.0
2027-01-15,155,2370.0,PUT,0.0
2027-01-15,155,2380.0,PUT,0.0
2027-01-15,155,2390.0,PUT,0.0
2027-01-15,155,2400.0,PUT,0.0
2027-01-15,155,2410.0,PUT,0.0
2027-01-15,155,2420.0,PUT,0.0
2027-01-15,155,2440.0,PUT,0.0
2027-01-15,155,2460.0,PUT,0.0
2027-01-15,155,2480.0,PUT,0.0
2027-01-15,155,2500.0,PUT,0.0
