expiration,DTE,strike,option_type,openInterest
2026-08-19,1,400.0,CALL,1.0
2026-08-19,1,610.0,CALL,2.0
2026-08-19,1,700.0,CALL,1.0
2026-08-19,1,710.0,CALL,2.0
2026-08-19,1,720.0,CALL,1.0
2026-08-19,1,725.0,CALL,5.0
2026-08-19,1,730.0,CALL,2.0
2026-08-19,1,742.5,CALL,1.0
2026-08-19,1,750.0,CALL,8.0
2026-08-19,1,755.0,CALL,1.0
2026-08-19,1,760.0,CALL,1.0
2026-08-19,1,770.0,CALL,3.0
2026-08-19,1,775.0,CALL,1.0
2026-08-19,1,785.0,CALL,1.0
2026-08-19,1,790.0,CALL,10.0
2026-08-19,1,795.0,CALL,31.0
2026-08-19,1,800.0,CALL,167.0
2026-08-19,1,805.0,CALL,6.0
2026-08-19,1,810.0,CALL,2.0
2026-08-19,1,820.0,CALL,4.0
2026-08-19,1,825.0,CALL,8.0
2026-08-19,1,830.0,CALL,4.0
2026-08-19,1,835.0,CALL,14.0
2026-08-19,1,840.0,CALL,20.0
2026-08-19,1,845.0,CALL,13.0
2026-08-19,1,850.0,CALL,57.0
2026-08-19,1,855.0,CALL,22.0
2026-08-19,1,860.0,CALL,41.0
2026-08-19,1,865.0,CALL,32.0
2026-08-19,1,870.0,CALL,51.0
2026-08-19,1,875.0,CALL,38.0
2026-08-19,1,880.0,CALL,76.0
2026-08-19,1,885.0,CALL,42.0
2026-08-19,1,890.0,CALL,46.0
2026-08-19,1,895.0,CALL,56.0
2026-08-19,1,900.0,CALL,148.0
2026-08-19,1,905.0,CALL,65.0
2026-08-19,1,910.0,CALL,87.0
2026-08-19,1,915.0,CALL,30.0
2026-08-19,1,920.0,CALL,80.0
2026-08-19,1,925.0,CALL,237.0
2026-08-19,1,930.0,CALL,100.0
2026-08-19,1,935.0,CALL,68.0
2026-08-19,1,940.0,CALL,65.0
2026-08-19,1,945.0,CALL,87.0
2026-08-19,1,950.0,CALL,233.0
2026-08-19,1,955.0,CALL,141.0
2026-08-19,1,960.0,CALL,158.0
2026-08-19,1,965.0,CALL,512.0
2026-08-19,1,970.0,CALL,436.0
2026-08-19,1,975.0,CALL,340.0
2026-08-19,1,980.0,CALL,1517.0
2026-08-19,1,985.0,CALL,142.0
2026-08-19,1,990.0,CALL,209.0
2026-08-19,1,995.0,CALL,160.0
2026-08-19,1,1000.0,CALL,1604.0
2026-08-19,1,1005.0,CALL,221.0
2026-08-19,1,1010.0,CALL,433.0
2026-08-19,1,1015.0,CALL,746.0
2026-08-19,1,1020.0,CALL,818.0
2026-08-19,1,1025.0,CALL,963.0
2026-08-19,1,1030.0,CALL,1061.0
2026-08-19,1,1035.0,CALL,1007.0
2026-08-19,1,1040.0,CALL,655.0
2026-08-19,1,1045.0,CALL,181.0
2026-08-19,1,1050.0,CALL,1981.0
2026-08-19,1,1055.0,CALL,324.0
2026-08-19,1,1060.0,CALL,678.0
2026-08-19,1,1065.0,CALL,276.0
2026-08-19,1,1070.0,CALL,349.0
2026-08-19,1,1075.0,CALL,292.0
2026-08-19,1,1080.0,CALL,468.0
2026-08-19,1,1085.0,CALL,472.0
2026-08-19,1,1090.0,CALL,451.0
2026-08-19,1,1095.0,CALL,209.0
2026-08-19,1,1100.0,CALL,2966.0
2026-08-19,1,1105.0,CALL,172.0
2026-08-19,1,1110.0,CALL,580.0
2026-08-19,1,1115.0,CALL,324.0
2026-08-19,1,1120.0,CALL,312.0
2026-08-19,1,1125.0,CALL,277.0
2026-08-19,1,1130.0,CALL,219.0
2026-08-19,1,1135.0,CALL,118.0
2026-08-19,1,1140.0,CALL,140.0
2026-08-19,1,1145.0,CALL,102.0
2026-08-19,1,1150.0,CALL,776.0
2026-08-19,1,1155.0,CALL,74.0
2026-08-19,1,1160.0,CALL,68.0
2026-08-19,1,1165.0,CALL,47.0
2026-08-19,1,1170.0,CALL,322.0
2026-08-19,1,1175.0,CALL,54.0
2026-08-19,1,1180.0,CALL,42.0
2026-08-19,1,1185.0,CALL,65.0
2026-08-19,1,1190.0,CALL,29.0
2026-08-19,1,1195.0,CALL,30.0
2026-08-19,1,1200.0,CALL,718.0
2026-08-19,1,1205.0,CALL,47.0
2026-08-19,1,1210.0,CALL,32.0
2026-08-19,1,1215.0,CALL,126.0
2026-08-19,1,1220.0,CALL,39.0
2026-08-19,1,1225.0,CALL,256.0
2026-08-19,1,1230.0,CALL,183.0
2026-08-19,1,1235.0,CALL,111.0
2026-08-19,1,1240.0,CALL,125.0
2026-08-19,1,1250.0,CALL,26.0
2026-08-19,1,1260.0,CALL,25.0
2026-08-19,1,1270.0,CALL,6.0
2026-08-19,1,1280.0,CALL,23.0
2026-08-19,1,1290.0,CALL,50.0
2026-08-19,1,1300.0,CALL,73.0
2026-08-19,1,1310.0,CALL,92.0
2026-08-19,1,1320.0,CALL,42.0
2026-08-19,1,1330.0,CALL,34.0
2026-08-19,1,1340.0,CALL,67.0
2026-08-19,1,1350.0,CALL,113.0
2026-08-19,1,1360.0,CALL,32.0
2026-08-19,1,1370.0,CALL,16.0
2026-08-19,1,400.0,PUT,18.0
2026-08-19,1,405.0,PUT,13.0
2026-08-19,1,440.0,PUT,6.0
2026-08-19,1,465.0,PUT,1.0
2026-08-19,1,500.0,PUT,11.0
2026-08-19,1,535.0,PUT,10.0
2026-08-19,1,560.0,PUT,1.0
2026-08-19,1,570.0,PUT,18.0
2026-08-19,1,580.0,PUT,11.0
2026-08-19,1,585.0,PUT,92.0
2026-08-19,1,590.0,PUT,18.0
2026-08-19,1,595.0,PUT,47.0
2026-08-19,1,600.0,PUT,55.0
2026-08-19,1,605.0,PUT,32.0
2026-08-19,1,610.0,PUT,102.0
2026-08-19,1,615.0,PUT,26.0
2026-08-19,1,620.0,PUT,31.0
2026-08-19,1,622.5,PUT,15.0
2026-08-19,1,625.0,PUT,22.0
2026-08-19,1,627.5,PUT,42.0
2026-08-19,1,630.0,PUT,11.0
2026-08-19,1,632.5,PUT,2.0
2026-08-19,1,637.5,PUT,11.0
2026-08-19,1,640.0,PUT,27.0
2026-08-19,1,642.5,PUT,9.0
2026-08-19,1,645.0,PUT,8.0
2026-08-19,1,647.5,PUT,4.0
2026-08-19,1,650.0,PUT,73.0
2026-08-19,1,652.5,PUT,2.0
2026-08-19,1,655.0,PUT,48.0
2026-08-19,1,657.5,PUT,51.0
2026-08-19,1,660.0,PUT,10.0
2026-08-19,1,662.5,PUT,7.0
2026-08-19,1,665.0,PUT,14.0
2026-08-19,1,667.5,PUT,7.0
2026-08-19,1,670.0,PUT,11.0
2026-08-19,1,672.5,PUT,8.0
2026-08-19,1,675.0,PUT,123.0
2026-08-19,1,677.5,PUT,128.0
2026-08-19,1,680.0,PUT,17.0
2026-08-19,1,682.5,PUT,2.0
2026-08-19,1,685.0,PUT,8.0
2026-08-19,1,687.5,PUT,34.0
2026-08-19,1,690.0,PUT,52.0
2026-08-19,1,692.5,PUT,24.0
2026-08-19,1,695.0,PUT,33.0
2026-08-19,1,697.5,PUT,24.0
2026-08-19,1,700.0,PUT,144.0
2026-08-19,1,702.5,PUT,13.0
2026-08-19,1,705.0,PUT,29.0
2026-08-19,1,707.5,PUT,30.0
2026-08-19,1,710.0,PUT,34.0
2026-08-19,1,712.5,PUT,110.0
2026-08-19,1,715.0,PUT,110.0
2026-08-19,1,717.5,PUT,13.0
2026-08-19,1,720.0,PUT,119.0
2026-08-19,1,722.5,PUT,40.0
2026-08-19,1,725.0,PUT,117.0
2026-08-19,1,727.5,PUT,40.0
2026-08-19,1,730.0,PUT,54.0
2026-08-19,1,732.5,PUT,27.0
2026-08-19,1,735.0,PUT,33.0
2026-08-19,1,737.5,PUT,66.0
2026-08-19,1,740.0,PUT,31.0
2026-08-19,1,742.5,PUT,109.0
2026-08-19,1,745.0,PUT,26.0
2026-08-19,1,747.5,PUT,44.0
2026-08-19,1,750.0,PUT,91.0
2026-08-19,1,755.0,PUT,47.0
2026-08-19,1,760.0,PUT,31.0
2026-08-19,1,765.0,PUT,83.0
2026-08-19,1,770.0,PUT,93.0
2026-08-19,1,775.0,PUT,98.0
2026-08-19,1,780.0,PUT,59.0
2026-08-19,1,785.0,PUT,28.0
2026-08-19,1,790.0,PUT,101.0
2026-08-19,1,795.0,PUT,53.0
2026-08-19,1,800.0,PUT,320.0
2026-08-19,1,805.0,PUT,107.0
2026-08-19,1,810.0,PUT,83.0
2026-08-19,1,815.0,PUT,161.0
2026-08-19,1,820.0,PUT,195.0
2026-08-19,1,825.0,PUT,191.0
2026-08-19,1,830.0,PUT,437.0
2026-08-19,1,835.0,PUT,842.0
2026-08-19,1,840.0,PUT,225.0
2026-08-19,1,845.0,PUT,109.0
2026-08-19,1,850.0,PUT,453.0
2026-08-19,1,855.0,PUT,61.0
2026-08-19,1,860.0,PUT,109.0
2026-08-19,1,865.0,PUT,83.0
2026-08-19,1,870.0,PUT,304.0
2026-08-19,1,875.0,PUT,237.0
2026-08-19,1,880.0,PUT,278.0
2026-08-19,1,885.0,PUT,108.0
2026-08-19,1,890.0,PUT,239.0
2026-08-19,1,895.0,PUT,850.0
2026-08-19,1,900.0,PUT,1328.0
2026-08-19,1,905.0,PUT,1234.0
2026-08-19,1,910.0,PUT,275.0
2026-08-19,1,915.0,PUT,387.0
2026-08-19,1,920.0,PUT,666.0
2026-08-19,1,925.0,PUT,446.0
2026-08-19,1,930.0,PUT,498.0
2026-08-19,1,935.0,PUT,893.0
2026-08-19,1,940.0,PUT,449.0
2026-08-19,1,945.0,PUT,179.0
2026-08-19,1,950.0,PUT,996.0
2026-08-19,1,955.0,PUT,506.0
2026-08-19,1,960.0,PUT,909.0
2026-08-19,1,965.0,PUT,612.0
2026-08-19,1,970.0,PUT,448.0
2026-08-19,1,975.0,PUT,551.0
2026-08-19,1,980.0,PUT,546.0
2026-08-19,1,985.0,PUT,314.0
2026-08-19,1,990.0,PUT,566.0
2026-08-19,1,995.0,PUT,250.0
2026-08-19,1,1000.0,PUT,3264.0
2026-08-19,1,1005.0,PUT,132.0
2026-08-19,1,1010.0,PUT,425.0
2026-08-19,1,1015.0,PUT,297.0
2026-08-19,1,1020.0,PUT,428.0
2026-08-19,1,1030.0,PUT,452.0
2026-08-19,1,1040.0,PUT,121.0
2026-08-19,1,1050.0,PUT,43.0
2026-08-19,1,1065.0,PUT,11.0
2026-08-19,1,1070.0,PUT,2.0
2026-08-19,1,1100.0,PUT,25.0
2026-08-19,1,1115.0,PUT,11.0
2026-08-19,1,1120.0,PUT,26.0
2026-08-19,1,1140.0,PUT,1.0
2026-08-19,1,1175.0,PUT,0.0
2026-08-19,1,1370.0,PUT,1.0
2026-08-21,3,5.0,CALL,814.0
2026-08-21,3,10.0,CALL,0.0
2026-08-21,3,15.0,CALL,1.0
2026-08-21,3,20.0,CALL,2.0
2026-08-21,3,25.0,CALL,0.0
2026-08-21,3,30.0,CALL,0.0
2026-08-21,3,35.0,CALL,1.0
2026-08-21,3,45.0,CALL,0.0
2026-08-21,3,50.0,CALL,1.0
2026-08-21,3,55.0,CALL,0.0
2026-08-21,3,60.0,CALL,143.0
2026-08-21,3,65.0,CALL,15.0
2026-08-21,3,70.0,CALL,7.0
2026-08-21,3,75.0,CALL,9.0
2026-08-21,3,80.0,CALL,16.0
2026-08-21,3,85.0,CALL,35.0
2026-08-21,3,90.0,CALL,13.0
2026-08-21,3,95.0,CALL,15.0
2026-08-21,3,100.0,CALL,37.0
2026-08-21,3,105.0,CALL,7.0
2026-08-21,3,110.0,CALL,61.0
2026-08-21,3,115.0,CALL,65.0
2026-08-21,3,120.0,CALL,845.0
2026-08-21,3,125.0,CALL,129.0
2026-08-21,3,130.0,CALL,60.0
2026-08-21,3,135.0,CALL,48.0
2026-08-21,3,140.0,CALL,46.0
2026-08-21,3,145.0,CALL,49.0
2026-08-21,3,150.0,CALL,81.0
2026-08-21,3,155.0,CALL,77.0
2026-08-21,3,160.0,CALL,100.0
2026-08-21,3,165.0,CALL,82.0
2026-08-21,3,170.0,CALL,122.0
2026-08-21,3,175.0,CALL,184.0
2026-08-21,3,180.0,CALL,257.0
2026-08-21,3,185.0,CALL,73.0
2026-08-21,3,190.0,CALL,108.0
2026-08-21,3,195.0,CALL,148.0
2026-08-21,3,200.0,CALL,136.0
2026-08-21,3,210.0,CALL,191.0
2026-08-21,3,220.0,CALL,138.0
2026-08-21,3,230.0,CALL,364.0
2026-08-21,3,240.0,CALL,215.0
2026-08-21,3,250.0,CALL,570.0
2026-08-21,3,260.0,CALL,672.0
2026-08-21,3,270.0,CALL,252.0
2026-08-21,3,280.0,CALL,374.0
2026-08-21,3,290.0,CALL,168.0
2026-08-21,3,300.0,CALL,431.0
2026-08-21,3,310.0,CALL,395.0
2026-08-21,3,320.0,CALL,218.0
2026-08-21,3,330.0,CALL,196.0
2026-08-21,3,340.0,CALL,272.0
2026-08-21,3,350.0,CALL,421.0
2026-08-21,3,360.0,CALL,1023.0
2026-08-21,3,370.0,CALL,511.0
2026-08-21,3,380.0,CALL,402.0
2026-08-21,3,390.0,CALL,242.0
2026-08-21,3,400.0,CALL,361.0
2026-08-21,3,410.0,CALL,291.0
2026-08-21,3,420.0,CALL,754.0
2026-08-21,3,430.0,CALL,411.0
2026-08-21,3,440.0,CALL,855.0
2026-08-21,3,450.0,CALL,504.0
2026-08-21,3,460.0,CALL,333.0
2026-08-21,3,470.0,CALL,608.0
2026-08-21,3,480.0,CALL,394.0
2026-08-21,3,490.0,CALL,586.0
2026-08-21,3,500.0,CALL,1572.0
2026-08-21,3,510.0,CALL,1004.0
2026-08-21,3,520.0,CALL,473.0
2026-08-21,3,530.0,CALL,498.0
2026-08-21,3,540.0,CALL,460.0
2026-08-21,3,550.0,CALL,610.0
2026-08-21,3,560.0,CALL,291.0
2026-08-21,3,570.0,CALL,296.0
2026-08-21,3,580.0,CALL,273.0
2026-08-21,3,590.0,CALL,241.0
2026-08-21,3,600.0,CALL,1809.0
2026-08-21,3,610.0,CALL,414.0
2026-08-21,3,620.0,CALL,468.0
2026-08-21,3,630.0,CALL,277.0
2026-08-21,3,640.0,CALL,598.0
2026-08-21,3,650.0,CALL,786.0
2026-08-21,3,660.0,CALL,209.0
2026-08-21,3,670.0,CALL,267.0
2026-08-21,3,680.0,CALL,209.0
2026-08-21,3,690.0,CALL,295.0
2026-08-21,3,700.0,CALL,957.0
2026-08-21,3,710.0,CALL,717.0
2026-08-21,3,720.0,CALL,354.0
2026-08-21,3,730.0,CALL,618.0
2026-08-21,3,740.0,CALL,408.0
2026-08-21,3,750.0,CALL,789.0
2026-08-21,3,760.0,CALL,371.0
2026-08-21,3,765.0,CALL,8.0
2026-08-21,3,770.0,CALL,207.0
2026-08-21,3,775.0,CALL,10.0
2026-08-21,3,780.0,CALL,476.0
2026-08-21,3,785.0,CALL,23.0
2026-08-21,3,790.0,CALL,206.0
2026-08-21,3,795.0,CALL,114.0
2026-08-21,3,800.0,CALL,1512.0
2026-08-21,3,805.0,CALL,142.0
2026-08-21,3,810.0,CALL,395.0
2026-08-21,3,815.0,CALL,97.0
2026-08-21,3,820.0,CALL,736.0
2026-08-21,3,825.0,CALL,79.0
2026-08-21,3,830.0,CALL,721.0
2026-08-21,3,835.0,CALL,171.0
2026-08-21,3,840.0,CALL,594.0
2026-08-21,3,845.0,CALL,146.0
2026-08-21,3,850.0,CALL,1768.0
2026-08-21,3,855.0,CALL,204.0
2026-08-21,3,860.0,CALL,491.0
2026-08-21,3,865.0,CALL,134.0
2026-08-21,3,870.0,CALL,1030.0
2026-08-21,3,875.0,CALL,218.0
2026-08-21,3,880.0,CALL,1429.0
2026-08-21,3,885.0,CALL,178.0
2026-08-21,3,890.0,CALL,1767.0
2026-08-21,3,895.0,CALL,414.0
2026-08-21,3,900.0,CALL,3278.0
2026-08-21,3,905.0,CALL,373.0
2026-08-21,3,910.0,CALL,1388.0
2026-08-21,3,915.0,CALL,509.0
2026-08-21,3,920.0,CALL,1280.0
2026-08-21,3,925.0,CALL,590.0
2026-08-21,3,930.0,CALL,1148.0
2026-08-21,3,935.0,CALL,414.0
2026-08-21,3,940.0,CALL,1093.0
2026-08-21,3,945.0,CALL,419.0
2026-08-21,3,950.0,CALL,4949.0
2026-08-21,3,955.0,CALL,310.0
2026-08-21,3,957.5,CALL,134.0
2026-08-21,3,960.0,CALL,1550.0
2026-08-21,3,962.5,CALL,232.0
2026-08-21,3,965.0,CALL,940.0
2026-08-21,3,970.0,CALL,1267.0
2026-08-21,3,975.0,CALL,623.0
2026-08-21,3,980.0,CALL,5484.0
2026-08-21,3,985.0,CALL,344.0
2026-08-21,3,990.0,CALL,7165.0
2026-08-21,3,995.0,CALL,424.0
2026-08-21,3,1000.0,CALL,9821.0
2026-08-21,3,1005.0,CALL,682.0
2026-08-21,3,1010.0,CALL,1808.0
2026-08-21,3,1020.0,CALL,2459.0
2026-08-21,3,1030.0,CALL,3302.0
2026-08-21,3,1040.0,CALL,1783.0
2026-08-21,3,1050.0,CALL,5712.0
2026-08-21,3,1060.0,CALL,1429.0
2026-08-21,3,1070.0,CALL,1680.0
2026-08-21,3,1080.0,CALL,8886.0
2026-08-21,3,1090.0,CALL,2886.0
2026-08-21,3,1100.0,CALL,10006.0
2026-08-21,3,1110.0,CALL,1803.0
2026-08-21,3,1120.0,CALL,1498.0
2026-08-21,3,1130.0,CALL,3095.0
2026-08-21,3,1140.0,CALL,858.0
2026-08-21,3,1150.0,CALL,5782.0
2026-08-21,3,1160.0,CALL,610.0
2026-08-21,3,1170.0,CALL,1143.0
2026-08-21,3,1180.0,CALL,1281.0
2026-08-21,3,1190.0,CALL,7713.0
2026-08-21,3,1200.0,CALL,11302.0
2026-08-21,3,1210.0,CALL,973.0
2026-08-21,3,1220.0,CALL,765.0
2026-08-21,3,1230.0,CALL,560.0
2026-08-21,3,1240.0,CALL,404.0
2026-08-21,3,1250.0,CALL,2305.0
2026-08-21,3,1260.0,CALL,913.0
2026-08-21,3,1270.0,CALL,847.0
2026-08-21,3,1280.0,CALL,1612.0
2026-08-21,3,1290.0,CALL,454.0
2026-08-21,3,1300.0,CALL,3731.0
2026-08-21,3,1310.0,CALL,345.0
2026-08-21,3,1320.0,CALL,531.0
2026-08-21,3,1330.0,CALL,420.0
2026-08-21,3,1340.0,CALL,455.0
2026-08-21,3,1350.0,CALL,3831.0
2026-08-21,3,1360.0,CALL,419.0
2026-08-21,3,1370.0,CALL,352.0
2026-08-21,3,1380.0,CALL,264.0
2026-08-21,3,1390.0,CALL,352.0
2026-08-21,3,1400.0,CALL,3662.0
2026-08-21,3,1410.0,CALL,290.0
2026-08-21,3,1420.0,CALL,737.0
2026-08-21,3,1430.0,CALL,395.0
2026-08-21,3,1440.0,CALL,469.0
2026-08-21,3,1450.0,CALL,1248.0
2026-08-21,3,1460.0,CALL,172.0
2026-08-21,3,1470.0,CALL,322.0
2026-08-21,3,1480.0,CALL,401.0
2026-08-21,3,1490.0,CALL,532.0
2026-08-21,3,1500.0,CALL,7584.0
2026-08-21,3,1510.0,CALL,382.0
2026-08-21,3,1520.0,CALL,482.0
2026-08-21,3,1530.0,CALL,484.0
2026-08-21,3,1540.0,CALL,267.0
2026-08-21,3,1550.0,CALL,950.0
2026-08-21,3,1560.0,CALL,557.0
2026-08-21,3,1570.0,CALL,895.0
2026-08-21,3,1580.0,CALL,515.0
2026-08-21,3,1590.0,CALL,402.0
2026-08-21,3,1600.0,CALL,3661.0
2026-08-21,3,1610.0,CALL,944.0
2026-08-21,3,1620.0,CALL,887.0
2026-08-21,3,1630.0,CALL,492.0
2026-08-21,3,1640.0,CALL,773.0
2026-08-21,3,1650.0,CALL,826.0
2026-08-21,3,1660.0,CALL,578.0
2026-08-21,3,1670.0,CALL,570.0
2026-08-21,3,1680.0,CALL,1400.0
2026-08-21,3,1690.0,CALL,711.0
2026-08-21,3,1700.0,CALL,2883.0
2026-08-21,3,1710.0,CALL,702.0
2026-08-21,3,1720.0,CALL,354.0
2026-08-21,3,1730.0,CALL,348.0
2026-08-21,3,1740.0,CALL,790.0
2026-08-21,3,1750.0,CALL,1472.0
2026-08-21,3,1760.0,CALL,1542.0
2026-08-21,3,1770.0,CALL,1375.0
2026-08-21,3,1780.0,CALL,1097.0
2026-08-21,3,1790.0,CALL,1243.0
2026-08-21,3,1800.0,CALL,2900.0
2026-08-21,3,1810.0,CALL,828.0
2026-08-21,3,1820.0,CALL,650.0
2026-08-21,3,1830.0,CALL,1044.0
2026-08-21,3,1840.0,CALL,539.0
2026-08-21,3,1850.0,CALL,1298.0
2026-08-21,3,1860.0,CALL,966.0
2026-08-21,3,1870.0,CALL,741.0
2026-08-21,3,1880.0,CALL,835.0
2026-08-21,3,1890.0,CALL,968.0
2026-08-21,3,1900.0,CALL,1066.0
2026-08-21,3,1910.0,CALL,563.0
2026-08-21,3,1920.0,CALL,706.0
2026-08-21,3,1930.0,CALL,1163.0
2026-08-21,3,1940.0,CALL,504.0
2026-08-21,3,1950.0,CALL,547.0
2026-08-21,3,1960.0,CALL,142.0
2026-08-21,3,1970.0,CALL,320.0
2026-08-21,3,1980.0,CALL,455.0
2026-08-21,3,1990.0,CALL,133.0
2026-08-21,3,2000.0,CALL,4776.0
2026-08-21,3,2010.0,CALL,94.0
2026-08-21,3,2020.0,CALL,1243.0
2026-08-21,3,2030.0,CALL,803.0
2026-08-21,3,2040.0,CALL,739.0
2026-08-21,3,2050.0,CALL,565.0
2026-08-21,3,2060.0,CALL,490.0
2026-08-21,3,2070.0,CALL,182.0
2026-08-21,3,2080.0,CALL,164.0
2026-08-21,3,2090.0,CALL,144.0
2026-08-21,3,2100.0,CALL,226.0
2026-08-21,3,2110.0,CALL,320.0
2026-08-21,3,2120.0,CALL,794.0
2026-08-21,3,2130.0,CALL,142.0
2026-08-21,3,2140.0,CALL,238.0
2026-08-21,3,2150.0,CALL,245.0
2026-08-21,3,2160.0,CALL,180.0
2026-08-21,3,2170.0,CALL,923.0
2026-08-21,3,2180.0,CALL,271.0
2026-08-21,3,2190.0,CALL,138.0
2026-08-21,3,2200.0,CALL,1044.0
2026-08-21,3,2210.0,CALL,99.0
2026-08-21,3,2220.0,CALL,136.0
2026-08-21,3,2230.0,CALL,699.0
2026-08-21,3,2240.0,CALL,10.0
2026-08-21,3,2250.0,CALL,488.0
2026-08-21,3,2260.0,CALL,18.0
2026-08-21,3,2270.0,CALL,15.0
2026-08-21,3,2280.0,CALL,13.0
2026-08-21,3,2290.0,CALL,129.0
2026-08-21,3,2300.0,CALL,170.0
2026-08-21,3,2310.0,CALL,278.0
2026-08-21,3,2320.0,CALL,118.0
2026-08-21,3,2330.0,CALL,18.0
2026-08-21,3,2340.0,CALL,52.0
2026-08-21,3,2350.0,CALL,106.0
2026-08-21,3,2360.0,CALL,116.0
2026-08-21,3,2370.0,CALL,113.0
2026-08-21,3,2380.0,CALL,121.0
2026-08-21,3,2390.0,CALL,123.0
2026-08-21,3,2400.0,CALL,511.0
2026-08-21,3,2410.0,CALL,118.0
2026-08-21,3,2420.0,CALL,910.0
2026-08-21,3,2440.0,CALL,320.0
2026-08-21,3,2460.0,CALL,167.0
2026-08-21,3,2480.0,CALL,702.0
2026-08-21,3,2500.0,CALL,2319.0
2026-08-21,3,5.0,PUT,102.0
2026-08-21,3,10.0,PUT,114.0
2026-08-21,3,15.0,PUT,60.0
2026-08-21,3,20.0,PUT,169.0
2026-08-21,3,25.0,PUT,129.0
2026-08-21,3,30.0,PUT,392.0
2026-08-21,3,35.0,PUT,1171.0
2026-08-21,3,40.0,PUT,395.0
2026-08-21,3,45.0,PUT,1333.0
2026-08-21,3,50.0,PUT,667.0
2026-08-21,3,55.0,PUT,1051.0
2026-08-21,3,60.0,PUT,1627.0
2026-08-21,3,65.0,PUT,2809.0
2026-08-21,3,70.0,PUT,640.0
2026-08-21,3,75.0,PUT,864.0
2026-08-21,3,80.0,PUT,1150.0
2026-08-21,3,85.0,PUT,3062.0
2026-08-21,3,90.0,PUT,896.0
2026-08-21,3,95.0,PUT,816.0
2026-08-21,3,100.0,PUT,2341.0
2026-08-21,3,105.0,PUT,1640.0
2026-08-21,3,110.0,PUT,2955.0
2026-08-21,3,115.0,PUT,728.0
2026-08-21,3,120.0,PUT,1256.0
2026-08-21,3,125.0,PUT,1574.0
2026-08-21,3,130.0,PUT,1156.0
2026-08-21,3,135.0,PUT,559.0
2026-08-21,3,140.0,PUT,892.0
2026-08-21,3,145.0,PUT,8811.0
2026-08-21,3,150.0,PUT,10804.0
2026-08-21,3,155.0,PUT,12057.0
2026-08-21,3,160.0,PUT,11290.0
2026-08-21,3,165.0,PUT,2251.0
2026-08-21,3,170.0,PUT,2041.0
2026-08-21,3,175.0,PUT,705.0
2026-08-21,3,180.0,PUT,990.0
2026-08-21,3,185.0,PUT,1848.0
2026-08-21,3,190.0,PUT,1354.0
2026-08-21,3,195.0,PUT,1072.0
2026-08-21,3,200.0,PUT,2896.0
2026-08-21,3,210.0,PUT,497.0
2026-08-21,3,220.0,PUT,1657.0
2026-08-21,3,230.0,PUT,1958.0
2026-08-21,3,240.0,PUT,1595.0
2026-08-21,3,250.0,PUT,3491.0
2026-08-21,3,260.0,PUT,2459.0
2026-08-21,3,270.0,PUT,1993.0
2026-08-21,3,280.0,PUT,3195.0
2026-08-21,3,290.0,PUT,3208.0
2026-08-21,3,300.0,PUT,5413.0
2026-08-21,3,310.0,PUT,2213.0
2026-08-21,3,320.0,PUT,3481.0
2026-08-21,3,330.0,PUT,1223.0
2026-08-21,3,340.0,PUT,1117.0
2026-08-21,3,350.0,PUT,2383.0
2026-08-21,3,360.0,PUT,734.0
2026-08-21,3,370.0,PUT,1750.0
2026-08-21,3,380.0,PUT,1837.0
2026-08-21,3,390.0,PUT,1508.0
2026-08-21,3,400.0,PUT,2974.0
2026-08-21,3,410.0,PUT,1397.0
2026-08-21,3,420.0,PUT,1845.0
2026-08-21,3,430.0,PUT,915.0
2026-08-21,3,440.0,PUT,2361.0
2026-08-21,3,450.0,PUT,5392.0
2026-08-21,3,460.0,PUT,665.0
2026-08-21,3,470.0,PUT,1157.0
2026-08-21,3,480.0,PUT,736.0
2026-08-21,3,490.0,PUT,686.0
2026-08-21,3,500.0,PUT,4505.0
2026-08-21,3,510.0,PUT,736.0
2026-08-21,3,520.0,PUT,1257.0
2026-08-21,3,530.0,PUT,552.0
2026-08-21,3,540.0,PUT,1366.0
2026-08-21,3,550.0,PUT,19502.0
2026-08-21,3,560.0,PUT,517.0
2026-08-21,3,570.0,PUT,810.0
2026-08-21,3,580.0,PUT,503.0
2026-08-21,3,590.0,PUT,974.0
2026-08-21,3,600.0,PUT,19028.0
2026-08-21,3,610.0,PUT,1849.0
2026-08-21,3,620.0,PUT,1883.0
2026-08-21,3,630.0,PUT,2627.0
2026-08-21,3,640.0,PUT,2069.0
2026-08-21,3,650.0,PUT,18676.0
2026-08-21,3,660.0,PUT,1055.0
2026-08-21,3,670.0,PUT,2238.0
2026-08-21,3,680.0,PUT,4795.0
2026-08-21,3,690.0,PUT,1198.0
2026-08-21,3,700.0,PUT,6651.0
2026-08-21,3,710.0,PUT,1143.0
2026-08-21,3,720.0,PUT,3251.0
2026-08-21,3,730.0,PUT,2143.0
2026-08-21,3,740.0,PUT,1352.0
2026-08-21,3,750.0,PUT,5581.0
2026-08-21,3,760.0,PUT,2338.0
2026-08-21,3,765.0,PUT,1046.0
2026-08-21,3,770.0,PUT,1963.0
2026-08-21,3,775.0,PUT,595.0
2026-08-21,3,780.0,PUT,1627.0
2026-08-21,3,785.0,PUT,122.0
2026-08-21,3,790.0,PUT,1148.0
2026-08-21,3,795.0,PUT,377.0
2026-08-21,3,800.0,PUT,7340.0
2026-08-21,3,805.0,PUT,297.0
2026-08-21,3,810.0,PUT,1039.0
2026-08-21,3,815.0,PUT,397.0
2026-08-21,3,820.0,PUT,1717.0
2026-08-21,3,825.0,PUT,958.0
2026-08-21,3,830.0,PUT,3326.0
2026-08-21,3,835.0,PUT,473.0
2026-08-21,3,840.0,PUT,1960.0
2026-08-21,3,845.0,PUT,774.0
2026-08-21,3,850.0,PUT,5994.0
2026-08-21,3,855.0,PUT,954.0
2026-08-21,3,860.0,PUT,1548.0
2026-08-21,3,865.0,PUT,326.0
2026-08-21,3,870.0,PUT,2096.0
2026-08-21,3,875.0,PUT,878.0
2026-08-21,3,880.0,PUT,2039.0
2026-08-21,3,885.0,PUT,626.0
2026-08-21,3,890.0,PUT,2120.0
2026-08-21,3,895.0,PUT,562.0
2026-08-21,3,900.0,PUT,4495.0
2026-08-21,3,905.0,PUT,400.0
2026-08-21,3,910.0,PUT,1260.0
2026-08-21,3,915.0,PUT,601.0
2026-08-21,3,920.0,PUT,1331.0
2026-08-21,3,925.0,PUT,559.0
2026-08-21,3,930.0,PUT,2570.0
2026-08-21,3,935.0,PUT,414.0
2026-08-21,3,940.0,PUT,1875.0
2026-08-21,3,945.0,PUT,348.0
2026-08-21,3,950.0,PUT,3587.0
2026-08-21,3,955.0,PUT,319.0
2026-08-21,3,957.5,PUT,123.0
2026-08-21,3,960.0,PUT,831.0
2026-08-21,3,962.5,PUT,130.0
2026-08-21,3,965.0,PUT,508.0
2026-08-21,3,970.0,PUT,747.0
2026-08-21,3,975.0,PUT,347.0
2026-08-21,3,980.0,PUT,5277.0
2026-08-21,3,985.0,PUT,82.0
2026-08-21,3,990.0,PUT,6813.0
2026-08-21,3,995.0,PUT,213.0
2026-08-21,3,1000.0,PUT,4820.0
2026-08-21,3,1005.0,PUT,120.0
2026-08-21,3,1010.0,PUT,499.0
2026-08-21,3,1020.0,PUT,1002.0
2026-08-21,3,1030.0,PUT,421.0
2026-08-21,3,1040.0,PUT,280.0
2026-08-21,3,1050.0,PUT,761.0
2026-08-21,3,1060.0,PUT,153.0
2026-08-21,3,1070.0,PUT,286.0
2026-08-21,3,1080.0,PUT,306.0
2026-08-21,3,1090.0,PUT,329.0
2026-08-21,3,1100.0,PUT,1359.0
2026-08-21,3,1110.0,PUT,168.0
2026-08-21,3,1120.0,PUT,258.0
2026-08-21,3,1130.0,PUT,251.0
2026-08-21,3,1140.0,PUT,165.0
2026-08-21,3,1150.0,PUT,1075.0
2026-08-21,3,1160.0,PUT,176.0
2026-08-21,3,1170.0,PUT,201.0
2026-08-21,3,1180.0,PUT,130.0
2026-08-21,3,1190.0,PUT,11783.0
2026-08-21,3,1200.0,PUT,383.0
2026-08-21,3,1210.0,PUT,11.0
2026-08-21,3,1220.0,PUT,7.0
2026-08-21,3,1230.0,PUT,2.0
2026-08-21,3,1240.0,PUT,0.0
2026-08-21,3,1250.0,PUT,9.0
2026-08-21,3,1260.0,PUT,5.0
2026-08-21,3,1270.0,PUT,3.0
2026-08-21,3,1280.0,PUT,1.0
2026-08-21,3,1290.0,PUT,0.0
2026-08-21,3,1300.0,PUT,0.0
2026-08-21,3,1310.0,PUT,0.0
2026-08-21,3,1320.0,PUT,16.0
2026-08-21,3,1330.0,PUT,0.0
2026-08-21,3,1340.0,PUT,0.0
2026-08-21,3,1350.0,PUT,0.0
2026-08-21,3,1360.0,PUT,0.0
2026-08-21,3,1370.0,PUT,0.0
2026-08-21,3,1380.0,PUT,15.0
2026-08-21,3,1390.0,PUT,0.0
2026-08-21,3,1400.0,PUT,0.0
2026-08-21,3,1410.0,PUT,0.0
2026-08-21,3,1420.0,PUT,0.0
2026-08-21,3,1430.0,PUT,17.0
2026-08-21,3,1440.0,PUT,0.0
2026-08-21,3,1450.0,PUT,0.0
2026-08-21,3,1460.0,PUT,0.0
2026-08-21,3,1470.0,PUT,16.0
2026-08-21,3,1480.0,PUT,10.0
2026-08-21,3,1490.0,PUT,0.0
2026-08-21,3,1500.0,PUT,1.0
2026-08-21,3,1510.0,PUT,0.0
2026-08-21,3,1520.0,PUT,0.0
2026-08-21,3,1530.0,PUT,0.0
2026-08-21,3,1540.0,PUT,4.0
2026-08-21,3,1550.0,PUT,0.0
2026-08-21,3,1560.0,PUT,8.0
2026-08-21,3,1570.0,PUT,1.0
2026-08-21,3,1580.0,PUT,0.0
2026-08-21,3,1590.0,PUT,4.0
2026-08-21,3,1600.0,PUT,0.0
2026-08-21,3,1610.0,PUT,0.0
2026-08-21,3,1620.0,PUT,0.0
2026-08-21,3,1630.0,PUT,0.0
2026-08-21,3,1640.0,PUT,0.0
2026-08-21,3,1650.0,PUT,0.0
2026-08-21,3,1660.0,PUT,1.0
2026-08-21,3,1670.0,PUT,1.0
2026-08-21,3,1680.0,PUT,0.0
2026-08-21,3,1690.0,PUT,0.0
2026-08-21,3,1700.0,PUT,0.0
2026-08-21,3,1710.0,PUT,0.0
2026-08-21,3,1720.0,PUT,0.0
2026-08-21,3,1730.0,PUT,0.0
2026-08-21,3,1740.0,PUT,0.0
2026-08-21,3,1750.0,PUT,0.0
2026-08-21,3,1760.0,PUT,0.0
2026-08-21,3,1770.0,PUT,0.0
2026-08-21,3,1780.0,PUT,0.0
2026-08-21,3,1790.0,PUT,0.0
2026-08-21,3,1800.0,PUT,0.0
2026-08-21,3,1810.0,PUT,0.0
2026-08-21,3,1820.0,PUT,0.0
2026-08-21,3,1830.0,PUT,0.0
2026-08-21,3,1840.0,PUT,0.0
2026-08-21,3,1850.0,PUT,0.0
2026-08-21,3,1860.0,PUT,0.0
2026-08-21,3,1870.0,PUT,0.0
2026-08-21,3,1880.0,PUT,0.0
2026-08-21,3,1890.0,PUT,0.0
2026-08-21,3,1900.0,PUT,0.0
2026-08-21,3,1910.0,PUT,0.0
2026-08-21,3,1920.0,PUT,0.0
2026-08-21,3,1930.0,PUT,0.0
2026-08-21,3,1940.0,PUT,0.0
2026-08-21,3,1950.0,PUT,0.0
2026-08-21,3,1960.0,PUT,0.0
2026-08-21,3,1990.0,PUT,0.0
2026-08-21,3,2000.0,PUT,0.0
2026-08-21,3,2050.0,PUT,0.0
2026-08-21,3,2100.0,PUT,0.0
2026-08-21,3,2120.0,PUT,0.0
2026-08-21,3,2150.0,PUT,0.0
2026-08-21,3,2170.0,PUT,0.0
2026-08-21,3,2220.0,PUT,0.0
2026-08-21,3,2300.0,PUT,0.0
2026-08-21,3,2340.0,PUT,0.0
2026-08-21,3,2350.0,PUT,0.0
2026-08-21,3,2360.0,PUT,0.0
2026-08-21,3,2390.0,PUT,0.0
2026-08-21,3,2400.0,PUT,0.0
2026-08-21,3,2420.0,PUT,0.0
2026-08-21,3,2500.0,PUT,0.0
2026-08-24,6,475.0,CALL,2.0
2026-08-24,6,785.0,CALL,6.0
2026-08-24,6,790.0,CALL,7.0
2026-08-24,6,795.0,CALL,3.0
2026-08-24,6,800.0,CALL,19.0
2026-08-24,6,805.0,CALL,1.0
2026-08-24,6,810.0,CALL,1.0
2026-08-24,6,815.0,CALL,2.0
2026-08-24,6,820.0,CALL,4.0
2026-08-24,6,835.0,CALL,1.0
2026-08-24,6,840.0,CALL,6.0
2026-08-24,6,845.0,CALL,2.0
2026-08-24,6,850.0,CALL,24.0
2026-08-24,6,855.0,CALL,8.0
2026-08-24,6,860.0,CALL,26.0
2026-08-24,6,865.0,CALL,17.0
2026-08-24,6,870.0,CALL,51.0
2026-08-24,6,875.0,CALL,19.0
2026-08-24,6,880.0,CALL,15.0
2026-08-24,6,885.0,CALL,58.0
2026-08-24,6,890.0,CALL,13.0
2026-08-24,6,895.0,CALL,41.0
2026-08-24,6,900.0,CALL,38.0
2026-08-24,6,905.0,CALL,24.0
2026-08-24,6,910.0,CALL,74.0
2026-08-24,6,915.0,CALL,49.0
2026-08-24,6,920.0,CALL,104.0
2026-08-24,6,925.0,CALL,55.0
2026-08-24,6,930.0,CALL,91.0
2026-08-24,6,935.0,CALL,24.0
2026-08-24,6,940.0,CALL,77.0
2026-08-24,6,945.0,CALL,30.0
2026-08-24,6,950.0,CALL,72.0
2026-08-24,6,955.0,CALL,81.0
2026-08-24,6,960.0,CALL,68.0
2026-08-24,6,965.0,CALL,35.0
2026-08-24,6,970.0,CALL,213.0
2026-08-24,6,975.0,CALL,59.0
2026-08-24,6,980.0,CALL,79.0
2026-08-24,6,985.0,CALL,22.0
2026-08-24,6,990.0,CALL,61.0
2026-08-24,6,995.0,CALL,35.0
2026-08-24,6,1000.0,CALL,577.0
2026-08-24,6,1005.0,CALL,152.0
2026-08-24,6,1010.0,CALL,130.0
2026-08-24,6,1015.0,CALL,635.0
2026-08-24,6,1020.0,CALL,333.0
2026-08-24,6,1025.0,CALL,94.0
2026-08-24,6,1030.0,CALL,298.0
2026-08-24,6,1035.0,CALL,30.0
2026-08-24,6,1040.0,CALL,84.0
2026-08-24,6,1045.0,CALL,44.0
2026-08-24,6,1050.0,CALL,220.0
2026-08-24,6,1055.0,CALL,26.0
2026-08-24,6,1060.0,CALL,53.0
2026-08-24,6,1065.0,CALL,34.0
2026-08-24,6,1070.0,CALL,41.0
2026-08-24,6,1075.0,CALL,51.0
2026-08-24,6,1080.0,CALL,48.0
2026-08-24,6,1085.0,CALL,49.0
2026-08-24,6,1090.0,CALL,29.0
2026-08-24,6,1095.0,CALL,10.0
2026-08-24,6,1100.0,CALL,1162.0
2026-08-24,6,1105.0,CALL,29.0
2026-08-24,6,1110.0,CALL,72.0
2026-08-24,6,1115.0,CALL,13.0
2026-08-24,6,1120.0,CALL,28.0
2026-08-24,6,1125.0,CALL,20.0
2026-08-24,6,1130.0,CALL,41.0
2026-08-24,6,1135.0,CALL,38.0
2026-08-24,6,1140.0,CALL,668.0
2026-08-24,6,1145.0,CALL,18.0
2026-08-24,6,1150.0,CALL,908.0
2026-08-24,6,1155.0,CALL,21.0
2026-08-24,6,1160.0,CALL,34.0
2026-08-24,6,1165.0,CALL,38.0
2026-08-24,6,1170.0,CALL,39.0
2026-08-24,6,1175.0,CALL,11.0
2026-08-24,6,1180.0,CALL,372.0
2026-08-24,6,1185.0,CALL,6.0
2026-08-24,6,1190.0,CALL,11.0
2026-08-24,6,1195.0,CALL,86.0
2026-08-24,6,1200.0,CALL,472.0
2026-08-24,6,1205.0,CALL,189.0
2026-08-24,6,1210.0,CALL,60.0
2026-08-24,6,1215.0,CALL,22.0
2026-08-24,6,1220.0,CALL,41.0
2026-08-24,6,1225.0,CALL,43.0
2026-08-24,6,1230.0,CALL,40.0
2026-08-24,6,1235.0,CALL,22.0
2026-08-24,6,1240.0,CALL,63.0
2026-08-24,6,1250.0,CALL,206.0
2026-08-24,6,1260.0,CALL,33.0
2026-08-24,6,1270.0,CALL,11.0
2026-08-24,6,1280.0,CALL,14.0
2026-08-24,6,1300.0,CALL,36.0
2026-08-24,6,1310.0,CALL,33.0
2026-08-24,6,1320.0,CALL,43.0
2026-08-24,6,1330.0,CALL,1.0
2026-08-24,6,1340.0,CALL,1.0
2026-08-24,6,590.0,PUT,113.0
2026-08-24,6,605.0,PUT,2.0
2026-08-24,6,650.0,PUT,13.0
2026-08-24,6,660.0,PUT,3.0
2026-08-24,6,670.0,PUT,13.0
2026-08-24,6,675.0,PUT,5.0
2026-08-24,6,680.0,PUT,8.0
2026-08-24,6,685.0,PUT,10.0
2026-08-24,6,690.0,PUT,56.0
2026-08-24,6,692.5,PUT,45.0
2026-08-24,6,695.0,PUT,145.0
2026-08-24,6,700.0,PUT,39.0
2026-08-24,6,705.0,PUT,23.0
2026-08-24,6,707.5,PUT,31.0
2026-08-24,6,710.0,PUT,11.0
2026-08-24,6,720.0,PUT,17.0
2026-08-24,6,722.5,PUT,9.0
2026-08-24,6,725.0,PUT,6.0
2026-08-24,6,727.5,PUT,6.0
2026-08-24,6,730.0,PUT,11.0
2026-08-24,6,735.0,PUT,16.0
2026-08-24,6,737.5,PUT,8.0
2026-08-24,6,740.0,PUT,17.0
2026-08-24,6,742.5,PUT,5.0
2026-08-24,6,745.0,PUT,24.0
2026-08-24,6,747.5,PUT,29.0
2026-08-24,6,750.0,PUT,23.0
2026-08-24,6,755.0,PUT,23.0
2026-08-24,6,760.0,PUT,19.0
2026-08-24,6,765.0,PUT,23.0
2026-08-24,6,770.0,PUT,67.0
2026-08-24,6,775.0,PUT,8.0
2026-08-24,6,780.0,PUT,4.0
2026-08-24,6,785.0,PUT,150.0
2026-08-24,6,790.0,PUT,19.0
2026-08-24,6,795.0,PUT,20.0
2026-08-24,6,800.0,PUT,161.0
2026-08-24,6,805.0,PUT,127.0
2026-08-24,6,810.0,PUT,31.0
2026-08-24,6,815.0,PUT,26.0
2026-08-24,6,820.0,PUT,42.0
2026-08-24,6,825.0,PUT,43.0
2026-08-24,6,830.0,PUT,26.0
2026-08-24,6,835.0,PUT,67.0
2026-08-24,6,840.0,PUT,83.0
2026-08-24,6,845.0,PUT,205.0
2026-08-24,6,850.0,PUT,393.0
2026-08-24,6,855.0,PUT,61.0
2026-08-24,6,860.0,PUT,71.0
2026-08-24,6,865.0,PUT,29.0
2026-08-24,6,870.0,PUT,82.0
2026-08-24,6,875.0,PUT,191.0
2026-08-24,6,880.0,PUT,98.0
2026-08-24,6,885.0,PUT,120.0
2026-08-24,6,890.0,PUT,128.0
2026-08-24,6,895.0,PUT,180.0
2026-08-24,6,900.0,PUT,344.0
2026-08-24,6,905.0,PUT,123.0
2026-08-24,6,910.0,PUT,37.0
2026-08-24,6,915.0,PUT,98.0
2026-08-24,6,920.0,PUT,176.0
2026-08-24,6,925.0,PUT,126.0
2026-08-24,6,930.0,PUT,69.0
2026-08-24,6,935.0,PUT,77.0
2026-08-24,6,940.0,PUT,44.0
2026-08-24,6,945.0,PUT,15.0
2026-08-24,6,950.0,PUT,205.0
2026-08-24,6,955.0,PUT,30.0
2026-08-24,6,960.0,PUT,368.0
2026-08-24,6,965.0,PUT,32.0
2026-08-24,6,970.0,PUT,23.0
2026-08-24,6,975.0,PUT,50.0
2026-08-24,6,980.0,PUT,38.0
2026-08-24,6,990.0,PUT,35.0
2026-08-24,6,1000.0,PUT,95.0
2026-08-24,6,1005.0,PUT,18.0
2026-08-24,6,1020.0,PUT,43.0
2026-08-24,6,1025.0,PUT,25.0
2026-08-24,6,1030.0,PUT,22.0
2026-08-24,6,1040.0,PUT,5.0
2026-08-24,6,1050.0,PUT,15.0
2026-08-24,6,1060.0,PUT,19.0
2026-08-24,6,1080.0,PUT,1.0
2026-08-24,6,1100.0,PUT,8.0
2026-08-24,6,1165.0,PUT,1.0
2026-08-26,8,470.0,CALL,3.0
2026-08-26,8,750.0,CALL,7.0
2026-08-26,8,775.0,CALL,1.0
2026-08-26,8,785.0,CALL,1.0
2026-08-26,8,800.0,CALL,2.0
2026-08-26,8,805.0,CALL,1.0
2026-08-26,8,810.0,CALL,1.0
2026-08-26,8,815.0,CALL,2.0
2026-08-26,8,820.0,CALL,2.0
2026-08-26,8,830.0,CALL,2.0
2026-08-26,8,835.0,CALL,5.0
2026-08-26,8,845.0,CALL,2.0
2026-08-26,8,850.0,CALL,16.0
2026-08-26,8,855.0,CALL,4.0
2026-08-26,8,860.0,CALL,9.0
2026-08-26,8,865.0,CALL,2.0
2026-08-26,8,870.0,CALL,103.0
2026-08-26,8,875.0,CALL,7.0
2026-08-26,8,880.0,CALL,7.0
2026-08-26,8,885.0,CALL,3.0
2026-08-26,8,890.0,CALL,11.0
2026-08-26,8,900.0,CALL,69.0
2026-08-26,8,905.0,CALL,3.0
2026-08-26,8,910.0,CALL,3.0
2026-08-26,8,915.0,CALL,9.0
2026-08-26,8,920.0,CALL,31.0
2026-08-26,8,925.0,CALL,15.0
2026-08-26,8,930.0,CALL,45.0
2026-08-26,8,935.0,CALL,15.0
2026-08-26,8,940.0,CALL,52.0
2026-08-26,8,945.0,CALL,17.0
2026-08-26,8,950.0,CALL,69.0
2026-08-26,8,955.0,CALL,17.0
2026-08-26,8,960.0,CALL,16.0
2026-08-26,8,965.0,CALL,38.0
2026-08-26,8,970.0,CALL,42.0
2026-08-26,8,975.0,CALL,24.0
2026-08-26,8,980.0,CALL,73.0
2026-08-26,8,985.0,CALL,18.0
2026-08-26,8,990.0,CALL,31.0
2026-08-26,8,995.0,CALL,42.0
2026-08-26,8,1000.0,CALL,114.0
2026-08-26,8,1005.0,CALL,16.0
2026-08-26,8,1010.0,CALL,62.0
2026-08-26,8,1015.0,CALL,37.0
2026-08-26,8,1020.0,CALL,127.0
2026-08-26,8,1025.0,CALL,54.0
2026-08-26,8,1030.0,CALL,43.0
2026-08-26,8,1035.0,CALL,14.0
2026-08-26,8,1040.0,CALL,24.0
2026-08-26,8,1045.0,CALL,38.0
2026-08-26,8,1050.0,CALL,107.0
2026-08-26,8,1055.0,CALL,10.0
2026-08-26,8,1060.0,CALL,43.0
2026-08-26,8,1065.0,CALL,7.0
2026-08-26,8,1070.0,CALL,34.0
2026-08-26,8,1075.0,CALL,23.0
2026-08-26,8,1080.0,CALL,13.0
2026-08-26,8,1085.0,CALL,29.0
2026-08-26,8,1090.0,CALL,45.0
2026-08-26,8,1095.0,CALL,22.0
2026-08-26,8,1100.0,CALL,108.0
2026-08-26,8,1105.0,CALL,7.0
2026-08-26,8,1110.0,CALL,16.0
2026-08-26,8,1115.0,CALL,13.0
2026-08-26,8,1120.0,CALL,20.0
2026-08-26,8,1125.0,CALL,22.0
2026-08-26,8,1130.0,CALL,30.0
2026-08-26,8,1135.0,CALL,31.0
2026-08-26,8,1140.0,CALL,33.0
2026-08-26,8,1145.0,CALL,52.0
2026-08-26,8,1150.0,CALL,80.0
2026-08-26,8,1155.0,CALL,3.0
2026-08-26,8,1165.0,CALL,21.0
2026-08-26,8,1170.0,CALL,20.0
2026-08-26,8,1175.0,CALL,18.0
2026-08-26,8,1180.0,CALL,124.0
2026-08-26,8,1185.0,CALL,22.0
2026-08-26,8,1190.0,CALL,3.0
2026-08-26,8,1195.0,CALL,12.0
2026-08-26,8,1200.0,CALL,108.0
2026-08-26,8,1205.0,CALL,40.0
2026-08-26,8,1210.0,CALL,11.0
2026-08-26,8,1215.0,CALL,4.0
2026-08-26,8,1220.0,CALL,8.0
2026-08-26,8,1225.0,CALL,12.0
2026-08-26,8,1230.0,CALL,48.0
2026-08-26,8,1235.0,CALL,2.0
2026-08-26,8,1240.0,CALL,12.0
2026-08-26,8,1250.0,CALL,11.0
2026-08-26,8,1280.0,CALL,3.0
2026-08-26,8,1300.0,CALL,22.0
2026-08-26,8,1310.0,CALL,18.0
2026-08-26,8,1320.0,CALL,51.0
2026-08-26,8,1330.0,CALL,13.0
2026-08-26,8,1340.0,CALL,24.0
2026-08-26,8,1360.0,CALL,1.0
2026-08-26,8,400.0,PUT,1.0
2026-08-26,8,435.0,PUT,3.0
2026-08-26,8,445.0,PUT,1.0
2026-08-26,8,600.0,PUT,2.0
2026-08-26,8,705.0,PUT,17.0
2026-08-26,8,710.0,PUT,3.0
2026-08-26,8,715.0,PUT,9.0
2026-08-26,8,725.0,PUT,13.0
2026-08-26,8,730.0,PUT,10.0
2026-08-26,8,735.0,PUT,3.0
2026-08-26,8,740.0,PUT,15.0
2026-08-26,8,750.0,PUT,29.0
2026-08-26,8,755.0,PUT,12.0
2026-08-26,8,760.0,PUT,9.0
2026-08-26,8,770.0,PUT,16.0
2026-08-26,8,775.0,PUT,12.0
2026-08-26,8,780.0,PUT,25.0
2026-08-26,8,785.0,PUT,11.0
2026-08-26,8,790.0,PUT,17.0
2026-08-26,8,795.0,PUT,11.0
2026-08-26,8,800.0,PUT,127.0
2026-08-26,8,805.0,PUT,34.0
2026-08-26,8,810.0,PUT,30.0
2026-08-26,8,815.0,PUT,18.0
2026-08-26,8,820.0,PUT,13.0
2026-08-26,8,825.0,PUT,15.0
2026-08-26,8,830.0,PUT,14.0
2026-08-26,8,835.0,PUT,35.0
2026-08-26,8,840.0,PUT,48.0
2026-08-26,8,845.0,PUT,20.0
2026-08-26,8,850.0,PUT,56.0
2026-08-26,8,855.0,PUT,33.0
2026-08-26,8,860.0,PUT,41.0
2026-08-26,8,865.0,PUT,16.0
2026-08-26,8,870.0,PUT,29.0
2026-08-26,8,875.0,PUT,20.0
2026-08-26,8,880.0,PUT,34.0
2026-08-26,8,885.0,PUT,5.0
2026-08-26,8,890.0,PUT,15.0
2026-08-26,8,895.0,PUT,24.0
2026-08-26,8,900.0,PUT,146.0
2026-08-26,8,905.0,PUT,15.0
2026-08-26,8,910.0,PUT,14.0
2026-08-26,8,915.0,PUT,14.0
2026-08-26,8,920.0,PUT,9.0
2026-08-26,8,925.0,PUT,13.0
2026-08-26,8,930.0,PUT,94.0
2026-08-26,8,935.0,PUT,10.0
2026-08-26,8,940.0,PUT,20.0
2026-08-26,8,945.0,PUT,30.0
2026-08-26,8,950.0,PUT,71.0
2026-08-26,8,955.0,PUT,9.0
2026-08-26,8,960.0,PUT,34.0
2026-08-26,8,965.0,PUT,4.0
2026-08-26,8,970.0,PUT,6.0
2026-08-26,8,975.0,PUT,5.0
2026-08-26,8,980.0,PUT,20.0
2026-08-26,8,990.0,PUT,21.0
2026-08-26,8,1000.0,PUT,31.0
2026-08-26,8,1040.0,PUT,1.0
2026-08-26,8,1075.0,PUT,29.0
2026-08-26,8,1085.0,PUT,1.0
2026-08-26,8,1180.0,PUT,1.0
2026-08-28,10,180.0,CALL,1.0
2026-08-28,10,240.0,CALL,2.0
2026-08-28,10,275.0,CALL,0.0
2026-08-28,10,290.0,CALL,1.0
2026-08-28,10,310.0,CALL,2.0
2026-08-28,10,315.0,CALL,1.0
2026-08-28,10,320.0,CALL,1.0
2026-08-28,10,335.0,CALL,1.0
2026-08-28,10,340.0,CALL,1.0
2026-08-28,10,350.0,CALL,1.0
2026-08-28,10,360.0,CALL,1.0
2026-08-28,10,365.0,CALL,1.0
2026-08-28,10,370.0,CALL,1.0
2026-08-28,10,380.0,CALL,0.0
2026-08-28,10,390.0,CALL,2.0
2026-08-28,10,400.0,CALL,21.0
2026-08-28,10,405.0,CALL,5.0
2026-08-28,10,430.0,CALL,1.0
2026-08-28,10,450.0,CALL,1.0
2026-08-28,10,455.0,CALL,4.0
2026-08-28,10,470.0,CALL,3.0
2026-08-28,10,480.0,CALL,5.0
2026-08-28,10,500.0,CALL,38.0
2026-08-28,10,510.0,CALL,1.0
2026-08-28,10,515.0,CALL,1.0
2026-08-28,10,520.0,CALL,17.0
2026-08-28,10,525.0,CALL,16.0
2026-08-28,10,530.0,CALL,6.0
2026-08-28,10,535.0,CALL,1.0
2026-08-28,10,540.0,CALL,10.0
2026-08-28,10,545.0,CALL,6.0
2026-08-28,10,550.0,CALL,15.0
2026-08-28,10,555.0,CALL,1.0
2026-08-28,10,560.0,CALL,4.0
2026-08-28,10,565.0,CALL,14.0
2026-08-28,10,575.0,CALL,1.0
2026-08-28,10,580.0,CALL,23.0
2026-08-28,10,585.0,CALL,11.0
2026-08-28,10,590.0,CALL,5.0
2026-08-28,10,595.0,CALL,5.0
2026-08-28,10,600.0,CALL,12.0
2026-08-28,10,605.0,CALL,1.0
2026-08-28,10,610.0,CALL,6.0
2026-08-28,10,615.0,CALL,33.0
2026-08-28,10,620.0,CALL,25.0
2026-08-28,10,625.0,CALL,3.0
2026-08-28,10,630.0,CALL,4.0
2026-08-28,10,640.0,CALL,15.0
2026-08-28,10,645.0,CALL,13.0
2026-08-28,10,650.0,CALL,19.0
2026-08-28,10,655.0,CALL,0.0
2026-08-28,10,660.0,CALL,5.0
2026-08-28,10,665.0,CALL,11.0
2026-08-28,10,670.0,CALL,6.0
2026-08-28,10,675.0,CALL,13.0
2026-08-28,10,680.0,CALL,12.0
2026-08-28,10,685.0,CALL,2.0
2026-08-28,10,690.0,CALL,1.0
2026-08-28,10,700.0,CALL,313.0
2026-08-28,10,705.0,CALL,3.0
2026-08-28,10,710.0,CALL,5.0
2026-08-28,10,715.0,CALL,5.0
2026-08-28,10,720.0,CALL,6.0
2026-08-28,10,725.0,CALL,33.0
2026-08-28,10,730.0,CALL,11.0
2026-08-28,10,735.0,CALL,12.0
2026-08-28,10,740.0,CALL,14.0
2026-08-28,10,745.0,CALL,13.0
2026-08-28,10,750.0,CALL,72.0
2026-08-28,10,755.0,CALL,16.0
2026-08-28,10,760.0,CALL,32.0
2026-08-28,10,765.0,CALL,44.0
2026-08-28,10,770.0,CALL,93.0
2026-08-28,10,775.0,CALL,40.0
2026-08-28,10,780.0,CALL,136.0
2026-08-28,10,785.0,CALL,26.0
2026-08-28,10,790.0,CALL,64.0
2026-08-28,10,795.0,CALL,36.0
2026-08-28,10,800.0,CALL,317.0
2026-08-28,10,805.0,CALL,36.0
2026-08-28,10,810.0,CALL,60.0
2026-08-28,10,815.0,CALL,43.0
2026-08-28,10,820.0,CALL,159.0
2026-08-28,10,825.0,CALL,160.0
2026-08-28,10,830.0,CALL,80.0
2026-08-28,10,835.0,CALL,46.0
2026-08-28,10,840.0,CALL,43.0
2026-08-28,10,845.0,CALL,38.0
2026-08-28,10,850.0,CALL,302.0
2026-08-28,10,855.0,CALL,268.0
2026-08-28,10,860.0,CALL,166.0
2026-08-28,10,865.0,CALL,351.0
2026-08-28,10,870.0,CALL,111.0
2026-08-28,10,875.0,CALL,100.0
2026-08-28,10,880.0,CALL,105.0
2026-08-28,10,885.0,CALL,173.0
2026-08-28,10,890.0,CALL,163.0
2026-08-28,10,895.0,CALL,83.0
2026-08-28,10,900.0,CALL,703.0
2026-08-28,10,905.0,CALL,141.0
2026-08-28,10,910.0,CALL,298.0
2026-08-28,10,915.0,CALL,80.0
2026-08-28,10,917.5,CALL,4.0
2026-08-28,10,920.0,CALL,373.0
2026-08-28,10,922.5,CALL,7.0
2026-08-28,10,925.0,CALL,126.0
2026-08-28,10,927.5,CALL,1.0
2026-08-28,10,930.0,CALL,297.0
2026-08-28,10,932.5,CALL,6.0
2026-08-28,10,935.0,CALL,238.0
2026-08-28,10,937.5,CALL,4.0
2026-08-28,10,940.0,CALL,191.0
2026-08-28,10,942.5,CALL,14.0
2026-08-28,10,945.0,CALL,90.0
2026-08-28,10,950.0,CALL,522.0
2026-08-28,10,955.0,CALL,186.0
2026-08-28,10,960.0,CALL,180.0
2026-08-28,10,965.0,CALL,223.0
2026-08-28,10,970.0,CALL,329.0
2026-08-28,10,975.0,CALL,359.0
2026-08-28,10,980.0,CALL,400.0
2026-08-28,10,985.0,CALL,123.0
2026-08-28,10,990.0,CALL,156.0
2026-08-28,10,995.0,CALL,187.0
2026-08-28,10,1000.0,CALL,1751.0
2026-08-28,10,1005.0,CALL,671.0
2026-08-28,10,1010.0,CALL,308.0
2026-08-28,10,1015.0,CALL,148.0
2026-08-28,10,1020.0,CALL,762.0
2026-08-28,10,1025.0,CALL,227.0
2026-08-28,10,1030.0,CALL,827.0
2026-08-28,10,1035.0,CALL,301.0
2026-08-28,10,1040.0,CALL,159.0
2026-08-28,10,1045.0,CALL,136.0
2026-08-28,10,1050.0,CALL,1092.0
2026-08-28,10,1055.0,CALL,249.0
2026-08-28,10,1060.0,CALL,164.0
2026-08-28,10,1065.0,CALL,215.0
2026-08-28,10,1070.0,CALL,251.0
2026-08-28,10,1075.0,CALL,192.0
2026-08-28,10,1080.0,CALL,449.0
2026-08-28,10,1085.0,CALL,680.0
2026-08-28,10,1090.0,CALL,173.0
2026-08-28,10,1095.0,CALL,132.0
2026-08-28,10,1100.0,CALL,2597.0
2026-08-28,10,1105.0,CALL,103.0
2026-08-28,10,1110.0,CALL,281.0
2026-08-28,10,1115.0,CALL,178.0
2026-08-28,10,1120.0,CALL,237.0
2026-08-28,10,1125.0,CALL,175.0
2026-08-28,10,1130.0,CALL,1327.0
2026-08-28,10,1135.0,CALL,78.0
2026-08-28,10,1140.0,CALL,236.0
2026-08-28,10,1150.0,CALL,1331.0
2026-08-28,10,1160.0,CALL,293.0
2026-08-28,10,1170.0,CALL,273.0
2026-08-28,10,1180.0,CALL,377.0
2026-08-28,10,1190.0,CALL,185.0
2026-08-28,10,1200.0,CALL,2369.0
2026-08-28,10,1210.0,CALL,211.0
2026-08-28,10,1220.0,CALL,147.0
2026-08-28,10,1230.0,CALL,146.0
2026-08-28,10,1240.0,CALL,206.0
2026-08-28,10,1250.0,CALL,676.0
2026-08-28,10,1260.0,CALL,200.0
2026-08-28,10,1270.0,CALL,101.0
2026-08-28,10,1280.0,CALL,175.0
2026-08-28,10,1290.0,CALL,149.0
2026-08-28,10,1300.0,CALL,629.0
2026-08-28,10,1310.0,CALL,160.0
2026-08-28,10,1320.0,CALL,516.0
2026-08-28,10,1330.0,CALL,51.0
2026-08-28,10,1340.0,CALL,339.0
2026-08-28,10,1350.0,CALL,133.0
2026-08-28,10,1360.0,CALL,87.0
2026-08-28,10,1370.0,CALL,554.0
2026-08-28,10,1380.0,CALL,57.0
2026-08-28,10,1390.0,CALL,68.0
2026-08-28,10,1400.0,CALL,706.0
2026-08-28,10,1410.0,CALL,135.0
2026-08-28,10,1420.0,CALL,58.0
2026-08-28,10,1430.0,CALL,42.0
2026-08-28,10,1440.0,CALL,113.0
2026-08-28,10,1450.0,CALL,63.0
2026-08-28,10,1460.0,CALL,107.0
2026-08-28,10,1470.0,CALL,80.0
2026-08-28,10,1480.0,CALL,26.0
2026-08-28,10,1490.0,CALL,47.0
2026-08-28,10,1500.0,CALL,545.0
2026-08-28,10,1510.0,CALL,85.0
2026-08-28,10,1520.0,CALL,52.0
2026-08-28,10,1530.0,CALL,18.0
2026-08-28,10,1540.0,CALL,104.0
2026-08-28,10,1550.0,CALL,163.0
2026-08-28,10,1560.0,CALL,38.0
2026-08-28,10,1570.0,CALL,80.0
2026-08-28,10,1580.0,CALL,90.0
2026-08-28,10,1590.0,CALL,20.0
2026-08-28,10,1600.0,CALL,208.0
2026-08-28,10,1610.0,CALL,68.0
2026-08-28,10,1620.0,CALL,14.0
2026-08-28,10,1630.0,CALL,67.0
2026-08-28,10,1640.0,CALL,19.0
2026-08-28,10,1650.0,CALL,93.0
2026-08-28,10,1660.0,CALL,18.0
2026-08-28,10,1670.0,CALL,12.0
2026-08-28,10,1680.0,CALL,35.0
2026-08-28,10,1690.0,CALL,15.0
2026-08-28,10,1700.0,CALL,295.0
2026-08-28,10,1710.0,CALL,42.0
2026-08-28,10,1720.0,CALL,13.0
2026-08-28,10,1730.0,CALL,81.0
2026-08-28,10,1740.0,CALL,20.0
2026-08-28,10,1750.0,CALL,87.0
2026-08-28,10,1760.0,CALL,26.0
2026-08-28,10,1770.0,CALL,49.0
2026-08-28,10,1780.0,CALL,7.0
2026-08-28,10,1790.0,CALL,40.0
2026-08-28,10,1800.0,CALL,301.0
2026-08-28,10,1810.0,CALL,66.0
2026-08-28,10,1820.0,CALL,104.0
2026-08-28,10,1840.0,CALL,41.0
2026-08-28,10,1850.0,CALL,475.0
2026-08-28,10,1860.0,CALL,21.0
2026-08-28,10,1870.0,CALL,45.0
2026-08-28,10,1880.0,CALL,2.0
2026-08-28,10,1890.0,CALL,76.0
2026-08-28,10,1900.0,CALL,173.0
2026-08-28,10,1910.0,CALL,263.0
2026-08-28,10,1920.0,CALL,1.0
2026-08-28,10,1930.0,CALL,1.0
2026-08-28,10,1950.0,CALL,11.0
2026-08-28,10,1960.0,CALL,6.0
2026-08-28,10,1970.0,CALL,210.0
2026-08-28,10,1980.0,CALL,1.0
2026-08-28,10,1990.0,CALL,63.0
2026-08-28,10,2000.0,CALL,89.0
2026-08-28,10,2010.0,CALL,11.0
2026-08-28,10,2020.0,CALL,24.0
2026-08-28,10,2030.0,CALL,85.0
2026-08-28,10,2040.0,CALL,4.0
2026-08-28,10,2050.0,CALL,9.0
2026-08-28,10,2060.0,CALL,79.0
2026-08-28,10,2070.0,CALL,104.0
2026-08-28,10,100.0,PUT,107.0
2026-08-28,10,105.0,PUT,22.0
2026-08-28,10,110.0,PUT,43.0
2026-08-28,10,115.0,PUT,12.0
2026-08-28,10,120.0,PUT,46.0
2026-08-28,10,125.0,PUT,41.0
2026-08-28,10,130.0,PUT,29.0
2026-08-28,10,135.0,PUT,33.0
2026-08-28,10,140.0,PUT,20.0
2026-08-28,10,145.0,PUT,22.0
2026-08-28,10,150.0,PUT,10.0
2026-08-28,10,155.0,PUT,21.0
2026-08-28,10,160.0,PUT,19.0
2026-08-28,10,165.0,PUT,24.0
2026-08-28,10,170.0,PUT,19.0
2026-08-28,10,175.0,PUT,21.0
2026-08-28,10,180.0,PUT,6.0
2026-08-28,10,185.0,PUT,32.0
2026-08-28,10,190.0,PUT,241.0
2026-08-28,10,195.0,PUT,2.0
2026-08-28,10,200.0,PUT,152.0
2026-08-28,10,205.0,PUT,26.0
2026-08-28,10,210.0,PUT,47.0
2026-08-28,10,215.0,PUT,5.0
2026-08-28,10,220.0,PUT,97.0
2026-08-28,10,225.0,PUT,10.0
2026-08-28,10,230.0,PUT,61.0
2026-08-28,10,235.0,PUT,11.0
2026-08-28,10,240.0,PUT,54.0
2026-08-28,10,245.0,PUT,8.0
2026-08-28,10,250.0,PUT,54.0
2026-08-28,10,255.0,PUT,2.0
2026-08-28,10,260.0,PUT,3.0
2026-08-28,10,265.0,PUT,1.0
2026-08-28,10,270.0,PUT,1.0
2026-08-28,10,275.0,PUT,5.0
2026-08-28,10,280.0,PUT,675.0
2026-08-28,10,285.0,PUT,1.0
2026-08-28,10,290.0,PUT,8.0
2026-08-28,10,295.0,PUT,84.0
2026-08-28,10,300.0,PUT,512.0
2026-08-28,10,305.0,PUT,7.0
2026-08-28,10,310.0,PUT,8.0
2026-08-28,10,315.0,PUT,0.0
2026-08-28,10,320.0,PUT,28.0
2026-08-28,10,325.0,PUT,97.0
2026-08-28,10,330.0,PUT,59.0
2026-08-28,10,335.0,PUT,5.0
2026-08-28,10,340.0,PUT,7.0
2026-08-28,10,345.0,PUT,17.0
2026-08-28,10,350.0,PUT,259.0
2026-08-28,10,355.0,PUT,25.0
2026-08-28,10,360.0,PUT,26.0
2026-08-28,10,365.0,PUT,520.0
2026-08-28,10,370.0,PUT,318.0
2026-08-28,10,375.0,PUT,405.0
2026-08-28,10,380.0,PUT,185.0
2026-08-28,10,385.0,PUT,59.0
2026-08-28,10,390.0,PUT,101.0
2026-08-28,10,395.0,PUT,163.0
2026-08-28,10,400.0,PUT,289.0
2026-08-28,10,405.0,PUT,79.0
2026-08-28,10,410.0,PUT,35.0
2026-08-28,10,415.0,PUT,18.0
2026-08-28,10,420.0,PUT,53.0
2026-08-28,10,425.0,PUT,52.0
2026-08-28,10,430.0,PUT,39.0
2026-08-28,10,435.0,PUT,7.0
2026-08-28,10,440.0,PUT,176.0
2026-08-28,10,445.0,PUT,35.0
2026-08-28,10,450.0,PUT,421.0
2026-08-28,10,455.0,PUT,20.0
2026-08-28,10,460.0,PUT,70.0
2026-08-28,10,465.0,PUT,28.0
2026-08-28,10,470.0,PUT,54.0
2026-08-28,10,475.0,PUT,26.0
2026-08-28,10,480.0,PUT,625.0
2026-08-28,10,485.0,PUT,311.0
2026-08-28,10,490.0,PUT,79.0
2026-08-28,10,495.0,PUT,60.0
2026-08-28,10,500.0,PUT,667.0
2026-08-28,10,505.0,PUT,74.0
2026-08-28,10,510.0,PUT,78.0
2026-08-28,10,515.0,PUT,73.0
2026-08-28,10,520.0,PUT,198.0
2026-08-28,10,525.0,PUT,182.0
2026-08-28,10,530.0,PUT,104.0
2026-08-28,10,535.0,PUT,101.0
2026-08-28,10,540.0,PUT,143.0
2026-08-28,10,545.0,PUT,118.0
2026-08-28,10,550.0,PUT,729.0
2026-08-28,10,555.0,PUT,136.0
2026-08-28,10,560.0,PUT,154.0
2026-08-28,10,565.0,PUT,420.0
2026-08-28,10,570.0,PUT,66.0
2026-08-28,10,575.0,PUT,207.0
2026-08-28,10,580.0,PUT,144.0
2026-08-28,10,585.0,PUT,122.0
2026-08-28,10,590.0,PUT,290.0
2026-08-28,10,595.0,PUT,309.0
2026-08-28,10,600.0,PUT,841.0
2026-08-28,10,605.0,PUT,150.0
2026-08-28,10,610.0,PUT,177.0
2026-08-28,10,615.0,PUT,55.0
2026-08-28,10,620.0,PUT,181.0
2026-08-28,10,625.0,PUT,219.0
2026-08-28,10,630.0,PUT,195.0
2026-08-28,10,635.0,PUT,89.0
2026-08-28,10,640.0,PUT,238.0
2026-08-28,10,645.0,PUT,100.0
2026-08-28,10,650.0,PUT,1147.0
2026-08-28,10,655.0,PUT,74.0
2026-08-28,10,660.0,PUT,355.0
2026-08-28,10,665.0,PUT,116.0
2026-08-28,10,670.0,PUT,201.0
2026-08-28,10,675.0,PUT,180.0
2026-08-28,10,680.0,PUT,181.0
2026-08-28,10,685.0,PUT,111.0
2026-08-28,10,690.0,PUT,270.0
2026-08-28,10,695.0,PUT,175.0
2026-08-28,10,700.0,PUT,1265.0
2026-08-28,10,705.0,PUT,117.0
2026-08-28,10,710.0,PUT,582.0
2026-08-28,10,715.0,PUT,115.0
2026-08-28,10,720.0,PUT,161.0
2026-08-28,10,725.0,PUT,149.0
2026-08-28,10,730.0,PUT,1209.0
2026-08-28,10,735.0,PUT,103.0
2026-08-28,10,740.0,PUT,251.0
2026-08-28,10,745.0,PUT,216.0
2026-08-28,10,750.0,PUT,1255.0
2026-08-28,10,755.0,PUT,201.0
2026-08-28,10,760.0,PUT,261.0
2026-08-28,10,765.0,PUT,198.0
2026-08-28,10,770.0,PUT,220.0
2026-08-28,10,775.0,PUT,440.0
2026-08-28,10,780.0,PUT,436.0
2026-08-28,10,785.0,PUT,175.0
2026-08-28,10,790.0,PUT,225.0
2026-08-28,10,795.0,PUT,148.0
2026-08-28,10,800.0,PUT,2888.0
2026-08-28,10,805.0,PUT,324.0
2026-08-28,10,810.0,PUT,527.0
2026-08-28,10,815.0,PUT,144.0
2026-08-28,10,820.0,PUT,1420.0
2026-08-28,10,825.0,PUT,628.0
2026-08-28,10,830.0,PUT,302.0
2026-08-28,10,835.0,PUT,308.0
2026-08-28,10,840.0,PUT,327.0
2026-08-28,10,845.0,PUT,177.0
2026-08-28,10,850.0,PUT,1212.0
2026-08-28,10,855.0,PUT,174.0
2026-08-28,10,860.0,PUT,324.0
2026-08-28,10,865.0,PUT,405.0
2026-08-28,10,870.0,PUT,253.0
2026-08-28,10,875.0,PUT,218.0
2026-08-28,10,880.0,PUT,549.0
2026-08-28,10,885.0,PUT,328.0
2026-08-28,10,890.0,PUT,678.0
2026-08-28,10,895.0,PUT,166.0
2026-08-28,10,900.0,PUT,1557.0
2026-08-28,10,905.0,PUT,250.0
2026-08-28,10,910.0,PUT,387.0
2026-08-28,10,915.0,PUT,122.0
2026-08-28,10,917.5,PUT,64.0
2026-08-28,10,920.0,PUT,532.0
2026-08-28,10,922.5,PUT,56.0
2026-08-28,10,925.0,PUT,680.0
2026-08-28,10,927.5,PUT,224.0
2026-08-28,10,930.0,PUT,578.0
2026-08-28,10,932.5,PUT,24.0
2026-08-28,10,935.0,PUT,555.0
2026-08-28,10,937.5,PUT,34.0
2026-08-28,10,940.0,PUT,621.0
2026-08-28,10,942.5,PUT,27.0
2026-08-28,10,945.0,PUT,122.0
2026-08-28,10,950.0,PUT,1277.0
2026-08-28,10,955.0,PUT,76.0
2026-08-28,10,960.0,PUT,217.0
2026-08-28,10,965.0,PUT,266.0
2026-08-28,10,970.0,PUT,375.0
2026-08-28,10,975.0,PUT,116.0
2026-08-28,10,980.0,PUT,128.0
2026-08-28,10,985.0,PUT,71.0
2026-08-28,10,990.0,PUT,127.0
2026-08-28,10,995.0,PUT,76.0
2026-08-28,10,1000.0,PUT,871.0
2026-08-28,10,1005.0,PUT,199.0
2026-08-28,10,1010.0,PUT,125.0
2026-08-28,10,1015.0,PUT,27.0
2026-08-28,10,1020.0,PUT,51.0
2026-08-28,10,1025.0,PUT,41.0
2026-08-28,10,1030.0,PUT,97.0
2026-08-28,10,1035.0,PUT,17.0
2026-08-28,10,1040.0,PUT,81.0
2026-08-28,10,1045.0,PUT,36.0
2026-08-28,10,1050.0,PUT,74.0
2026-08-28,10,1055.0,PUT,15.0
2026-08-28,10,1060.0,PUT,42.0
2026-08-28,10,1065.0,PUT,5.0
2026-08-28,10,1070.0,PUT,77.0
2026-08-28,10,1075.0,PUT,13.0
2026-08-28,10,1080.0,PUT,15.0
2026-08-28,10,1085.0,PUT,14.0
2026-08-28,10,1090.0,PUT,42.0
2026-08-28,10,1095.0,PUT,10.0
2026-08-28,10,1100.0,PUT,105.0
2026-08-28,10,1105.0,PUT,7.0
2026-08-28,10,1110.0,PUT,36.0
2026-08-28,10,1115.0,PUT,7.0
2026-08-28,10,1120.0,PUT,21.0
2026-08-28,10,1125.0,PUT,5.0
2026-08-28,10,1130.0,PUT,24.0
2026-08-28,10,1135.0,PUT,6.0
2026-08-28,10,1140.0,PUT,6.0
2026-08-28,10,1150.0,PUT,131.0
2026-08-28,10,1160.0,PUT,22.0
2026-08-28,10,1170.0,PUT,25.0
2026-08-28,10,1180.0,PUT,31.0
2026-08-28,10,1190.0,PUT,11.0
2026-08-28,10,1200.0,PUT,23.0
2026-08-28,10,1210.0,PUT,3.0
2026-08-28,10,1220.0,PUT,4.0
2026-08-28,10,1230.0,PUT,15.0
2026-08-28,10,1240.0,PUT,3.0
2026-08-28,10,1250.0,PUT,4.0
2026-08-28,10,1270.0,PUT,1.0
2026-08-28,10,1280.0,PUT,4.0
2026-08-28,10,1290.0,PUT,1.0
2026-08-28,10,1300.0,PUT,2.0
2026-08-28,10,1320.0,PUT,0.0
2026-08-28,10,1350.0,PUT,0.0
2026-08-28,10,1370.0,PUT,0.0
2026-08-28,10,1400.0,PUT,0.0
2026-08-28,10,1440.0,PUT,0.0
2026-08-28,10,1450.0,PUT,0.0
2026-08-28,10,1500.0,PUT,0.0
2026-08-28,10,1600.0,PUT,0.0
2026-08-28,10,1630.0,PUT,0.0
2026-08-28,10,1640.0,PUT,0.0
2026-08-28,10,1650.0,PUT,0.0
2026-08-28,10,1830.0,PUT,0.0
2026-08-28,10,1920.0,PUT,0.0
2026-09-04,17,140.0,CALL,1.0
2026-09-04,17,150.0,CALL,1.0
2026-09-04,17,225.0,CALL,1.0
2026-09-04,17,245.0,CALL,1.0
2026-09-04,17,250.0,CALL,2.0
2026-09-04,17,285.0,CALL,1.0
2026-09-04,17,330.0,CALL,0.0
2026-09-04,17,400.0,CALL,5.0
2026-09-04,17,405.0,CALL,1.0
2026-09-04,17,420.0,CALL,1.0
2026-09-04,17,430.0,CALL,2.0
2026-09-04,17,450.0,CALL,1.0
2026-09-04,17,475.0,CALL,4.0
2026-09-04,17,480.0,CALL,4.0
2026-09-04,17,490.0,CALL,10.0
2026-09-04,17,495.0,CALL,12.0
2026-09-04,17,500.0,CALL,5.0
2026-09-04,17,505.0,CALL,3.0
2026-09-04,17,510.0,CALL,25.0
2026-09-04,17,515.0,CALL,15.0
2026-09-04,17,520.0,CALL,16.0
2026-09-04,17,525.0,CALL,18.0
2026-09-04,17,530.0,CALL,18.0
2026-09-04,17,535.0,CALL,16.0
2026-09-04,17,540.0,CALL,22.0
2026-09-04,17,545.0,CALL,18.0
2026-09-04,17,550.0,CALL,25.0
2026-09-04,17,560.0,CALL,4.0
2026-09-04,17,570.0,CALL,12.0
2026-09-04,17,580.0,CALL,1.0
2026-09-04,17,590.0,CALL,8.0
2026-09-04,17,595.0,CALL,1.0
2026-09-04,17,600.0,CALL,23.0
2026-09-04,17,605.0,CALL,9.0
2026-09-04,17,610.0,CALL,0.0
2026-09-04,17,615.0,CALL,8.0
2026-09-04,17,620.0,CALL,7.0
2026-09-04,17,625.0,CALL,3.0
2026-09-04,17,630.0,CALL,14.0
2026-09-04,17,635.0,CALL,17.0
2026-09-04,17,640.0,CALL,10.0
2026-09-04,17,645.0,CALL,4.0
2026-09-04,17,650.0,CALL,9.0
2026-09-04,17,660.0,CALL,6.0
2026-09-04,17,665.0,CALL,1.0
2026-09-04,17,675.0,CALL,1.0
2026-09-04,17,680.0,CALL,5.0
2026-09-04,17,690.0,CALL,1.0
2026-09-04,17,695.0,CALL,7.0
2026-09-04,17,700.0,CALL,27.0
2026-09-04,17,705.0,CALL,42.0
2026-09-04,17,710.0,CALL,7.0
2026-09-04,17,715.0,CALL,3.0
2026-09-04,17,720.0,CALL,13.0
2026-09-04,17,725.0,CALL,6.0
2026-09-04,17,730.0,CALL,10.0
2026-09-04,17,735.0,CALL,3.0
2026-09-04,17,740.0,CALL,98.0
2026-09-04,17,745.0,CALL,17.0
2026-09-04,17,750.0,CALL,44.0
2026-09-04,17,755.0,CALL,15.0
2026-09-04,17,760.0,CALL,50.0
2026-09-04,17,765.0,CALL,15.0
2026-09-04,17,770.0,CALL,277.0
2026-09-04,17,775.0,CALL,125.0
2026-09-04,17,780.0,CALL,120.0
2026-09-04,17,785.0,CALL,92.0
2026-09-04,17,790.0,CALL,43.0
2026-09-04,17,795.0,CALL,49.0
2026-09-04,17,800.0,CALL,111.0
2026-09-04,17,805.0,CALL,15.0
2026-09-04,17,810.0,CALL,73.0
2026-09-04,17,815.0,CALL,125.0
2026-09-04,17,820.0,CALL,41.0
2026-09-04,17,825.0,CALL,53.0
2026-09-04,17,830.0,CALL,45.0
2026-09-04,17,835.0,CALL,54.0
2026-09-04,17,840.0,CALL,42.0
2026-09-04,17,845.0,CALL,20.0
2026-09-04,17,850.0,CALL,292.0
2026-09-04,17,855.0,CALL,27.0
2026-09-04,17,860.0,CALL,86.0
2026-09-04,17,865.0,CALL,34.0
2026-09-04,17,870.0,CALL,100.0
2026-09-04,17,875.0,CALL,60.0
2026-09-04,17,880.0,CALL,160.0
2026-09-04,17,885.0,CALL,97.0
2026-09-04,17,890.0,CALL,91.0
2026-09-04,17,895.0,CALL,30.0
2026-09-04,17,900.0,CALL,332.0
2026-09-04,17,905.0,CALL,84.0
2026-09-04,17,910.0,CALL,46.0
2026-09-04,17,915.0,CALL,45.0
2026-09-04,17,920.0,CALL,235.0
2026-09-04,17,925.0,CALL,54.0
2026-09-04,17,930.0,CALL,218.0
2026-09-04,17,935.0,CALL,72.0
2026-09-04,17,940.0,CALL,89.0
2026-09-04,17,945.0,CALL,235.0
2026-09-04,17,950.0,CALL,823.0
2026-09-04,17,955.0,CALL,317.0
2026-09-04,17,960.0,CALL,183.0
2026-09-04,17,965.0,CALL,32.0
2026-09-04,17,970.0,CALL,86.0
2026-09-04,17,975.0,CALL,105.0
2026-09-04,17,980.0,CALL,97.0
2026-09-04,17,985.0,CALL,104.0
2026-09-04,17,990.0,CALL,122.0
2026-09-04,17,995.0,CALL,78.0
2026-09-04,17,1000.0,CALL,1055.0
2026-09-04,17,1005.0,CALL,682.0
2026-09-04,17,1010.0,CALL,138.0
2026-09-04,17,1015.0,CALL,230.0
2026-09-04,17,1020.0,CALL,97.0
2026-09-04,17,1025.0,CALL,135.0
2026-09-04,17,1030.0,CALL,204.0
2026-09-04,17,1035.0,CALL,182.0
2026-09-04,17,1040.0,CALL,149.0
2026-09-04,17,1045.0,CALL,76.0
2026-09-04,17,1050.0,CALL,605.0
2026-09-04,17,1055.0,CALL,67.0
2026-09-04,17,1060.0,CALL,121.0
2026-09-04,17,1065.0,CALL,47.0
2026-09-04,17,1070.0,CALL,112.0
2026-09-04,17,1075.0,CALL,280.0
2026-09-04,17,1080.0,CALL,128.0
2026-09-04,17,1085.0,CALL,94.0
2026-09-04,17,1090.0,CALL,90.0
2026-09-04,17,1095.0,CALL,150.0
2026-09-04,17,1100.0,CALL,785.0
2026-09-04,17,1105.0,CALL,305.0
2026-09-04,17,1110.0,CALL,83.0
2026-09-04,17,1115.0,CALL,205.0
2026-09-04,17,1120.0,CALL,145.0
2026-09-04,17,1125.0,CALL,176.0
2026-09-04,17,1130.0,CALL,57.0
2026-09-04,17,1135.0,CALL,132.0
2026-09-04,17,1140.0,CALL,93.0
2026-09-04,17,1150.0,CALL,597.0
2026-09-04,17,1160.0,CALL,188.0
2026-09-04,17,1170.0,CALL,118.0
2026-09-04,17,1180.0,CALL,157.0
2026-09-04,17,1190.0,CALL,124.0
2026-09-04,17,1200.0,CALL,612.0
2026-09-04,17,1210.0,CALL,119.0
2026-09-04,17,1220.0,CALL,89.0
2026-09-04,17,1230.0,CALL,67.0
2026-09-04,17,1240.0,CALL,33.0
2026-09-04,17,1250.0,CALL,357.0
2026-09-04,17,1260.0,CALL,85.0
2026-09-04,17,1270.0,CALL,58.0
2026-09-04,17,1280.0,CALL,85.0
2026-09-04,17,1290.0,CALL,63.0
2026-09-04,17,1300.0,CALL,370.0
2026-09-04,17,1310.0,CALL,203.0
2026-09-04,17,1320.0,CALL,129.0
2026-09-04,17,1330.0,CALL,94.0
2026-09-04,17,1340.0,CALL,91.0
2026-09-04,17,1350.0,CALL,66.0
2026-09-04,17,1360.0,CALL,98.0
2026-09-04,17,1370.0,CALL,206.0
2026-09-04,17,1380.0,CALL,58.0
2026-09-04,17,1390.0,CALL,24.0
2026-09-04,17,1400.0,CALL,320.0
2026-09-04,17,1410.0,CALL,32.0
2026-09-04,17,1420.0,CALL,25.0
2026-09-04,17,1430.0,CALL,20.0
2026-09-04,17,1440.0,CALL,122.0
2026-09-04,17,1450.0,CALL,178.0
2026-09-04,17,1460.0,CALL,40.0
2026-09-04,17,1470.0,CALL,51.0
2026-09-04,17,1480.0,CALL,18.0
2026-09-04,17,1490.0,CALL,19.0
2026-09-04,17,1500.0,CALL,238.0
2026-09-04,17,1510.0,CALL,48.0
2026-09-04,17,1520.0,CALL,55.0
2026-09-04,17,1530.0,CALL,40.0
2026-09-04,17,1540.0,CALL,47.0
2026-09-04,17,1550.0,CALL,55.0
2026-09-04,17,1560.0,CALL,11.0
2026-09-04,17,1570.0,CALL,46.0
2026-09-04,17,1580.0,CALL,48.0
2026-09-04,17,1590.0,CALL,126.0
2026-09-04,17,1600.0,CALL,87.0
2026-09-04,17,1610.0,CALL,10.0
2026-09-04,17,1620.0,CALL,26.0
2026-09-04,17,1630.0,CALL,1.0
2026-09-04,17,1640.0,CALL,12.0
2026-09-04,17,1650.0,CALL,3.0
2026-09-04,17,1700.0,CALL,15.0
2026-09-04,17,1710.0,CALL,9.0
2026-09-04,17,1750.0,CALL,5.0
2026-09-04,17,1790.0,CALL,1.0
2026-09-04,17,1800.0,CALL,44.0
2026-09-04,17,1810.0,CALL,1.0
2026-09-04,17,1820.0,CALL,52.0
2026-09-04,17,1840.0,CALL,2.0
2026-09-04,17,1860.0,CALL,1.0
2026-09-04,17,1870.0,CALL,1.0
2026-09-04,17,1890.0,CALL,2.0
2026-09-04,17,1900.0,CALL,17.0
2026-09-04,17,1910.0,CALL,54.0
2026-09-04,17,1920.0,CALL,3.0
2026-09-04,17,1960.0,CALL,1.0
2026-09-04,17,1970.0,CALL,1.0
2026-09-04,17,1990.0,CALL,2.0
2026-09-04,17,2000.0,CALL,216.0
2026-09-04,17,100.0,PUT,26.0
2026-09-04,17,105.0,PUT,9.0
2026-09-04,17,110.0,PUT,1.0
2026-09-04,17,115.0,PUT,0.0
2026-09-04,17,120.0,PUT,2.0
2026-09-04,17,125.0,PUT,0.0
2026-09-04,17,130.0,PUT,21.0
2026-09-04,17,135.0,PUT,2.0
2026-09-04,17,140.0,PUT,7.0
2026-09-04,17,145.0,PUT,1.0
2026-09-04,17,150.0,PUT,2.0
2026-09-04,17,155.0,PUT,1.0
2026-09-04,17,160.0,PUT,2.0
2026-09-04,17,165.0,PUT,1.0
2026-09-04,17,170.0,PUT,1.0
2026-09-04,17,175.0,PUT,2.0
2026-09-04,17,180.0,PUT,4.0
2026-09-04,17,190.0,PUT,1.0
2026-09-04,17,195.0,PUT,1.0
2026-09-04,17,200.0,PUT,458.0
2026-09-04,17,205.0,PUT,1.0
2026-09-04,17,210.0,PUT,2.0
2026-09-04,17,225.0,PUT,1.0
2026-09-04,17,230.0,PUT,0.0
2026-09-04,17,240.0,PUT,16.0
2026-09-04,17,245.0,PUT,1.0
2026-09-04,17,250.0,PUT,29.0
2026-09-04,17,260.0,PUT,66.0
2026-09-04,17,270.0,PUT,161.0
2026-09-04,17,280.0,PUT,324.0
2026-09-04,17,285.0,PUT,3.0
2026-09-04,17,290.0,PUT,219.0
2026-09-04,17,300.0,PUT,1515.0
2026-09-04,17,310.0,PUT,81.0
2026-09-04,17,320.0,PUT,7.0
2026-09-04,17,325.0,PUT,2.0
2026-09-04,17,330.0,PUT,12.0
2026-09-04,17,335.0,PUT,3.0
2026-09-04,17,340.0,PUT,6.0
2026-09-04,17,345.0,PUT,4.0
2026-09-04,17,350.0,PUT,319.0
2026-09-04,17,355.0,PUT,2.0
2026-09-04,17,360.0,PUT,34.0
2026-09-04,17,365.0,PUT,15.0
2026-09-04,17,370.0,PUT,227.0
2026-09-04,17,375.0,PUT,34.0
2026-09-04,17,380.0,PUT,203.0
2026-09-04,17,385.0,PUT,40.0
2026-09-04,17,390.0,PUT,13.0
2026-09-04,17,395.0,PUT,18.0
2026-09-04,17,400.0,PUT,176.0
2026-09-04,17,405.0,PUT,109.0
2026-09-04,17,410.0,PUT,7.0
2026-09-04,17,415.0,PUT,12.0
2026-09-04,17,420.0,PUT,15.0
2026-09-04,17,425.0,PUT,8.0
2026-09-04,17,430.0,PUT,14.0
2026-09-04,17,435.0,PUT,2.0
2026-09-04,17,440.0,PUT,10.0
2026-09-04,17,445.0,PUT,14.0
2026-09-04,17,450.0,PUT,147.0
2026-09-04,17,455.0,PUT,15.0
2026-09-04,17,460.0,PUT,15.0
2026-09-04,17,465.0,PUT,63.0
2026-09-04,17,470.0,PUT,26.0
2026-09-04,17,475.0,PUT,81.0
2026-09-04,17,480.0,PUT,13.0
2026-09-04,17,485.0,PUT,51.0
2026-09-04,17,490.0,PUT,23.0
2026-09-04,17,495.0,PUT,246.0
2026-09-04,17,500.0,PUT,157.0
2026-09-04,17,505.0,PUT,30.0
2026-09-04,17,510.0,PUT,62.0
2026-09-04,17,515.0,PUT,35.0
2026-09-04,17,520.0,PUT,46.0
2026-09-04,17,525.0,PUT,50.0
2026-09-04,17,530.0,PUT,123.0
2026-09-04,17,535.0,PUT,56.0
2026-09-04,17,540.0,PUT,50.0
2026-09-04,17,545.0,PUT,49.0
2026-09-04,17,550.0,PUT,570.0
2026-09-04,17,555.0,PUT,41.0
2026-09-04,17,560.0,PUT,21.0
2026-09-04,17,565.0,PUT,57.0
2026-09-04,17,570.0,PUT,57.0
2026-09-04,17,575.0,PUT,138.0
2026-09-04,17,580.0,PUT,62.0
2026-09-04,17,585.0,PUT,106.0
2026-09-04,17,590.0,PUT,110.0
2026-09-04,17,595.0,PUT,137.0
2026-09-04,17,600.0,PUT,466.0
2026-09-04,17,605.0,PUT,54.0
2026-09-04,17,610.0,PUT,47.0
2026-09-04,17,615.0,PUT,49.0
2026-09-04,17,620.0,PUT,124.0
2026-09-04,17,625.0,PUT,150.0
2026-09-04,17,630.0,PUT,57.0
2026-09-04,17,635.0,PUT,107.0
2026-09-04,17,640.0,PUT,142.0
2026-09-04,17,645.0,PUT,122.0
2026-09-04,17,650.0,PUT,385.0
2026-09-04,17,655.0,PUT,52.0
2026-09-04,17,660.0,PUT,225.0
2026-09-04,17,665.0,PUT,38.0
2026-09-04,17,670.0,PUT,139.0
2026-09-04,17,675.0,PUT,63.0
2026-09-04,17,680.0,PUT,150.0
2026-09-04,17,685.0,PUT,56.0
2026-09-04,17,690.0,PUT,143.0
2026-09-04,17,695.0,PUT,143.0
2026-09-04,17,700.0,PUT,309.0
2026-09-04,17,705.0,PUT,52.0
2026-09-04,17,710.0,PUT,71.0
2026-09-04,17,715.0,PUT,83.0
2026-09-04,17,720.0,PUT,73.0
2026-09-04,17,725.0,PUT,130.0
2026-09-04,17,730.0,PUT,100.0
2026-09-04,17,735.0,PUT,27.0
2026-09-04,17,740.0,PUT,159.0
2026-09-04,17,745.0,PUT,44.0
2026-09-04,17,750.0,PUT,1140.0
2026-09-04,17,755.0,PUT,42.0
2026-09-04,17,760.0,PUT,200.0
2026-09-04,17,765.0,PUT,67.0
2026-09-04,17,770.0,PUT,245.0
2026-09-04,17,775.0,PUT,235.0
2026-09-04,17,780.0,PUT,152.0
2026-09-04,17,785.0,PUT,182.0
2026-09-04,17,790.0,PUT,107.0
2026-09-04,17,795.0,PUT,122.0
2026-09-04,17,800.0,PUT,1274.0
2026-09-04,17,805.0,PUT,70.0
2026-09-04,17,810.0,PUT,123.0
2026-09-04,17,815.0,PUT,89.0
2026-09-04,17,820.0,PUT,260.0
2026-09-04,17,825.0,PUT,93.0
2026-09-04,17,830.0,PUT,99.0
2026-09-04,17,835.0,PUT,70.0
2026-09-04,17,840.0,PUT,196.0
2026-09-04,17,845.0,PUT,125.0
2026-09-04,17,850.0,PUT,543.0
2026-09-04,17,855.0,PUT,562.0
2026-09-04,17,860.0,PUT,517.0
2026-09-04,17,865.0,PUT,59.0
2026-09-04,17,870.0,PUT,122.0
2026-09-04,17,875.0,PUT,303.0
2026-09-04,17,880.0,PUT,216.0
2026-09-04,17,885.0,PUT,80.0
2026-09-04,17,890.0,PUT,186.0
2026-09-04,17,895.0,PUT,131.0
2026-09-04,17,900.0,PUT,836.0
2026-09-04,17,905.0,PUT,226.0
2026-09-04,17,910.0,PUT,240.0
2026-09-04,17,915.0,PUT,247.0
2026-09-04,17,920.0,PUT,216.0
2026-09-04,17,925.0,PUT,309.0
2026-09-04,17,930.0,PUT,86.0
2026-09-04,17,935.0,PUT,27.0
2026-09-04,17,940.0,PUT,71.0
2026-09-04,17,945.0,PUT,13.0
2026-09-04,17,950.0,PUT,1120.0
2026-09-04,17,955.0,PUT,121.0
2026-09-04,17,960.0,PUT,64.0
2026-09-04,17,965.0,PUT,14.0
2026-09-04,17,970.0,PUT,146.0
2026-09-04,17,975.0,PUT,60.0
2026-09-04,17,980.0,PUT,119.0
2026-09-04,17,985.0,PUT,31.0
2026-09-04,17,990.0,PUT,38.0
2026-09-04,17,995.0,PUT,27.0
2026-09-04,17,1000.0,PUT,73.0
2026-09-04,17,1005.0,PUT,34.0
2026-09-04,17,1010.0,PUT,33.0
2026-09-04,17,1015.0,PUT,18.0
2026-09-04,17,1020.0,PUT,71.0
2026-09-04,17,1025.0,PUT,17.0
2026-09-04,17,1030.0,PUT,20.0
2026-09-04,17,1035.0,PUT,9.0
2026-09-04,17,1040.0,PUT,20.0
2026-09-04,17,1045.0,PUT,5.0
2026-09-04,17,1050.0,PUT,17.0
2026-09-04,17,1055.0,PUT,1.0
2026-09-04,17,1060.0,PUT,3.0
2026-09-04,17,1070.0,PUT,3.0
2026-09-04,17,1080.0,PUT,7.0
2026-09-04,17,1085.0,PUT,10.0
2026-09-04,17,1090.0,PUT,10.0
2026-09-04,17,1095.0,PUT,12.0
2026-09-04,17,1100.0,PUT,49.0
2026-09-04,17,1105.0,PUT,8.0
2026-09-04,17,1110.0,PUT,26.0
2026-09-04,17,1115.0,PUT,3.0
2026-09-04,17,1120.0,PUT,1.0
2026-09-04,17,1130.0,PUT,7.0
2026-09-04,17,1140.0,PUT,2.0
2026-09-04,17,1150.0,PUT,8.0
2026-09-04,17,1160.0,PUT,20.0
2026-09-04,17,1170.0,PUT,4.0
2026-09-04,17,1180.0,PUT,4.0
2026-09-04,17,1190.0,PUT,4.0
2026-09-04,17,1200.0,PUT,7.0
2026-09-04,17,1210.0,PUT,5.0
2026-09-04,17,1220.0,PUT,0.0
2026-09-04,17,1230.0,PUT,0.0
2026-09-04,17,1240.0,PUT,3.0
2026-09-04,17,1250.0,PUT,10.0
2026-09-04,17,1260.0,PUT,7.0
2026-09-04,17,1270.0,PUT,2.0
2026-09-04,17,1350.0,PUT,5.0
2026-09-04,17,1400.0,PUT,4.0
2026-09-04,17,1500.0,PUT,0.0
2026-09-04,17,1510.0,PUT,0.0
2026-09-04,17,1520.0,PUT,0.0
2026-09-04,17,1560.0,PUT,0.0
2026-09-04,17,2000.0,PUT,0.0
2026-09-11,24,185.0,CALL,1.0
2026-09-11,24,240.0,CALL,5.0
2026-09-11,24,275.0,CALL,1.0
2026-09-11,24,400.0,CALL,1.0
2026-09-11,24,430.0,CALL,1.0
2026-09-11,24,495.0,CALL,4.0
2026-09-11,24,500.0,CALL,13.0
2026-09-11,24,505.0,CALL,24.0
2026-09-11,24,520.0,CALL,4.0
2026-09-11,24,525.0,CALL,4.0
2026-09-11,24,550.0,CALL,1.0
2026-09-11,24,555.0,CALL,0.0
2026-09-11,24,560.0,CALL,8.0
2026-09-11,24,595.0,CALL,5.0
2026-09-11,24,600.0,CALL,2.0
2026-09-11,24,620.0,CALL,1.0
2026-09-11,24,630.0,CALL,1.0
2026-09-11,24,660.0,CALL,3.0
2026-09-11,24,675.0,CALL,5.0
2026-09-11,24,700.0,CALL,262.0
2026-09-11,24,705.0,CALL,2.0
2026-09-11,24,710.0,CALL,3.0
2026-09-11,24,715.0,CALL,27.0
2026-09-11,24,720.0,CALL,4.0
2026-09-11,24,725.0,CALL,3.0
2026-09-11,24,730.0,CALL,2.0
2026-09-11,24,735.0,CALL,3.0
2026-09-11,24,740.0,CALL,61.0
2026-09-11,24,745.0,CALL,8.0
2026-09-11,24,750.0,CALL,13.0
2026-09-11,24,755.0,CALL,12.0
2026-09-11,24,760.0,CALL,13.0
2026-09-11,24,765.0,CALL,14.0
2026-09-11,24,770.0,CALL,14.0
2026-09-11,24,775.0,CALL,16.0
2026-09-11,24,780.0,CALL,71.0
2026-09-11,24,785.0,CALL,8.0
2026-09-11,24,790.0,CALL,69.0
2026-09-11,24,795.0,CALL,10.0
2026-09-11,24,800.0,CALL,11.0
2026-09-11,24,805.0,CALL,18.0
2026-09-11,24,810.0,CALL,31.0
2026-09-11,24,815.0,CALL,27.0
2026-09-11,24,820.0,CALL,28.0
2026-09-11,24,825.0,CALL,15.0
2026-09-11,24,830.0,CALL,16.0
2026-09-11,24,835.0,CALL,93.0
2026-09-11,24,840.0,CALL,39.0
2026-09-11,24,845.0,CALL,36.0
2026-09-11,24,850.0,CALL,107.0
2026-09-11,24,855.0,CALL,24.0
2026-09-11,24,860.0,CALL,65.0
2026-09-11,24,865.0,CALL,43.0
2026-09-11,24,870.0,CALL,94.0
2026-09-11,24,875.0,CALL,55.0
2026-09-11,24,880.0,CALL,60.0
2026-09-11,24,885.0,CALL,59.0
2026-09-11,24,890.0,CALL,62.0
2026-09-11,24,895.0,CALL,66.0
2026-09-11,24,900.0,CALL,161.0
2026-09-11,24,905.0,CALL,46.0
2026-09-11,24,910.0,CALL,126.0
2026-09-11,24,915.0,CALL,123.0
2026-09-11,24,920.0,CALL,206.0
2026-09-11,24,925.0,CALL,148.0
2026-09-11,24,930.0,CALL,128.0
2026-09-11,24,935.0,CALL,46.0
2026-09-11,24,940.0,CALL,56.0
2026-09-11,24,945.0,CALL,22.0
2026-09-11,24,950.0,CALL,228.0
2026-09-11,24,955.0,CALL,37.0
2026-09-11,24,960.0,CALL,47.0
2026-09-11,24,965.0,CALL,58.0
2026-09-11,24,970.0,CALL,60.0
2026-09-11,24,975.0,CALL,191.0
2026-09-11,24,980.0,CALL,58.0
2026-09-11,24,985.0,CALL,150.0
2026-09-11,24,990.0,CALL,47.0
2026-09-11,24,995.0,CALL,24.0
2026-09-11,24,1000.0,CALL,294.0
2026-09-11,24,1005.0,CALL,28.0
2026-09-11,24,1010.0,CALL,118.0
2026-09-11,24,1015.0,CALL,71.0
2026-09-11,24,1020.0,CALL,93.0
2026-09-11,24,1025.0,CALL,79.0
2026-09-11,24,1030.0,CALL,70.0
2026-09-11,24,1035.0,CALL,166.0
2026-09-11,24,1040.0,CALL,128.0
2026-09-11,24,1045.0,CALL,59.0
2026-09-11,24,1050.0,CALL,317.0
2026-09-11,24,1055.0,CALL,43.0
2026-09-11,24,1060.0,CALL,48.0
2026-09-11,24,1065.0,CALL,65.0
2026-09-11,24,1070.0,CALL,35.0
2026-09-11,24,1075.0,CALL,18.0
2026-09-11,24,1080.0,CALL,95.0
2026-09-11,24,1085.0,CALL,28.0
2026-09-11,24,1090.0,CALL,37.0
2026-09-11,24,1095.0,CALL,38.0
2026-09-11,24,1100.0,CALL,302.0
2026-09-11,24,1105.0,CALL,74.0
2026-09-11,24,1110.0,CALL,186.0
2026-09-11,24,1115.0,CALL,96.0
2026-09-11,24,1120.0,CALL,42.0
2026-09-11,24,1125.0,CALL,265.0
2026-09-11,24,1130.0,CALL,104.0
2026-09-11,24,1135.0,CALL,61.0
2026-09-11,24,1140.0,CALL,143.0
2026-09-11,24,1150.0,CALL,282.0
2026-09-11,24,1160.0,CALL,231.0
2026-09-11,24,1170.0,CALL,207.0
2026-09-11,24,1180.0,CALL,102.0
2026-09-11,24,1190.0,CALL,72.0
2026-09-11,24,1200.0,CALL,298.0
2026-09-11,24,1210.0,CALL,135.0
2026-09-11,24,1220.0,CALL,118.0
2026-09-11,24,1230.0,CALL,134.0
2026-09-11,24,1240.0,CALL,48.0
2026-09-11,24,1250.0,CALL,337.0
2026-09-11,24,1260.0,CALL,86.0
2026-09-11,24,1270.0,CALL,44.0
2026-09-11,24,1280.0,CALL,24.0
2026-09-11,24,1290.0,CALL,39.0
2026-09-11,24,1300.0,CALL,206.0
2026-09-11,24,1310.0,CALL,66.0
2026-09-11,24,1320.0,CALL,59.0
2026-09-11,24,1330.0,CALL,129.0
2026-09-11,24,1340.0,CALL,16.0
2026-09-11,24,1350.0,CALL,71.0
2026-09-11,24,1360.0,CALL,65.0
2026-09-11,24,1370.0,CALL,21.0
2026-09-11,24,1380.0,CALL,145.0
2026-09-11,24,1390.0,CALL,42.0
2026-09-11,24,1400.0,CALL,268.0
2026-09-11,24,1410.0,CALL,110.0
2026-09-11,24,1420.0,CALL,5.0
2026-09-11,24,1430.0,CALL,37.0
2026-09-11,24,1440.0,CALL,63.0
2026-09-11,24,1450.0,CALL,148.0
2026-09-11,24,1460.0,CALL,106.0
2026-09-11,24,1470.0,CALL,59.0
2026-09-11,24,1480.0,CALL,69.0
2026-09-11,24,1490.0,CALL,193.0
2026-09-11,24,1500.0,CALL,373.0
2026-09-11,24,1510.0,CALL,142.0
2026-09-11,24,1520.0,CALL,4.0
2026-09-11,24,1530.0,CALL,103.0
2026-09-11,24,1540.0,CALL,38.0
2026-09-11,24,1550.0,CALL,195.0
2026-09-11,24,1560.0,CALL,203.0
2026-09-11,24,1570.0,CALL,127.0
2026-09-11,24,1580.0,CALL,125.0
2026-09-11,24,1590.0,CALL,110.0
2026-09-11,24,1600.0,CALL,163.0
2026-09-11,24,1610.0,CALL,86.0
2026-09-11,24,1620.0,CALL,105.0
2026-09-11,24,1630.0,CALL,34.0
2026-09-11,24,1650.0,CALL,24.0
2026-09-11,24,1660.0,CALL,21.0
2026-09-11,24,1680.0,CALL,40.0
2026-09-11,24,1690.0,CALL,10.0
2026-09-11,24,1700.0,CALL,273.0
2026-09-11,24,1710.0,CALL,4.0
2026-09-11,24,1720.0,CALL,15.0
2026-09-11,24,1730.0,CALL,107.0
2026-09-11,24,105.0,PUT,10.0
2026-09-11,24,110.0,PUT,21.0
2026-09-11,24,115.0,PUT,32.0
2026-09-11,24,120.0,PUT,5.0
2026-09-11,24,125.0,PUT,30.0
2026-09-11,24,130.0,PUT,31.0
2026-09-11,24,135.0,PUT,22.0
2026-09-11,24,140.0,PUT,0.0
2026-09-11,24,145.0,PUT,30.0
2026-09-11,24,150.0,PUT,50.0
2026-09-11,24,155.0,PUT,40.0
2026-09-11,24,160.0,PUT,11.0
2026-09-11,24,165.0,PUT,21.0
2026-09-11,24,170.0,PUT,12.0
2026-09-11,24,175.0,PUT,24.0
2026-09-11,24,180.0,PUT,12.0
2026-09-11,24,185.0,PUT,27.0
2026-09-11,24,190.0,PUT,17.0
2026-09-11,24,195.0,PUT,20.0
2026-09-11,24,200.0,PUT,20.0
2026-09-11,24,205.0,PUT,11.0
2026-09-11,24,210.0,PUT,12.0
2026-09-11,24,215.0,PUT,10.0
2026-09-11,24,220.0,PUT,1.0
2026-09-11,24,240.0,PUT,3.0
2026-09-11,24,245.0,PUT,4.0
2026-09-11,24,255.0,PUT,3.0
2026-09-11,24,265.0,PUT,0.0
2026-09-11,24,270.0,PUT,408.0
2026-09-11,24,275.0,PUT,2.0
2026-09-11,24,280.0,PUT,48.0
2026-09-11,24,290.0,PUT,193.0
2026-09-11,24,300.0,PUT,1504.0
2026-09-11,24,305.0,PUT,1.0
2026-09-11,24,310.0,PUT,81.0
2026-09-11,24,315.0,PUT,7.0
2026-09-11,24,320.0,PUT,7.0
2026-09-11,24,325.0,PUT,160.0
2026-09-11,24,330.0,PUT,8.0
2026-09-11,24,335.0,PUT,5.0
2026-09-11,24,345.0,PUT,11.0
2026-09-11,24,350.0,PUT,79.0
2026-09-11,24,355.0,PUT,20.0
2026-09-11,24,360.0,PUT,103.0
2026-09-11,24,365.0,PUT,5.0
2026-09-11,24,370.0,PUT,60.0
2026-09-11,24,375.0,PUT,12.0
2026-09-11,24,380.0,PUT,7.0
2026-09-11,24,385.0,PUT,1.0
2026-09-11,24,390.0,PUT,14.0
2026-09-11,24,395.0,PUT,74.0
2026-09-11,24,400.0,PUT,260.0
2026-09-11,24,405.0,PUT,3.0
2026-09-11,24,415.0,PUT,2.0
2026-09-11,24,420.0,PUT,1.0
2026-09-11,24,430.0,PUT,10.0
2026-09-11,24,435.0,PUT,3.0
2026-09-11,24,440.0,PUT,11.0
2026-09-11,24,445.0,PUT,25.0
2026-09-11,24,450.0,PUT,33.0
2026-09-11,24,455.0,PUT,1.0
2026-09-11,24,460.0,PUT,193.0
2026-09-11,24,465.0,PUT,1.0
2026-09-11,24,470.0,PUT,20.0
2026-09-11,24,475.0,PUT,31.0
2026-09-11,24,480.0,PUT,15.0
2026-09-11,24,485.0,PUT,28.0
2026-09-11,24,490.0,PUT,28.0
2026-09-11,24,495.0,PUT,29.0
2026-09-11,24,500.0,PUT,144.0
2026-09-11,24,505.0,PUT,14.0
2026-09-11,24,510.0,PUT,4.0
2026-09-11,24,515.0,PUT,3.0
2026-09-11,24,520.0,PUT,13.0
2026-09-11,24,525.0,PUT,30.0
2026-09-11,24,530.0,PUT,8.0
2026-09-11,24,540.0,PUT,89.0
2026-09-11,24,545.0,PUT,6.0
2026-09-11,24,550.0,PUT,266.0
2026-09-11,24,555.0,PUT,30.0
2026-09-11,24,560.0,PUT,22.0
2026-09-11,24,565.0,PUT,52.0
2026-09-11,24,570.0,PUT,36.0
2026-09-11,24,575.0,PUT,79.0
2026-09-11,24,580.0,PUT,101.0
2026-09-11,24,585.0,PUT,93.0
2026-09-11,24,590.0,PUT,85.0
2026-09-11,24,595.0,PUT,148.0
2026-09-11,24,600.0,PUT,265.0
2026-09-11,24,605.0,PUT,106.0
2026-09-11,24,610.0,PUT,210.0
2026-09-11,24,615.0,PUT,69.0
2026-09-11,24,620.0,PUT,134.0
2026-09-11,24,625.0,PUT,89.0
2026-09-11,24,630.0,PUT,62.0
2026-09-11,24,635.0,PUT,46.0
2026-09-11,24,640.0,PUT,110.0
2026-09-11,24,645.0,PUT,42.0
2026-09-11,24,650.0,PUT,185.0
2026-09-11,24,655.0,PUT,65.0
2026-09-11,24,660.0,PUT,117.0
2026-09-11,24,665.0,PUT,150.0
2026-09-11,24,670.0,PUT,75.0
2026-09-11,24,675.0,PUT,481.0
2026-09-11,24,680.0,PUT,1168.0
2026-09-11,24,685.0,PUT,95.0
2026-09-11,24,690.0,PUT,96.0
2026-09-11,24,695.0,PUT,49.0
2026-09-11,24,700.0,PUT,184.0
2026-09-11,24,705.0,PUT,67.0
2026-09-11,24,710.0,PUT,166.0
2026-09-11,24,715.0,PUT,73.0
2026-09-11,24,720.0,PUT,124.0
2026-09-11,24,725.0,PUT,45.0
2026-09-11,24,730.0,PUT,83.0
2026-09-11,24,735.0,PUT,49.0
2026-09-11,24,740.0,PUT,156.0
2026-09-11,24,745.0,PUT,58.0
2026-09-11,24,750.0,PUT,430.0
2026-09-11,24,755.0,PUT,58.0
2026-09-11,24,760.0,PUT,58.0
2026-09-11,24,765.0,PUT,34.0
2026-09-11,24,770.0,PUT,66.0
2026-09-11,24,775.0,PUT,207.0
2026-09-11,24,780.0,PUT,475.0
2026-09-11,24,785.0,PUT,148.0
2026-09-11,24,790.0,PUT,97.0
2026-09-11,24,795.0,PUT,92.0
2026-09-11,24,800.0,PUT,615.0
2026-09-11,24,805.0,PUT,53.0
2026-09-11,24,810.0,PUT,84.0
2026-09-11,24,815.0,PUT,40.0
2026-09-11,24,820.0,PUT,246.0
2026-09-11,24,825.0,PUT,69.0
2026-09-11,24,830.0,PUT,208.0
2026-09-11,24,835.0,PUT,47.0
2026-09-11,24,840.0,PUT,125.0
2026-09-11,24,845.0,PUT,65.0
2026-09-11,24,850.0,PUT,250.0
2026-09-11,24,855.0,PUT,67.0
2026-09-11,24,860.0,PUT,78.0
2026-09-11,24,865.0,PUT,48.0
2026-09-11,24,870.0,PUT,50.0
2026-09-11,24,875.0,PUT,36.0
2026-09-11,24,880.0,PUT,97.0
2026-09-11,24,885.0,PUT,34.0
2026-09-11,24,890.0,PUT,46.0
2026-09-11,24,895.0,PUT,129.0
2026-09-11,24,900.0,PUT,130.0
2026-09-11,24,905.0,PUT,39.0
2026-09-11,24,910.0,PUT,78.0
2026-09-11,24,915.0,PUT,37.0
2026-09-11,24,920.0,PUT,720.0
2026-09-11,24,925.0,PUT,34.0
2026-09-11,24,930.0,PUT,21.0
2026-09-11,24,935.0,PUT,25.0
2026-09-11,24,940.0,PUT,42.0
2026-09-11,24,945.0,PUT,30.0
2026-09-11,24,950.0,PUT,58.0
2026-09-11,24,955.0,PUT,26.0
2026-09-11,24,960.0,PUT,38.0
2026-09-11,24,965.0,PUT,47.0
2026-09-11,24,970.0,PUT,12.0
2026-09-11,24,975.0,PUT,24.0
2026-09-11,24,980.0,PUT,27.0
2026-09-11,24,985.0,PUT,49.0
2026-09-11,24,990.0,PUT,12.0
2026-09-11,24,995.0,PUT,49.0
2026-09-11,24,1000.0,PUT,59.0
2026-09-11,24,1005.0,PUT,12.0
2026-09-11,24,1010.0,PUT,31.0
2026-09-11,24,1015.0,PUT,43.0
2026-09-11,24,1020.0,PUT,41.0
2026-09-11,24,1025.0,PUT,7.0
2026-09-11,24,1030.0,PUT,16.0
2026-09-11,24,1035.0,PUT,9.0
2026-09-11,24,1040.0,PUT,11.0
2026-09-11,24,1045.0,PUT,1.0
2026-09-11,24,1050.0,PUT,13.0
2026-09-11,24,1055.0,PUT,1.0
2026-09-11,24,1060.0,PUT,9.0
2026-09-11,24,1075.0,PUT,1.0
2026-09-11,24,1090.0,PUT,6.0
2026-09-11,24,1095.0,PUT,3.0
2026-09-11,24,1100.0,PUT,3.0
2026-09-11,24,1110.0,PUT,3.0
2026-09-11,24,1140.0,PUT,2.0
2026-09-11,24,1150.0,PUT,2.0
2026-09-11,24,1160.0,PUT,5.0
2026-09-11,24,1200.0,PUT,3.0
2026-09-11,24,1210.0,PUT,2.0
2026-09-11,24,1220.0,PUT,2.0
2026-09-11,24,1240.0,PUT,1.0
2026-09-11,24,1250.0,PUT,1.0
2026-09-11,24,1260.0,PUT,1.0
2026-09-11,24,1310.0,PUT,1.0
2026-09-11,24,1500.0,PUT,0.0
2026-09-11,24,1510.0,PUT,0.0
2026-09-11,24,1520.0,PUT,0.0
2026-09-11,24,1630.0,PUT,0.0
2026-09-18,31,5.0,CALL,198.0
2026-09-18,31,10.0,CALL,4.0
2026-09-18,31,15.0,CALL,26.0
2026-09-18,31,20.0,CALL,6.0
2026-09-18,31,25.0,CALL,2.0
2026-09-18,31,50.0,CALL,89.0
2026-09-18,31,55.0,CALL,61.0
2026-09-18,31,60.0,CALL,20.0
2026-09-18,31,65.0,CALL,25.0
2026-09-18,31,70.0,CALL,19.0
2026-09-18,31,75.0,CALL,51.0
2026-09-18,31,80.0,CALL,611.0
2026-09-18,31,85.0,CALL,478.0
2026-09-18,31,90.0,CALL,339.0
2026-09-18,31,95.0,CALL,261.0
2026-09-18,31,100.0,CALL,169.0
2026-09-18,31,105.0,CALL,90.0
2026-09-18,31,110.0,CALL,176.0
2026-09-18,31,115.0,CALL,244.0
2026-09-18,31,120.0,CALL,545.0
2026-09-18,31,125.0,CALL,230.0
2026-09-18,31,130.0,CALL,1151.0
2026-09-18,31,135.0,CALL,179.0
2026-09-18,31,140.0,CALL,252.0
2026-09-18,31,145.0,CALL,136.0
2026-09-18,31,150.0,CALL,465.0
2026-09-18,31,155.0,CALL,190.0
2026-09-18,31,160.0,CALL,175.0
2026-09-18,31,165.0,CALL,188.0
2026-09-18,31,170.0,CALL,270.0
2026-09-18,31,175.0,CALL,140.0
2026-09-18,31,180.0,CALL,345.0
2026-09-18,31,185.0,CALL,1125.0
2026-09-18,31,190.0,CALL,539.0
2026-09-18,31,195.0,CALL,997.0
2026-09-18,31,200.0,CALL,559.0
2026-09-18,31,210.0,CALL,135.0
2026-09-18,31,220.0,CALL,191.0
2026-09-18,31,230.0,CALL,307.0
2026-09-18,31,240.0,CALL,386.0
2026-09-18,31,250.0,CALL,599.0
2026-09-18,31,260.0,CALL,306.0
2026-09-18,31,270.0,CALL,206.0
2026-09-18,31,280.0,CALL,241.0
2026-09-18,31,290.0,CALL,151.0
2026-09-18,31,300.0,CALL,550.0
2026-09-18,31,310.0,CALL,254.0
2026-09-18,31,320.0,CALL,853.0
2026-09-18,31,330.0,CALL,339.0
2026-09-18,31,340.0,CALL,320.0
2026-09-18,31,350.0,CALL,631.0
2026-09-18,31,360.0,CALL,783.0
2026-09-18,31,370.0,CALL,785.0
2026-09-18,31,380.0,CALL,530.0
2026-09-18,31,390.0,CALL,361.0
2026-09-18,31,400.0,CALL,2188.0
2026-09-18,31,410.0,CALL,1328.0
2026-09-18,31,420.0,CALL,552.0
2026-09-18,31,430.0,CALL,594.0
2026-09-18,31,440.0,CALL,851.0
2026-09-18,31,450.0,CALL,1396.0
2026-09-18,31,460.0,CALL,425.0
2026-09-18,31,470.0,CALL,224.0
2026-09-18,31,480.0,CALL,697.0
2026-09-18,31,490.0,CALL,466.0
2026-09-18,31,500.0,CALL,3575.0
2026-09-18,31,510.0,CALL,302.0
2026-09-18,31,520.0,CALL,870.0
2026-09-18,31,530.0,CALL,409.0
2026-09-18,31,540.0,CALL,303.0
2026-09-18,31,550.0,CALL,1857.0
2026-09-18,31,560.0,CALL,725.0
2026-09-18,31,570.0,CALL,773.0
2026-09-18,31,580.0,CALL,396.0
2026-09-18,31,590.0,CALL,439.0
2026-09-18,31,600.0,CALL,2514.0
2026-09-18,31,610.0,CALL,275.0
2026-09-18,31,620.0,CALL,672.0
2026-09-18,31,630.0,CALL,207.0
2026-09-18,31,640.0,CALL,286.0
2026-09-18,31,650.0,CALL,849.0
2026-09-18,31,660.0,CALL,430.0
2026-09-18,31,670.0,CALL,725.0
2026-09-18,31,680.0,CALL,744.0
2026-09-18,31,690.0,CALL,381.0
2026-09-18,31,700.0,CALL,3019.0
2026-09-18,31,710.0,CALL,331.0
2026-09-18,31,720.0,CALL,236.0
2026-09-18,31,730.0,CALL,340.0
2026-09-18,31,740.0,CALL,1570.0
2026-09-18,31,750.0,CALL,1430.0
2026-09-18,31,760.0,CALL,412.0
2026-09-18,31,770.0,CALL,404.0
2026-09-18,31,780.0,CALL,808.0
2026-09-18,31,790.0,CALL,407.0
2026-09-18,31,800.0,CALL,3621.0
2026-09-18,31,810.0,CALL,720.0
2026-09-18,31,820.0,CALL,646.0
2026-09-18,31,830.0,CALL,393.0
2026-09-18,31,840.0,CALL,339.0
2026-09-18,31,850.0,CALL,1792.0
2026-09-18,31,860.0,CALL,507.0
2026-09-18,31,870.0,CALL,552.0
2026-09-18,31,880.0,CALL,1558.0
2026-09-18,31,890.0,CALL,974.0
2026-09-18,31,900.0,CALL,5616.0
2026-09-18,31,910.0,CALL,3321.0
2026-09-18,31,920.0,CALL,895.0
2026-09-18,31,930.0,CALL,611.0
2026-09-18,31,940.0,CALL,673.0
2026-09-18,31,950.0,CALL,1383.0
2026-09-18,31,960.0,CALL,775.0
2026-09-18,31,970.0,CALL,753.0
2026-09-18,31,980.0,CALL,942.0
2026-09-18,31,990.0,CALL,1916.0
2026-09-18,31,1000.0,CALL,10072.0
2026-09-18,31,1010.0,CALL,648.0
2026-09-18,31,1020.0,CALL,1724.0
2026-09-18,31,1030.0,CALL,813.0
2026-09-18,31,1040.0,CALL,497.0
2026-09-18,31,1050.0,CALL,2746.0
2026-09-18,31,1060.0,CALL,944.0
2026-09-18,31,1070.0,CALL,521.0
2026-09-18,31,1080.0,CALL,872.0
2026-09-18,31,1090.0,CALL,833.0
2026-09-18,31,1100.0,CALL,5637.0
2026-09-18,31,1110.0,CALL,752.0
2026-09-18,31,1120.0,CALL,357.0
2026-09-18,31,1130.0,CALL,946.0
2026-09-18,31,1140.0,CALL,284.0
2026-09-18,31,1150.0,CALL,2894.0
2026-09-18,31,1160.0,CALL,232.0
2026-09-18,31,1170.0,CALL,501.0
2026-09-18,31,1180.0,CALL,577.0
2026-09-18,31,1190.0,CALL,328.0
2026-09-18,31,1200.0,CALL,6993.0
2026-09-18,31,1210.0,CALL,659.0
2026-09-18,31,1220.0,CALL,717.0
2026-09-18,31,1230.0,CALL,416.0
2026-09-18,31,1240.0,CALL,862.0
2026-09-18,31,1250.0,CALL,2181.0
2026-09-18,31,1260.0,CALL,448.0
2026-09-18,31,1270.0,CALL,589.0
2026-09-18,31,1280.0,CALL,251.0
2026-09-18,31,1290.0,CALL,336.0
2026-09-18,31,1300.0,CALL,4674.0
2026-09-18,31,1310.0,CALL,262.0
2026-09-18,31,1320.0,CALL,344.0
2026-09-18,31,1330.0,CALL,313.0
2026-09-18,31,1340.0,CALL,156.0
2026-09-18,31,1350.0,CALL,1189.0
2026-09-18,31,1360.0,CALL,288.0
2026-09-18,31,1370.0,CALL,195.0
2026-09-18,31,1380.0,CALL,300.0
2026-09-18,31,1390.0,CALL,246.0
2026-09-18,31,1400.0,CALL,2079.0
2026-09-18,31,1410.0,CALL,152.0
2026-09-18,31,1420.0,CALL,195.0
2026-09-18,31,1430.0,CALL,284.0
2026-09-18,31,1440.0,CALL,217.0
2026-09-18,31,1450.0,CALL,1678.0
2026-09-18,31,1460.0,CALL,472.0
2026-09-18,31,1470.0,CALL,348.0
2026-09-18,31,1480.0,CALL,458.0
2026-09-18,31,1490.0,CALL,325.0
2026-09-18,31,1500.0,CALL,7428.0
2026-09-18,31,1510.0,CALL,155.0
2026-09-18,31,1520.0,CALL,434.0
2026-09-18,31,1530.0,CALL,188.0
2026-09-18,31,1540.0,CALL,219.0
2026-09-18,31,1550.0,CALL,733.0
2026-09-18,31,1560.0,CALL,195.0
2026-09-18,31,1570.0,CALL,157.0
2026-09-18,31,1580.0,CALL,290.0
2026-09-18,31,1590.0,CALL,170.0
2026-09-18,31,1600.0,CALL,2508.0
2026-09-18,31,1610.0,CALL,303.0
2026-09-18,31,1620.0,CALL,170.0
2026-09-18,31,1630.0,CALL,620.0
2026-09-18,31,1640.0,CALL,266.0
2026-09-18,31,1650.0,CALL,385.0
2026-09-18,31,1660.0,CALL,206.0
2026-09-18,31,1670.0,CALL,101.0
2026-09-18,31,1680.0,CALL,86.0
2026-09-18,31,1690.0,CALL,112.0
2026-09-18,31,1700.0,CALL,853.0
2026-09-18,31,1710.0,CALL,159.0
2026-09-18,31,1720.0,CALL,116.0
2026-09-18,31,1730.0,CALL,121.0
2026-09-18,31,1740.0,CALL,48.0
2026-09-18,31,1750.0,CALL,245.0
2026-09-18,31,1760.0,CALL,197.0
2026-09-18,31,1770.0,CALL,207.0
2026-09-18,31,1780.0,CALL,143.0
2026-09-18,31,1790.0,CALL,190.0
2026-09-18,31,1800.0,CALL,794.0
2026-09-18,31,1810.0,CALL,105.0
2026-09-18,31,1820.0,CALL,237.0
2026-09-18,31,1830.0,CALL,365.0
2026-09-18,31,1840.0,CALL,24.0
2026-09-18,31,1850.0,CALL,169.0
2026-09-18,31,1860.0,CALL,320.0
2026-09-18,31,1870.0,CALL,111.0
2026-09-18,31,1880.0,CALL,36.0
2026-09-18,31,1890.0,CALL,90.0
2026-09-18,31,1900.0,CALL,542.0
2026-09-18,31,1910.0,CALL,398.0
2026-09-18,31,1920.0,CALL,230.0
2026-09-18,31,1930.0,CALL,204.0
2026-09-18,31,1940.0,CALL,48.0
2026-09-18,31,1950.0,CALL,266.0
2026-09-18,31,1960.0,CALL,159.0
2026-09-18,31,1970.0,CALL,255.0
2026-09-18,31,1980.0,CALL,289.0
2026-09-18,31,1990.0,CALL,794.0
2026-09-18,31,2000.0,CALL,1946.0
2026-09-18,31,2010.0,CALL,74.0
2026-09-18,31,2020.0,CALL,111.0
2026-09-18,31,2030.0,CALL,440.0
2026-09-18,31,2040.0,CALL,139.0
2026-09-18,31,2050.0,CALL,195.0
2026-09-18,31,2060.0,CALL,321.0
2026-09-18,31,2070.0,CALL,307.0
2026-09-18,31,2080.0,CALL,57.0
2026-09-18,31,2090.0,CALL,119.0
2026-09-18,31,2100.0,CALL,184.0
2026-09-18,31,2110.0,CALL,110.0
2026-09-18,31,2120.0,CALL,49.0
2026-09-18,31,2130.0,CALL,44.0
2026-09-18,31,2140.0,CALL,135.0
2026-09-18,31,2150.0,CALL,92.0
2026-09-18,31,2160.0,CALL,42.0
2026-09-18,31,2170.0,CALL,1008.0
2026-09-18,31,2180.0,CALL,188.0
2026-09-18,31,2190.0,CALL,221.0
2026-09-18,31,2200.0,CALL,557.0
2026-09-18,31,2210.0,CALL,243.0
2026-09-18,31,2220.0,CALL,287.0
2026-09-18,31,2230.0,CALL,151.0
2026-09-18,31,2240.0,CALL,40.0
2026-09-18,31,2250.0,CALL,95.0
2026-09-18,31,2260.0,CALL,169.0
2026-09-18,31,2270.0,CALL,80.0
2026-09-18,31,2280.0,CALL,29.0
2026-09-18,31,2290.0,CALL,198.0
2026-09-18,31,2300.0,CALL,271.0
2026-09-18,31,2310.0,CALL,69.0
2026-09-18,31,2320.0,CALL,39.0
2026-09-18,31,2330.0,CALL,137.0
2026-09-18,31,2340.0,CALL,84.0
2026-09-18,31,2350.0,CALL,109.0
2026-09-18,31,2360.0,CALL,105.0
2026-09-18,31,2370.0,CALL,94.0
2026-09-18,31,2380.0,CALL,77.0
2026-09-18,31,2390.0,CALL,62.0
2026-09-18,31,2400.0,CALL,311.0
2026-09-18,31,2410.0,CALL,70.0
2026-09-18,31,2420.0,CALL,346.0
2026-09-18,31,2440.0,CALL,169.0
2026-09-18,31,2460.0,CALL,180.0
2026-09-18,31,2480.0,CALL,208.0
2026-09-18,31,2500.0,CALL,5003.0
2026-09-18,31,5.0,PUT,403.0
2026-09-18,31,10.0,PUT,3.0
2026-09-18,31,15.0,PUT,160.0
2026-09-18,31,20.0,PUT,25.0
2026-09-18,31,25.0,PUT,18.0
2026-09-18,31,30.0,PUT,621.0
2026-09-18,31,35.0,PUT,1238.0
2026-09-18,31,40.0,PUT,1530.0
2026-09-18,31,45.0,PUT,10177.0
2026-09-18,31,50.0,PUT,3633.0
2026-09-18,31,55.0,PUT,298.0
2026-09-18,31,60.0,PUT,1239.0
2026-09-18,31,65.0,PUT,958.0
2026-09-18,31,70.0,PUT,651.0
2026-09-18,31,75.0,PUT,1691.0
2026-09-18,31,80.0,PUT,603.0
2026-09-18,31,85.0,PUT,2972.0
2026-09-18,31,90.0,PUT,2241.0
2026-09-18,31,95.0,PUT,704.0
2026-09-18,31,100.0,PUT,2395.0
2026-09-18,31,105.0,PUT,805.0
2026-09-18,31,110.0,PUT,1245.0
2026-09-18,31,115.0,PUT,683.0
2026-09-18,31,120.0,PUT,787.0
2026-09-18,31,125.0,PUT,593.0
2026-09-18,31,130.0,PUT,1701.0
2026-09-18,31,135.0,PUT,1688.0
2026-09-18,31,140.0,PUT,3712.0
2026-09-18,31,145.0,PUT,907.0
2026-09-18,31,150.0,PUT,2927.0
2026-09-18,31,155.0,PUT,482.0
2026-09-18,31,160.0,PUT,1389.0
2026-09-18,31,165.0,PUT,911.0
2026-09-18,31,170.0,PUT,827.0
2026-09-18,31,175.0,PUT,536.0
2026-09-18,31,180.0,PUT,3159.0
2026-09-18,31,185.0,PUT,831.0
2026-09-18,31,190.0,PUT,1618.0
2026-09-18,31,195.0,PUT,1167.0
2026-09-18,31,200.0,PUT,6845.0
2026-09-18,31,210.0,PUT,1522.0
2026-09-18,31,220.0,PUT,2029.0
2026-09-18,31,230.0,PUT,4494.0
2026-09-18,31,240.0,PUT,1372.0
2026-09-18,31,250.0,PUT,4415.0
2026-09-18,31,260.0,PUT,4696.0
2026-09-18,31,270.0,PUT,1947.0
2026-09-18,31,280.0,PUT,1611.0
2026-09-18,31,290.0,PUT,3258.0
2026-09-18,31,300.0,PUT,6698.0
2026-09-18,31,310.0,PUT,1666.0
2026-09-18,31,320.0,PUT,2128.0
2026-09-18,31,330.0,PUT,3726.0
2026-09-18,31,340.0,PUT,1556.0
2026-09-18,31,350.0,PUT,4263.0
2026-09-18,31,360.0,PUT,2073.0
2026-09-18,31,370.0,PUT,2255.0
2026-09-18,31,380.0,PUT,4759.0
2026-09-18,31,390.0,PUT,2181.0
2026-09-18,31,400.0,PUT,9688.0
2026-09-18,31,410.0,PUT,2642.0
2026-09-18,31,420.0,PUT,1875.0
2026-09-18,31,430.0,PUT,1448.0
2026-09-18,31,440.0,PUT,1657.0
2026-09-18,31,450.0,PUT,1905.0
2026-09-18,31,460.0,PUT,3461.0
2026-09-18,31,470.0,PUT,1474.0
2026-09-18,31,480.0,PUT,580.0
2026-09-18,31,490.0,PUT,355.0
2026-09-18,31,500.0,PUT,9425.0
2026-09-18,31,510.0,PUT,286.0
2026-09-18,31,520.0,PUT,1172.0
2026-09-18,31,530.0,PUT,407.0
2026-09-18,31,540.0,PUT,651.0
2026-09-18,31,550.0,PUT,2004.0
2026-09-18,31,560.0,PUT,808.0
2026-09-18,31,570.0,PUT,336.0
2026-09-18,31,580.0,PUT,636.0
2026-09-18,31,590.0,PUT,2018.0
2026-09-18,31,600.0,PUT,6545.0
2026-09-18,31,610.0,PUT,1186.0
2026-09-18,31,620.0,PUT,1317.0
2026-09-18,31,630.0,PUT,475.0
2026-09-18,31,640.0,PUT,1373.0
2026-09-18,31,650.0,PUT,4763.0
2026-09-18,31,660.0,PUT,1472.0
2026-09-18,31,670.0,PUT,733.0
2026-09-18,31,680.0,PUT,3851.0
2026-09-18,31,690.0,PUT,964.0
2026-09-18,31,700.0,PUT,4601.0
2026-09-18,31,710.0,PUT,686.0
2026-09-18,31,720.0,PUT,1604.0
2026-09-18,31,730.0,PUT,781.0
2026-09-18,31,740.0,PUT,894.0
2026-09-18,31,750.0,PUT,4455.0
2026-09-18,31,760.0,PUT,1538.0
2026-09-18,31,770.0,PUT,870.0
2026-09-18,31,780.0,PUT,1813.0
2026-09-18,31,790.0,PUT,1105.0
2026-09-18,31,800.0,PUT,6714.0
2026-09-18,31,810.0,PUT,946.0
2026-09-18,31,820.0,PUT,1258.0
2026-09-18,31,830.0,PUT,2356.0
2026-09-18,31,840.0,PUT,968.0
2026-09-18,31,850.0,PUT,3249.0
2026-09-18,31,860.0,PUT,1241.0
2026-09-18,31,870.0,PUT,1000.0
2026-09-18,31,880.0,PUT,910.0
2026-09-18,31,890.0,PUT,1050.0
2026-09-18,31,900.0,PUT,3805.0
2026-09-18,31,910.0,PUT,900.0
2026-09-18,31,920.0,PUT,2004.0
2026-09-18,31,930.0,PUT,858.0
2026-09-18,31,940.0,PUT,874.0
2026-09-18,31,950.0,PUT,1588.0
2026-09-18,31,960.0,PUT,1302.0
2026-09-18,31,970.0,PUT,736.0
2026-09-18,31,980.0,PUT,795.0
2026-09-18,31,990.0,PUT,569.0
2026-09-18,31,1000.0,PUT,2425.0
2026-09-18,31,1010.0,PUT,536.0
2026-09-18,31,1020.0,PUT,346.0
2026-09-18,31,1030.0,PUT,304.0
2026-09-18,31,1040.0,PUT,104.0
2026-09-18,31,1050.0,PUT,1007.0
2026-09-18,31,1060.0,PUT,514.0
2026-09-18,31,1070.0,PUT,342.0
2026-09-18,31,1080.0,PUT,88.0
2026-09-18,31,1090.0,PUT,163.0
2026-09-18,31,1100.0,PUT,1163.0
2026-09-18,31,1110.0,PUT,141.0
2026-09-18,31,1120.0,PUT,276.0
2026-09-18,31,1130.0,PUT,41.0
2026-09-18,31,1140.0,PUT,42.0
2026-09-18,31,1150.0,PUT,449.0
2026-09-18,31,1160.0,PUT,32.0
2026-09-18,31,1170.0,PUT,72.0
2026-09-18,31,1180.0,PUT,48.0
2026-09-18,31,1190.0,PUT,67.0
2026-09-18,31,1200.0,PUT,1083.0
2026-09-18,31,1210.0,PUT,28.0
2026-09-18,31,1220.0,PUT,74.0
2026-09-18,31,1230.0,PUT,30.0
2026-09-18,31,1240.0,PUT,24.0
2026-09-18,31,1250.0,PUT,137.0
2026-09-18,31,1260.0,PUT,11.0
2026-09-18,31,1270.0,PUT,14.0
2026-09-18,31,1280.0,PUT,17.0
2026-09-18,31,1290.0,PUT,49.0
2026-09-18,31,1300.0,PUT,602.0
2026-09-18,31,1310.0,PUT,21.0
2026-09-18,31,1320.0,PUT,6.0
2026-09-18,31,1330.0,PUT,171.0
2026-09-18,31,1340.0,PUT,33.0
2026-09-18,31,1350.0,PUT,63.0
2026-09-18,31,1360.0,PUT,30.0
2026-09-18,31,1370.0,PUT,5.0
2026-09-18,31,1380.0,PUT,2.0
2026-09-18,31,1390.0,PUT,31.0
2026-09-18,31,1400.0,PUT,179.0
2026-09-18,31,1410.0,PUT,37.0
2026-09-18,31,1420.0,PUT,13.0
2026-09-18,31,1430.0,PUT,53.0
2026-09-18,31,1440.0,PUT,6.0
2026-09-18,31,1450.0,PUT,1.0
2026-09-18,31,1460.0,PUT,146.0
2026-09-18,31,1470.0,PUT,1.0
2026-09-18,31,1480.0,PUT,0.0
2026-09-18,31,1500.0,PUT,460.0
2026-09-18,31,1510.0,PUT,1.0
2026-09-18,31,1520.0,PUT,0.0
2026-09-18,31,1530.0,PUT,0.0
2026-09-18,31,1540.0,PUT,0.0
2026-09-18,31,1550.0,PUT,0.0
2026-09-18,31,1560.0,PUT,0.0
2026-09-18,31,1570.0,PUT,0.0
2026-09-18,31,1580.0,PUT,0.0
2026-09-18,31,1590.0,PUT,0.0
2026-09-18,31,1600.0,PUT,0.0
2026-09-18,31,1610.0,PUT,13.0
2026-09-18,31,1620.0,PUT,0.0
2026-09-18,31,1630.0,PUT,0.0
2026-09-18,31,1640.0,PUT,0.0
2026-09-18,31,1650.0,PUT,0.0
2026-09-18,31,1660.0,PUT,0.0
2026-09-18,31,1670.0,PUT,0.0
2026-09-18,31,1680.0,PUT,13.0
2026-09-18,31,1690.0,PUT,1.0
2026-09-18,31,1700.0,PUT,0.0
2026-09-18,31,1750.0,PUT,0.0
2026-09-18,31,1770.0,PUT,1.0
2026-09-18,31,1790.0,PUT,10.0
2026-09-18,31,1800.0,PUT,0.0
2026-09-18,31,1820.0,PUT,0.0
2026-09-18,31,1830.0,PUT,0.0
2026-09-18,31,1840.0,PUT,0.0
2026-09-18,31,1860.0,PUT,0.0
2026-09-18,31,1870.0,PUT,0.0
2026-09-18,31,1880.0,PUT,0.0
2026-09-18,31,1890.0,PUT,0.0
2026-09-18,31,1900.0,PUT,0.0
2026-09-18,31,1910.0,PUT,0.0
2026-09-18,31,1920.0,PUT,1.0
2026-09-18,31,1930.0,PUT,0.0
2026-09-18,31,1940.0,PUT,0.0
2026-09-18,31,1950.0,PUT,0.0
2026-09-18,31,1960.0,PUT,0.0
2026-09-18,31,1970.0,PUT,0.0
2026-09-18,31,1980.0,PUT,0.0
2026-09-18,31,1990.0,PUT,0.0
2026-09-18,31,2000.0,PUT,9.0
2026-09-18,31,2010.0,PUT,0.0
2026-09-18,31,2020.0,PUT,0.0
2026-09-18,31,2030.0,PUT,0.0
2026-09-18,31,2050.0,PUT,0.0
2026-09-18,31,2090.0,PUT,4.0
2026-09-18,31,2100.0,PUT,0.0
2026-09-18,31,2110.0,PUT,0.0
2026-09-18,31,2120.0,PUT,0.0
2026-09-18,31,2130.0,PUT,0.0
2026-09-18,31,2140.0,PUT,1.0
2026-09-18,31,2170.0,PUT,0.0
2026-09-18,31,2190.0,PUT,0.0
2026-09-18,31,2200.0,PUT,0.0
2026-09-18,31,2210.0,PUT,0.0
2026-09-18,31,2220.0,PUT,0.0
2026-09-18,31,2250.0,PUT,0.0
2026-09-18,31,2270.0,PUT,0.0
2026-09-18,31,2280.0,PUT,0.0
2026-09-18,31,2290.0,PUT,0.0
2026-09-18,31,2320.0,PUT,0.0
2026-09-18,31,2350.0,PUT,0.0
2026-09-18,31,2370.0,PUT,0.0
2026-09-18,31,2420.0,PUT,0.0
2026-09-18,31,2440.0,PUT,0.0
2026-09-25,38,275.0,CALL,3.0
2026-09-25,38,440.0,CALL,1.0
2026-09-25,38,480.0,CALL,1.0
2026-09-25,38,560.0,CALL,1.0
2026-09-25,38,580.0,CALL,4.0
2026-09-25,38,585.0,CALL,4.0
2026-09-25,38,595.0,CALL,4.0
2026-09-25,38,600.0,CALL,1.0
2026-09-25,38,605.0,CALL,4.0
2026-09-25,38,615.0,CALL,4.0
2026-09-25,38,620.0,CALL,4.0
2026-09-25,38,625.0,CALL,4.0
2026-09-25,38,630.0,CALL,5.0
2026-09-25,38,635.0,CALL,5.0
2026-09-25,38,640.0,CALL,1.0
2026-09-25,38,655.0,CALL,3.0
2026-09-25,38,695.0,CALL,2.0
2026-09-25,38,700.0,CALL,11.0
2026-09-25,38,745.0,CALL,1.0
2026-09-25,38,750.0,CALL,4.0
2026-09-25,38,755.0,CALL,3.0
2026-09-25,38,760.0,CALL,2.0
2026-09-25,38,765.0,CALL,24.0
2026-09-25,38,770.0,CALL,4.0
2026-09-25,38,775.0,CALL,11.0
2026-09-25,38,780.0,CALL,9.0
2026-09-25,38,785.0,CALL,1.0
2026-09-25,38,790.0,CALL,5.0
2026-09-25,38,795.0,CALL,6.0
2026-09-25,38,800.0,CALL,113.0
2026-09-25,38,805.0,CALL,6.0
2026-09-25,38,810.0,CALL,14.0
2026-09-25,38,815.0,CALL,17.0
2026-09-25,38,820.0,CALL,6.0
2026-09-25,38,825.0,CALL,14.0
2026-09-25,38,830.0,CALL,5.0
2026-09-25,38,835.0,CALL,3.0
2026-09-25,38,840.0,CALL,16.0
2026-09-25,38,845.0,CALL,11.0
2026-09-25,38,850.0,CALL,53.0
2026-09-25,38,855.0,CALL,11.0
2026-09-25,38,860.0,CALL,44.0
2026-09-25,38,865.0,CALL,11.0
2026-09-25,38,870.0,CALL,129.0
2026-09-25,38,875.0,CALL,19.0
2026-09-25,38,880.0,CALL,40.0
2026-09-25,38,885.0,CALL,12.0
2026-09-25,38,890.0,CALL,26.0
2026-09-25,38,895.0,CALL,16.0
2026-09-25,38,900.0,CALL,226.0
2026-09-25,38,905.0,CALL,24.0
2026-09-25,38,910.0,CALL,49.0
2026-09-25,38,915.0,CALL,24.0
2026-09-25,38,920.0,CALL,49.0
2026-09-25,38,925.0,CALL,23.0
2026-09-25,38,930.0,CALL,125.0
2026-09-25,38,935.0,CALL,12.0
2026-09-25,38,940.0,CALL,17.0
2026-09-25,38,945.0,CALL,13.0
2026-09-25,38,950.0,CALL,118.0
2026-09-25,38,955.0,CALL,9.0
2026-09-25,38,960.0,CALL,52.0
2026-09-25,38,965.0,CALL,58.0
2026-09-25,38,970.0,CALL,75.0
2026-09-25,38,975.0,CALL,37.0
2026-09-25,38,980.0,CALL,130.0
2026-09-25,38,985.0,CALL,40.0
2026-09-25,38,990.0,CALL,103.0
2026-09-25,38,995.0,CALL,62.0
2026-09-25,38,1000.0,CALL,572.0
2026-09-25,38,1005.0,CALL,96.0
2026-09-25,38,1010.0,CALL,37.0
2026-09-25,38,1015.0,CALL,18.0
2026-09-25,38,1020.0,CALL,291.0
2026-09-25,38,1025.0,CALL,269.0
2026-09-25,38,1030.0,CALL,62.0
2026-09-25,38,1035.0,CALL,108.0
2026-09-25,38,1040.0,CALL,30.0
2026-09-25,38,1045.0,CALL,18.0
2026-09-25,38,1050.0,CALL,183.0
2026-09-25,38,1055.0,CALL,15.0
2026-09-25,38,1060.0,CALL,65.0
2026-09-25,38,1065.0,CALL,26.0
2026-09-25,38,1070.0,CALL,60.0
2026-09-25,38,1075.0,CALL,20.0
2026-09-25,38,1080.0,CALL,27.0
2026-09-25,38,1085.0,CALL,22.0
2026-09-25,38,1090.0,CALL,19.0
2026-09-25,38,1095.0,CALL,35.0
2026-09-25,38,1100.0,CALL,446.0
2026-09-25,38,1105.0,CALL,35.0
2026-09-25,38,1110.0,CALL,424.0
2026-09-25,38,1115.0,CALL,27.0
2026-09-25,38,1120.0,CALL,16.0
2026-09-25,38,1125.0,CALL,11.0
2026-09-25,38,1130.0,CALL,11.0
2026-09-25,38,1135.0,CALL,16.0
2026-09-25,38,1140.0,CALL,11.0
2026-09-25,38,1150.0,CALL,222.0
2026-09-25,38,1160.0,CALL,51.0
2026-09-25,38,1170.0,CALL,61.0
2026-09-25,38,1180.0,CALL,95.0
2026-09-25,38,1190.0,CALL,34.0
2026-09-25,38,1200.0,CALL,842.0
2026-09-25,38,1210.0,CALL,462.0
2026-09-25,38,1220.0,CALL,82.0
2026-09-25,38,1230.0,CALL,110.0
2026-09-25,38,1240.0,CALL,47.0
2026-09-25,38,1250.0,CALL,609.0
2026-09-25,38,1260.0,CALL,45.0
2026-09-25,38,1270.0,CALL,20.0
2026-09-25,38,1280.0,CALL,38.0
2026-09-25,38,1290.0,CALL,24.0
2026-09-25,38,1300.0,CALL,213.0
2026-09-25,38,1310.0,CALL,69.0
2026-09-25,38,1320.0,CALL,26.0
2026-09-25,38,1330.0,CALL,23.0
2026-09-25,38,1340.0,CALL,20.0
2026-09-25,38,1350.0,CALL,113.0
2026-09-25,38,1360.0,CALL,14.0
2026-09-25,38,1370.0,CALL,10.0
2026-09-25,38,1380.0,CALL,4.0
2026-09-25,38,1390.0,CALL,9.0
2026-09-25,38,1400.0,CALL,193.0
2026-09-25,38,1410.0,CALL,34.0
2026-09-25,38,1420.0,CALL,40.0
2026-09-25,38,1430.0,CALL,40.0
2026-09-25,38,1440.0,CALL,35.0
2026-09-25,38,1450.0,CALL,59.0
2026-09-25,38,1460.0,CALL,33.0
2026-09-25,38,1470.0,CALL,3.0
2026-09-25,38,1480.0,CALL,3.0
2026-09-25,38,1490.0,CALL,9.0
2026-09-25,38,1500.0,CALL,167.0
2026-09-25,38,1510.0,CALL,34.0
2026-09-25,38,1520.0,CALL,2.0
2026-09-25,38,1540.0,CALL,43.0
2026-09-25,38,1550.0,CALL,22.0
2026-09-25,38,1600.0,CALL,22.0
2026-09-25,38,1610.0,CALL,1.0
2026-09-25,38,1620.0,CALL,13.0
2026-09-25,38,1640.0,CALL,13.0
2026-09-25,38,1660.0,CALL,8.0
2026-09-25,38,1670.0,CALL,100.0
2026-09-25,38,1680.0,CALL,14.0
2026-09-25,38,1690.0,CALL,10.0
2026-09-25,38,1700.0,CALL,2.0
2026-09-25,38,1720.0,CALL,3.0
2026-09-25,38,1730.0,CALL,72.0
2026-09-25,38,115.0,PUT,1.0
2026-09-25,38,130.0,PUT,1.0
2026-09-25,38,145.0,PUT,1.0
2026-09-25,38,155.0,PUT,1.0
2026-09-25,38,160.0,PUT,1.0
2026-09-25,38,165.0,PUT,1.0
2026-09-25,38,170.0,PUT,1.0
2026-09-25,38,220.0,PUT,1.0
2026-09-25,38,225.0,PUT,74.0
2026-09-25,38,230.0,PUT,1694.0
2026-09-25,38,235.0,PUT,119.0
2026-09-25,38,240.0,PUT,141.0
2026-09-25,38,245.0,PUT,133.0
2026-09-25,38,250.0,PUT,81.0
2026-09-25,38,255.0,PUT,41.0
2026-09-25,38,260.0,PUT,275.0
2026-09-25,38,265.0,PUT,254.0
2026-09-25,38,270.0,PUT,396.0
2026-09-25,38,275.0,PUT,19.0
2026-09-25,38,280.0,PUT,60.0
2026-09-25,38,285.0,PUT,75.0
2026-09-25,38,290.0,PUT,142.0
2026-09-25,38,295.0,PUT,150.0
2026-09-25,38,300.0,PUT,399.0
2026-09-25,38,305.0,PUT,124.0
2026-09-25,38,310.0,PUT,10.0
2026-09-25,38,315.0,PUT,91.0
2026-09-25,38,320.0,PUT,90.0
2026-09-25,38,325.0,PUT,46.0
2026-09-25,38,345.0,PUT,1.0
2026-09-25,38,350.0,PUT,3.0
2026-09-25,38,355.0,PUT,1.0
2026-09-25,38,365.0,PUT,0.0
2026-09-25,38,370.0,PUT,2.0
2026-09-25,38,375.0,PUT,0.0
2026-09-25,38,380.0,PUT,150.0
2026-09-25,38,385.0,PUT,1.0
2026-09-25,38,390.0,PUT,51.0
2026-09-25,38,395.0,PUT,1.0
2026-09-25,38,400.0,PUT,10.0
2026-09-25,38,405.0,PUT,2.0
2026-09-25,38,415.0,PUT,1.0
2026-09-25,38,425.0,PUT,1.0
2026-09-25,38,440.0,PUT,2.0
2026-09-25,38,450.0,PUT,2.0
2026-09-25,38,460.0,PUT,14.0
2026-09-25,38,470.0,PUT,0.0
2026-09-25,38,475.0,PUT,2.0
2026-09-25,38,480.0,PUT,163.0
2026-09-25,38,490.0,PUT,1.0
2026-09-25,38,495.0,PUT,2.0
2026-09-25,38,500.0,PUT,26.0
2026-09-25,38,510.0,PUT,2.0
2026-09-25,38,520.0,PUT,2.0
2026-09-25,38,525.0,PUT,7.0
2026-09-25,38,530.0,PUT,8.0
2026-09-25,38,540.0,PUT,194.0
2026-09-25,38,545.0,PUT,186.0
2026-09-25,38,550.0,PUT,121.0
2026-09-25,38,560.0,PUT,16.0
2026-09-25,38,565.0,PUT,13.0
2026-09-25,38,570.0,PUT,21.0
2026-09-25,38,575.0,PUT,17.0
2026-09-25,38,580.0,PUT,12.0
2026-09-25,38,585.0,PUT,6.0
2026-09-25,38,590.0,PUT,124.0
2026-09-25,38,595.0,PUT,117.0
2026-09-25,38,600.0,PUT,166.0
2026-09-25,38,605.0,PUT,73.0
2026-09-25,38,610.0,PUT,14.0
2026-09-25,38,615.0,PUT,8.0
2026-09-25,38,620.0,PUT,19.0
2026-09-25,38,625.0,PUT,9.0
2026-09-25,38,630.0,PUT,28.0
2026-09-25,38,635.0,PUT,6.0
2026-09-25,38,640.0,PUT,96.0
2026-09-25,38,645.0,PUT,7.0
2026-09-25,38,650.0,PUT,162.0
2026-09-25,38,655.0,PUT,8.0
2026-09-25,38,660.0,PUT,34.0
2026-09-25,38,665.0,PUT,2.0
2026-09-25,38,670.0,PUT,46.0
2026-09-25,38,675.0,PUT,77.0
2026-09-25,38,680.0,PUT,91.0
2026-09-25,38,685.0,PUT,48.0
2026-09-25,38,690.0,PUT,76.0
2026-09-25,38,695.0,PUT,46.0
2026-09-25,38,700.0,PUT,244.0
2026-09-25,38,705.0,PUT,31.0
2026-09-25,38,710.0,PUT,34.0
2026-09-25,38,715.0,PUT,20.0
2026-09-25,38,720.0,PUT,124.0
2026-09-25,38,725.0,PUT,24.0
2026-09-25,38,730.0,PUT,81.0
2026-09-25,38,735.0,PUT,19.0
2026-09-25,38,740.0,PUT,57.0
2026-09-25,38,745.0,PUT,18.0
2026-09-25,38,750.0,PUT,168.0
2026-09-25,38,755.0,PUT,21.0
2026-09-25,38,760.0,PUT,57.0
2026-09-25,38,765.0,PUT,53.0
2026-09-25,38,770.0,PUT,37.0
2026-09-25,38,775.0,PUT,62.0
2026-09-25,38,780.0,PUT,78.0
2026-09-25,38,785.0,PUT,17.0
2026-09-25,38,790.0,PUT,66.0
2026-09-25,38,795.0,PUT,27.0
2026-09-25,38,800.0,PUT,340.0
2026-09-25,38,805.0,PUT,38.0
2026-09-25,38,810.0,PUT,244.0
2026-09-25,38,815.0,PUT,28.0
2026-09-25,38,820.0,PUT,49.0
2026-09-25,38,825.0,PUT,77.0
2026-09-25,38,830.0,PUT,56.0
2026-09-25,38,835.0,PUT,13.0
2026-09-25,38,840.0,PUT,34.0
2026-09-25,38,845.0,PUT,50.0
2026-09-25,38,850.0,PUT,373.0
2026-09-25,38,855.0,PUT,42.0
2026-09-25,38,860.0,PUT,475.0
2026-09-25,38,865.0,PUT,29.0
2026-09-25,38,870.0,PUT,82.0
2026-09-25,38,875.0,PUT,227.0
2026-09-25,38,880.0,PUT,277.0
2026-09-25,38,885.0,PUT,225.0
2026-09-25,38,890.0,PUT,53.0
2026-09-25,38,895.0,PUT,70.0
2026-09-25,38,900.0,PUT,224.0
2026-09-25,38,905.0,PUT,29.0
2026-09-25,38,910.0,PUT,63.0
2026-09-25,38,915.0,PUT,22.0
2026-09-25,38,920.0,PUT,272.0
2026-09-25,38,925.0,PUT,36.0
2026-09-25,38,930.0,PUT,101.0
2026-09-25,38,935.0,PUT,25.0
2026-09-25,38,940.0,PUT,218.0
2026-09-25,38,945.0,PUT,35.0
2026-09-25,38,950.0,PUT,245.0
2026-09-25,38,955.0,PUT,45.0
2026-09-25,38,960.0,PUT,65.0
2026-09-25,38,965.0,PUT,28.0
2026-09-25,38,970.0,PUT,101.0
2026-09-25,38,975.0,PUT,47.0
2026-09-25,38,980.0,PUT,62.0
2026-09-25,38,985.0,PUT,45.0
2026-09-25,38,990.0,PUT,78.0
2026-09-25,38,995.0,PUT,7.0
2026-09-25,38,1000.0,PUT,96.0
2026-09-25,38,1005.0,PUT,9.0
2026-09-25,38,1010.0,PUT,3.0
2026-09-25,38,1015.0,PUT,48.0
2026-09-25,38,1020.0,PUT,19.0
2026-09-25,38,1025.0,PUT,13.0
2026-09-25,38,1030.0,PUT,22.0
2026-09-25,38,1035.0,PUT,38.0
2026-09-25,38,1040.0,PUT,5.0
2026-09-25,38,1045.0,PUT,5.0
2026-09-25,38,1050.0,PUT,7.0
2026-09-25,38,1055.0,PUT,3.0
2026-09-25,38,1060.0,PUT,1.0
2026-09-25,38,1065.0,PUT,2.0
2026-09-25,38,1070.0,PUT,1.0
2026-09-25,38,1075.0,PUT,1.0
2026-09-25,38,1080.0,PUT,1.0
2026-09-25,38,1085.0,PUT,1.0
2026-09-25,38,1090.0,PUT,13.0
2026-09-25,38,1095.0,PUT,2.0
2026-09-25,38,1100.0,PUT,6.0
2026-09-25,38,1105.0,PUT,1.0
2026-09-25,38,1110.0,PUT,7.0
2026-09-25,38,1115.0,PUT,9.0
2026-09-25,38,1120.0,PUT,203.0
2026-09-25,38,1125.0,PUT,2.0
2026-09-25,38,1130.0,PUT,200.0
2026-09-25,38,1135.0,PUT,1.0
2026-09-25,38,1140.0,PUT,2.0
2026-09-25,38,1150.0,PUT,8.0
2026-09-25,38,1160.0,PUT,7.0
2026-09-25,38,1170.0,PUT,12.0
2026-09-25,38,1180.0,PUT,3.0
2026-09-25,38,1190.0,PUT,4.0
2026-09-25,38,1200.0,PUT,5.0
2026-09-25,38,1210.0,PUT,2.0
2026-09-25,38,1220.0,PUT,11.0
2026-09-25,38,1230.0,PUT,8.0
2026-09-25,38,1240.0,PUT,4.0
2026-09-25,38,1250.0,PUT,5.0
2026-09-25,38,1260.0,PUT,1.0
2026-09-25,38,1270.0,PUT,6.0
2026-09-25,38,1300.0,PUT,4.0
2026-09-25,38,1310.0,PUT,1.0
2026-09-25,38,1340.0,PUT,1.0
2026-09-25,38,1350.0,PUT,1.0
2026-09-25,38,1360.0,PUT,1.0
2026-09-25,38,1400.0,PUT,0.0
2026-09-25,38,1540.0,PUT,1.0
2026-09-25,38,1560.0,PUT,1.0
2026-10-02,45,370.0,CALL,1.0
2026-10-02,45,475.0,CALL,1.0
2026-10-02,45,495.0,CALL,3.0
2026-10-02,45,500.0,CALL,2.0
2026-10-02,45,505.0,CALL,2.0
2026-10-02,45,510.0,CALL,3.0
2026-10-02,45,520.0,CALL,6.0
2026-10-02,45,530.0,CALL,1.0
2026-10-02,45,600.0,CALL,1.0
2026-10-02,45,800.0,CALL,2.0
2026-10-02,45,860.0,CALL,2.0
2026-10-02,45,865.0,CALL,1.0
2026-10-02,45,890.0,CALL,1.0
2026-10-02,45,900.0,CALL,43.0
2026-10-02,45,905.0,CALL,3.0
2026-10-02,45,910.0,CALL,37.0
2026-10-02,45,915.0,CALL,8.0
2026-10-02,45,920.0,CALL,6.0
2026-10-02,45,925.0,CALL,3.0
2026-10-02,45,930.0,CALL,12.0
2026-10-02,45,935.0,CALL,3.0
2026-10-02,45,940.0,CALL,7.0
2026-10-02,45,945.0,CALL,6.0
2026-10-02,45,950.0,CALL,10.0
2026-10-02,45,955.0,CALL,2.0
2026-10-02,45,960.0,CALL,6.0
2026-10-02,45,965.0,CALL,22.0
2026-10-02,45,970.0,CALL,21.0
2026-10-02,45,975.0,CALL,14.0
2026-10-02,45,980.0,CALL,108.0
2026-10-02,45,985.0,CALL,4.0
2026-10-02,45,990.0,CALL,64.0
2026-10-02,45,995.0,CALL,5.0
2026-10-02,45,1000.0,CALL,122.0
2026-10-02,45,1005.0,CALL,13.0
2026-10-02,45,1010.0,CALL,8.0
2026-10-02,45,1020.0,CALL,42.0
2026-10-02,45,1025.0,CALL,36.0
2026-10-02,45,1030.0,CALL,27.0
2026-10-02,45,1050.0,CALL,71.0
2026-10-02,45,1055.0,CALL,5.0
2026-10-02,45,1060.0,CALL,6.0
2026-10-02,45,1070.0,CALL,4.0
2026-10-02,45,1075.0,CALL,23.0
2026-10-02,45,1100.0,CALL,38.0
2026-10-02,45,1105.0,CALL,4.0
2026-10-02,45,1120.0,CALL,10.0
2026-10-02,45,1125.0,CALL,21.0
2026-10-02,45,1150.0,CALL,46.0
2026-10-02,45,1180.0,CALL,3.0
2026-10-02,45,1200.0,CALL,56.0
2026-10-02,45,1210.0,CALL,2.0
2026-10-02,45,1250.0,CALL,70.0
2026-10-02,45,1300.0,CALL,23.0
2026-10-02,45,1320.0,CALL,1.0
2026-10-02,45,1350.0,CALL,6.0
2026-10-02,45,1360.0,CALL,1.0
2026-10-02,45,1400.0,CALL,10.0
2026-10-02,45,1420.0,CALL,17.0
2026-10-02,45,1500.0,CALL,25.0
2026-10-02,45,1550.0,CALL,6.0
2026-10-02,45,1620.0,CALL,2.0
2026-10-02,45,1680.0,CALL,1.0
2026-10-02,45,1700.0,CALL,3.0
2026-10-02,45,100.0,PUT,2.0
2026-10-02,45,150.0,PUT,1.0
2026-10-02,45,200.0,PUT,101.0
2026-10-02,45,205.0,PUT,52.0
2026-10-02,45,210.0,PUT,452.0
2026-10-02,45,215.0,PUT,105.0
2026-10-02,45,230.0,PUT,50.0
2026-10-02,45,235.0,PUT,50.0
2026-10-02,45,240.0,PUT,100.0
2026-10-02,45,245.0,PUT,50.0
2026-10-02,45,250.0,PUT,1.0
2026-10-02,45,290.0,PUT,194.0
2026-10-02,45,295.0,PUT,110.0
2026-10-02,45,305.0,PUT,135.0
2026-10-02,45,310.0,PUT,150.0
2026-10-02,45,315.0,PUT,8.0
2026-10-02,45,320.0,PUT,87.0
2026-10-02,45,325.0,PUT,38.0
2026-10-02,45,330.0,PUT,26.0
2026-10-02,45,335.0,PUT,26.0
2026-10-02,45,340.0,PUT,14.0
2026-10-02,45,345.0,PUT,1.0
2026-10-02,45,390.0,PUT,1.0
2026-10-02,45,400.0,PUT,3.0
2026-10-02,45,480.0,PUT,7.0
2026-10-02,45,485.0,PUT,1.0
2026-10-02,45,500.0,PUT,3.0
2026-10-02,45,555.0,PUT,1.0
2026-10-02,45,570.0,PUT,1.0
2026-10-02,45,585.0,PUT,7.0
2026-10-02,45,590.0,PUT,112.0
2026-10-02,45,600.0,PUT,14.0
2026-10-02,45,605.0,PUT,1.0
2026-10-02,45,645.0,PUT,4.0
2026-10-02,45,670.0,PUT,4.0
2026-10-02,45,680.0,PUT,6.0
2026-10-02,45,690.0,PUT,8.0
2026-10-02,45,700.0,PUT,16.0
2026-10-02,45,705.0,PUT,8.0
2026-10-02,45,710.0,PUT,12.0
2026-10-02,45,720.0,PUT,2.0
2026-10-02,45,725.0,PUT,3.0
2026-10-02,45,730.0,PUT,40.0
2026-10-02,45,735.0,PUT,34.0
2026-10-02,45,740.0,PUT,22.0
2026-10-02,45,750.0,PUT,43.0
2026-10-02,45,755.0,PUT,11.0
2026-10-02,45,760.0,PUT,12.0
2026-10-02,45,765.0,PUT,6.0
2026-10-02,45,770.0,PUT,23.0
2026-10-02,45,775.0,PUT,4.0
2026-10-02,45,780.0,PUT,5.0
2026-10-02,45,785.0,PUT,2.0
2026-10-02,45,790.0,PUT,10.0
2026-10-02,45,795.0,PUT,17.0
2026-10-02,45,800.0,PUT,130.0
2026-10-02,45,805.0,PUT,2.0
2026-10-02,45,810.0,PUT,16.0
2026-10-02,45,815.0,PUT,2.0
2026-10-02,45,820.0,PUT,6.0
2026-10-02,45,825.0,PUT,9.0
2026-10-02,45,830.0,PUT,21.0
2026-10-02,45,835.0,PUT,11.0
2026-10-02,45,840.0,PUT,9.0
2026-10-02,45,850.0,PUT,99.0
2026-10-02,45,855.0,PUT,1.0
2026-10-02,45,860.0,PUT,6.0
2026-10-02,45,865.0,PUT,7.0
2026-10-02,45,870.0,PUT,6.0
2026-10-02,45,875.0,PUT,24.0
2026-10-02,45,880.0,PUT,5.0
2026-10-02,45,885.0,PUT,5.0
2026-10-02,45,890.0,PUT,8.0
2026-10-02,45,895.0,PUT,5.0
2026-10-02,45,900.0,PUT,151.0
2026-10-02,45,910.0,PUT,6.0
2026-10-02,45,915.0,PUT,6.0
2026-10-02,45,920.0,PUT,5.0
2026-10-02,45,930.0,PUT,11.0
2026-10-02,45,940.0,PUT,7.0
2026-10-02,45,950.0,PUT,37.0
2026-10-02,45,955.0,PUT,2.0
2026-10-02,45,960.0,PUT,15.0
2026-10-02,45,965.0,PUT,10.0
2026-10-02,45,970.0,PUT,13.0
2026-10-02,45,975.0,PUT,8.0
2026-10-02,45,980.0,PUT,2.0
2026-10-02,45,985.0,PUT,1.0
2026-10-02,45,995.0,PUT,13.0
2026-10-02,45,1000.0,PUT,10.0
2026-10-02,45,1005.0,PUT,6.0
2026-10-02,45,1040.0,PUT,2.0
2026-10-02,45,1045.0,PUT,1.0
2026-10-02,45,1050.0,PUT,5.0
2026-10-02,45,1065.0,PUT,2.0
2026-10-02,45,1070.0,PUT,3.0
2026-10-02,45,1085.0,PUT,3.0
2026-10-02,45,1190.0,PUT,1.0
2026-10-02,45,1200.0,PUT,3.0
2026-10-16,59,5.0,CALL,644.0
2026-10-16,59,10.0,CALL,23.0
2026-10-16,59,15.0,CALL,10.0
2026-10-16,59,20.0,CALL,16.0
2026-10-16,59,25.0,CALL,52.0
2026-10-16,59,30.0,CALL,35.0
2026-10-16,59,35.0,CALL,6.0
2026-10-16,59,40.0,CALL,6.0
2026-10-16,59,45.0,CALL,21.0
2026-10-16,59,50.0,CALL,29.0
2026-10-16,59,60.0,CALL,1.0
2026-10-16,59,185.0,CALL,13.0
2026-10-16,59,190.0,CALL,17.0
2026-10-16,59,195.0,CALL,4.0
2026-10-16,59,200.0,CALL,49.0
2026-10-16,59,210.0,CALL,67.0
2026-10-16,59,220.0,CALL,21.0
2026-10-16,59,230.0,CALL,6.0
2026-10-16,59,240.0,CALL,25.0
2026-10-16,59,250.0,CALL,531.0
2026-10-16,59,260.0,CALL,59.0
2026-10-16,59,270.0,CALL,67.0
2026-10-16,59,280.0,CALL,315.0
2026-10-16,59,290.0,CALL,261.0
2026-10-16,59,300.0,CALL,246.0
2026-10-16,59,310.0,CALL,448.0
2026-10-16,59,320.0,CALL,227.0
2026-10-16,59,330.0,CALL,35.0
2026-10-16,59,340.0,CALL,285.0
2026-10-16,59,350.0,CALL,318.0
2026-10-16,59,360.0,CALL,185.0
2026-10-16,59,370.0,CALL,124.0
2026-10-16,59,380.0,CALL,149.0
2026-10-16,59,390.0,CALL,93.0
2026-10-16,59,400.0,CALL,735.0
2026-10-16,59,410.0,CALL,310.0
2026-10-16,59,420.0,CALL,343.0
2026-10-16,59,430.0,CALL,141.0
2026-10-16,59,440.0,CALL,170.0
2026-10-16,59,450.0,CALL,712.0
2026-10-16,59,460.0,CALL,448.0
2026-10-16,59,470.0,CALL,650.0
2026-10-16,59,480.0,CALL,449.0
2026-10-16,59,490.0,CALL,212.0
2026-10-16,59,500.0,CALL,645.0
2026-10-16,59,510.0,CALL,293.0
2026-10-16,59,520.0,CALL,355.0
2026-10-16,59,530.0,CALL,555.0
2026-10-16,59,540.0,CALL,501.0
2026-10-16,59,560.0,CALL,756.0
2026-10-16,59,580.0,CALL,192.0
2026-10-16,59,600.0,CALL,1460.0
2026-10-16,59,620.0,CALL,772.0
2026-10-16,59,640.0,CALL,1712.0
2026-10-16,59,660.0,CALL,347.0
2026-10-16,59,680.0,CALL,411.0
2026-10-16,59,700.0,CALL,1431.0
2026-10-16,59,720.0,CALL,688.0
2026-10-16,59,740.0,CALL,765.0
2026-10-16,59,760.0,CALL,426.0
2026-10-16,59,780.0,CALL,1209.0
2026-10-16,59,800.0,CALL,1254.0
2026-10-16,59,820.0,CALL,604.0
2026-10-16,59,840.0,CALL,1606.0
2026-10-16,59,860.0,CALL,833.0
2026-10-16,59,880.0,CALL,425.0
2026-10-16,59,900.0,CALL,2208.0
2026-10-16,59,910.0,CALL,532.0
2026-10-16,59,920.0,CALL,489.0
2026-10-16,59,930.0,CALL,477.0
2026-10-16,59,940.0,CALL,410.0
2026-10-16,59,950.0,CALL,1568.0
2026-10-16,59,960.0,CALL,561.0
2026-10-16,59,970.0,CALL,425.0
2026-10-16,59,980.0,CALL,425.0
2026-10-16,59,990.0,CALL,580.0
2026-10-16,59,1000.0,CALL,7367.0
2026-10-16,59,1010.0,CALL,330.0
2026-10-16,59,1020.0,CALL,422.0
2026-10-16,59,1030.0,CALL,308.0
2026-10-16,59,1040.0,CALL,168.0
2026-10-16,59,1050.0,CALL,1844.0
2026-10-16,59,1060.0,CALL,258.0
2026-10-16,59,1070.0,CALL,426.0
2026-10-16,59,1080.0,CALL,406.0
2026-10-16,59,1090.0,CALL,381.0
2026-10-16,59,1100.0,CALL,4775.0
2026-10-16,59,1110.0,CALL,269.0
2026-10-16,59,1120.0,CALL,311.0
2026-10-16,59,1130.0,CALL,207.0
2026-10-16,59,1140.0,CALL,174.0
2026-10-16,59,1150.0,CALL,660.0
2026-10-16,59,1160.0,CALL,656.0
2026-10-16,59,1170.0,CALL,371.0
2026-10-16,59,1180.0,CALL,290.0
2026-10-16,59,1190.0,CALL,220.0
2026-10-16,59,1200.0,CALL,3434.0
2026-10-16,59,1210.0,CALL,508.0
2026-10-16,59,1220.0,CALL,318.0
2026-10-16,59,1230.0,CALL,216.0
2026-10-16,59,1240.0,CALL,130.0
2026-10-16,59,1250.0,CALL,1041.0
2026-10-16,59,1260.0,CALL,367.0
2026-10-16,59,1270.0,CALL,395.0
2026-10-16,59,1280.0,CALL,354.0
2026-10-16,59,1290.0,CALL,339.0
2026-10-16,59,1300.0,CALL,2421.0
2026-10-16,59,1310.0,CALL,187.0
2026-10-16,59,1320.0,CALL,380.0
2026-10-16,59,1330.0,CALL,845.0
2026-10-16,59,1340.0,CALL,245.0
2026-10-16,59,1350.0,CALL,706.0
2026-10-16,59,1360.0,CALL,256.0
2026-10-16,59,1370.0,CALL,126.0
2026-10-16,59,1380.0,CALL,215.0
2026-10-16,59,1390.0,CALL,363.0
2026-10-16,59,1400.0,CALL,2904.0
2026-10-16,59,1410.0,CALL,260.0
2026-10-16,59,1420.0,CALL,367.0
2026-10-16,59,1430.0,CALL,693.0
2026-10-16,59,1440.0,CALL,251.0
2026-10-16,59,1450.0,CALL,195.0
2026-10-16,59,1460.0,CALL,320.0
2026-10-16,59,1470.0,CALL,387.0
2026-10-16,59,1480.0,CALL,303.0
2026-10-16,59,1490.0,CALL,249.0
2026-10-16,59,1500.0,CALL,2959.0
2026-10-16,59,1510.0,CALL,629.0
2026-10-16,59,1520.0,CALL,407.0
2026-10-16,59,1530.0,CALL,248.0
2026-10-16,59,1540.0,CALL,286.0
2026-10-16,59,1550.0,CALL,386.0
2026-10-16,59,1560.0,CALL,109.0
2026-10-16,59,1570.0,CALL,151.0
2026-10-16,59,1580.0,CALL,49.0
2026-10-16,59,1590.0,CALL,186.0
2026-10-16,59,1600.0,CALL,1376.0
2026-10-16,59,1610.0,CALL,303.0
2026-10-16,59,1620.0,CALL,228.0
2026-10-16,59,1630.0,CALL,343.0
2026-10-16,59,1640.0,CALL,102.0
2026-10-16,59,1650.0,CALL,169.0
2026-10-16,59,1660.0,CALL,684.0
2026-10-16,59,1670.0,CALL,239.0
2026-10-16,59,1680.0,CALL,332.0
2026-10-16,59,1690.0,CALL,831.0
2026-10-16,59,1700.0,CALL,670.0
2026-10-16,59,1710.0,CALL,86.0
2026-10-16,59,1720.0,CALL,151.0
2026-10-16,59,1730.0,CALL,277.0
2026-10-16,59,1740.0,CALL,284.0
2026-10-16,59,1750.0,CALL,185.0
2026-10-16,59,1760.0,CALL,236.0
2026-10-16,59,1770.0,CALL,280.0
2026-10-16,59,1780.0,CALL,88.0
2026-10-16,59,1790.0,CALL,366.0
2026-10-16,59,1800.0,CALL,715.0
2026-10-16,59,1810.0,CALL,221.0
2026-10-16,59,1820.0,CALL,981.0
2026-10-16,59,1830.0,CALL,1235.0
2026-10-16,59,1840.0,CALL,119.0
2026-10-16,59,1850.0,CALL,617.0
2026-10-16,59,1860.0,CALL,159.0
2026-10-16,59,1870.0,CALL,156.0
2026-10-16,59,1880.0,CALL,227.0
2026-10-16,59,1890.0,CALL,389.0
2026-10-16,59,1900.0,CALL,596.0
2026-10-16,59,1910.0,CALL,1038.0
2026-10-16,59,1920.0,CALL,100.0
2026-10-16,59,1930.0,CALL,203.0
2026-10-16,59,1940.0,CALL,296.0
2026-10-16,59,1950.0,CALL,290.0
2026-10-16,59,1960.0,CALL,407.0
2026-10-16,59,1970.0,CALL,89.0
2026-10-16,59,1980.0,CALL,140.0
2026-10-16,59,1990.0,CALL,90.0
2026-10-16,59,2000.0,CALL,2089.0
2026-10-16,59,2010.0,CALL,79.0
2026-10-16,59,2020.0,CALL,57.0
2026-10-16,59,2030.0,CALL,142.0
2026-10-16,59,2040.0,CALL,28.0
2026-10-16,59,2050.0,CALL,252.0
2026-10-16,59,2060.0,CALL,279.0
2026-10-16,59,2070.0,CALL,87.0
2026-10-16,59,2080.0,CALL,308.0
2026-10-16,59,2090.0,CALL,252.0
2026-10-16,59,2100.0,CALL,366.0
2026-10-16,59,2110.0,CALL,132.0
2026-10-16,59,2120.0,CALL,94.0
2026-10-16,59,2130.0,CALL,92.0
2026-10-16,59,2140.0,CALL,73.0
2026-10-16,59,2150.0,CALL,185.0
2026-10-16,59,2160.0,CALL,81.0
2026-10-16,59,2170.0,CALL,314.0
2026-10-16,59,2180.0,CALL,61.0
2026-10-16,59,2190.0,CALL,78.0
2026-10-16,59,2200.0,CALL,225.0
2026-10-16,59,2210.0,CALL,58.0
2026-10-16,59,2220.0,CALL,155.0
2026-10-16,59,2230.0,CALL,33.0
2026-10-16,59,2240.0,CALL,24.0
2026-10-16,59,2250.0,CALL,141.0
2026-10-16,59,2260.0,CALL,49.0
2026-10-16,59,2270.0,CALL,103.0
2026-10-16,59,2280.0,CALL,85.0
2026-10-16,59,2290.0,CALL,202.0
2026-10-16,59,2300.0,CALL,291.0
2026-10-16,59,2310.0,CALL,65.0
2026-10-16,59,2320.0,CALL,174.0
2026-10-16,59,2330.0,CALL,49.0
2026-10-16,59,2340.0,CALL,86.0
2026-10-16,59,2350.0,CALL,49.0
2026-10-16,59,2360.0,CALL,146.0
2026-10-16,59,2370.0,CALL,120.0
2026-10-16,59,2380.0,CALL,26.0
2026-10-16,59,2390.0,CALL,142.0
2026-10-16,59,2400.0,CALL,276.0
2026-10-16,59,2410.0,CALL,139.0
2026-10-16,59,2420.0,CALL,630.0
2026-10-16,59,2440.0,CALL,83.0
2026-10-16,59,2460.0,CALL,154.0
2026-10-16,59,2480.0,CALL,191.0
2026-10-16,59,2500.0,CALL,1770.0
2026-10-16,59,5.0,PUT,117.0
2026-10-16,59,10.0,PUT,85.0
2026-10-16,59,15.0,PUT,180.0
2026-10-16,59,20.0,PUT,138.0
2026-10-16,59,25.0,PUT,129.0
2026-10-16,59,30.0,PUT,206.0
2026-10-16,59,35.0,PUT,583.0
2026-10-16,59,40.0,PUT,699.0
2026-10-16,59,45.0,PUT,612.0
2026-10-16,59,50.0,PUT,1384.0
2026-10-16,59,55.0,PUT,5013.0
2026-10-16,59,60.0,PUT,14566.0
2026-10-16,59,185.0,PUT,206.0
2026-10-16,59,190.0,PUT,129.0
2026-10-16,59,195.0,PUT,1694.0
2026-10-16,59,200.0,PUT,1935.0
2026-10-16,59,210.0,PUT,999.0
2026-10-16,59,220.0,PUT,1904.0
2026-10-16,59,230.0,PUT,2638.0
2026-10-16,59,240.0,PUT,481.0
2026-10-16,59,250.0,PUT,717.0
2026-10-16,59,260.0,PUT,2316.0
2026-10-16,59,270.0,PUT,586.0
2026-10-16,59,280.0,PUT,731.0
2026-10-16,59,290.0,PUT,603.0
2026-10-16,59,300.0,PUT,1988.0
2026-10-16,59,310.0,PUT,416.0
2026-10-16,59,320.0,PUT,2064.0
2026-10-16,59,330.0,PUT,1720.0
2026-10-16,59,340.0,PUT,4949.0
2026-10-16,59,350.0,PUT,711.0
2026-10-16,59,360.0,PUT,3866.0
2026-10-16,59,370.0,PUT,864.0
2026-10-16,59,380.0,PUT,2173.0
2026-10-16,59,390.0,PUT,535.0
2026-10-16,59,400.0,PUT,2270.0
2026-10-16,59,410.0,PUT,822.0
2026-10-16,59,420.0,PUT,721.0
2026-10-16,59,430.0,PUT,441.0
2026-10-16,59,440.0,PUT,343.0
2026-10-16,59,450.0,PUT,2999.0
2026-10-16,59,460.0,PUT,821.0
2026-10-16,59,470.0,PUT,402.0
2026-10-16,59,480.0,PUT,563.0
2026-10-16,59,490.0,PUT,663.0
2026-10-16,59,500.0,PUT,3455.0
2026-10-16,59,510.0,PUT,381.0
2026-10-16,59,520.0,PUT,1029.0
2026-10-16,59,530.0,PUT,1043.0
2026-10-16,59,540.0,PUT,1062.0
2026-10-16,59,560.0,PUT,968.0
2026-10-16,59,580.0,PUT,1767.0
2026-10-16,59,600.0,PUT,4272.0
2026-10-16,59,620.0,PUT,1721.0
2026-10-16,59,640.0,PUT,4542.0
2026-10-16,59,660.0,PUT,1834.0
2026-10-16,59,680.0,PUT,1968.0
2026-10-16,59,700.0,PUT,6115.0
2026-10-16,59,720.0,PUT,516.0
2026-10-16,59,740.0,PUT,1733.0
2026-10-16,59,760.0,PUT,1999.0
2026-10-16,59,780.0,PUT,1347.0
2026-10-16,59,800.0,PUT,4777.0
2026-10-16,59,820.0,PUT,1719.0
2026-10-16,59,840.0,PUT,2508.0
2026-10-16,59,860.0,PUT,1672.0
2026-10-16,59,880.0,PUT,951.0
2026-10-16,59,900.0,PUT,2958.0
2026-10-16,59,910.0,PUT,642.0
2026-10-16,59,920.0,PUT,1598.0
2026-10-16,59,930.0,PUT,529.0
2026-10-16,59,940.0,PUT,1187.0
2026-10-16,59,950.0,PUT,1069.0
2026-10-16,59,960.0,PUT,713.0
2026-10-16,59,970.0,PUT,531.0
2026-10-16,59,980.0,PUT,426.0
2026-10-16,59,990.0,PUT,786.0
2026-10-16,59,1000.0,PUT,3325.0
2026-10-16,59,1010.0,PUT,165.0
2026-10-16,59,1020.0,PUT,327.0
2026-10-16,59,1030.0,PUT,138.0
2026-10-16,59,1040.0,PUT,355.0
2026-10-16,59,1050.0,PUT,394.0
2026-10-16,59,1060.0,PUT,191.0
2026-10-16,59,1070.0,PUT,77.0
2026-10-16,59,1080.0,PUT,293.0
2026-10-16,59,1090.0,PUT,287.0
2026-10-16,59,1100.0,PUT,3626.0
2026-10-16,59,1110.0,PUT,74.0
2026-10-16,59,1120.0,PUT,149.0
2026-10-16,59,1130.0,PUT,70.0
2026-10-16,59,1140.0,PUT,167.0
2026-10-16,59,1150.0,PUT,86.0
2026-10-16,59,1160.0,PUT,155.0
2026-10-16,59,1170.0,PUT,27.0
2026-10-16,59,1180.0,PUT,57.0
2026-10-16,59,1190.0,PUT,74.0
2026-10-16,59,1200.0,PUT,317.0
2026-10-16,59,1210.0,PUT,42.0
2026-10-16,59,1220.0,PUT,42.0
2026-10-16,59,1230.0,PUT,7.0
2026-10-16,59,1240.0,PUT,39.0
2026-10-16,59,1250.0,PUT,375.0
2026-10-16,59,1260.0,PUT,73.0
2026-10-16,59,1270.0,PUT,54.0
2026-10-16,59,1280.0,PUT,48.0
2026-10-16,59,1290.0,PUT,49.0
2026-10-16,59,1300.0,PUT,76.0
2026-10-16,59,1310.0,PUT,38.0
2026-10-16,59,1320.0,PUT,50.0
2026-10-16,59,1330.0,PUT,2.0
2026-10-16,59,1340.0,PUT,37.0
2026-10-16,59,1350.0,PUT,99.0
2026-10-16,59,1360.0,PUT,23.0
2026-10-16,59,1370.0,PUT,29.0
2026-10-16,59,1380.0,PUT,24.0
2026-10-16,59,1390.0,PUT,22.0
2026-10-16,59,1400.0,PUT,15.0
2026-10-16,59,1410.0,PUT,88.0
2026-10-16,59,1420.0,PUT,8.0
2026-10-16,59,1430.0,PUT,32.0
2026-10-16,59,1440.0,PUT,3.0
2026-10-16,59,1450.0,PUT,16.0
2026-10-16,59,1460.0,PUT,11.0
2026-10-16,59,1470.0,PUT,0.0
2026-10-16,59,1480.0,PUT,13.0
2026-10-16,59,1490.0,PUT,10.0
2026-10-16,59,1500.0,PUT,51.0
2026-10-16,59,1520.0,PUT,10.0
2026-10-16,59,1530.0,PUT,0.0
2026-10-16,59,1540.0,PUT,2.0
2026-10-16,59,1550.0,PUT,3.0
2026-10-16,59,1560.0,PUT,3.0
2026-10-16,59,1580.0,PUT,2.0
2026-10-16,59,1600.0,PUT,8.0
2026-10-16,59,1620.0,PUT,1.0
2026-10-16,59,1630.0,PUT,98.0
2026-10-16,59,1650.0,PUT,4.0
2026-10-16,59,1660.0,PUT,0.0
2026-10-16,59,1680.0,PUT,1.0
2026-10-16,59,1690.0,PUT,5.0
2026-10-16,59,1700.0,PUT,4.0
2026-10-16,59,1720.0,PUT,11.0
2026-10-16,59,1740.0,PUT,0.0
2026-10-16,59,1760.0,PUT,0.0
2026-10-16,59,1770.0,PUT,0.0
2026-10-16,59,1790.0,PUT,0.0
2026-10-16,59,1800.0,PUT,2.0
2026-10-16,59,1830.0,PUT,0.0
2026-10-16,59,1840.0,PUT,0.0
2026-10-16,59,1850.0,PUT,0.0
2026-10-16,59,1860.0,PUT,0.0
2026-10-16,59,1870.0,PUT,0.0
2026-10-16,59,1880.0,PUT,0.0
2026-10-16,59,1890.0,PUT,0.0
2026-10-16,59,1900.0,PUT,3.0
2026-10-16,59,1910.0,PUT,0.0
2026-10-16,59,1920.0,PUT,0.0
2026-10-16,59,1930.0,PUT,0.0
2026-10-16,59,1940.0,PUT,0.0
2026-10-16,59,1950.0,PUT,0.0
2026-10-16,59,1960.0,PUT,0.0
2026-10-16,59,1970.0,PUT,10.0
2026-10-16,59,1980.0,PUT,0.0
2026-10-16,59,1990.0,PUT,0.0
2026-10-16,59,2000.0,PUT,0.0
2026-10-16,59,2010.0,PUT,0.0
2026-10-16,59,2020.0,PUT,0.0
2026-10-16,59,2030.0,PUT,0.0
2026-10-16,59,2040.0,PUT,0.0
2026-10-16,59,2050.0,PUT,0.0
2026-10-16,59,2060.0,PUT,0.0
2026-10-16,59,2070.0,PUT,0.0
2026-10-16,59,2090.0,PUT,0.0
2026-10-16,59,2100.0,PUT,0.0
2026-10-16,59,2110.0,PUT,0.0
2026-10-16,59,2170.0,PUT,0.0
2026-10-16,59,2190.0,PUT,0.0
2026-10-16,59,2200.0,PUT,0.0
2026-10-16,59,2210.0,PUT,0.0
2026-10-16,59,2220.0,PUT,0.0
2026-10-16,59,2260.0,PUT,0.0
2026-10-16,59,2290.0,PUT,0.0
2026-10-16,59,2340.0,PUT,0.0
2026-10-16,59,2350.0,PUT,0.0
2026-10-16,59,2360.0,PUT,0.0
2026-10-16,59,2390.0,PUT,0.0
2026-10-16,59,2410.0,PUT,0.0
2026-10-16,59,2420.0,PUT,0.0
2026-11-20,94,5.0,CALL,9.0
2026-11-20,94,10.0,CALL,0.0
2026-11-20,94,20.0,CALL,2.0
2026-11-20,94,30.0,CALL,1.0
2026-11-20,94,35.0,CALL,9.0
2026-11-20,94,40.0,CALL,0.0
2026-11-20,94,45.0,CALL,1.0
2026-11-20,94,50.0,CALL,0.0
2026-11-20,94,55.0,CALL,8.0
2026-11-20,94,60.0,CALL,12.0
2026-11-20,94,65.0,CALL,3.0
2026-11-20,94,70.0,CALL,0.0
2026-11-20,94,75.0,CALL,2.0
2026-11-20,94,80.0,CALL,4.0
2026-11-20,94,85.0,CALL,1.0
2026-11-20,94,90.0,CALL,12.0
2026-11-20,94,95.0,CALL,0.0
2026-11-20,94,100.0,CALL,40.0
2026-11-20,94,105.0,CALL,2.0
2026-11-20,94,110.0,CALL,48.0
2026-11-20,94,115.0,CALL,5.0
2026-11-20,94,120.0,CALL,17.0
2026-11-20,94,125.0,CALL,3.0
2026-11-20,94,130.0,CALL,13.0
2026-11-20,94,135.0,CALL,10.0
2026-11-20,94,140.0,CALL,21.0
2026-11-20,94,145.0,CALL,5.0
2026-11-20,94,150.0,CALL,0.0
2026-11-20,94,155.0,CALL,16.0
2026-11-20,94,160.0,CALL,26.0
2026-11-20,94,165.0,CALL,30.0
2026-11-20,94,170.0,CALL,8.0
2026-11-20,94,175.0,CALL,19.0
2026-11-20,94,180.0,CALL,17.0
2026-11-20,94,185.0,CALL,0.0
2026-11-20,94,190.0,CALL,6.0
2026-11-20,94,195.0,CALL,116.0
2026-11-20,94,200.0,CALL,74.0
2026-11-20,94,210.0,CALL,39.0
2026-11-20,94,220.0,CALL,36.0
2026-11-20,94,230.0,CALL,0.0
2026-11-20,94,240.0,CALL,16.0
2026-11-20,94,250.0,CALL,100.0
2026-11-20,94,260.0,CALL,143.0
2026-11-20,94,270.0,CALL,33.0
2026-11-20,94,280.0,CALL,211.0
2026-11-20,94,290.0,CALL,47.0
2026-11-20,94,300.0,CALL,201.0
2026-11-20,94,310.0,CALL,13.0
2026-11-20,94,320.0,CALL,88.0
2026-11-20,94,330.0,CALL,201.0
2026-11-20,94,340.0,CALL,434.0
2026-11-20,94,350.0,CALL,170.0
2026-11-20,94,360.0,CALL,119.0
2026-11-20,94,370.0,CALL,86.0
2026-11-20,94,380.0,CALL,778.0
2026-11-20,94,390.0,CALL,193.0
2026-11-20,94,400.0,CALL,386.0
2026-11-20,94,410.0,CALL,203.0
2026-11-20,94,420.0,CALL,492.0
2026-11-20,94,430.0,CALL,809.0
2026-11-20,94,440.0,CALL,1217.0
2026-11-20,94,450.0,CALL,786.0
2026-11-20,94,460.0,CALL,385.0
2026-11-20,94,470.0,CALL,213.0
2026-11-20,94,480.0,CALL,276.0
2026-11-20,94,490.0,CALL,326.0
2026-11-20,94,500.0,CALL,1137.0
2026-11-20,94,510.0,CALL,175.0
2026-11-20,94,520.0,CALL,219.0
2026-11-20,94,530.0,CALL,306.0
2026-11-20,94,540.0,CALL,297.0
2026-11-20,94,550.0,CALL,232.0
2026-11-20,94,560.0,CALL,218.0
2026-11-20,94,570.0,CALL,1207.0
2026-11-20,94,580.0,CALL,117.0
2026-11-20,94,590.0,CALL,368.0
2026-11-20,94,600.0,CALL,512.0
2026-11-20,94,610.0,CALL,154.0
2026-11-20,94,620.0,CALL,368.0
2026-11-20,94,630.0,CALL,192.0
2026-11-20,94,640.0,CALL,306.0
2026-11-20,94,650.0,CALL,749.0
2026-11-20,94,660.0,CALL,310.0
2026-11-20,94,670.0,CALL,273.0
2026-11-20,94,680.0,CALL,141.0
2026-11-20,94,700.0,CALL,989.0
2026-11-20,94,710.0,CALL,232.0
2026-11-20,94,720.0,CALL,245.0
2026-11-20,94,730.0,CALL,346.0
2026-11-20,94,740.0,CALL,178.0
2026-11-20,94,750.0,CALL,514.0
2026-11-20,94,760.0,CALL,341.0
2026-11-20,94,770.0,CALL,312.0
2026-11-20,94,780.0,CALL,270.0
2026-11-20,94,790.0,CALL,289.0
2026-11-20,94,800.0,CALL,1637.0
2026-11-20,94,810.0,CALL,601.0
2026-11-20,94,820.0,CALL,672.0
2026-11-20,94,830.0,CALL,318.0
2026-11-20,94,840.0,CALL,201.0
2026-11-20,94,850.0,CALL,567.0
2026-11-20,94,860.0,CALL,311.0
2026-11-20,94,870.0,CALL,271.0
2026-11-20,94,880.0,CALL,384.0
2026-11-20,94,890.0,CALL,363.0
2026-11-20,94,900.0,CALL,2045.0
2026-11-20,94,910.0,CALL,7193.0
2026-11-20,94,920.0,CALL,625.0
2026-11-20,94,930.0,CALL,241.0
2026-11-20,94,940.0,CALL,193.0
2026-11-20,94,950.0,CALL,385.0
2026-11-20,94,960.0,CALL,376.0
2026-11-20,94,970.0,CALL,151.0
2026-11-20,94,980.0,CALL,276.0
2026-11-20,94,990.0,CALL,174.0
2026-11-20,94,1000.0,CALL,2172.0
2026-11-20,94,1010.0,CALL,688.0
2026-11-20,94,1020.0,CALL,501.0
2026-11-20,94,1030.0,CALL,248.0
2026-11-20,94,1040.0,CALL,149.0
2026-11-20,94,1050.0,CALL,691.0
2026-11-20,94,1060.0,CALL,218.0
2026-11-20,94,1070.0,CALL,271.0
2026-11-20,94,1080.0,CALL,375.0
2026-11-20,94,1090.0,CALL,229.0
2026-11-20,94,1100.0,CALL,1385.0
2026-11-20,94,1110.0,CALL,149.0
2026-11-20,94,1120.0,CALL,283.0
2026-11-20,94,1130.0,CALL,196.0
2026-11-20,94,1140.0,CALL,274.0
2026-11-20,94,1150.0,CALL,566.0
2026-11-20,94,1160.0,CALL,440.0
2026-11-20,94,1170.0,CALL,402.0
2026-11-20,94,1180.0,CALL,284.0
2026-11-20,94,1190.0,CALL,885.0
2026-11-20,94,1200.0,CALL,1014.0
2026-11-20,94,1210.0,CALL,285.0
2026-11-20,94,1220.0,CALL,133.0
2026-11-20,94,1230.0,CALL,240.0
2026-11-20,94,1240.0,CALL,112.0
2026-11-20,94,1250.0,CALL,437.0
2026-11-20,94,1260.0,CALL,87.0
2026-11-20,94,1270.0,CALL,345.0
2026-11-20,94,1280.0,CALL,182.0
2026-11-20,94,1290.0,CALL,129.0
2026-11-20,94,1300.0,CALL,2147.0
2026-11-20,94,1310.0,CALL,519.0
2026-11-20,94,1320.0,CALL,263.0
2026-11-20,94,1330.0,CALL,372.0
2026-11-20,94,1340.0,CALL,176.0
2026-11-20,94,1350.0,CALL,990.0
2026-11-20,94,1360.0,CALL,187.0
2026-11-20,94,1370.0,CALL,90.0
2026-11-20,94,1380.0,CALL,388.0
2026-11-20,94,1390.0,CALL,69.0
2026-11-20,94,1400.0,CALL,684.0
2026-11-20,94,1410.0,CALL,271.0
2026-11-20,94,1420.0,CALL,187.0
2026-11-20,94,1430.0,CALL,83.0
2026-11-20,94,1440.0,CALL,239.0
2026-11-20,94,1450.0,CALL,165.0
2026-11-20,94,1460.0,CALL,131.0
2026-11-20,94,1470.0,CALL,340.0
2026-11-20,94,1480.0,CALL,491.0
2026-11-20,94,1490.0,CALL,168.0
2026-11-20,94,1500.0,CALL,1577.0
2026-11-20,94,1510.0,CALL,457.0
2026-11-20,94,1520.0,CALL,851.0
2026-11-20,94,1530.0,CALL,746.0
2026-11-20,94,1540.0,CALL,255.0
2026-11-20,94,1550.0,CALL,214.0
2026-11-20,94,1560.0,CALL,132.0
2026-11-20,94,1570.0,CALL,142.0
2026-11-20,94,1580.0,CALL,84.0
2026-11-20,94,1590.0,CALL,422.0
2026-11-20,94,1600.0,CALL,572.0
2026-11-20,94,1610.0,CALL,430.0
2026-11-20,94,1620.0,CALL,142.0
2026-11-20,94,1630.0,CALL,213.0
2026-11-20,94,1640.0,CALL,90.0
2026-11-20,94,1650.0,CALL,197.0
2026-11-20,94,1660.0,CALL,65.0
2026-11-20,94,1670.0,CALL,90.0
2026-11-20,94,1680.0,CALL,116.0
2026-11-20,94,1690.0,CALL,65.0
2026-11-20,94,1700.0,CALL,316.0
2026-11-20,94,1710.0,CALL,142.0
2026-11-20,94,1720.0,CALL,207.0
2026-11-20,94,1730.0,CALL,39.0
2026-11-20,94,1740.0,CALL,244.0
2026-11-20,94,1750.0,CALL,196.0
2026-11-20,94,1760.0,CALL,60.0
2026-11-20,94,1770.0,CALL,157.0
2026-11-20,94,1780.0,CALL,201.0
2026-11-20,94,1790.0,CALL,190.0
2026-11-20,94,1800.0,CALL,894.0
2026-11-20,94,1810.0,CALL,102.0
2026-11-20,94,1820.0,CALL,569.0
2026-11-20,94,1830.0,CALL,340.0
2026-11-20,94,1840.0,CALL,369.0
2026-11-20,94,1850.0,CALL,401.0
2026-11-20,94,1860.0,CALL,135.0
2026-11-20,94,1870.0,CALL,198.0
2026-11-20,94,1880.0,CALL,474.0
2026-11-20,94,1890.0,CALL,214.0
2026-11-20,94,1900.0,CALL,293.0
2026-11-20,94,1910.0,CALL,690.0
2026-11-20,94,1920.0,CALL,152.0
2026-11-20,94,1930.0,CALL,174.0
2026-11-20,94,1940.0,CALL,168.0
2026-11-20,94,1950.0,CALL,285.0
2026-11-20,94,1960.0,CALL,344.0
2026-11-20,94,1970.0,CALL,222.0
2026-11-20,94,1980.0,CALL,68.0
2026-11-20,94,1990.0,CALL,174.0
2026-11-20,94,2000.0,CALL,590.0
2026-11-20,94,2010.0,CALL,145.0
2026-11-20,94,2020.0,CALL,225.0
2026-11-20,94,2030.0,CALL,137.0
2026-11-20,94,2040.0,CALL,238.0
2026-11-20,94,2050.0,CALL,192.0
2026-11-20,94,2060.0,CALL,254.0
2026-11-20,94,2070.0,CALL,235.0
2026-11-20,94,2080.0,CALL,137.0
2026-11-20,94,2090.0,CALL,129.0
2026-11-20,94,2100.0,CALL,299.0
2026-11-20,94,2110.0,CALL,266.0
2026-11-20,94,2120.0,CALL,147.0
2026-11-20,94,2130.0,CALL,150.0
2026-11-20,94,2140.0,CALL,460.0
2026-11-20,94,2150.0,CALL,240.0
2026-11-20,94,2160.0,CALL,57.0
2026-11-20,94,2170.0,CALL,285.0
2026-11-20,94,2180.0,CALL,147.0
2026-11-20,94,2190.0,CALL,144.0
2026-11-20,94,2200.0,CALL,43.0
2026-11-20,94,2210.0,CALL,7.0
2026-11-20,94,2220.0,CALL,28.0
2026-11-20,94,2230.0,CALL,40.0
2026-11-20,94,2240.0,CALL,46.0
2026-11-20,94,2250.0,CALL,31.0
2026-11-20,94,2260.0,CALL,66.0
2026-11-20,94,2270.0,CALL,78.0
2026-11-20,94,2280.0,CALL,105.0
2026-11-20,94,2290.0,CALL,199.0
2026-11-20,94,2300.0,CALL,61.0
2026-11-20,94,2310.0,CALL,36.0
2026-11-20,94,2320.0,CALL,20.0
2026-11-20,94,2330.0,CALL,27.0
2026-11-20,94,2340.0,CALL,44.0
2026-11-20,94,2350.0,CALL,101.0
2026-11-20,94,2360.0,CALL,20.0
2026-11-20,94,2370.0,CALL,132.0
2026-11-20,94,2380.0,CALL,50.0
2026-11-20,94,2390.0,CALL,187.0
2026-11-20,94,2400.0,CALL,93.0
2026-11-20,94,2410.0,CALL,181.0
2026-11-20,94,2420.0,CALL,202.0
2026-11-20,94,2440.0,CALL,101.0
2026-11-20,94,2460.0,CALL,84.0
2026-11-20,94,2480.0,CALL,403.0
2026-11-20,94,2500.0,CALL,612.0
2026-11-20,94,5.0,PUT,86.0
2026-11-20,94,10.0,PUT,47.0
2026-11-20,94,15.0,PUT,635.0
2026-11-20,94,20.0,PUT,163.0
2026-11-20,94,25.0,PUT,139.0
2026-11-20,94,30.0,PUT,52.0
2026-11-20,94,35.0,PUT,783.0
2026-11-20,94,40.0,PUT,47.0
2026-11-20,94,45.0,PUT,88.0
2026-11-20,94,50.0,PUT,52.0
2026-11-20,94,55.0,PUT,194.0
2026-11-20,94,60.0,PUT,285.0
2026-11-20,94,65.0,PUT,549.0
2026-11-20,94,70.0,PUT,895.0
2026-11-20,94,75.0,PUT,52.0
2026-11-20,94,80.0,PUT,56.0
2026-11-20,94,85.0,PUT,36.0
2026-11-20,94,90.0,PUT,158.0
2026-11-20,94,95.0,PUT,724.0
2026-11-20,94,100.0,PUT,923.0
2026-11-20,94,105.0,PUT,170.0
2026-11-20,94,110.0,PUT,390.0
2026-11-20,94,115.0,PUT,187.0
2026-11-20,94,120.0,PUT,110.0
2026-11-20,94,125.0,PUT,468.0
2026-11-20,94,130.0,PUT,122.0
2026-11-20,94,135.0,PUT,3274.0
2026-11-20,94,140.0,PUT,53.0
2026-11-20,94,145.0,PUT,188.0
2026-11-20,94,150.0,PUT,707.0
2026-11-20,94,155.0,PUT,119.0
2026-11-20,94,160.0,PUT,239.0
2026-11-20,94,165.0,PUT,43.0
2026-11-20,94,170.0,PUT,51.0
2026-11-20,94,175.0,PUT,225.0
2026-11-20,94,180.0,PUT,37.0
2026-11-20,94,185.0,PUT,94.0
2026-11-20,94,190.0,PUT,171.0
2026-11-20,94,195.0,PUT,2749.0
2026-11-20,94,200.0,PUT,1843.0
2026-11-20,94,210.0,PUT,178.0
2026-11-20,94,220.0,PUT,406.0
2026-11-20,94,230.0,PUT,1671.0
2026-11-20,94,240.0,PUT,743.0
2026-11-20,94,250.0,PUT,953.0
2026-11-20,94,260.0,PUT,1567.0
2026-11-20,94,270.0,PUT,556.0
2026-11-20,94,280.0,PUT,1035.0
2026-11-20,94,290.0,PUT,1754.0
2026-11-20,94,300.0,PUT,1953.0
2026-11-20,94,310.0,PUT,413.0
2026-11-20,94,320.0,PUT,565.0
2026-11-20,94,330.0,PUT,639.0
2026-11-20,94,340.0,PUT,204.0
2026-11-20,94,350.0,PUT,4600.0
2026-11-20,94,360.0,PUT,6373.0
2026-11-20,94,370.0,PUT,719.0
2026-11-20,94,380.0,PUT,5602.0
2026-11-20,94,390.0,PUT,433.0
2026-11-20,94,400.0,PUT,1002.0
2026-11-20,94,410.0,PUT,534.0
2026-11-20,94,420.0,PUT,903.0
2026-11-20,94,430.0,PUT,967.0
2026-11-20,94,440.0,PUT,577.0
2026-11-20,94,450.0,PUT,984.0
2026-11-20,94,460.0,PUT,908.0
2026-11-20,94,470.0,PUT,282.0
2026-11-20,94,480.0,PUT,460.0
2026-11-20,94,490.0,PUT,619.0
2026-11-20,94,500.0,PUT,3176.0
2026-11-20,94,510.0,PUT,201.0
2026-11-20,94,520.0,PUT,958.0
2026-11-20,94,530.0,PUT,482.0
2026-11-20,94,540.0,PUT,605.0
2026-11-20,94,550.0,PUT,858.0
2026-11-20,94,560.0,PUT,262.0
2026-11-20,94,570.0,PUT,1503.0
2026-11-20,94,580.0,PUT,1144.0
2026-11-20,94,590.0,PUT,642.0
2026-11-20,94,600.0,PUT,3809.0
2026-11-20,94,610.0,PUT,484.0
2026-11-20,94,620.0,PUT,961.0
2026-11-20,94,630.0,PUT,1034.0
2026-11-20,94,640.0,PUT,775.0
2026-11-20,94,650.0,PUT,1808.0
2026-11-20,94,660.0,PUT,1181.0
2026-11-20,94,670.0,PUT,666.0
2026-11-20,94,680.0,PUT,433.0
2026-11-20,94,700.0,PUT,2391.0
2026-11-20,94,710.0,PUT,154.0
2026-11-20,94,720.0,PUT,473.0
2026-11-20,94,730.0,PUT,346.0
2026-11-20,94,740.0,PUT,2583.0
2026-11-20,94,750.0,PUT,1680.0
2026-11-20,94,760.0,PUT,606.0
2026-11-20,94,770.0,PUT,373.0
2026-11-20,94,780.0,PUT,347.0
2026-11-20,94,790.0,PUT,322.0
2026-11-20,94,800.0,PUT,1707.0
2026-11-20,94,810.0,PUT,370.0
2026-11-20,94,820.0,PUT,527.0
2026-11-20,94,830.0,PUT,406.0
2026-11-20,94,840.0,PUT,305.0
2026-11-20,94,850.0,PUT,588.0
2026-11-20,94,860.0,PUT,311.0
2026-11-20,94,870.0,PUT,178.0
2026-11-20,94,880.0,PUT,294.0
2026-11-20,94,890.0,PUT,460.0
2026-11-20,94,900.0,PUT,867.0
2026-11-20,94,910.0,PUT,917.0
2026-11-20,94,920.0,PUT,1191.0
2026-11-20,94,930.0,PUT,662.0
2026-11-20,94,940.0,PUT,305.0
2026-11-20,94,950.0,PUT,429.0
2026-11-20,94,960.0,PUT,150.0
2026-11-20,94,970.0,PUT,319.0
2026-11-20,94,980.0,PUT,569.0
2026-11-20,94,990.0,PUT,348.0
2026-11-20,94,1000.0,PUT,1039.0
2026-11-20,94,1010.0,PUT,130.0
2026-11-20,94,1020.0,PUT,256.0
2026-11-20,94,1030.0,PUT,166.0
2026-11-20,94,1040.0,PUT,245.0
2026-11-20,94,1050.0,PUT,50.0
2026-11-20,94,1060.0,PUT,81.0
2026-11-20,94,1070.0,PUT,109.0
2026-11-20,94,1080.0,PUT,80.0
2026-11-20,94,1090.0,PUT,246.0
2026-11-20,94,1100.0,PUT,392.0
2026-11-20,94,1110.0,PUT,89.0
2026-11-20,94,1120.0,PUT,55.0
2026-11-20,94,1130.0,PUT,32.0
2026-11-20,94,1140.0,PUT,77.0
2026-11-20,94,1150.0,PUT,244.0
2026-11-20,94,1160.0,PUT,77.0
2026-11-20,94,1170.0,PUT,32.0
2026-11-20,94,1180.0,PUT,26.0
2026-11-20,94,1190.0,PUT,40.0
2026-11-20,94,1200.0,PUT,138.0
2026-11-20,94,1210.0,PUT,121.0
2026-11-20,94,1220.0,PUT,35.0
2026-11-20,94,1230.0,PUT,8.0
2026-11-20,94,1240.0,PUT,11.0
2026-11-20,94,1250.0,PUT,20.0
2026-11-20,94,1260.0,PUT,56.0
2026-11-20,94,1270.0,PUT,58.0
2026-11-20,94,1280.0,PUT,81.0
2026-11-20,94,1290.0,PUT,43.0
2026-11-20,94,1300.0,PUT,1068.0
2026-11-20,94,1310.0,PUT,57.0
2026-11-20,94,1320.0,PUT,40.0
2026-11-20,94,1330.0,PUT,23.0
2026-11-20,94,1340.0,PUT,45.0
2026-11-20,94,1350.0,PUT,18.0
2026-11-20,94,1360.0,PUT,30.0
2026-11-20,94,1370.0,PUT,51.0
2026-11-20,94,1380.0,PUT,32.0
2026-11-20,94,1390.0,PUT,7.0
2026-11-20,94,1400.0,PUT,7.0
2026-11-20,94,1410.0,PUT,15.0
2026-11-20,94,1420.0,PUT,3.0
2026-11-20,94,1430.0,PUT,302.0
2026-11-20,94,1440.0,PUT,12.0
2026-11-20,94,1450.0,PUT,7.0
2026-11-20,94,1460.0,PUT,2.0
2026-11-20,94,1470.0,PUT,12.0
2026-11-20,94,1480.0,PUT,10.0
2026-11-20,94,1490.0,PUT,2.0
2026-11-20,94,1500.0,PUT,22.0
2026-11-20,94,1510.0,PUT,2.0
2026-11-20,94,1520.0,PUT,15.0
2026-11-20,94,1530.0,PUT,0.0
2026-11-20,94,1540.0,PUT,13.0
2026-11-20,94,1550.0,PUT,1.0
2026-11-20,94,1560.0,PUT,5.0
2026-11-20,94,1590.0,PUT,0.0
2026-11-20,94,1600.0,PUT,11.0
2026-11-20,94,1610.0,PUT,13.0
2026-11-20,94,1630.0,PUT,7.0
2026-11-20,94,1640.0,PUT,3.0
2026-11-20,94,1670.0,PUT,65.0
2026-11-20,94,1680.0,PUT,0.0
2026-11-20,94,1690.0,PUT,9.0
2026-11-20,94,1700.0,PUT,3.0
2026-11-20,94,1720.0,PUT,21.0
2026-11-20,94,1730.0,PUT,11.0
2026-11-20,94,1740.0,PUT,6.0
2026-11-20,94,1750.0,PUT,21.0
2026-11-20,94,1760.0,PUT,1.0
2026-11-20,94,1770.0,PUT,21.0
2026-11-20,94,1790.0,PUT,1.0
2026-11-20,94,1800.0,PUT,3.0
2026-11-20,94,1820.0,PUT,16.0
2026-11-20,94,1840.0,PUT,6.0
2026-11-20,94,1860.0,PUT,1.0
2026-11-20,94,1880.0,PUT,0.0
2026-11-20,94,1890.0,PUT,10.0
2026-11-20,94,1900.0,PUT,4.0
2026-11-20,94,1910.0,PUT,0.0
2026-11-20,94,1920.0,PUT,6.0
2026-11-20,94,1930.0,PUT,0.0
2026-11-20,94,1940.0,PUT,1.0
2026-11-20,94,1950.0,PUT,0.0
2026-11-20,94,1960.0,PUT,0.0
2026-11-20,94,1980.0,PUT,0.0
2026-11-20,94,1990.0,PUT,0.0
2026-11-20,94,2000.0,PUT,35.0
2026-11-20,94,2010.0,PUT,0.0
2026-11-20,94,2020.0,PUT,0.0
2026-11-20,94,2030.0,PUT,0.0
2026-11-20,94,2050.0,PUT,0.0
2026-11-20,94,2070.0,PUT,0.0
2026-11-20,94,2140.0,PUT,0.0
2026-11-20,94,2150.0,PUT,0.0
2026-11-20,94,2170.0,PUT,0.0
2026-11-20,94,2200.0,PUT,0.0
2026-11-20,94,2290.0,PUT,0.0
2026-11-20,94,2400.0,PUT,0.0
2026-11-20,94,2410.0,PUT,0.0
2026-11-20,94,2420.0,PUT,0.0
2026-11-20,94,2500.0,PUT,0.0
2026-12-18,122,5.0,CALL,29.0
2026-12-18,122,10.0,CALL,21.0
2026-12-18,122,15.0,CALL,31.0
2026-12-18,122,20.0,CALL,10.0
2026-12-18,122,25.0,CALL,33.0
2026-12-18,122,35.0,CALL,27.0
2026-12-18,122,40.0,CALL,42.0
2026-12-18,122,45.0,CALL,0.0
2026-12-18,122,47.5,CALL,162.0
2026-12-18,122,50.0,CALL,242.0
2026-12-18,122,55.0,CALL,102.0
2026-12-18,122,60.0,CALL,89.0
2026-12-18,122,65.0,CALL,157.0
2026-12-18,122,70.0,CALL,271.0
2026-12-18,122,75.0,CALL,267.0
2026-12-18,122,80.0,CALL,319.0
2026-12-18,122,85.0,CALL,470.0
2026-12-18,122,87.5,CALL,185.0
2026-12-18,122,90.0,CALL,996.0
2026-12-18,122,92.5,CALL,154.0
2026-12-18,122,95.0,CALL,620.0
2026-12-18,122,97.5,CALL,164.0
2026-12-18,122,100.0,CALL,782.0
2026-12-18,122,105.0,CALL,398.0
2026-12-18,122,110.0,CALL,930.0
2026-12-18,122,115.0,CALL,88.0
2026-12-18,122,120.0,CALL,425.0
2026-12-18,122,125.0,CALL,497.0
2026-12-18,122,130.0,CALL,441.0
2026-12-18,122,135.0,CALL,177.0
2026-12-18,122,140.0,CALL,1238.0
2026-12-18,122,145.0,CALL,249.0
2026-12-18,122,150.0,CALL,504.0
2026-12-18,122,155.0,CALL,183.0
2026-12-18,122,160.0,CALL,676.0
2026-12-18,122,165.0,CALL,863.0
2026-12-18,122,170.0,CALL,434.0
2026-12-18,122,175.0,CALL,338.0
2026-12-18,122,180.0,CALL,768.0
2026-12-18,122,185.0,CALL,167.0
2026-12-18,122,190.0,CALL,874.0
2026-12-18,122,195.0,CALL,135.0
2026-12-18,122,200.0,CALL,1393.0
2026-12-18,122,210.0,CALL,734.0
2026-12-18,122,220.0,CALL,2073.0
2026-12-18,122,230.0,CALL,599.0
2026-12-18,122,240.0,CALL,897.0
2026-12-18,122,250.0,CALL,1074.0
2026-12-18,122,260.0,CALL,525.0
2026-12-18,122,270.0,CALL,675.0
2026-12-18,122,280.0,CALL,2165.0
2026-12-18,122,290.0,CALL,250.0
2026-12-18,122,300.0,CALL,1284.0
2026-12-18,122,310.0,CALL,438.0
2026-12-18,122,320.0,CALL,402.0
2026-12-18,122,330.0,CALL,996.0
2026-12-18,122,340.0,CALL,1449.0
2026-12-18,122,350.0,CALL,649.0
2026-12-18,122,360.0,CALL,486.0
2026-12-18,122,370.0,CALL,207.0
2026-12-18,122,380.0,CALL,800.0
2026-12-18,122,390.0,CALL,500.0
2026-12-18,122,400.0,CALL,823.0
2026-12-18,122,410.0,CALL,366.0
2026-12-18,122,420.0,CALL,1469.0
2026-12-18,122,430.0,CALL,215.0
2026-12-18,122,440.0,CALL,250.0
2026-12-18,122,450.0,CALL,1260.0
2026-12-18,122,460.0,CALL,712.0
2026-12-18,122,470.0,CALL,467.0
2026-12-18,122,480.0,CALL,787.0
2026-12-18,122,490.0,CALL,580.0
2026-12-18,122,500.0,CALL,1483.0
2026-12-18,122,510.0,CALL,720.0
2026-12-18,122,520.0,CALL,871.0
2026-12-18,122,530.0,CALL,208.0
2026-12-18,122,540.0,CALL,288.0
2026-12-18,122,550.0,CALL,698.0
2026-12-18,122,560.0,CALL,169.0
2026-12-18,122,570.0,CALL,580.0
2026-12-18,122,580.0,CALL,2974.0
2026-12-18,122,590.0,CALL,374.0
2026-12-18,122,600.0,CALL,1377.0
2026-12-18,122,610.0,CALL,427.0
2026-12-18,122,620.0,CALL,915.0
2026-12-18,122,630.0,CALL,198.0
2026-12-18,122,640.0,CALL,358.0
2026-12-18,122,650.0,CALL,737.0
2026-12-18,122,660.0,CALL,320.0
2026-12-18,122,670.0,CALL,330.0
2026-12-18,122,680.0,CALL,406.0
2026-12-18,122,690.0,CALL,406.0
2026-12-18,122,700.0,CALL,4407.0
2026-12-18,122,710.0,CALL,439.0
2026-12-18,122,720.0,CALL,313.0
2026-12-18,122,730.0,CALL,285.0
2026-12-18,122,740.0,CALL,1104.0
2026-12-18,122,750.0,CALL,596.0
2026-12-18,122,760.0,CALL,319.0
2026-12-18,122,770.0,CALL,519.0
2026-12-18,122,780.0,CALL,684.0
2026-12-18,122,790.0,CALL,237.0
2026-12-18,122,800.0,CALL,3671.0
2026-12-18,122,810.0,CALL,357.0
2026-12-18,122,820.0,CALL,424.0
2026-12-18,122,830.0,CALL,287.0
2026-12-18,122,840.0,CALL,546.0
2026-12-18,122,850.0,CALL,910.0
2026-12-18,122,860.0,CALL,559.0
2026-12-18,122,870.0,CALL,481.0
2026-12-18,122,880.0,CALL,491.0
2026-12-18,122,890.0,CALL,343.0
2026-12-18,122,900.0,CALL,2324.0
2026-12-18,122,910.0,CALL,1087.0
2026-12-18,122,920.0,CALL,1183.0
2026-12-18,122,930.0,CALL,235.0
2026-12-18,122,940.0,CALL,183.0
2026-12-18,122,950.0,CALL,1166.0
2026-12-18,122,960.0,CALL,440.0
2026-12-18,122,970.0,CALL,286.0
2026-12-18,122,980.0,CALL,306.0
2026-12-18,122,990.0,CALL,151.0
2026-12-18,122,1000.0,CALL,2835.0
2026-12-18,122,1010.0,CALL,415.0
2026-12-18,122,1020.0,CALL,436.0
2026-12-18,122,1030.0,CALL,343.0
2026-12-18,122,1040.0,CALL,161.0
2026-12-18,122,1050.0,CALL,1075.0
2026-12-18,122,1060.0,CALL,424.0
2026-12-18,122,1070.0,CALL,471.0
2026-12-18,122,1080.0,CALL,307.0
2026-12-18,122,1090.0,CALL,265.0
2026-12-18,122,1100.0,CALL,1521.0
2026-12-18,122,1110.0,CALL,149.0
2026-12-18,122,1120.0,CALL,178.0
2026-12-18,122,1130.0,CALL,223.0
2026-12-18,122,1140.0,CALL,287.0
2026-12-18,122,1150.0,CALL,638.0
2026-12-18,122,1160.0,CALL,148.0
2026-12-18,122,1170.0,CALL,381.0
2026-12-18,122,1180.0,CALL,670.0
2026-12-18,122,1190.0,CALL,88.0
2026-12-18,122,1200.0,CALL,2041.0
2026-12-18,122,1210.0,CALL,203.0
2026-12-18,122,1220.0,CALL,597.0
2026-12-18,122,1230.0,CALL,238.0
2026-12-18,122,1240.0,CALL,164.0
2026-12-18,122,1250.0,CALL,897.0
2026-12-18,122,1260.0,CALL,562.0
2026-12-18,122,1270.0,CALL,385.0
2026-12-18,122,1280.0,CALL,246.0
2026-12-18,122,1290.0,CALL,262.0
2026-12-18,122,1300.0,CALL,1465.0
2026-12-18,122,1310.0,CALL,430.0
2026-12-18,122,1320.0,CALL,470.0
2026-12-18,122,1330.0,CALL,1025.0
2026-12-18,122,1340.0,CALL,712.0
2026-12-18,122,1350.0,CALL,342.0
2026-12-18,122,1360.0,CALL,489.0
2026-12-18,122,1370.0,CALL,111.0
2026-12-18,122,1380.0,CALL,306.0
2026-12-18,122,1390.0,CALL,464.0
2026-12-18,122,1400.0,CALL,1409.0
2026-12-18,122,1410.0,CALL,164.0
2026-12-18,122,1420.0,CALL,859.0
2026-12-18,122,1430.0,CALL,73.0
2026-12-18,122,1440.0,CALL,184.0
2026-12-18,122,1450.0,CALL,605.0
2026-12-18,122,1460.0,CALL,585.0
2026-12-18,122,1470.0,CALL,168.0
2026-12-18,122,1480.0,CALL,324.0
2026-12-18,122,1490.0,CALL,195.0
2026-12-18,122,1500.0,CALL,1727.0
2026-12-18,122,1510.0,CALL,411.0
2026-12-18,122,1520.0,CALL,414.0
2026-12-18,122,1530.0,CALL,444.0
2026-12-18,122,1540.0,CALL,651.0
2026-12-18,122,1550.0,CALL,780.0
2026-12-18,122,1560.0,CALL,258.0
2026-12-18,122,1570.0,CALL,480.0
2026-12-18,122,1580.0,CALL,174.0
2026-12-18,122,1590.0,CALL,160.0
2026-12-18,122,1600.0,CALL,1588.0
2026-12-18,122,1610.0,CALL,981.0
2026-12-18,122,1620.0,CALL,618.0
2026-12-18,122,1630.0,CALL,576.0
2026-12-18,122,1640.0,CALL,130.0
2026-12-18,122,1650.0,CALL,156.0
2026-12-18,122,1660.0,CALL,165.0
2026-12-18,122,1670.0,CALL,91.0
2026-12-18,122,1680.0,CALL,239.0
2026-12-18,122,1690.0,CALL,127.0
2026-12-18,122,1700.0,CALL,429.0
2026-12-18,122,1710.0,CALL,226.0
2026-12-18,122,1720.0,CALL,41.0
2026-12-18,122,1730.0,CALL,229.0
2026-12-18,122,1740.0,CALL,133.0
2026-12-18,122,1750.0,CALL,491.0
2026-12-18,122,1760.0,CALL,191.0
2026-12-18,122,1770.0,CALL,154.0
2026-12-18,122,1780.0,CALL,92.0
2026-12-18,122,1790.0,CALL,282.0
2026-12-18,122,1800.0,CALL,477.0
2026-12-18,122,1810.0,CALL,235.0
2026-12-18,122,1820.0,CALL,880.0
2026-12-18,122,1830.0,CALL,1152.0
2026-12-18,122,1840.0,CALL,281.0
2026-12-18,122,1850.0,CALL,101.0
2026-12-18,122,1860.0,CALL,454.0
2026-12-18,122,1870.0,CALL,294.0
2026-12-18,122,1880.0,CALL,325.0
2026-12-18,122,1890.0,CALL,154.0
2026-12-18,122,1900.0,CALL,390.0
2026-12-18,122,1910.0,CALL,371.0
2026-12-18,122,1920.0,CALL,253.0
2026-12-18,122,1930.0,CALL,604.0
2026-12-18,122,1940.0,CALL,391.0
2026-12-18,122,1950.0,CALL,255.0
2026-12-18,122,1960.0,CALL,242.0
2026-12-18,122,1970.0,CALL,587.0
2026-12-18,122,1980.0,CALL,242.0
2026-12-18,122,1990.0,CALL,132.0
2026-12-18,122,2000.0,CALL,645.0
2026-12-18,122,2010.0,CALL,81.0
2026-12-18,122,2020.0,CALL,153.0
2026-12-18,122,2030.0,CALL,163.0
2026-12-18,122,2040.0,CALL,208.0
2026-12-18,122,2050.0,CALL,68.0
2026-12-18,122,2060.0,CALL,52.0
2026-12-18,122,2070.0,CALL,227.0
2026-12-18,122,2080.0,CALL,79.0
2026-12-18,122,2090.0,CALL,276.0
2026-12-18,122,2100.0,CALL,620.0
2026-12-18,122,2110.0,CALL,151.0
2026-12-18,122,2120.0,CALL,186.0
2026-12-18,122,2130.0,CALL,50.0
2026-12-18,122,2140.0,CALL,259.0
2026-12-18,122,2150.0,CALL,157.0
2026-12-18,122,2160.0,CALL,273.0
2026-12-18,122,2170.0,CALL,628.0
2026-12-18,122,2180.0,CALL,121.0
2026-12-18,122,2190.0,CALL,152.0
2026-12-18,122,2200.0,CALL,606.0
2026-12-18,122,2210.0,CALL,15.0
2026-12-18,122,2220.0,CALL,131.0
2026-12-18,122,2230.0,CALL,100.0
2026-12-18,122,2240.0,CALL,27.0
2026-12-18,122,2250.0,CALL,95.0
2026-12-18,122,2260.0,CALL,134.0
2026-12-18,122,2270.0,CALL,170.0
2026-12-18,122,2280.0,CALL,133.0
2026-12-18,122,2290.0,CALL,119.0
2026-12-18,122,2300.0,CALL,63.0
2026-12-18,122,2310.0,CALL,68.0
2026-12-18,122,2320.0,CALL,61.0
2026-12-18,122,2330.0,CALL,13.0
2026-12-18,122,2340.0,CALL,157.0
2026-12-18,122,2350.0,CALL,42.0
2026-12-18,122,2360.0,CALL,292.0
2026-12-18,122,2370.0,CALL,196.0
2026-12-18,122,2380.0,CALL,67.0
2026-12-18,122,2390.0,CALL,127.0
2026-12-18,122,2400.0,CALL,167.0
2026-12-18,122,2410.0,CALL,139.0
2026-12-18,122,2420.0,CALL,410.0
2026-12-18,122,2440.0,CALL,103.0
2026-12-18,122,2460.0,CALL,251.0
2026-12-18,122,2480.0,CALL,124.0
2026-12-18,122,2500.0,CALL,2935.0
2026-12-18,122,5.0,PUT,75.0
2026-12-18,122,10.0,PUT,141.0
2026-12-18,122,15.0,PUT,97.0
2026-12-18,122,20.0,PUT,27.0
2026-12-18,122,25.0,PUT,37.0
2026-12-18,122,30.0,PUT,1432.0
2026-12-18,122,35.0,PUT,3349.0
2026-12-18,122,40.0,PUT,1050.0
2026-12-18,122,45.0,PUT,3242.0
2026-12-18,122,47.5,PUT,2258.0
2026-12-18,122,50.0,PUT,1128.0
2026-12-18,122,55.0,PUT,3927.0
2026-12-18,122,60.0,PUT,4393.0
2026-12-18,122,65.0,PUT,1263.0
2026-12-18,122,70.0,PUT,4169.0
2026-12-18,122,75.0,PUT,3026.0
2026-12-18,122,80.0,PUT,4332.0
2026-12-18,122,85.0,PUT,3417.0
2026-12-18,122,87.5,PUT,2079.0
2026-12-18,122,90.0,PUT,2505.0
2026-12-18,122,92.5,PUT,276.0
2026-12-18,122,95.0,PUT,1166.0
2026-12-18,122,97.5,PUT,192.0
2026-12-18,122,100.0,PUT,2265.0
2026-12-18,122,105.0,PUT,754.0
2026-12-18,122,110.0,PUT,1213.0
2026-12-18,122,115.0,PUT,1150.0
2026-12-18,122,120.0,PUT,1063.0
2026-12-18,122,125.0,PUT,2188.0
2026-12-18,122,130.0,PUT,1253.0
2026-12-18,122,135.0,PUT,407.0
2026-12-18,122,140.0,PUT,906.0
2026-12-18,122,145.0,PUT,248.0
2026-12-18,122,150.0,PUT,1274.0
2026-12-18,122,155.0,PUT,315.0
2026-12-18,122,160.0,PUT,1124.0
2026-12-18,122,165.0,PUT,449.0
2026-12-18,122,170.0,PUT,806.0
2026-12-18,122,175.0,PUT,342.0
2026-12-18,122,180.0,PUT,779.0
2026-12-18,122,185.0,PUT,233.0
2026-12-18,122,190.0,PUT,1450.0
2026-12-18,122,195.0,PUT,1034.0
2026-12-18,122,200.0,PUT,2237.0
2026-12-18,122,210.0,PUT,2666.0
2026-12-18,122,220.0,PUT,1769.0
2026-12-18,122,230.0,PUT,625.0
2026-12-18,122,240.0,PUT,1470.0
2026-12-18,122,250.0,PUT,1921.0
2026-12-18,122,260.0,PUT,372.0
2026-12-18,122,270.0,PUT,1545.0
2026-12-18,122,280.0,PUT,3189.0
2026-12-18,122,290.0,PUT,635.0
2026-12-18,122,300.0,PUT,3113.0
2026-12-18,122,310.0,PUT,2717.0
2026-12-18,122,320.0,PUT,437.0
2026-12-18,122,330.0,PUT,758.0
2026-12-18,122,340.0,PUT,799.0
2026-12-18,122,350.0,PUT,2497.0
2026-12-18,122,360.0,PUT,10855.0
2026-12-18,122,370.0,PUT,5433.0
2026-12-18,122,380.0,PUT,6701.0
2026-12-18,122,390.0,PUT,2241.0
2026-12-18,122,400.0,PUT,5543.0
2026-12-18,122,410.0,PUT,1074.0
2026-12-18,122,420.0,PUT,4000.0
2026-12-18,122,430.0,PUT,605.0
2026-12-18,122,440.0,PUT,606.0
2026-12-18,122,450.0,PUT,1161.0
2026-12-18,122,460.0,PUT,457.0
2026-12-18,122,470.0,PUT,607.0
2026-12-18,122,480.0,PUT,1599.0
2026-12-18,122,490.0,PUT,1312.0
2026-12-18,122,500.0,PUT,3565.0
2026-12-18,122,510.0,PUT,397.0
2026-12-18,122,520.0,PUT,340.0
2026-12-18,122,530.0,PUT,1194.0
2026-12-18,122,540.0,PUT,420.0
2026-12-18,122,550.0,PUT,4163.0
2026-12-18,122,560.0,PUT,670.0
2026-12-18,122,570.0,PUT,373.0
2026-12-18,122,580.0,PUT,3468.0
2026-12-18,122,590.0,PUT,408.0
2026-12-18,122,600.0,PUT,5094.0
2026-12-18,122,610.0,PUT,422.0
2026-12-18,122,620.0,PUT,760.0
2026-12-18,122,630.0,PUT,467.0
2026-12-18,122,640.0,PUT,378.0
2026-12-18,122,650.0,PUT,2905.0
2026-12-18,122,660.0,PUT,660.0
2026-12-18,122,670.0,PUT,288.0
2026-12-18,122,680.0,PUT,343.0
2026-12-18,122,690.0,PUT,221.0
2026-12-18,122,700.0,PUT,3128.0
2026-12-18,122,710.0,PUT,660.0
2026-12-18,122,720.0,PUT,393.0
2026-12-18,122,730.0,PUT,493.0
2026-12-18,122,740.0,PUT,414.0
2026-12-18,122,750.0,PUT,2269.0
2026-12-18,122,760.0,PUT,1059.0
2026-12-18,122,770.0,PUT,174.0
2026-12-18,122,780.0,PUT,486.0
2026-12-18,122,790.0,PUT,690.0
2026-12-18,122,800.0,PUT,3080.0
2026-12-18,122,810.0,PUT,275.0
2026-12-18,122,820.0,PUT,551.0
2026-12-18,122,830.0,PUT,289.0
2026-12-18,122,840.0,PUT,406.0
2026-12-18,122,850.0,PUT,1394.0
2026-12-18,122,860.0,PUT,580.0
2026-12-18,122,870.0,PUT,650.0
2026-12-18,122,880.0,PUT,424.0
2026-12-18,122,890.0,PUT,564.0
2026-12-18,122,900.0,PUT,1689.0
2026-12-18,122,910.0,PUT,514.0
2026-12-18,122,920.0,PUT,279.0
2026-12-18,122,930.0,PUT,958.0
2026-12-18,122,940.0,PUT,354.0
2026-12-18,122,950.0,PUT,808.0
2026-12-18,122,960.0,PUT,167.0
2026-12-18,122,970.0,PUT,110.0
2026-12-18,122,980.0,PUT,560.0
2026-12-18,122,990.0,PUT,193.0
2026-12-18,122,1000.0,PUT,877.0
2026-12-18,122,1010.0,PUT,154.0
2026-12-18,122,1020.0,PUT,127.0
2026-12-18,122,1030.0,PUT,135.0
2026-12-18,122,1040.0,PUT,66.0
2026-12-18,122,1050.0,PUT,209.0
2026-12-18,122,1060.0,PUT,157.0
2026-12-18,122,1070.0,PUT,141.0
2026-12-18,122,1080.0,PUT,122.0
2026-12-18,122,1090.0,PUT,202.0
2026-12-18,122,1100.0,PUT,289.0
2026-12-18,122,1110.0,PUT,117.0
2026-12-18,122,1120.0,PUT,47.0
2026-12-18,122,1130.0,PUT,36.0
2026-12-18,122,1140.0,PUT,35.0
2026-12-18,122,1150.0,PUT,293.0
2026-12-18,122,1160.0,PUT,48.0
2026-12-18,122,1170.0,PUT,56.0
2026-12-18,122,1180.0,PUT,117.0
2026-12-18,122,1190.0,PUT,46.0
2026-12-18,122,1200.0,PUT,229.0
2026-12-18,122,1210.0,PUT,27.0
2026-12-18,122,1220.0,PUT,36.0
2026-12-18,122,1230.0,PUT,13.0
2026-12-18,122,1240.0,PUT,10.0
2026-12-18,122,1250.0,PUT,46.0
2026-12-18,122,1260.0,PUT,17.0
2026-12-18,122,1270.0,PUT,111.0
2026-12-18,122,1280.0,PUT,85.0
2026-12-18,122,1290.0,PUT,75.0
2026-12-18,122,1300.0,PUT,101.0
2026-12-18,122,1310.0,PUT,9.0
2026-12-18,122,1320.0,PUT,115.0
2026-12-18,122,1330.0,PUT,57.0
2026-12-18,122,1340.0,PUT,112.0
2026-12-18,122,1350.0,PUT,118.0
2026-12-18,122,1360.0,PUT,68.0
2026-12-18,122,1370.0,PUT,9.0
2026-12-18,122,1380.0,PUT,24.0
2026-12-18,122,1390.0,PUT,24.0
2026-12-18,122,1400.0,PUT,41.0
2026-12-18,122,1410.0,PUT,6.0
2026-12-18,122,1420.0,PUT,15.0
2026-12-18,122,1430.0,PUT,9.0
2026-12-18,122,1440.0,PUT,10.0
2026-12-18,122,1450.0,PUT,7.0
2026-12-18,122,1460.0,PUT,6.0
2026-12-18,122,1470.0,PUT,5.0
2026-12-18,122,1480.0,PUT,5.0
2026-12-18,122,1490.0,PUT,32.0
2026-12-18,122,1500.0,PUT,62.0
2026-12-18,122,1510.0,PUT,9.0
2026-12-18,122,1520.0,PUT,1.0
2026-12-18,122,1530.0,PUT,69.0
2026-12-18,122,1540.0,PUT,2.0
2026-12-18,122,1550.0,PUT,70.0
2026-12-18,122,1560.0,PUT,7.0
2026-12-18,122,1580.0,PUT,1.0
2026-12-18,122,1600.0,PUT,18.0
2026-12-18,122,1610.0,PUT,17.0
2026-12-18,122,1620.0,PUT,72.0
2026-12-18,122,1630.0,PUT,11.0
2026-12-18,122,1640.0,PUT,41.0
2026-12-18,122,1660.0,PUT,6.0
2026-12-18,122,1680.0,PUT,2.0
2026-12-18,122,1700.0,PUT,5.0
2026-12-18,122,1710.0,PUT,2.0
2026-12-18,122,1720.0,PUT,1.0
2026-12-18,122,1750.0,PUT,2.0
2026-12-18,122,1760.0,PUT,1.0
2026-12-18,122,1770.0,PUT,11.0
2026-12-18,122,1780.0,PUT,2.0
2026-12-18,122,1790.0,PUT,0.0
2026-12-18,122,1800.0,PUT,8.0
2026-12-18,122,1820.0,PUT,0.0
2026-12-18,122,1830.0,PUT,144.0
2026-12-18,122,1840.0,PUT,7.0
2026-12-18,122,1850.0,PUT,24.0
2026-12-18,122,1860.0,PUT,3.0
2026-12-18,122,1880.0,PUT,11.0
2026-12-18,122,1890.0,PUT,60.0
2026-12-18,122,1900.0,PUT,20.0
2026-12-18,122,1910.0,PUT,0.0
2026-12-18,122,1920.0,PUT,10.0
2026-12-18,122,1930.0,PUT,2.0
2026-12-18,122,1940.0,PUT,1.0
2026-12-18,122,1950.0,PUT,8.0
2026-12-18,122,1960.0,PUT,1.0
2026-12-18,122,1980.0,PUT,1.0
2026-12-18,122,2000.0,PUT,19.0
2026-12-18,122,2010.0,PUT,0.0
2026-12-18,122,2030.0,PUT,0.0
2026-12-18,122,2070.0,PUT,0.0
2026-12-18,122,2090.0,PUT,1.0
2026-12-18,122,2100.0,PUT,0.0
2026-12-18,122,2120.0,PUT,0.0
2026-12-18,122,2150.0,PUT,1.0
2026-12-18,122,2170.0,PUT,0.0
2026-12-18,122,2180.0,PUT,0.0
2026-12-18,122,2220.0,PUT,5.0
2026-12-18,122,2240.0,PUT,0.0
2026-12-18,122,2260.0,PUT,1.0
2026-12-18,122,2270.0,PUT,1.0
2026-12-18,122,2320.0,PUT,0.0
2026-12-18,122,2380.0,PUT,0.0
2026-12-18,122,2400.0,PUT,0.0
2026-12-18,122,2410.0,PUT,0.0
2026-12-18,122,2420.0,PUT,0.0
2026-12-18,122,2480.0,PUT,0.0
2026-12-18,122,2500.0,PUT,0.0
2027-01-15,150,35.0,CALL,119.0
2027-01-15,150,40.0,CALL,116.0
2027-01-15,150,45.0,CALL,178.0
2027-01-15,150,50.0,CALL,333.0
2027-01-15,150,55.0,CALL,105.0
2027-01-15,150,60.0,CALL,241.0
2027-01-15,150,65.0,CALL,0.0
2027-01-15,150,70.0,CALL,351.0
2027-01-15,150,75.0,CALL,335.0
2027-01-15,150,80.0,CALL,1725.0
2027-01-15,150,85.0,CALL,1292.0
2027-01-15,150,90.0,CALL,4466.0
2027-01-15,150,95.0,CALL,587.0
2027-01-15,150,100.0,CALL,656.0
2027-01-15,150,105.0,CALL,395.0
2027-01-15,150,110.0,CALL,1833.0
2027-01-15,150,115.0,CALL,366.0
2027-01-15,150,120.0,CALL,600.0
2027-01-15,150,125.0,CALL,412.0
2027-01-15,150,130.0,CALL,636.0
2027-01-15,150,135.0,CALL,493.0
2027-01-15,150,140.0,CALL,2531.0
2027-01-15,150,145.0,CALL,370.0
2027-01-15,150,150.0,CALL,2084.0
2027-01-15,150,155.0,CALL,359.0
2027-01-15,150,160.0,CALL,2297.0
2027-01-15,150,165.0,CALL,873.0
2027-01-15,150,170.0,CALL,983.0
2027-01-15,150,175.0,CALL,637.0
2027-01-15,150,180.0,CALL,795.0
2027-01-15,150,185.0,CALL,316.0
2027-01-15,150,190.0,CALL,1292.0
2027-01-15,150,195.0,CALL,998.0
2027-01-15,150,200.0,CALL,1433.0
2027-01-15,150,210.0,CALL,541.0
2027-01-15,150,220.0,CALL,3882.0
2027-01-15,150,230.0,CALL,962.0
2027-01-15,150,240.0,CALL,1011.0
2027-01-15,150,250.0,CALL,532.0
2027-01-15,150,260.0,CALL,417.0
2027-01-15,150,270.0,CALL,426.0
2027-01-15,150,280.0,CALL,251.0
2027-01-15,150,290.0,CALL,348.0
2027-01-15,150,300.0,CALL,1384.0
2027-01-15,150,310.0,CALL,736.0
2027-01-15,150,320.0,CALL,1956.0
2027-01-15,150,330.0,CALL,1644.0
2027-01-15,150,340.0,CALL,784.0
2027-01-15,150,350.0,CALL,2282.0
2027-01-15,150,360.0,CALL,618.0
2027-01-15,150,370.0,CALL,347.0
2027-01-15,150,380.0,CALL,735.0
2027-01-15,150,390.0,CALL,410.0
2027-01-15,150,400.0,CALL,1681.0
2027-01-15,150,410.0,CALL,607.0
2027-01-15,150,420.0,CALL,776.0
2027-01-15,150,430.0,CALL,963.0
2027-01-15,150,440.0,CALL,946.0
2027-01-15,150,450.0,CALL,3935.0
2027-01-15,150,460.0,CALL,557.0
2027-01-15,150,470.0,CALL,485.0
2027-01-15,150,480.0,CALL,1446.0
2027-01-15,150,490.0,CALL,1365.0
2027-01-15,150,500.0,CALL,5851.0
2027-01-15,150,510.0,CALL,1166.0
2027-01-15,150,520.0,CALL,1319.0
2027-01-15,150,530.0,CALL,571.0
2027-01-15,150,540.0,CALL,514.0
2027-01-15,150,550.0,CALL,3520.0
2027-01-15,150,560.0,CALL,509.0
2027-01-15,150,570.0,CALL,578.0
2027-01-15,150,580.0,CALL,1381.0
2027-01-15,150,590.0,CALL,361.0
2027-01-15,150,600.0,CALL,4848.0
2027-01-15,150,610.0,CALL,986.0
2027-01-15,150,620.0,CALL,1185.0
2027-01-15,150,630.0,CALL,1584.0
2027-01-15,150,640.0,CALL,545.0
2027-01-15,150,650.0,CALL,3640.0
2027-01-15,150,660.0,CALL,1258.0
2027-01-15,150,670.0,CALL,293.0
2027-01-15,150,680.0,CALL,1329.0
2027-01-15,150,690.0,CALL,1491.0
2027-01-15,150,700.0,CALL,4935.0
2027-01-15,150,710.0,CALL,1223.0
2027-01-15,150,720.0,CALL,1135.0
2027-01-15,150,730.0,CALL,248.0
2027-01-15,150,740.0,CALL,3982.0
2027-01-15,150,750.0,CALL,3739.0
2027-01-15,150,760.0,CALL,387.0
2027-01-15,150,770.0,CALL,298.0
2027-01-15,150,780.0,CALL,789.0
2027-01-15,150,790.0,CALL,893.0
2027-01-15,150,800.0,CALL,4622.0
2027-01-15,150,810.0,CALL,582.0
2027-01-15,150,820.0,CALL,519.0
2027-01-15,150,830.0,CALL,685.0
2027-01-15,150,840.0,CALL,1316.0
2027-01-15,150,850.0,CALL,3044.0
2027-01-15,150,860.0,CALL,442.0
2027-01-15,150,870.0,CALL,659.0
2027-01-15,150,880.0,CALL,601.0
2027-01-15,150,890.0,CALL,370.0
2027-01-15,150,900.0,CALL,6334.0
2027-01-15,150,910.0,CALL,1951.0
2027-01-15,150,920.0,CALL,163.0
2027-01-15,150,930.0,CALL,221.0
2027-01-15,150,940.0,CALL,361.0
2027-01-15,150,950.0,CALL,4212.0
2027-01-15,150,960.0,CALL,475.0
2027-01-15,150,970.0,CALL,423.0
2027-01-15,150,980.0,CALL,361.0
2027-01-15,150,990.0,CALL,205.0
2027-01-15,150,1000.0,CALL,6092.0
2027-01-15,150,1010.0,CALL,403.0
2027-01-15,150,1020.0,CALL,465.0
2027-01-15,150,1030.0,CALL,496.0
2027-01-15,150,1040.0,CALL,763.0
2027-01-15,150,1050.0,CALL,1871.0
2027-01-15,150,1060.0,CALL,820.0
2027-01-15,150,1070.0,CALL,203.0
2027-01-15,150,1080.0,CALL,925.0
2027-01-15,150,1090.0,CALL,893.0
2027-01-15,150,1100.0,CALL,2247.0
2027-01-15,150,1110.0,CALL,366.0
2027-01-15,150,1120.0,CALL,401.0
2027-01-15,150,1130.0,CALL,280.0
2027-01-15,150,1140.0,CALL,274.0
2027-01-15,150,1150.0,CALL,4306.0
2027-01-15,150,1160.0,CALL,453.0
2027-01-15,150,1170.0,CALL,448.0
2027-01-15,150,1180.0,CALL,967.0
2027-01-15,150,1190.0,CALL,366.0
2027-01-15,150,1200.0,CALL,4249.0
2027-01-15,150,1210.0,CALL,458.0
2027-01-15,150,1220.0,CALL,782.0
2027-01-15,150,1230.0,CALL,283.0
2027-01-15,150,1240.0,CALL,458.0
2027-01-15,150,1250.0,CALL,1298.0
2027-01-15,150,1260.0,CALL,417.0
2027-01-15,150,1270.0,CALL,163.0
2027-01-15,150,1280.0,CALL,621.0
2027-01-15,150,1290.0,CALL,202.0
2027-01-15,150,1300.0,CALL,8101.0
2027-01-15,150,1310.0,CALL,310.0
2027-01-15,150,1320.0,CALL,443.0
2027-01-15,150,1330.0,CALL,185.0
2027-01-15,150,1340.0,CALL,1548.0
2027-01-15,150,1350.0,CALL,1339.0
2027-01-15,150,1360.0,CALL,685.0
2027-01-15,150,1370.0,CALL,282.0
2027-01-15,150,1380.0,CALL,796.0
2027-01-15,150,1390.0,CALL,361.0
2027-01-15,150,1400.0,CALL,4861.0
2027-01-15,150,1410.0,CALL,370.0
2027-01-15,150,1420.0,CALL,607.0
2027-01-15,150,1430.0,CALL,193.0
2027-01-15,150,1440.0,CALL,387.0
2027-01-15,150,1450.0,CALL,277.0
2027-01-15,150,1460.0,CALL,146.0
2027-01-15,150,1470.0,CALL,439.0
2027-01-15,150,1480.0,CALL,537.0
2027-01-15,150,1490.0,CALL,312.0
2027-01-15,150,1500.0,CALL,4361.0
2027-01-15,150,1510.0,CALL,136.0
2027-01-15,150,1520.0,CALL,275.0
2027-01-15,150,1530.0,CALL,117.0
2027-01-15,150,1540.0,CALL,367.0
2027-01-15,150,1550.0,CALL,727.0
2027-01-15,150,1560.0,CALL,469.0
2027-01-15,150,1570.0,CALL,511.0
2027-01-15,150,1580.0,CALL,324.0
2027-01-15,150,1590.0,CALL,461.0
2027-01-15,150,1600.0,CALL,1886.0
2027-01-15,150,1610.0,CALL,595.0
2027-01-15,150,1620.0,CALL,382.0
2027-01-15,150,1630.0,CALL,809.0
2027-01-15,150,1640.0,CALL,150.0
2027-01-15,150,1650.0,CALL,388.0
2027-01-15,150,1660.0,CALL,263.0
2027-01-15,150,1670.0,CALL,229.0
2027-01-15,150,1680.0,CALL,134.0
2027-01-15,150,1690.0,CALL,198.0
2027-01-15,150,1700.0,CALL,1406.0
2027-01-15,150,1710.0,CALL,311.0
2027-01-15,150,1720.0,CALL,100.0
2027-01-15,150,1730.0,CALL,209.0
2027-01-15,150,1740.0,CALL,158.0
2027-01-15,150,1750.0,CALL,922.0
2027-01-15,150,1760.0,CALL,198.0
2027-01-15,150,1770.0,CALL,310.0
2027-01-15,150,1780.0,CALL,139.0
2027-01-15,150,1790.0,CALL,246.0
2027-01-15,150,1800.0,CALL,743.0
2027-01-15,150,1810.0,CALL,590.0
2027-01-15,150,1820.0,CALL,266.0
2027-01-15,150,1830.0,CALL,1088.0
2027-01-15,150,1840.0,CALL,126.0
2027-01-15,150,1850.0,CALL,269.0
2027-01-15,150,1860.0,CALL,141.0
2027-01-15,150,1870.0,CALL,88.0
2027-01-15,150,1880.0,CALL,59.0
2027-01-15,150,1890.0,CALL,50.0
2027-01-15,150,1900.0,CALL,1402.0
2027-01-15,150,1910.0,CALL,690.0
2027-01-15,150,1920.0,CALL,224.0
2027-01-15,150,1930.0,CALL,107.0
2027-01-15,150,1940.0,CALL,101.0
2027-01-15,150,1950.0,CALL,948.0
2027-01-15,150,1960.0,CALL,241.0
2027-01-15,150,1970.0,CALL,126.0
2027-01-15,150,1980.0,CALL,240.0
2027-01-15,150,1990.0,CALL,210.0
2027-01-15,150,2000.0,CALL,2385.0
2027-01-15,150,2010.0,CALL,98.0
2027-01-15,150,2020.0,CALL,290.0
2027-01-15,150,2030.0,CALL,172.0
2027-01-15,150,2040.0,CALL,87.0
2027-01-15,150,2050.0,CALL,719.0
2027-01-15,150,2060.0,CALL,82.0
2027-01-15,150,2070.0,CALL,153.0
2027-01-15,150,2080.0,CALL,165.0
2027-01-15,150,2090.0,CALL,197.0
2027-01-15,150,2100.0,CALL,520.0
2027-01-15,150,2110.0,CALL,181.0
2027-01-15,150,2120.0,CALL,132.0
2027-01-15,150,2130.0,CALL,91.0
2027-01-15,150,2140.0,CALL,37.0
2027-01-15,150,2150.0,CALL,300.0
2027-01-15,150,2160.0,CALL,170.0
2027-01-15,150,2170.0,CALL,1396.0
2027-01-15,150,2180.0,CALL,41.0
2027-01-15,150,2190.0,CALL,85.0
2027-01-15,150,2200.0,CALL,414.0
2027-01-15,150,2210.0,CALL,107.0
2027-01-15,150,2220.0,CALL,79.0
2027-01-15,150,2230.0,CALL,10.0
2027-01-15,150,2240.0,CALL,39.0
2027-01-15,150,2250.0,CALL,228.0
2027-01-15,150,2260.0,CALL,84.0
2027-01-15,150,2270.0,CALL,63.0
2027-01-15,150,2280.0,CALL,19.0
2027-01-15,150,2290.0,CALL,180.0
2027-01-15,150,2300.0,CALL,101.0
2027-01-15,150,2310.0,CALL,83.0
2027-01-15,150,2320.0,CALL,109.0
2027-01-15,150,2330.0,CALL,30.0
2027-01-15,150,2340.0,CALL,25.0
2027-01-15,150,2350.0,CALL,66.0
2027-01-15,150,2360.0,CALL,71.0
2027-01-15,150,2370.0,CALL,100.0
2027-01-15,150,2380.0,CALL,136.0
2027-01-15,150,2390.0,CALL,237.0
2027-01-15,150,2400.0,CALL,829.0
2027-01-15,150,2410.0,CALL,107.0
2027-01-15,150,2420.0,CALL,393.0
2027-01-15,150,2440.0,CALL,222.0
2027-01-15,150,2460.0,CALL,143.0
2027-01-15,150,2480.0,CALL,210.0
2027-01-15,150,2500.0,CALL,2594.0
2027-01-15,150,35.0,PUT,2235.0
2027-01-15,150,40.0,PUT,3976.0
2027-01-15,150,45.0,PUT,3500.0
2027-01-15,150,50.0,PUT,2203.0
2027-01-15,150,55.0,PUT,2777.0
2027-01-15,150,60.0,PUT,6044.0
2027-01-15,150,65.0,PUT,2967.0
2027-01-15,150,70.0,PUT,5713.0
2027-01-15,150,75.0,PUT,6408.0
2027-01-15,150,80.0,PUT,7871.0
2027-01-15,150,85.0,PUT,2953.0
2027-01-15,150,90.0,PUT,4202.0
2027-01-15,150,95.0,PUT,2515.0
2027-01-15,150,100.0,PUT,2694.0
2027-01-15,150,105.0,PUT,1142.0
2027-01-15,150,110.0,PUT,3281.0
2027-01-15,150,115.0,PUT,1576.0
2027-01-15,150,120.0,PUT,1929.0
2027-01-15,150,125.0,PUT,1210.0
2027-01-15,150,130.0,PUT,6057.0
2027-01-15,150,135.0,PUT,736.0
2027-01-15,150,140.0,PUT,961.0
2027-01-15,150,145.0,PUT,582.0
2027-01-15,150,150.0,PUT,3873.0
2027-01-15,150,155.0,PUT,344.0
2027-01-15,150,160.0,PUT,2597.0
2027-01-15,150,165.0,PUT,286.0
2027-01-15,150,170.0,PUT,1082.0
2027-01-15,150,175.0,PUT,588.0
2027-01-15,150,180.0,PUT,1437.0
2027-01-15,150,185.0,PUT,438.0
2027-01-15,150,190.0,PUT,608.0
2027-01-15,150,195.0,PUT,474.0
2027-01-15,150,200.0,PUT,3491.0
2027-01-15,150,210.0,PUT,902.0
2027-01-15,150,220.0,PUT,1515.0
2027-01-15,150,230.0,PUT,1696.0
2027-01-15,150,240.0,PUT,1862.0
2027-01-15,150,250.0,PUT,3871.0
2027-01-15,150,260.0,PUT,1714.0
2027-01-15,150,270.0,PUT,1501.0
2027-01-15,150,280.0,PUT,1606.0
2027-01-15,150,290.0,PUT,924.0
2027-01-15,150,300.0,PUT,7686.0
2027-01-15,150,310.0,PUT,986.0
2027-01-15,150,320.0,PUT,2689.0
2027-01-15,150,330.0,PUT,2160.0
2027-01-15,150,340.0,PUT,1882.0
2027-01-15,150,350.0,PUT,3840.0
2027-01-15,150,360.0,PUT,4316.0
2027-01-15,150,370.0,PUT,1479.0
2027-01-15,150,380.0,PUT,2221.0
2027-01-15,150,390.0,PUT,1949.0
2027-01-15,150,400.0,PUT,4762.0
2027-01-15,150,410.0,PUT,942.0
2027-01-15,150,420.0,PUT,1058.0
2027-01-15,150,430.0,PUT,2410.0
2027-01-15,150,440.0,PUT,1003.0
2027-01-15,150,450.0,PUT,2785.0
2027-01-15,150,460.0,PUT,1329.0
2027-01-15,150,470.0,PUT,1711.0
2027-01-15,150,480.0,PUT,1252.0
2027-01-15,150,490.0,PUT,1355.0
2027-01-15,150,500.0,PUT,4105.0
2027-01-15,150,510.0,PUT,1047.0
2027-01-15,150,520.0,PUT,987.0
2027-01-15,150,530.0,PUT,560.0
2027-01-15,150,540.0,PUT,770.0
2027-01-15,150,550.0,PUT,4314.0
2027-01-15,150,560.0,PUT,500.0
2027-01-15,150,570.0,PUT,390.0
2027-01-15,150,580.0,PUT,751.0
2027-01-15,150,590.0,PUT,869.0
2027-01-15,150,600.0,PUT,3493.0
2027-01-15,150,610.0,PUT,642.0
2027-01-15,150,620.0,PUT,1544.0
2027-01-15,150,630.0,PUT,481.0
2027-01-15,150,640.0,PUT,447.0
2027-01-15,150,650.0,PUT,4166.0
2027-01-15,150,660.0,PUT,292.0
2027-01-15,150,670.0,PUT,360.0
2027-01-15,150,680.0,PUT,705.0
2027-01-15,150,690.0,PUT,874.0
2027-01-15,150,700.0,PUT,5609.0
2027-01-15,150,710.0,PUT,574.0
2027-01-15,150,720.0,PUT,1965.0
2027-01-15,150,730.0,PUT,598.0
2027-01-15,150,740.0,PUT,239.0
2027-01-15,150,750.0,PUT,3122.0
2027-01-15,150,760.0,PUT,483.0
2027-01-15,150,770.0,PUT,441.0
2027-01-15,150,780.0,PUT,745.0
2027-01-15,150,790.0,PUT,593.0
2027-01-15,150,800.0,PUT,3417.0
2027-01-15,150,810.0,PUT,255.0
2027-01-15,150,820.0,PUT,328.0
2027-01-15,150,830.0,PUT,914.0
2027-01-15,150,840.0,PUT,497.0
2027-01-15,150,850.0,PUT,3435.0
2027-01-15,150,860.0,PUT,338.0
2027-01-15,150,870.0,PUT,1382.0
2027-01-15,150,880.0,PUT,234.0
2027-01-15,150,890.0,PUT,572.0
2027-01-15,150,900.0,PUT,2313.0
2027-01-15,150,910.0,PUT,225.0
2027-01-15,150,920.0,PUT,1262.0
2027-01-15,150,930.0,PUT,214.0
2027-01-15,150,940.0,PUT,471.0
2027-01-15,150,950.0,PUT,1497.0
2027-01-15,150,960.0,PUT,299.0
2027-01-15,150,970.0,PUT,247.0
2027-01-15,150,980.0,PUT,303.0
2027-01-15,150,990.0,PUT,273.0
2027-01-15,150,1000.0,PUT,3168.0
2027-01-15,150,1010.0,PUT,436.0
2027-01-15,150,1020.0,PUT,139.0
2027-01-15,150,1030.0,PUT,202.0
2027-01-15,150,1040.0,PUT,204.0
2027-01-15,150,1050.0,PUT,516.0
2027-01-15,150,1060.0,PUT,755.0
2027-01-15,150,1070.0,PUT,114.0
2027-01-15,150,1080.0,PUT,143.0
2027-01-15,150,1090.0,PUT,81.0
2027-01-15,150,1100.0,PUT,637.0
2027-01-15,150,1110.0,PUT,96.0
2027-01-15,150,1120.0,PUT,156.0
2027-01-15,150,1130.0,PUT,115.0
2027-01-15,150,1140.0,PUT,43.0
2027-01-15,150,1150.0,PUT,141.0
2027-01-15,150,1160.0,PUT,42.0
2027-01-15,150,1170.0,PUT,132.0
2027-01-15,150,1180.0,PUT,55.0
2027-01-15,150,1190.0,PUT,131.0
2027-01-15,150,1200.0,PUT,1040.0
2027-01-15,150,1210.0,PUT,29.0
2027-01-15,150,1220.0,PUT,31.0
2027-01-15,150,1230.0,PUT,23.0
2027-01-15,150,1240.0,PUT,445.0
2027-01-15,150,1250.0,PUT,48.0
2027-01-15,150,1260.0,PUT,70.0
2027-01-15,150,1270.0,PUT,50.0
2027-01-15,150,1280.0,PUT,99.0
2027-01-15,150,1290.0,PUT,24.0
2027-01-15,150,1300.0,PUT,142.0
2027-01-15,150,1310.0,PUT,24.0
2027-01-15,150,1320.0,PUT,42.0
2027-01-15,150,1330.0,PUT,71.0
2027-01-15,150,1340.0,PUT,28.0
2027-01-15,150,1350.0,PUT,20.0
2027-01-15,150,1360.0,PUT,51.0
2027-01-15,150,1370.0,PUT,20.0
2027-01-15,150,1380.0,PUT,79.0
2027-01-15,150,1390.0,PUT,65.0
2027-01-15,150,1400.0,PUT,271.0
2027-01-15,150,1410.0,PUT,94.0
2027-01-15,150,1420.0,PUT,38.0
2027-01-15,150,1430.0,PUT,13.0
2027-01-15,150,1440.0,PUT,71.0
2027-01-15,150,1450.0,PUT,59.0
2027-01-15,150,1460.0,PUT,25.0
2027-01-15,150,1470.0,PUT,57.0
2027-01-15,150,1480.0,PUT,142.0
2027-01-15,150,1490.0,PUT,13.0
2027-01-15,150,1500.0,PUT,406.0
2027-01-15,150,1510.0,PUT,10.0
2027-01-15,150,1520.0,PUT,7.0
2027-01-15,150,1530.0,PUT,2.0
2027-01-15,150,1540.0,PUT,11.0
2027-01-15,150,1550.0,PUT,2.0
2027-01-15,150,1560.0,PUT,2.0
2027-01-15,150,1570.0,PUT,2.0
2027-01-15,150,1580.0,PUT,1.0
2027-01-15,150,1590.0,PUT,2.0
2027-01-15,150,1600.0,PUT,18.0
2027-01-15,150,1610.0,PUT,4.0
2027-01-15,150,1620.0,PUT,6.0
2027-01-15,150,1630.0,PUT,91.0
2027-01-15,150,1640.0,PUT,25.0
2027-01-15,150,1650.0,PUT,2.0
2027-01-15,150,1660.0,PUT,6.0
2027-01-15,150,1670.0,PUT,0.0
2027-01-15,150,1680.0,PUT,14.0
2027-01-15,150,1690.0,PUT,0.0
2027-01-15,150,1700.0,PUT,24.0
2027-01-15,150,1710.0,PUT,0.0
2027-01-15,150,1720.0,PUT,7.0
2027-01-15,150,1730.0,PUT,1.0
2027-01-15,150,1740.0,PUT,3.0
2027-01-15,150,1750.0,PUT,4.0
2027-01-15,150,1760.0,PUT,33.0
2027-01-15,150,1770.0,PUT,1.0
2027-01-15,150,1780.0,PUT,0.0
2027-01-15,150,1790.0,PUT,7.0
2027-01-15,150,1800.0,PUT,12.0
2027-01-15,150,1810.0,PUT,4.0
2027-01-15,150,1820.0,PUT,5.0
2027-01-15,150,1830.0,PUT,52.0
2027-01-15,150,1840.0,PUT,10.0
2027-01-15,150,1850.0,PUT,1.0
2027-01-15,150,1880.0,PUT,1.0
2027-01-15,150,1900.0,PUT,6.0
2027-01-15,150,1910.0,PUT,7.0
2027-01-15,150,1920.0,PUT,2.0
2027-01-15,150,1930.0,PUT,2.0
2027-01-15,150,1940.0,PUT,3.0
2027-01-15,150,1950.0,PUT,2.0
2027-01-15,150,1960.0,PUT,10.0
2027-01-15,150,1970.0,PUT,1.0
2027-01-15,150,1980.0,PUT,1.0
2027-01-15,150,1990.0,PUT,3.0
2027-01-15,150,2000.0,PUT,15.0
2027-01-15,150,2010.0,PUT,4.0
2027-01-15,150,2020.0,PUT,3.0
2027-01-15,150,2030.0,PUT,1.0
2027-01-15,150,2050.0,PUT,3.0
2027-01-15,150,2060.0,PUT,1.0
2027-01-15,150,2080.0,PUT,1.0
2027-01-15,150,2090.0,PUT,4.0
2027-01-15,150,2100.0,PUT,13.0
2027-01-15,150,2110.0,PUT,1.0
2027-01-15,150,2120.0,PUT,4.0
2027-01-15,150,2130.0,PUT,0.0
2027-01-15,150,2140.0,PUT,17.0
2027-01-15,150,2150.0,PUT,2.0
2027-01-15,150,2160.0,PUT,39.0
2027-01-15,150,2170.0,PUT,21.0
2027-01-15,150,2190.0,PUT,10.0
2027-01-15,150,2200.0,PUT,2.0
2027-01-15,150,2210.0,PUT,6.0
2027-01-15,150,2220.0,PUT,1.0
2027-01-15,150,2230.0,PUT,0.0
2027-01-15,150,2270.0,PUT,0.0
2027-01-15,150,2280.0,PUT,0.0
2027-01-15,150,2290.0,PUT,8.0
2027-01-15,150,2300.0,PUT,0.0
2027-01-15,150,2310.0,PUT,0.0
2027-01-15,150,2320.0,PUT,0.0
2027-01-15,150,2350.0,PUT,0.0
2027-01-15,150,2360.0,PUT,0.0
2027-01-15,150,2370.0,PUT,0.0
2027-01-15,150,2380.0,PUT,0.0
2027-01-15,150,2390.0,PUT,0.0
2027-01-15,150,2400.0,PUT,0.0
2027-01-15,150,2410.0,PUT,0.0
2027-01-15,150,2420.0,PUT,0.0
2027-01-15,150,2440.0,PUT,0.0
2027-01-15,150,2460.0,PUT,0.0
2027-01-15,150,2480.0,PUT,0.0
2027-01-15,150,2500.0,PUT,10.0
