expiration,DTE,strike,option_type,openInterest
2026-08-21,0,5.0,CALL,836.0
2026-08-21,0,10.0,CALL,24.0
2026-08-21,0,15.0,CALL,1.0
2026-08-21,0,20.0,CALL,2.0
2026-08-21,0,25.0,CALL,0.0
2026-08-21,0,30.0,CALL,0.0
2026-08-21,0,35.0,CALL,1.0
2026-08-21,0,45.0,CALL,0.0
2026-08-21,0,50.0,CALL,1.0
2026-08-21,0,55.0,CALL,0.0
2026-08-21,0,60.0,CALL,141.0
2026-08-21,0,65.0,CALL,14.0
2026-08-21,0,70.0,CALL,10.0
2026-08-21,0,75.0,CALL,11.0
2026-08-21,0,80.0,CALL,16.0
2026-08-21,0,85.0,CALL,31.0
2026-08-21,0,90.0,CALL,21.0
2026-08-21,0,95.0,CALL,15.0
2026-08-21,0,100.0,CALL,36.0
2026-08-21,0,105.0,CALL,7.0
2026-08-21,0,110.0,CALL,61.0
2026-08-21,0,115.0,CALL,63.0
2026-08-21,0,120.0,CALL,845.0
2026-08-21,0,125.0,CALL,129.0
2026-08-21,0,130.0,CALL,60.0
2026-08-21,0,135.0,CALL,48.0
2026-08-21,0,140.0,CALL,46.0
2026-08-21,0,145.0,CALL,43.0
2026-08-21,0,150.0,CALL,80.0
2026-08-21,0,155.0,CALL,77.0
2026-08-21,0,160.0,CALL,102.0
2026-08-21,0,165.0,CALL,82.0
2026-08-21,0,170.0,CALL,120.0
2026-08-21,0,175.0,CALL,187.0
2026-08-21,0,180.0,CALL,257.0
2026-08-21,0,185.0,CALL,73.0
2026-08-21,0,190.0,CALL,102.0
2026-08-21,0,195.0,CALL,146.0
2026-08-21,0,200.0,CALL,130.0
2026-08-21,0,210.0,CALL,190.0
2026-08-21,0,220.0,CALL,138.0
2026-08-21,0,230.0,CALL,363.0
2026-08-21,0,240.0,CALL,215.0
2026-08-21,0,250.0,CALL,566.0
2026-08-21,0,260.0,CALL,668.0
2026-08-21,0,270.0,CALL,251.0
2026-08-21,0,280.0,CALL,374.0
2026-08-21,0,290.0,CALL,168.0
2026-08-21,0,300.0,CALL,418.0
2026-08-21,0,310.0,CALL,395.0
2026-08-21,0,320.0,CALL,216.0
2026-08-21,0,330.0,CALL,195.0
2026-08-21,0,340.0,CALL,271.0
2026-08-21,0,350.0,CALL,408.0
2026-08-21,0,360.0,CALL,1020.0
2026-08-21,0,370.0,CALL,511.0
2026-08-21,0,380.0,CALL,398.0
2026-08-21,0,390.0,CALL,242.0
2026-08-21,0,400.0,CALL,337.0
2026-08-21,0,410.0,CALL,290.0
2026-08-21,0,420.0,CALL,753.0
2026-08-21,0,430.0,CALL,403.0
2026-08-21,0,440.0,CALL,853.0
2026-08-21,0,450.0,CALL,492.0
2026-08-21,0,460.0,CALL,333.0
2026-08-21,0,470.0,CALL,604.0
2026-08-21,0,480.0,CALL,392.0
2026-08-21,0,490.0,CALL,585.0
2026-08-21,0,500.0,CALL,1568.0
2026-08-21,0,510.0,CALL,1003.0
2026-08-21,0,520.0,CALL,479.0
2026-08-21,0,530.0,CALL,497.0
2026-08-21,0,540.0,CALL,449.0
2026-08-21,0,550.0,CALL,609.0
2026-08-21,0,560.0,CALL,289.0
2026-08-21,0,570.0,CALL,303.0
2026-08-21,0,580.0,CALL,272.0
2026-08-21,0,590.0,CALL,239.0
2026-08-21,0,600.0,CALL,1764.0
2026-08-21,0,610.0,CALL,414.0
2026-08-21,0,620.0,CALL,467.0
2026-08-21,0,630.0,CALL,276.0
2026-08-21,0,640.0,CALL,595.0
2026-08-21,0,650.0,CALL,763.0
2026-08-21,0,660.0,CALL,206.0
2026-08-21,0,670.0,CALL,265.0
2026-08-21,0,680.0,CALL,206.0
2026-08-21,0,690.0,CALL,293.0
2026-08-21,0,700.0,CALL,950.0
2026-08-21,0,710.0,CALL,717.0
2026-08-21,0,720.0,CALL,349.0
2026-08-21,0,730.0,CALL,611.0
2026-08-21,0,740.0,CALL,402.0
2026-08-21,0,750.0,CALL,740.0
2026-08-21,0,760.0,CALL,366.0
2026-08-21,0,765.0,CALL,24.0
2026-08-21,0,770.0,CALL,215.0
2026-08-21,0,775.0,CALL,21.0
2026-08-21,0,780.0,CALL,444.0
2026-08-21,0,785.0,CALL,50.0
2026-08-21,0,790.0,CALL,241.0
2026-08-21,0,795.0,CALL,90.0
2026-08-21,0,800.0,CALL,1458.0
2026-08-21,0,805.0,CALL,122.0
2026-08-21,0,810.0,CALL,388.0
2026-08-21,0,815.0,CALL,109.0
2026-08-21,0,820.0,CALL,699.0
2026-08-21,0,825.0,CALL,67.0
2026-08-21,0,830.0,CALL,691.0
2026-08-21,0,835.0,CALL,134.0
2026-08-21,0,840.0,CALL,575.0
2026-08-21,0,845.0,CALL,143.0
2026-08-21,0,850.0,CALL,1712.0
2026-08-21,0,855.0,CALL,205.0
2026-08-21,0,860.0,CALL,493.0
2026-08-21,0,865.0,CALL,119.0
2026-08-21,0,870.0,CALL,1111.0
2026-08-21,0,875.0,CALL,198.0
2026-08-21,0,880.0,CALL,902.0
2026-08-21,0,885.0,CALL,200.0
2026-08-21,0,890.0,CALL,1802.0
2026-08-21,0,895.0,CALL,461.0
2026-08-21,0,900.0,CALL,2920.0
2026-08-21,0,905.0,CALL,404.0
2026-08-21,0,910.0,CALL,1458.0
2026-08-21,0,915.0,CALL,537.0
2026-08-21,0,920.0,CALL,1514.0
2026-08-21,0,925.0,CALL,787.0
2026-08-21,0,930.0,CALL,1498.0
2026-08-21,0,935.0,CALL,1755.0
2026-08-21,0,940.0,CALL,1554.0
2026-08-21,0,945.0,CALL,1012.0
2026-08-21,0,950.0,CALL,6810.0
2026-08-21,0,955.0,CALL,1760.0
2026-08-21,0,957.5,CALL,418.0
2026-08-21,0,960.0,CALL,3092.0
2026-08-21,0,962.5,CALL,557.0
2026-08-21,0,965.0,CALL,1292.0
2026-08-21,0,970.0,CALL,2921.0
2026-08-21,0,975.0,CALL,1853.0
2026-08-21,0,980.0,CALL,7476.0
2026-08-21,0,985.0,CALL,1489.0
2026-08-21,0,990.0,CALL,9692.0
2026-08-21,0,995.0,CALL,1218.0
2026-08-21,0,1000.0,CALL,14133.0
2026-08-21,0,1005.0,CALL,1798.0
2026-08-21,0,1010.0,CALL,4051.0
2026-08-21,0,1020.0,CALL,2883.0
2026-08-21,0,1030.0,CALL,3382.0
2026-08-21,0,1040.0,CALL,2732.0
2026-08-21,0,1050.0,CALL,8180.0
2026-08-21,0,1060.0,CALL,1804.0
2026-08-21,0,1070.0,CALL,2768.0
2026-08-21,0,1080.0,CALL,9497.0
2026-08-21,0,1090.0,CALL,1873.0
2026-08-21,0,1100.0,CALL,12010.0
2026-08-21,0,1110.0,CALL,2460.0
2026-08-21,0,1120.0,CALL,1582.0
2026-08-21,0,1130.0,CALL,3395.0
2026-08-21,0,1140.0,CALL,846.0
2026-08-21,0,1150.0,CALL,5636.0
2026-08-21,0,1160.0,CALL,627.0
2026-08-21,0,1170.0,CALL,1385.0
2026-08-21,0,1180.0,CALL,1313.0
2026-08-21,0,1190.0,CALL,7896.0
2026-08-21,0,1200.0,CALL,11474.0
2026-08-21,0,1210.0,CALL,1030.0
2026-08-21,0,1220.0,CALL,830.0
2026-08-21,0,1230.0,CALL,637.0
2026-08-21,0,1240.0,CALL,441.0
2026-08-21,0,1250.0,CALL,2667.0
2026-08-21,0,1260.0,CALL,792.0
2026-08-21,0,1270.0,CALL,519.0
2026-08-21,0,1280.0,CALL,1606.0
2026-08-21,0,1290.0,CALL,459.0
2026-08-21,0,1300.0,CALL,3908.0
2026-08-21,0,1310.0,CALL,294.0
2026-08-21,0,1320.0,CALL,497.0
2026-08-21,0,1330.0,CALL,425.0
2026-08-21,0,1340.0,CALL,489.0
2026-08-21,0,1350.0,CALL,3887.0
2026-08-21,0,1360.0,CALL,425.0
2026-08-21,0,1370.0,CALL,368.0
2026-08-21,0,1380.0,CALL,284.0
2026-08-21,0,1390.0,CALL,385.0
2026-08-21,0,1400.0,CALL,3731.0
2026-08-21,0,1410.0,CALL,297.0
2026-08-21,0,1420.0,CALL,837.0
2026-08-21,0,1430.0,CALL,419.0
2026-08-21,0,1440.0,CALL,601.0
2026-08-21,0,1450.0,CALL,1186.0
2026-08-21,0,1460.0,CALL,191.0
2026-08-21,0,1470.0,CALL,511.0
2026-08-21,0,1480.0,CALL,419.0
2026-08-21,0,1490.0,CALL,841.0
2026-08-21,0,1500.0,CALL,7603.0
2026-08-21,0,1510.0,CALL,404.0
2026-08-21,0,1520.0,CALL,580.0
2026-08-21,0,1530.0,CALL,505.0
2026-08-21,0,1540.0,CALL,333.0
2026-08-21,0,1550.0,CALL,959.0
2026-08-21,0,1560.0,CALL,823.0
2026-08-21,0,1570.0,CALL,963.0
2026-08-21,0,1580.0,CALL,696.0
2026-08-21,0,1590.0,CALL,496.0
2026-08-21,0,1600.0,CALL,3648.0
2026-08-21,0,1610.0,CALL,986.0
2026-08-21,0,1620.0,CALL,893.0
2026-08-21,0,1630.0,CALL,542.0
2026-08-21,0,1640.0,CALL,872.0
2026-08-21,0,1650.0,CALL,821.0
2026-08-21,0,1660.0,CALL,669.0
2026-08-21,0,1670.0,CALL,653.0
2026-08-21,0,1680.0,CALL,1385.0
2026-08-21,0,1690.0,CALL,741.0
2026-08-21,0,1700.0,CALL,2925.0
2026-08-21,0,1710.0,CALL,778.0
2026-08-21,0,1720.0,CALL,501.0
2026-08-21,0,1730.0,CALL,483.0
2026-08-21,0,1740.0,CALL,876.0
2026-08-21,0,1750.0,CALL,1489.0
2026-08-21,0,1760.0,CALL,1512.0
2026-08-21,0,1770.0,CALL,1360.0
2026-08-21,0,1780.0,CALL,1142.0
2026-08-21,0,1790.0,CALL,1307.0
2026-08-21,0,1800.0,CALL,2898.0
2026-08-21,0,1810.0,CALL,852.0
2026-08-21,0,1820.0,CALL,662.0
2026-08-21,0,1830.0,CALL,1065.0
2026-08-21,0,1840.0,CALL,530.0
2026-08-21,0,1850.0,CALL,1303.0
2026-08-21,0,1860.0,CALL,966.0
2026-08-21,0,1870.0,CALL,741.0
2026-08-21,0,1880.0,CALL,845.0
2026-08-21,0,1890.0,CALL,968.0
2026-08-21,0,1900.0,CALL,1066.0
2026-08-21,0,1910.0,CALL,547.0
2026-08-21,0,1920.0,CALL,706.0
2026-08-21,0,1930.0,CALL,1175.0
2026-08-21,0,1940.0,CALL,504.0
2026-08-21,0,1950.0,CALL,544.0
2026-08-21,0,1960.0,CALL,142.0
2026-08-21,0,1970.0,CALL,320.0
2026-08-21,0,1980.0,CALL,455.0
2026-08-21,0,1990.0,CALL,132.0
2026-08-21,0,2000.0,CALL,4771.0
2026-08-21,0,2010.0,CALL,94.0
2026-08-21,0,2020.0,CALL,1243.0
2026-08-21,0,2030.0,CALL,803.0
2026-08-21,0,2040.0,CALL,739.0
2026-08-21,0,2050.0,CALL,565.0
2026-08-21,0,2060.0,CALL,490.0
2026-08-21,0,2070.0,CALL,182.0
2026-08-21,0,2080.0,CALL,164.0
2026-08-21,0,2090.0,CALL,144.0
2026-08-21,0,2100.0,CALL,226.0
2026-08-21,0,2110.0,CALL,320.0
2026-08-21,0,2120.0,CALL,792.0
2026-08-21,0,2130.0,CALL,142.0
2026-08-21,0,2140.0,CALL,238.0
2026-08-21,0,2150.0,CALL,245.0
2026-08-21,0,2160.0,CALL,180.0
2026-08-21,0,2170.0,CALL,923.0
2026-08-21,0,2180.0,CALL,271.0
2026-08-21,0,2190.0,CALL,138.0
2026-08-21,0,2200.0,CALL,1044.0
2026-08-21,0,2210.0,CALL,99.0
2026-08-21,0,2220.0,CALL,137.0
2026-08-21,0,2230.0,CALL,698.0
2026-08-21,0,2240.0,CALL,10.0
2026-08-21,0,2250.0,CALL,487.0
2026-08-21,0,2260.0,CALL,18.0
2026-08-21,0,2270.0,CALL,15.0
2026-08-21,0,2280.0,CALL,13.0
2026-08-21,0,2290.0,CALL,129.0
2026-08-21,0,2300.0,CALL,170.0
2026-08-21,0,2310.0,CALL,278.0
2026-08-21,0,2320.0,CALL,118.0
2026-08-21,0,2330.0,CALL,18.0
2026-08-21,0,2340.0,CALL,52.0
2026-08-21,0,2350.0,CALL,106.0
2026-08-21,0,2360.0,CALL,116.0
2026-08-21,0,2370.0,CALL,113.0
2026-08-21,0,2380.0,CALL,121.0
2026-08-21,0,2390.0,CALL,123.0
2026-08-21,0,2400.0,CALL,511.0
2026-08-21,0,2410.0,CALL,118.0
2026-08-21,0,2420.0,CALL,909.0
2026-08-21,0,2440.0,CALL,320.0
2026-08-21,0,2460.0,CALL,167.0
2026-08-21,0,2480.0,CALL,702.0
2026-08-21,0,2500.0,CALL,2321.0
2026-08-21,0,5.0,PUT,112.0
2026-08-21,0,10.0,PUT,119.0
2026-08-21,0,15.0,PUT,63.0
2026-08-21,0,20.0,PUT,171.0
2026-08-21,0,25.0,PUT,129.0
2026-08-21,0,30.0,PUT,402.0
2026-08-21,0,35.0,PUT,1171.0
2026-08-21,0,40.0,PUT,395.0
2026-08-21,0,45.0,PUT,1333.0
2026-08-21,0,50.0,PUT,667.0
2026-08-21,0,55.0,PUT,1051.0
2026-08-21,0,60.0,PUT,1627.0
2026-08-21,0,65.0,PUT,2809.0
2026-08-21,0,70.0,PUT,640.0
2026-08-21,0,75.0,PUT,864.0
2026-08-21,0,80.0,PUT,1150.0
2026-08-21,0,85.0,PUT,3062.0
2026-08-21,0,90.0,PUT,896.0
2026-08-21,0,95.0,PUT,816.0
2026-08-21,0,100.0,PUT,2341.0
2026-08-21,0,105.0,PUT,1640.0
2026-08-21,0,110.0,PUT,2955.0
2026-08-21,0,115.0,PUT,728.0
2026-08-21,0,120.0,PUT,1256.0
2026-08-21,0,125.0,PUT,1574.0
2026-08-21,0,130.0,PUT,1156.0
2026-08-21,0,135.0,PUT,559.0
2026-08-21,0,140.0,PUT,892.0
2026-08-21,0,145.0,PUT,8811.0
2026-08-21,0,150.0,PUT,10804.0
2026-08-21,0,155.0,PUT,12057.0
2026-08-21,0,160.0,PUT,11290.0
2026-08-21,0,165.0,PUT,2251.0
2026-08-21,0,170.0,PUT,2041.0
2026-08-21,0,175.0,PUT,704.0
2026-08-21,0,180.0,PUT,990.0
2026-08-21,0,185.0,PUT,1841.0
2026-08-21,0,190.0,PUT,1354.0
2026-08-21,0,195.0,PUT,1072.0
2026-08-21,0,200.0,PUT,2893.0
2026-08-21,0,210.0,PUT,491.0
2026-08-21,0,220.0,PUT,1655.0
2026-08-21,0,230.0,PUT,1960.0
2026-08-21,0,240.0,PUT,1595.0
2026-08-21,0,250.0,PUT,3491.0
2026-08-21,0,260.0,PUT,2446.0
2026-08-21,0,270.0,PUT,1993.0
2026-08-21,0,280.0,PUT,3195.0
2026-08-21,0,290.0,PUT,3208.0
2026-08-21,0,300.0,PUT,5407.0
2026-08-21,0,310.0,PUT,2180.0
2026-08-21,0,320.0,PUT,3479.0
2026-08-21,0,330.0,PUT,1221.0
2026-08-21,0,340.0,PUT,1117.0
2026-08-21,0,350.0,PUT,2383.0
2026-08-21,0,360.0,PUT,734.0
2026-08-21,0,370.0,PUT,1729.0
2026-08-21,0,380.0,PUT,1839.0
2026-08-21,0,390.0,PUT,1505.0
2026-08-21,0,400.0,PUT,2951.0
2026-08-21,0,410.0,PUT,1397.0
2026-08-21,0,420.0,PUT,1904.0
2026-08-21,0,430.0,PUT,905.0
2026-08-21,0,440.0,PUT,2351.0
2026-08-21,0,450.0,PUT,5338.0
2026-08-21,0,460.0,PUT,673.0
2026-08-21,0,470.0,PUT,1160.0
2026-08-21,0,480.0,PUT,736.0
2026-08-21,0,490.0,PUT,687.0
2026-08-21,0,500.0,PUT,4480.0
2026-08-21,0,510.0,PUT,851.0
2026-08-21,0,520.0,PUT,1262.0
2026-08-21,0,530.0,PUT,551.0
2026-08-21,0,540.0,PUT,1366.0
2026-08-21,0,550.0,PUT,19786.0
2026-08-21,0,560.0,PUT,967.0
2026-08-21,0,570.0,PUT,911.0
2026-08-21,0,580.0,PUT,630.0
2026-08-21,0,590.0,PUT,1199.0
2026-08-21,0,600.0,PUT,17874.0
2026-08-21,0,610.0,PUT,1933.0
2026-08-21,0,620.0,PUT,2996.0
2026-08-21,0,630.0,PUT,2630.0
2026-08-21,0,640.0,PUT,1833.0
2026-08-21,0,650.0,PUT,18530.0
2026-08-21,0,660.0,PUT,1152.0
2026-08-21,0,670.0,PUT,1820.0
2026-08-21,0,680.0,PUT,4782.0
2026-08-21,0,690.0,PUT,1347.0
2026-08-21,0,700.0,PUT,6752.0
2026-08-21,0,710.0,PUT,1345.0
2026-08-21,0,720.0,PUT,3323.0
2026-08-21,0,730.0,PUT,1864.0
2026-08-21,0,740.0,PUT,1425.0
2026-08-21,0,750.0,PUT,5834.0
2026-08-21,0,760.0,PUT,2515.0
2026-08-21,0,765.0,PUT,1043.0
2026-08-21,0,770.0,PUT,1839.0
2026-08-21,0,775.0,PUT,786.0
2026-08-21,0,780.0,PUT,2267.0
2026-08-21,0,785.0,PUT,169.0
2026-08-21,0,790.0,PUT,1324.0
2026-08-21,0,795.0,PUT,466.0
2026-08-21,0,800.0,PUT,7016.0
2026-08-21,0,805.0,PUT,384.0
2026-08-21,0,810.0,PUT,1209.0
2026-08-21,0,815.0,PUT,448.0
2026-08-21,0,820.0,PUT,1690.0
2026-08-21,0,825.0,PUT,1208.0
2026-08-21,0,830.0,PUT,3526.0
2026-08-21,0,835.0,PUT,1178.0
2026-08-21,0,840.0,PUT,2470.0
2026-08-21,0,845.0,PUT,1531.0
2026-08-21,0,850.0,PUT,6936.0
2026-08-21,0,855.0,PUT,1061.0
2026-08-21,0,860.0,PUT,2756.0
2026-08-21,0,865.0,PUT,702.0
2026-08-21,0,870.0,PUT,2681.0
2026-08-21,0,875.0,PUT,1643.0
2026-08-21,0,880.0,PUT,2745.0
2026-08-21,0,885.0,PUT,1001.0
2026-08-21,0,890.0,PUT,2477.0
2026-08-21,0,895.0,PUT,1420.0
2026-08-21,0,900.0,PUT,6754.0
2026-08-21,0,905.0,PUT,799.0
2026-08-21,0,910.0,PUT,3086.0
2026-08-21,0,915.0,PUT,1381.0
2026-08-21,0,920.0,PUT,3295.0
2026-08-21,0,925.0,PUT,1061.0
2026-08-21,0,930.0,PUT,4429.0
2026-08-21,0,935.0,PUT,2466.0
2026-08-21,0,940.0,PUT,2731.0
2026-08-21,0,945.0,PUT,757.0
2026-08-21,0,950.0,PUT,4624.0
2026-08-21,0,955.0,PUT,960.0
2026-08-21,0,957.5,PUT,490.0
2026-08-21,0,960.0,PUT,1033.0
2026-08-21,0,962.5,PUT,287.0
2026-08-21,0,965.0,PUT,537.0
2026-08-21,0,970.0,PUT,632.0
2026-08-21,0,975.0,PUT,438.0
2026-08-21,0,980.0,PUT,4958.0
2026-08-21,0,985.0,PUT,143.0
2026-08-21,0,990.0,PUT,6688.0
2026-08-21,0,995.0,PUT,223.0
2026-08-21,0,1000.0,PUT,4597.0
2026-08-21,0,1005.0,PUT,111.0
2026-08-21,0,1010.0,PUT,415.0
2026-08-21,0,1020.0,PUT,967.0
2026-08-21,0,1030.0,PUT,376.0
2026-08-21,0,1040.0,PUT,211.0
2026-08-21,0,1050.0,PUT,714.0
2026-08-21,0,1060.0,PUT,82.0
2026-08-21,0,1070.0,PUT,31.0
2026-08-21,0,1080.0,PUT,8.0
2026-08-21,0,1090.0,PUT,21.0
2026-08-21,0,1100.0,PUT,80.0
2026-08-21,0,1110.0,PUT,8.0
2026-08-21,0,1120.0,PUT,4.0
2026-08-21,0,1130.0,PUT,9.0
2026-08-21,0,1140.0,PUT,37.0
2026-08-21,0,1150.0,PUT,46.0
2026-08-21,0,1160.0,PUT,17.0
2026-08-21,0,1170.0,PUT,2.0
2026-08-21,0,1180.0,PUT,1.0
2026-08-21,0,1190.0,PUT,11307.0
2026-08-21,0,1200.0,PUT,254.0
2026-08-21,0,1210.0,PUT,8.0
2026-08-21,0,1220.0,PUT,6.0
2026-08-21,0,1230.0,PUT,2.0
2026-08-21,0,1240.0,PUT,0.0
2026-08-21,0,1250.0,PUT,8.0
2026-08-21,0,1260.0,PUT,5.0
2026-08-21,0,1270.0,PUT,1.0
2026-08-21,0,1280.0,PUT,0.0
2026-08-21,0,1290.0,PUT,0.0
2026-08-21,0,1300.0,PUT,0.0
2026-08-21,0,1310.0,PUT,0.0
2026-08-21,0,1320.0,PUT,16.0
2026-08-21,0,1330.0,PUT,0.0
2026-08-21,0,1340.0,PUT,0.0
2026-08-21,0,1350.0,PUT,0.0
2026-08-21,0,1360.0,PUT,0.0
2026-08-21,0,1370.0,PUT,0.0
2026-08-21,0,1380.0,PUT,15.0
2026-08-21,0,1390.0,PUT,0.0
2026-08-21,0,1400.0,PUT,0.0
2026-08-21,0,1410.0,PUT,0.0
2026-08-21,0,1420.0,PUT,0.0
2026-08-21,0,1430.0,PUT,17.0
2026-08-21,0,1440.0,PUT,0.0
2026-08-21,0,1450.0,PUT,0.0
2026-08-21,0,1460.0,PUT,0.0
2026-08-21,0,1470.0,PUT,16.0
2026-08-21,0,1480.0,PUT,10.0
2026-08-21,0,1490.0,PUT,0.0
2026-08-21,0,1500.0,PUT,1.0
2026-08-21,0,1510.0,PUT,0.0
2026-08-21,0,1520.0,PUT,0.0
2026-08-21,0,1530.0,PUT,0.0
2026-08-21,0,1540.0,PUT,4.0
2026-08-21,0,1550.0,PUT,0.0
2026-08-21,0,1560.0,PUT,8.0
2026-08-21,0,1570.0,PUT,1.0
2026-08-21,0,1580.0,PUT,0.0
2026-08-21,0,1590.0,PUT,4.0
2026-08-21,0,1600.0,PUT,0.0
2026-08-21,0,1610.0,PUT,0.0
2026-08-21,0,1620.0,PUT,0.0
2026-08-21,0,1630.0,PUT,0.0
2026-08-21,0,1640.0,PUT,0.0
2026-08-21,0,1650.0,PUT,0.0
2026-08-21,0,1660.0,PUT,1.0
2026-08-21,0,1670.0,PUT,1.0
2026-08-21,0,1680.0,PUT,0.0
2026-08-21,0,1690.0,PUT,0.0
2026-08-21,0,1700.0,PUT,0.0
2026-08-21,0,1710.0,PUT,0.0
2026-08-21,0,1720.0,PUT,0.0
2026-08-21,0,1730.0,PUT,0.0
2026-08-21,0,1740.0,PUT,0.0
2026-08-21,0,1750.0,PUT,0.0
2026-08-21,0,1760.0,PUT,0.0
2026-08-21,0,1770.0,PUT,0.0
2026-08-21,0,1780.0,PUT,0.0
2026-08-21,0,1790.0,PUT,0.0
2026-08-21,0,1800.0,PUT,0.0
2026-08-21,0,1810.0,PUT,0.0
2026-08-21,0,1820.0,PUT,0.0
2026-08-21,0,1830.0,PUT,0.0
2026-08-21,0,1840.0,PUT,0.0
2026-08-21,0,1850.0,PUT,0.0
2026-08-21,0,1860.0,PUT,0.0
2026-08-21,0,1870.0,PUT,0.0
2026-08-21,0,1880.0,PUT,0.0
2026-08-21,0,1890.0,PUT,0.0
2026-08-21,0,1900.0,PUT,0.0
2026-08-21,0,1910.0,PUT,0.0
2026-08-21,0,1920.0,PUT,0.0
2026-08-21,0,1930.0,PUT,0.0
2026-08-21,0,1940.0,PUT,0.0
2026-08-21,0,1950.0,PUT,0.0
2026-08-21,0,1960.0,PUT,0.0
2026-08-21,0,1990.0,PUT,0.0
2026-08-21,0,2000.0,PUT,0.0
2026-08-21,0,2050.0,PUT,0.0
2026-08-21,0,2100.0,PUT,0.0
2026-08-21,0,2120.0,PUT,0.0
2026-08-21,0,2150.0,PUT,0.0
2026-08-21,0,2170.0,PUT,0.0
2026-08-21,0,2220.0,PUT,0.0
2026-08-21,0,2300.0,PUT,0.0
2026-08-21,0,2340.0,PUT,0.0
2026-08-21,0,2350.0,PUT,0.0
2026-08-21,0,2360.0,PUT,0.0
2026-08-21,0,2390.0,PUT,0.0
2026-08-21,0,2400.0,PUT,0.0
2026-08-21,0,2420.0,PUT,0.0
2026-08-21,0,2500.0,PUT,0.0
2026-08-24,3,475.0,CALL,2.0
2026-08-24,3,785.0,CALL,6.0
2026-08-24,3,790.0,CALL,7.0
2026-08-24,3,795.0,CALL,8.0
2026-08-24,3,800.0,CALL,53.0
2026-08-24,3,805.0,CALL,1.0
2026-08-24,3,810.0,CALL,1.0
2026-08-24,3,815.0,CALL,2.0
2026-08-24,3,820.0,CALL,4.0
2026-08-24,3,835.0,CALL,1.0
2026-08-24,3,840.0,CALL,15.0
2026-08-24,3,845.0,CALL,1.0
2026-08-24,3,850.0,CALL,28.0
2026-08-24,3,855.0,CALL,11.0
2026-08-24,3,860.0,CALL,36.0
2026-08-24,3,865.0,CALL,16.0
2026-08-24,3,870.0,CALL,52.0
2026-08-24,3,875.0,CALL,27.0
2026-08-24,3,880.0,CALL,15.0
2026-08-24,3,885.0,CALL,64.0
2026-08-24,3,890.0,CALL,14.0
2026-08-24,3,895.0,CALL,42.0
2026-08-24,3,900.0,CALL,50.0
2026-08-24,3,905.0,CALL,39.0
2026-08-24,3,910.0,CALL,80.0
2026-08-24,3,915.0,CALL,55.0
2026-08-24,3,920.0,CALL,146.0
2026-08-24,3,925.0,CALL,113.0
2026-08-24,3,930.0,CALL,502.0
2026-08-24,3,935.0,CALL,89.0
2026-08-24,3,940.0,CALL,174.0
2026-08-24,3,945.0,CALL,138.0
2026-08-24,3,950.0,CALL,1698.0
2026-08-24,3,955.0,CALL,266.0
2026-08-24,3,960.0,CALL,767.0
2026-08-24,3,965.0,CALL,177.0
2026-08-24,3,970.0,CALL,363.0
2026-08-24,3,975.0,CALL,425.0
2026-08-24,3,980.0,CALL,481.0
2026-08-24,3,985.0,CALL,94.0
2026-08-24,3,990.0,CALL,1466.0
2026-08-24,3,995.0,CALL,155.0
2026-08-24,3,1000.0,CALL,3039.0
2026-08-24,3,1005.0,CALL,207.0
2026-08-24,3,1010.0,CALL,756.0
2026-08-24,3,1015.0,CALL,797.0
2026-08-24,3,1020.0,CALL,531.0
2026-08-24,3,1025.0,CALL,424.0
2026-08-24,3,1030.0,CALL,473.0
2026-08-24,3,1035.0,CALL,165.0
2026-08-24,3,1040.0,CALL,469.0
2026-08-24,3,1045.0,CALL,262.0
2026-08-24,3,1050.0,CALL,1170.0
2026-08-24,3,1055.0,CALL,79.0
2026-08-24,3,1060.0,CALL,179.0
2026-08-24,3,1065.0,CALL,72.0
2026-08-24,3,1070.0,CALL,201.0
2026-08-24,3,1075.0,CALL,82.0
2026-08-24,3,1080.0,CALL,156.0
2026-08-24,3,1085.0,CALL,91.0
2026-08-24,3,1090.0,CALL,233.0
2026-08-24,3,1095.0,CALL,29.0
2026-08-24,3,1100.0,CALL,1052.0
2026-08-24,3,1105.0,CALL,33.0
2026-08-24,3,1110.0,CALL,136.0
2026-08-24,3,1115.0,CALL,24.0
2026-08-24,3,1120.0,CALL,94.0
2026-08-24,3,1125.0,CALL,38.0
2026-08-24,3,1130.0,CALL,55.0
2026-08-24,3,1135.0,CALL,57.0
2026-08-24,3,1140.0,CALL,509.0
2026-08-24,3,1145.0,CALL,24.0
2026-08-24,3,1150.0,CALL,980.0
2026-08-24,3,1155.0,CALL,48.0
2026-08-24,3,1160.0,CALL,42.0
2026-08-24,3,1165.0,CALL,42.0
2026-08-24,3,1170.0,CALL,32.0
2026-08-24,3,1175.0,CALL,13.0
2026-08-24,3,1180.0,CALL,379.0
2026-08-24,3,1185.0,CALL,29.0
2026-08-24,3,1190.0,CALL,25.0
2026-08-24,3,1195.0,CALL,104.0
2026-08-24,3,1200.0,CALL,501.0
2026-08-24,3,1205.0,CALL,200.0
2026-08-24,3,1210.0,CALL,62.0
2026-08-24,3,1215.0,CALL,32.0
2026-08-24,3,1220.0,CALL,43.0
2026-08-24,3,1225.0,CALL,53.0
2026-08-24,3,1230.0,CALL,43.0
2026-08-24,3,1235.0,CALL,24.0
2026-08-24,3,1240.0,CALL,58.0
2026-08-24,3,1250.0,CALL,209.0
2026-08-24,3,1260.0,CALL,51.0
2026-08-24,3,1270.0,CALL,10.0
2026-08-24,3,1280.0,CALL,15.0
2026-08-24,3,1300.0,CALL,57.0
2026-08-24,3,1310.0,CALL,34.0
2026-08-24,3,1320.0,CALL,28.0
2026-08-24,3,1330.0,CALL,1.0
2026-08-24,3,1340.0,CALL,4.0
2026-08-24,3,590.0,PUT,113.0
2026-08-24,3,605.0,PUT,2.0
2026-08-24,3,650.0,PUT,14.0
2026-08-24,3,660.0,PUT,94.0
2026-08-24,3,670.0,PUT,12.0
2026-08-24,3,675.0,PUT,13.0
2026-08-24,3,680.0,PUT,18.0
2026-08-24,3,685.0,PUT,11.0
2026-08-24,3,690.0,PUT,73.0
2026-08-24,3,692.5,PUT,46.0
2026-08-24,3,695.0,PUT,179.0
2026-08-24,3,700.0,PUT,52.0
2026-08-24,3,705.0,PUT,32.0
2026-08-24,3,707.5,PUT,51.0
2026-08-24,3,710.0,PUT,13.0
2026-08-24,3,720.0,PUT,28.0
2026-08-24,3,722.5,PUT,12.0
2026-08-24,3,725.0,PUT,11.0
2026-08-24,3,727.5,PUT,19.0
2026-08-24,3,730.0,PUT,37.0
2026-08-24,3,735.0,PUT,15.0
2026-08-24,3,737.5,PUT,75.0
2026-08-24,3,740.0,PUT,66.0
2026-08-24,3,742.5,PUT,7.0
2026-08-24,3,745.0,PUT,134.0
2026-08-24,3,747.5,PUT,30.0
2026-08-24,3,750.0,PUT,69.0
2026-08-24,3,755.0,PUT,23.0
2026-08-24,3,760.0,PUT,18.0
2026-08-24,3,765.0,PUT,36.0
2026-08-24,3,770.0,PUT,155.0
2026-08-24,3,775.0,PUT,42.0
2026-08-24,3,780.0,PUT,78.0
2026-08-24,3,785.0,PUT,158.0
2026-08-24,3,790.0,PUT,38.0
2026-08-24,3,795.0,PUT,41.0
2026-08-24,3,800.0,PUT,440.0
2026-08-24,3,805.0,PUT,155.0
2026-08-24,3,810.0,PUT,361.0
2026-08-24,3,815.0,PUT,61.0
2026-08-24,3,820.0,PUT,117.0
2026-08-24,3,825.0,PUT,155.0
2026-08-24,3,830.0,PUT,213.0
2026-08-24,3,835.0,PUT,97.0
2026-08-24,3,840.0,PUT,165.0
2026-08-24,3,845.0,PUT,226.0
2026-08-24,3,850.0,PUT,668.0
2026-08-24,3,855.0,PUT,180.0
2026-08-24,3,860.0,PUT,157.0
2026-08-24,3,865.0,PUT,156.0
2026-08-24,3,870.0,PUT,141.0
2026-08-24,3,875.0,PUT,301.0
2026-08-24,3,880.0,PUT,198.0
2026-08-24,3,885.0,PUT,170.0
2026-08-24,3,890.0,PUT,419.0
2026-08-24,3,895.0,PUT,258.0
2026-08-24,3,900.0,PUT,902.0
2026-08-24,3,905.0,PUT,189.0
2026-08-24,3,910.0,PUT,139.0
2026-08-24,3,915.0,PUT,270.0
2026-08-24,3,920.0,PUT,383.0
2026-08-24,3,925.0,PUT,158.0
2026-08-24,3,930.0,PUT,248.0
2026-08-24,3,935.0,PUT,131.0
2026-08-24,3,940.0,PUT,260.0
2026-08-24,3,945.0,PUT,159.0
2026-08-24,3,950.0,PUT,346.0
2026-08-24,3,955.0,PUT,193.0
2026-08-24,3,960.0,PUT,403.0
2026-08-24,3,965.0,PUT,146.0
2026-08-24,3,970.0,PUT,240.0
2026-08-24,3,975.0,PUT,77.0
2026-08-24,3,980.0,PUT,51.0
2026-08-24,3,990.0,PUT,61.0
2026-08-24,3,1000.0,PUT,248.0
2026-08-24,3,1005.0,PUT,33.0
2026-08-24,3,1020.0,PUT,78.0
2026-08-24,3,1025.0,PUT,25.0
2026-08-24,3,1030.0,PUT,18.0
2026-08-24,3,1040.0,PUT,4.0
2026-08-24,3,1050.0,PUT,17.0
2026-08-24,3,1060.0,PUT,20.0
2026-08-24,3,1080.0,PUT,1.0
2026-08-24,3,1100.0,PUT,9.0
2026-08-24,3,1165.0,PUT,1.0
2026-08-26,5,470.0,CALL,3.0
2026-08-26,5,750.0,CALL,8.0
2026-08-26,5,775.0,CALL,0.0
2026-08-26,5,785.0,CALL,13.0
2026-08-26,5,800.0,CALL,4.0
2026-08-26,5,805.0,CALL,1.0
2026-08-26,5,810.0,CALL,1.0
2026-08-26,5,815.0,CALL,2.0
2026-08-26,5,820.0,CALL,2.0
2026-08-26,5,830.0,CALL,2.0
2026-08-26,5,835.0,CALL,6.0
2026-08-26,5,845.0,CALL,2.0
2026-08-26,5,850.0,CALL,37.0
2026-08-26,5,855.0,CALL,5.0
2026-08-26,5,860.0,CALL,30.0
2026-08-26,5,865.0,CALL,3.0
2026-08-26,5,870.0,CALL,107.0
2026-08-26,5,875.0,CALL,7.0
2026-08-26,5,880.0,CALL,35.0
2026-08-26,5,885.0,CALL,3.0
2026-08-26,5,890.0,CALL,9.0
2026-08-26,5,900.0,CALL,76.0
2026-08-26,5,905.0,CALL,4.0
2026-08-26,5,910.0,CALL,7.0
2026-08-26,5,915.0,CALL,11.0
2026-08-26,5,920.0,CALL,79.0
2026-08-26,5,925.0,CALL,64.0
2026-08-26,5,930.0,CALL,100.0
2026-08-26,5,935.0,CALL,41.0
2026-08-26,5,940.0,CALL,77.0
2026-08-26,5,945.0,CALL,85.0
2026-08-26,5,950.0,CALL,263.0
2026-08-26,5,955.0,CALL,60.0
2026-08-26,5,960.0,CALL,77.0
2026-08-26,5,965.0,CALL,69.0
2026-08-26,5,970.0,CALL,184.0
2026-08-26,5,975.0,CALL,73.0
2026-08-26,5,980.0,CALL,199.0
2026-08-26,5,985.0,CALL,43.0
2026-08-26,5,990.0,CALL,79.0
2026-08-26,5,995.0,CALL,64.0
2026-08-26,5,1000.0,CALL,1108.0
2026-08-26,5,1005.0,CALL,50.0
2026-08-26,5,1010.0,CALL,92.0
2026-08-26,5,1015.0,CALL,54.0
2026-08-26,5,1020.0,CALL,235.0
2026-08-26,5,1025.0,CALL,80.0
2026-08-26,5,1030.0,CALL,100.0
2026-08-26,5,1035.0,CALL,34.0
2026-08-26,5,1040.0,CALL,102.0
2026-08-26,5,1045.0,CALL,57.0
2026-08-26,5,1050.0,CALL,373.0
2026-08-26,5,1055.0,CALL,44.0
2026-08-26,5,1060.0,CALL,82.0
2026-08-26,5,1065.0,CALL,68.0
2026-08-26,5,1070.0,CALL,121.0
2026-08-26,5,1075.0,CALL,42.0
2026-08-26,5,1080.0,CALL,76.0
2026-08-26,5,1085.0,CALL,94.0
2026-08-26,5,1090.0,CALL,57.0
2026-08-26,5,1095.0,CALL,90.0
2026-08-26,5,1100.0,CALL,253.0
2026-08-26,5,1105.0,CALL,35.0
2026-08-26,5,1110.0,CALL,83.0
2026-08-26,5,1115.0,CALL,29.0
2026-08-26,5,1120.0,CALL,112.0
2026-08-26,5,1125.0,CALL,31.0
2026-08-26,5,1130.0,CALL,46.0
2026-08-26,5,1135.0,CALL,43.0
2026-08-26,5,1140.0,CALL,32.0
2026-08-26,5,1145.0,CALL,82.0
2026-08-26,5,1150.0,CALL,167.0
2026-08-26,5,1155.0,CALL,36.0
2026-08-26,5,1165.0,CALL,48.0
2026-08-26,5,1170.0,CALL,28.0
2026-08-26,5,1175.0,CALL,32.0
2026-08-26,5,1180.0,CALL,179.0
2026-08-26,5,1185.0,CALL,26.0
2026-08-26,5,1190.0,CALL,6.0
2026-08-26,5,1195.0,CALL,12.0
2026-08-26,5,1200.0,CALL,302.0
2026-08-26,5,1205.0,CALL,44.0
2026-08-26,5,1210.0,CALL,19.0
2026-08-26,5,1215.0,CALL,11.0
2026-08-26,5,1220.0,CALL,9.0
2026-08-26,5,1225.0,CALL,18.0
2026-08-26,5,1230.0,CALL,54.0
2026-08-26,5,1235.0,CALL,10.0
2026-08-26,5,1240.0,CALL,16.0
2026-08-26,5,1250.0,CALL,129.0
2026-08-26,5,1280.0,CALL,7.0
2026-08-26,5,1300.0,CALL,27.0
2026-08-26,5,1310.0,CALL,92.0
2026-08-26,5,1320.0,CALL,50.0
2026-08-26,5,1330.0,CALL,26.0
2026-08-26,5,1340.0,CALL,30.0
2026-08-26,5,1360.0,CALL,6.0
2026-08-26,5,400.0,PUT,1.0
2026-08-26,5,435.0,PUT,2.0
2026-08-26,5,445.0,PUT,1.0
2026-08-26,5,600.0,PUT,5.0
2026-08-26,5,705.0,PUT,14.0
2026-08-26,5,710.0,PUT,3.0
2026-08-26,5,715.0,PUT,9.0
2026-08-26,5,725.0,PUT,92.0
2026-08-26,5,730.0,PUT,13.0
2026-08-26,5,735.0,PUT,24.0
2026-08-26,5,740.0,PUT,9.0
2026-08-26,5,750.0,PUT,236.0
2026-08-26,5,755.0,PUT,15.0
2026-08-26,5,760.0,PUT,15.0
2026-08-26,5,770.0,PUT,32.0
2026-08-26,5,775.0,PUT,22.0
2026-08-26,5,780.0,PUT,50.0
2026-08-26,5,785.0,PUT,49.0
2026-08-26,5,790.0,PUT,40.0
2026-08-26,5,795.0,PUT,46.0
2026-08-26,5,800.0,PUT,261.0
2026-08-26,5,805.0,PUT,45.0
2026-08-26,5,810.0,PUT,43.0
2026-08-26,5,815.0,PUT,23.0
2026-08-26,5,820.0,PUT,136.0
2026-08-26,5,825.0,PUT,97.0
2026-08-26,5,830.0,PUT,123.0
2026-08-26,5,835.0,PUT,62.0
2026-08-26,5,840.0,PUT,162.0
2026-08-26,5,845.0,PUT,153.0
2026-08-26,5,850.0,PUT,169.0
2026-08-26,5,855.0,PUT,67.0
2026-08-26,5,860.0,PUT,94.0
2026-08-26,5,865.0,PUT,83.0
2026-08-26,5,870.0,PUT,134.0
2026-08-26,5,875.0,PUT,83.0
2026-08-26,5,880.0,PUT,105.0
2026-08-26,5,885.0,PUT,33.0
2026-08-26,5,890.0,PUT,51.0
2026-08-26,5,895.0,PUT,48.0
2026-08-26,5,900.0,PUT,211.0
2026-08-26,5,905.0,PUT,46.0
2026-08-26,5,910.0,PUT,87.0
2026-08-26,5,915.0,PUT,70.0
2026-08-26,5,920.0,PUT,41.0
2026-08-26,5,925.0,PUT,130.0
2026-08-26,5,930.0,PUT,129.0
2026-08-26,5,935.0,PUT,72.0
2026-08-26,5,940.0,PUT,120.0
2026-08-26,5,945.0,PUT,60.0
2026-08-26,5,950.0,PUT,270.0
2026-08-26,5,955.0,PUT,114.0
2026-08-26,5,960.0,PUT,169.0
2026-08-26,5,965.0,PUT,25.0
2026-08-26,5,970.0,PUT,27.0
2026-08-26,5,975.0,PUT,10.0
2026-08-26,5,980.0,PUT,29.0
2026-08-26,5,990.0,PUT,41.0
2026-08-26,5,1000.0,PUT,34.0
2026-08-26,5,1040.0,PUT,6.0
2026-08-26,5,1075.0,PUT,29.0
2026-08-26,5,1085.0,PUT,1.0
2026-08-26,5,1180.0,PUT,0.0
2026-08-28,7,180.0,CALL,1.0
2026-08-28,7,240.0,CALL,2.0
2026-08-28,7,275.0,CALL,0.0
2026-08-28,7,290.0,CALL,0.0
2026-08-28,7,310.0,CALL,2.0
2026-08-28,7,315.0,CALL,1.0
2026-08-28,7,320.0,CALL,1.0
2026-08-28,7,335.0,CALL,1.0
2026-08-28,7,340.0,CALL,1.0
2026-08-28,7,350.0,CALL,1.0
2026-08-28,7,360.0,CALL,0.0
2026-08-28,7,365.0,CALL,1.0
2026-08-28,7,370.0,CALL,1.0
2026-08-28,7,380.0,CALL,1.0
2026-08-28,7,390.0,CALL,2.0
2026-08-28,7,400.0,CALL,21.0
2026-08-28,7,405.0,CALL,5.0
2026-08-28,7,430.0,CALL,3.0
2026-08-28,7,450.0,CALL,3.0
2026-08-28,7,455.0,CALL,4.0
2026-08-28,7,470.0,CALL,3.0
2026-08-28,7,480.0,CALL,5.0
2026-08-28,7,500.0,CALL,58.0
2026-08-28,7,510.0,CALL,1.0
2026-08-28,7,515.0,CALL,1.0
2026-08-28,7,520.0,CALL,17.0
2026-08-28,7,525.0,CALL,16.0
2026-08-28,7,530.0,CALL,6.0
2026-08-28,7,535.0,CALL,1.0
2026-08-28,7,540.0,CALL,10.0
2026-08-28,7,545.0,CALL,6.0
2026-08-28,7,550.0,CALL,15.0
2026-08-28,7,555.0,CALL,1.0
2026-08-28,7,560.0,CALL,4.0
2026-08-28,7,565.0,CALL,14.0
2026-08-28,7,575.0,CALL,1.0
2026-08-28,7,580.0,CALL,23.0
2026-08-28,7,585.0,CALL,11.0
2026-08-28,7,590.0,CALL,5.0
2026-08-28,7,595.0,CALL,5.0
2026-08-28,7,600.0,CALL,12.0
2026-08-28,7,605.0,CALL,1.0
2026-08-28,7,610.0,CALL,7.0
2026-08-28,7,615.0,CALL,33.0
2026-08-28,7,620.0,CALL,25.0
2026-08-28,7,625.0,CALL,3.0
2026-08-28,7,630.0,CALL,4.0
2026-08-28,7,640.0,CALL,15.0
2026-08-28,7,645.0,CALL,13.0
2026-08-28,7,650.0,CALL,19.0
2026-08-28,7,655.0,CALL,0.0
2026-08-28,7,660.0,CALL,5.0
2026-08-28,7,665.0,CALL,9.0
2026-08-28,7,670.0,CALL,6.0
2026-08-28,7,675.0,CALL,13.0
2026-08-28,7,680.0,CALL,12.0
2026-08-28,7,685.0,CALL,2.0
2026-08-28,7,690.0,CALL,1.0
2026-08-28,7,700.0,CALL,312.0
2026-08-28,7,705.0,CALL,3.0
2026-08-28,7,710.0,CALL,7.0
2026-08-28,7,715.0,CALL,17.0
2026-08-28,7,720.0,CALL,6.0
2026-08-28,7,725.0,CALL,31.0
2026-08-28,7,730.0,CALL,11.0
2026-08-28,7,735.0,CALL,12.0
2026-08-28,7,740.0,CALL,14.0
2026-08-28,7,745.0,CALL,13.0
2026-08-28,7,750.0,CALL,88.0
2026-08-28,7,755.0,CALL,16.0
2026-08-28,7,760.0,CALL,33.0
2026-08-28,7,765.0,CALL,44.0
2026-08-28,7,770.0,CALL,93.0
2026-08-28,7,775.0,CALL,41.0
2026-08-28,7,780.0,CALL,137.0
2026-08-28,7,785.0,CALL,26.0
2026-08-28,7,790.0,CALL,65.0
2026-08-28,7,795.0,CALL,36.0
2026-08-28,7,800.0,CALL,249.0
2026-08-28,7,805.0,CALL,37.0
2026-08-28,7,810.0,CALL,60.0
2026-08-28,7,815.0,CALL,44.0
2026-08-28,7,820.0,CALL,159.0
2026-08-28,7,825.0,CALL,160.0
2026-08-28,7,830.0,CALL,87.0
2026-08-28,7,835.0,CALL,47.0
2026-08-28,7,840.0,CALL,44.0
2026-08-28,7,845.0,CALL,38.0
2026-08-28,7,850.0,CALL,311.0
2026-08-28,7,855.0,CALL,278.0
2026-08-28,7,860.0,CALL,160.0
2026-08-28,7,865.0,CALL,356.0
2026-08-28,7,870.0,CALL,114.0
2026-08-28,7,875.0,CALL,99.0
2026-08-28,7,880.0,CALL,107.0
2026-08-28,7,885.0,CALL,161.0
2026-08-28,7,890.0,CALL,154.0
2026-08-28,7,895.0,CALL,86.0
2026-08-28,7,900.0,CALL,793.0
2026-08-28,7,905.0,CALL,142.0
2026-08-28,7,910.0,CALL,310.0
2026-08-28,7,915.0,CALL,80.0
2026-08-28,7,917.5,CALL,11.0
2026-08-28,7,920.0,CALL,466.0
2026-08-28,7,922.5,CALL,14.0
2026-08-28,7,925.0,CALL,157.0
2026-08-28,7,927.5,CALL,43.0
2026-08-28,7,930.0,CALL,338.0
2026-08-28,7,932.5,CALL,88.0
2026-08-28,7,935.0,CALL,1103.0
2026-08-28,7,937.5,CALL,113.0
2026-08-28,7,940.0,CALL,423.0
2026-08-28,7,942.5,CALL,63.0
2026-08-28,7,945.0,CALL,230.0
2026-08-28,7,950.0,CALL,1348.0
2026-08-28,7,955.0,CALL,288.0
2026-08-28,7,960.0,CALL,468.0
2026-08-28,7,965.0,CALL,365.0
2026-08-28,7,970.0,CALL,1117.0
2026-08-28,7,975.0,CALL,509.0
2026-08-28,7,980.0,CALL,774.0
2026-08-28,7,985.0,CALL,396.0
2026-08-28,7,990.0,CALL,417.0
2026-08-28,7,995.0,CALL,309.0
2026-08-28,7,1000.0,CALL,4229.0
2026-08-28,7,1005.0,CALL,706.0
2026-08-28,7,1010.0,CALL,566.0
2026-08-28,7,1015.0,CALL,549.0
2026-08-28,7,1020.0,CALL,1224.0
2026-08-28,7,1025.0,CALL,317.0
2026-08-28,7,1030.0,CALL,922.0
2026-08-28,7,1035.0,CALL,353.0
2026-08-28,7,1040.0,CALL,476.0
2026-08-28,7,1045.0,CALL,171.0
2026-08-28,7,1050.0,CALL,2246.0
2026-08-28,7,1055.0,CALL,286.0
2026-08-28,7,1060.0,CALL,253.0
2026-08-28,7,1065.0,CALL,190.0
2026-08-28,7,1070.0,CALL,306.0
2026-08-28,7,1075.0,CALL,225.0
2026-08-28,7,1080.0,CALL,538.0
2026-08-28,7,1085.0,CALL,702.0
2026-08-28,7,1090.0,CALL,204.0
2026-08-28,7,1095.0,CALL,132.0
2026-08-28,7,1100.0,CALL,3633.0
2026-08-28,7,1105.0,CALL,152.0
2026-08-28,7,1110.0,CALL,438.0
2026-08-28,7,1115.0,CALL,171.0
2026-08-28,7,1120.0,CALL,270.0
2026-08-28,7,1125.0,CALL,132.0
2026-08-28,7,1130.0,CALL,1257.0
2026-08-28,7,1135.0,CALL,127.0
2026-08-28,7,1140.0,CALL,320.0
2026-08-28,7,1150.0,CALL,1595.0
2026-08-28,7,1160.0,CALL,341.0
2026-08-28,7,1170.0,CALL,286.0
2026-08-28,7,1180.0,CALL,421.0
2026-08-28,7,1190.0,CALL,204.0
2026-08-28,7,1200.0,CALL,2795.0
2026-08-28,7,1210.0,CALL,205.0
2026-08-28,7,1220.0,CALL,164.0
2026-08-28,7,1230.0,CALL,159.0
2026-08-28,7,1240.0,CALL,239.0
2026-08-28,7,1250.0,CALL,934.0
2026-08-28,7,1260.0,CALL,436.0
2026-08-28,7,1270.0,CALL,2105.0
2026-08-28,7,1280.0,CALL,135.0
2026-08-28,7,1290.0,CALL,163.0
2026-08-28,7,1300.0,CALL,737.0
2026-08-28,7,1310.0,CALL,160.0
2026-08-28,7,1320.0,CALL,609.0
2026-08-28,7,1330.0,CALL,47.0
2026-08-28,7,1340.0,CALL,340.0
2026-08-28,7,1350.0,CALL,149.0
2026-08-28,7,1360.0,CALL,211.0
2026-08-28,7,1370.0,CALL,557.0
2026-08-28,7,1380.0,CALL,103.0
2026-08-28,7,1390.0,CALL,68.0
2026-08-28,7,1400.0,CALL,1194.0
2026-08-28,7,1410.0,CALL,150.0
2026-08-28,7,1420.0,CALL,60.0
2026-08-28,7,1430.0,CALL,42.0
2026-08-28,7,1440.0,CALL,113.0
2026-08-28,7,1450.0,CALL,103.0
2026-08-28,7,1460.0,CALL,117.0
2026-08-28,7,1470.0,CALL,85.0
2026-08-28,7,1480.0,CALL,32.0
2026-08-28,7,1490.0,CALL,77.0
2026-08-28,7,1500.0,CALL,995.0
2026-08-28,7,1510.0,CALL,104.0
2026-08-28,7,1520.0,CALL,62.0
2026-08-28,7,1530.0,CALL,20.0
2026-08-28,7,1540.0,CALL,137.0
2026-08-28,7,1550.0,CALL,243.0
2026-08-28,7,1560.0,CALL,120.0
2026-08-28,7,1570.0,CALL,167.0
2026-08-28,7,1580.0,CALL,239.0
2026-08-28,7,1590.0,CALL,135.0
2026-08-28,7,1600.0,CALL,483.0
2026-08-28,7,1610.0,CALL,157.0
2026-08-28,7,1620.0,CALL,35.0
2026-08-28,7,1630.0,CALL,73.0
2026-08-28,7,1640.0,CALL,69.0
2026-08-28,7,1650.0,CALL,195.0
2026-08-28,7,1660.0,CALL,101.0
2026-08-28,7,1670.0,CALL,51.0
2026-08-28,7,1680.0,CALL,202.0
2026-08-28,7,1690.0,CALL,72.0
2026-08-28,7,1700.0,CALL,495.0
2026-08-28,7,1710.0,CALL,112.0
2026-08-28,7,1720.0,CALL,85.0
2026-08-28,7,1730.0,CALL,135.0
2026-08-28,7,1740.0,CALL,81.0
2026-08-28,7,1750.0,CALL,120.0
2026-08-28,7,1760.0,CALL,62.0
2026-08-28,7,1770.0,CALL,103.0
2026-08-28,7,1780.0,CALL,273.0
2026-08-28,7,1790.0,CALL,111.0
2026-08-28,7,1800.0,CALL,325.0
2026-08-28,7,1810.0,CALL,107.0
2026-08-28,7,1820.0,CALL,205.0
2026-08-28,7,1840.0,CALL,63.0
2026-08-28,7,1850.0,CALL,491.0
2026-08-28,7,1860.0,CALL,32.0
2026-08-28,7,1870.0,CALL,67.0
2026-08-28,7,1880.0,CALL,43.0
2026-08-28,7,1890.0,CALL,146.0
2026-08-28,7,1900.0,CALL,178.0
2026-08-28,7,1910.0,CALL,392.0
2026-08-28,7,1920.0,CALL,37.0
2026-08-28,7,1930.0,CALL,24.0
2026-08-28,7,1950.0,CALL,17.0
2026-08-28,7,1960.0,CALL,13.0
2026-08-28,7,1970.0,CALL,398.0
2026-08-28,7,1980.0,CALL,1.0
2026-08-28,7,1990.0,CALL,63.0
2026-08-28,7,2000.0,CALL,89.0
2026-08-28,7,2010.0,CALL,11.0
2026-08-28,7,2020.0,CALL,24.0
2026-08-28,7,2030.0,CALL,85.0
2026-08-28,7,2040.0,CALL,5.0
2026-08-28,7,2050.0,CALL,58.0
2026-08-28,7,2060.0,CALL,79.0
2026-08-28,7,2070.0,CALL,119.0
2026-08-28,7,100.0,PUT,109.0
2026-08-28,7,105.0,PUT,22.0
2026-08-28,7,110.0,PUT,43.0
2026-08-28,7,115.0,PUT,12.0
2026-08-28,7,120.0,PUT,46.0
2026-08-28,7,125.0,PUT,41.0
2026-08-28,7,130.0,PUT,29.0
2026-08-28,7,135.0,PUT,33.0
2026-08-28,7,140.0,PUT,20.0
2026-08-28,7,145.0,PUT,22.0
2026-08-28,7,150.0,PUT,10.0
2026-08-28,7,155.0,PUT,21.0
2026-08-28,7,160.0,PUT,19.0
2026-08-28,7,165.0,PUT,25.0
2026-08-28,7,170.0,PUT,19.0
2026-08-28,7,175.0,PUT,21.0
2026-08-28,7,180.0,PUT,6.0
2026-08-28,7,185.0,PUT,32.0
2026-08-28,7,190.0,PUT,243.0
2026-08-28,7,195.0,PUT,2.0
2026-08-28,7,200.0,PUT,152.0
2026-08-28,7,205.0,PUT,26.0
2026-08-28,7,210.0,PUT,47.0
2026-08-28,7,215.0,PUT,5.0
2026-08-28,7,220.0,PUT,97.0
2026-08-28,7,225.0,PUT,10.0
2026-08-28,7,230.0,PUT,61.0
2026-08-28,7,235.0,PUT,11.0
2026-08-28,7,240.0,PUT,54.0
2026-08-28,7,245.0,PUT,8.0
2026-08-28,7,250.0,PUT,75.0
2026-08-28,7,255.0,PUT,2.0
2026-08-28,7,260.0,PUT,3.0
2026-08-28,7,265.0,PUT,1.0
2026-08-28,7,270.0,PUT,1.0
2026-08-28,7,275.0,PUT,5.0
2026-08-28,7,280.0,PUT,675.0
2026-08-28,7,285.0,PUT,1.0
2026-08-28,7,290.0,PUT,8.0
2026-08-28,7,295.0,PUT,84.0
2026-08-28,7,300.0,PUT,503.0
2026-08-28,7,305.0,PUT,7.0
2026-08-28,7,310.0,PUT,8.0
2026-08-28,7,315.0,PUT,0.0
2026-08-28,7,320.0,PUT,35.0
2026-08-28,7,325.0,PUT,97.0
2026-08-28,7,330.0,PUT,59.0
2026-08-28,7,335.0,PUT,5.0
2026-08-28,7,340.0,PUT,7.0
2026-08-28,7,345.0,PUT,17.0
2026-08-28,7,350.0,PUT,267.0
2026-08-28,7,355.0,PUT,17.0
2026-08-28,7,360.0,PUT,23.0
2026-08-28,7,365.0,PUT,520.0
2026-08-28,7,370.0,PUT,318.0
2026-08-28,7,375.0,PUT,405.0
2026-08-28,7,380.0,PUT,201.0
2026-08-28,7,385.0,PUT,59.0
2026-08-28,7,390.0,PUT,101.0
2026-08-28,7,395.0,PUT,170.0
2026-08-28,7,400.0,PUT,284.0
2026-08-28,7,405.0,PUT,79.0
2026-08-28,7,410.0,PUT,37.0
2026-08-28,7,415.0,PUT,18.0
2026-08-28,7,420.0,PUT,53.0
2026-08-28,7,425.0,PUT,52.0
2026-08-28,7,430.0,PUT,35.0
2026-08-28,7,435.0,PUT,7.0
2026-08-28,7,440.0,PUT,175.0
2026-08-28,7,445.0,PUT,35.0
2026-08-28,7,450.0,PUT,429.0
2026-08-28,7,455.0,PUT,20.0
2026-08-28,7,460.0,PUT,79.0
2026-08-28,7,465.0,PUT,50.0
2026-08-28,7,470.0,PUT,84.0
2026-08-28,7,475.0,PUT,50.0
2026-08-28,7,480.0,PUT,630.0
2026-08-28,7,485.0,PUT,320.0
2026-08-28,7,490.0,PUT,92.0
2026-08-28,7,495.0,PUT,110.0
2026-08-28,7,500.0,PUT,747.0
2026-08-28,7,505.0,PUT,125.0
2026-08-28,7,510.0,PUT,138.0
2026-08-28,7,515.0,PUT,92.0
2026-08-28,7,520.0,PUT,269.0
2026-08-28,7,525.0,PUT,195.0
2026-08-28,7,530.0,PUT,110.0
2026-08-28,7,535.0,PUT,118.0
2026-08-28,7,540.0,PUT,159.0
2026-08-28,7,545.0,PUT,136.0
2026-08-28,7,550.0,PUT,969.0
2026-08-28,7,555.0,PUT,207.0
2026-08-28,7,560.0,PUT,186.0
2026-08-28,7,565.0,PUT,467.0
2026-08-28,7,570.0,PUT,3033.0
2026-08-28,7,575.0,PUT,210.0
2026-08-28,7,580.0,PUT,174.0
2026-08-28,7,585.0,PUT,130.0
2026-08-28,7,590.0,PUT,297.0
2026-08-28,7,595.0,PUT,316.0
2026-08-28,7,600.0,PUT,849.0
2026-08-28,7,605.0,PUT,153.0
2026-08-28,7,610.0,PUT,1586.0
2026-08-28,7,615.0,PUT,65.0
2026-08-28,7,620.0,PUT,192.0
2026-08-28,7,625.0,PUT,226.0
2026-08-28,7,630.0,PUT,197.0
2026-08-28,7,635.0,PUT,130.0
2026-08-28,7,640.0,PUT,341.0
2026-08-28,7,645.0,PUT,101.0
2026-08-28,7,650.0,PUT,1437.0
2026-08-28,7,655.0,PUT,74.0
2026-08-28,7,660.0,PUT,344.0
2026-08-28,7,665.0,PUT,122.0
2026-08-28,7,670.0,PUT,239.0
2026-08-28,7,675.0,PUT,192.0
2026-08-28,7,680.0,PUT,250.0
2026-08-28,7,685.0,PUT,113.0
2026-08-28,7,690.0,PUT,420.0
2026-08-28,7,695.0,PUT,187.0
2026-08-28,7,700.0,PUT,1353.0
2026-08-28,7,705.0,PUT,125.0
2026-08-28,7,710.0,PUT,599.0
2026-08-28,7,715.0,PUT,779.0
2026-08-28,7,720.0,PUT,215.0
2026-08-28,7,725.0,PUT,210.0
2026-08-28,7,730.0,PUT,1261.0
2026-08-28,7,735.0,PUT,175.0
2026-08-28,7,740.0,PUT,282.0
2026-08-28,7,745.0,PUT,291.0
2026-08-28,7,750.0,PUT,1555.0
2026-08-28,7,755.0,PUT,190.0
2026-08-28,7,760.0,PUT,382.0
2026-08-28,7,765.0,PUT,238.0
2026-08-28,7,770.0,PUT,288.0
2026-08-28,7,775.0,PUT,459.0
2026-08-28,7,780.0,PUT,514.0
2026-08-28,7,785.0,PUT,230.0
2026-08-28,7,790.0,PUT,327.0
2026-08-28,7,795.0,PUT,264.0
2026-08-28,7,800.0,PUT,4445.0
2026-08-28,7,805.0,PUT,350.0
2026-08-28,7,810.0,PUT,690.0
2026-08-28,7,815.0,PUT,214.0
2026-08-28,7,820.0,PUT,1410.0
2026-08-28,7,825.0,PUT,787.0
2026-08-28,7,830.0,PUT,462.0
2026-08-28,7,835.0,PUT,349.0
2026-08-28,7,840.0,PUT,622.0
2026-08-28,7,845.0,PUT,324.0
2026-08-28,7,850.0,PUT,2352.0
2026-08-28,7,855.0,PUT,323.0
2026-08-28,7,860.0,PUT,733.0
2026-08-28,7,865.0,PUT,433.0
2026-08-28,7,870.0,PUT,387.0
2026-08-28,7,875.0,PUT,487.0
2026-08-28,7,880.0,PUT,725.0
2026-08-28,7,885.0,PUT,450.0
2026-08-28,7,890.0,PUT,753.0
2026-08-28,7,895.0,PUT,204.0
2026-08-28,7,900.0,PUT,2107.0
2026-08-28,7,905.0,PUT,261.0
2026-08-28,7,910.0,PUT,592.0
2026-08-28,7,915.0,PUT,174.0
2026-08-28,7,917.5,PUT,86.0
2026-08-28,7,920.0,PUT,761.0
2026-08-28,7,922.5,PUT,88.0
2026-08-28,7,925.0,PUT,811.0
2026-08-28,7,927.5,PUT,257.0
2026-08-28,7,930.0,PUT,744.0
2026-08-28,7,932.5,PUT,100.0
2026-08-28,7,935.0,PUT,701.0
2026-08-28,7,937.5,PUT,181.0
2026-08-28,7,940.0,PUT,873.0
2026-08-28,7,942.5,PUT,77.0
2026-08-28,7,945.0,PUT,219.0
2026-08-28,7,950.0,PUT,1568.0
2026-08-28,7,955.0,PUT,243.0
2026-08-28,7,960.0,PUT,282.0
2026-08-28,7,965.0,PUT,279.0
2026-08-28,7,970.0,PUT,395.0
2026-08-28,7,975.0,PUT,186.0
2026-08-28,7,980.0,PUT,205.0
2026-08-28,7,985.0,PUT,106.0
2026-08-28,7,990.0,PUT,135.0
2026-08-28,7,995.0,PUT,124.0
2026-08-28,7,1000.0,PUT,978.0
2026-08-28,7,1005.0,PUT,214.0
2026-08-28,7,1010.0,PUT,150.0
2026-08-28,7,1015.0,PUT,36.0
2026-08-28,7,1020.0,PUT,47.0
2026-08-28,7,1025.0,PUT,40.0
2026-08-28,7,1030.0,PUT,123.0
2026-08-28,7,1035.0,PUT,16.0
2026-08-28,7,1040.0,PUT,89.0
2026-08-28,7,1045.0,PUT,49.0
2026-08-28,7,1050.0,PUT,132.0
2026-08-28,7,1055.0,PUT,13.0
2026-08-28,7,1060.0,PUT,43.0
2026-08-28,7,1065.0,PUT,5.0
2026-08-28,7,1070.0,PUT,68.0
2026-08-28,7,1075.0,PUT,22.0
2026-08-28,7,1080.0,PUT,16.0
2026-08-28,7,1085.0,PUT,35.0
2026-08-28,7,1090.0,PUT,45.0
2026-08-28,7,1095.0,PUT,10.0
2026-08-28,7,1100.0,PUT,115.0
2026-08-28,7,1105.0,PUT,7.0
2026-08-28,7,1110.0,PUT,37.0
2026-08-28,7,1115.0,PUT,7.0
2026-08-28,7,1120.0,PUT,43.0
2026-08-28,7,1125.0,PUT,5.0
2026-08-28,7,1130.0,PUT,23.0
2026-08-28,7,1135.0,PUT,6.0
2026-08-28,7,1140.0,PUT,6.0
2026-08-28,7,1150.0,PUT,132.0
2026-08-28,7,1160.0,PUT,22.0
2026-08-28,7,1170.0,PUT,25.0
2026-08-28,7,1180.0,PUT,31.0
2026-08-28,7,1190.0,PUT,11.0
2026-08-28,7,1200.0,PUT,17.0
2026-08-28,7,1210.0,PUT,3.0
2026-08-28,7,1220.0,PUT,4.0
2026-08-28,7,1230.0,PUT,14.0
2026-08-28,7,1240.0,PUT,2.0
2026-08-28,7,1250.0,PUT,1.0
2026-08-28,7,1270.0,PUT,0.0
2026-08-28,7,1280.0,PUT,0.0
2026-08-28,7,1290.0,PUT,0.0
2026-08-28,7,1300.0,PUT,0.0
2026-08-28,7,1320.0,PUT,0.0
2026-08-28,7,1350.0,PUT,0.0
2026-08-28,7,1370.0,PUT,0.0
2026-08-28,7,1400.0,PUT,0.0
2026-08-28,7,1440.0,PUT,0.0
2026-08-28,7,1450.0,PUT,0.0
2026-08-28,7,1500.0,PUT,0.0
2026-08-28,7,1600.0,PUT,0.0
2026-08-28,7,1630.0,PUT,0.0
2026-08-28,7,1640.0,PUT,0.0
2026-08-28,7,1650.0,PUT,0.0
2026-08-28,7,1830.0,PUT,0.0
2026-08-28,7,1920.0,PUT,0.0
2026-09-04,14,140.0,CALL,1.0
2026-09-04,14,150.0,CALL,1.0
2026-09-04,14,225.0,CALL,1.0
2026-09-04,14,245.0,CALL,1.0
2026-09-04,14,250.0,CALL,2.0
2026-09-04,14,285.0,CALL,1.0
2026-09-04,14,330.0,CALL,0.0
2026-09-04,14,400.0,CALL,6.0
2026-09-04,14,405.0,CALL,1.0
2026-09-04,14,420.0,CALL,1.0
2026-09-04,14,430.0,CALL,2.0
2026-09-04,14,450.0,CALL,1.0
2026-09-04,14,475.0,CALL,4.0
2026-09-04,14,480.0,CALL,4.0
2026-09-04,14,490.0,CALL,10.0
2026-09-04,14,495.0,CALL,12.0
2026-09-04,14,500.0,CALL,5.0
2026-09-04,14,505.0,CALL,3.0
2026-09-04,14,510.0,CALL,25.0
2026-09-04,14,515.0,CALL,15.0
2026-09-04,14,520.0,CALL,16.0
2026-09-04,14,525.0,CALL,19.0
2026-09-04,14,530.0,CALL,18.0
2026-09-04,14,535.0,CALL,16.0
2026-09-04,14,540.0,CALL,22.0
2026-09-04,14,545.0,CALL,18.0
2026-09-04,14,550.0,CALL,25.0
2026-09-04,14,560.0,CALL,4.0
2026-09-04,14,570.0,CALL,12.0
2026-09-04,14,580.0,CALL,1.0
2026-09-04,14,590.0,CALL,8.0
2026-09-04,14,595.0,CALL,1.0
2026-09-04,14,600.0,CALL,23.0
2026-09-04,14,605.0,CALL,9.0
2026-09-04,14,610.0,CALL,0.0
2026-09-04,14,615.0,CALL,8.0
2026-09-04,14,620.0,CALL,7.0
2026-09-04,14,625.0,CALL,5.0
2026-09-04,14,630.0,CALL,12.0
2026-09-04,14,635.0,CALL,12.0
2026-09-04,14,640.0,CALL,33.0
2026-09-04,14,645.0,CALL,4.0
2026-09-04,14,650.0,CALL,10.0
2026-09-04,14,660.0,CALL,6.0
2026-09-04,14,665.0,CALL,1.0
2026-09-04,14,675.0,CALL,1.0
2026-09-04,14,680.0,CALL,5.0
2026-09-04,14,690.0,CALL,1.0
2026-09-04,14,695.0,CALL,7.0
2026-09-04,14,700.0,CALL,25.0
2026-09-04,14,705.0,CALL,42.0
2026-09-04,14,710.0,CALL,7.0
2026-09-04,14,715.0,CALL,3.0
2026-09-04,14,720.0,CALL,13.0
2026-09-04,14,725.0,CALL,6.0
2026-09-04,14,730.0,CALL,10.0
2026-09-04,14,735.0,CALL,3.0
2026-09-04,14,740.0,CALL,98.0
2026-09-04,14,745.0,CALL,19.0
2026-09-04,14,750.0,CALL,43.0
2026-09-04,14,755.0,CALL,16.0
2026-09-04,14,760.0,CALL,51.0
2026-09-04,14,765.0,CALL,17.0
2026-09-04,14,770.0,CALL,274.0
2026-09-04,14,775.0,CALL,125.0
2026-09-04,14,780.0,CALL,122.0
2026-09-04,14,785.0,CALL,92.0
2026-09-04,14,790.0,CALL,43.0
2026-09-04,14,795.0,CALL,49.0
2026-09-04,14,800.0,CALL,158.0
2026-09-04,14,805.0,CALL,20.0
2026-09-04,14,810.0,CALL,70.0
2026-09-04,14,815.0,CALL,125.0
2026-09-04,14,820.0,CALL,42.0
2026-09-04,14,825.0,CALL,53.0
2026-09-04,14,830.0,CALL,44.0
2026-09-04,14,835.0,CALL,54.0
2026-09-04,14,840.0,CALL,37.0
2026-09-04,14,845.0,CALL,20.0
2026-09-04,14,850.0,CALL,340.0
2026-09-04,14,855.0,CALL,27.0
2026-09-04,14,860.0,CALL,85.0
2026-09-04,14,865.0,CALL,34.0
2026-09-04,14,870.0,CALL,99.0
2026-09-04,14,875.0,CALL,66.0
2026-09-04,14,880.0,CALL,144.0
2026-09-04,14,885.0,CALL,97.0
2026-09-04,14,890.0,CALL,89.0
2026-09-04,14,895.0,CALL,30.0
2026-09-04,14,900.0,CALL,291.0
2026-09-04,14,905.0,CALL,86.0
2026-09-04,14,910.0,CALL,63.0
2026-09-04,14,915.0,CALL,48.0
2026-09-04,14,920.0,CALL,251.0
2026-09-04,14,925.0,CALL,49.0
2026-09-04,14,930.0,CALL,271.0
2026-09-04,14,935.0,CALL,111.0
2026-09-04,14,940.0,CALL,120.0
2026-09-04,14,945.0,CALL,403.0
2026-09-04,14,950.0,CALL,810.0
2026-09-04,14,955.0,CALL,326.0
2026-09-04,14,960.0,CALL,228.0
2026-09-04,14,965.0,CALL,125.0
2026-09-04,14,970.0,CALL,154.0
2026-09-04,14,975.0,CALL,133.0
2026-09-04,14,980.0,CALL,328.0
2026-09-04,14,985.0,CALL,130.0
2026-09-04,14,990.0,CALL,136.0
2026-09-04,14,995.0,CALL,101.0
2026-09-04,14,1000.0,CALL,1074.0
2026-09-04,14,1005.0,CALL,682.0
2026-09-04,14,1010.0,CALL,162.0
2026-09-04,14,1015.0,CALL,243.0
2026-09-04,14,1020.0,CALL,105.0
2026-09-04,14,1025.0,CALL,152.0
2026-09-04,14,1030.0,CALL,333.0
2026-09-04,14,1035.0,CALL,210.0
2026-09-04,14,1040.0,CALL,146.0
2026-09-04,14,1045.0,CALL,287.0
2026-09-04,14,1050.0,CALL,649.0
2026-09-04,14,1055.0,CALL,110.0
2026-09-04,14,1060.0,CALL,323.0
2026-09-04,14,1065.0,CALL,46.0
2026-09-04,14,1070.0,CALL,159.0
2026-09-04,14,1075.0,CALL,282.0
2026-09-04,14,1080.0,CALL,116.0
2026-09-04,14,1085.0,CALL,78.0
2026-09-04,14,1090.0,CALL,89.0
2026-09-04,14,1095.0,CALL,166.0
2026-09-04,14,1100.0,CALL,1016.0
2026-09-04,14,1105.0,CALL,395.0
2026-09-04,14,1110.0,CALL,121.0
2026-09-04,14,1115.0,CALL,204.0
2026-09-04,14,1120.0,CALL,180.0
2026-09-04,14,1125.0,CALL,174.0
2026-09-04,14,1130.0,CALL,65.0
2026-09-04,14,1135.0,CALL,138.0
2026-09-04,14,1140.0,CALL,78.0
2026-09-04,14,1150.0,CALL,653.0
2026-09-04,14,1160.0,CALL,186.0
2026-09-04,14,1170.0,CALL,118.0
2026-09-04,14,1180.0,CALL,151.0
2026-09-04,14,1190.0,CALL,168.0
2026-09-04,14,1200.0,CALL,856.0
2026-09-04,14,1210.0,CALL,121.0
2026-09-04,14,1220.0,CALL,98.0
2026-09-04,14,1230.0,CALL,129.0
2026-09-04,14,1240.0,CALL,53.0
2026-09-04,14,1250.0,CALL,439.0
2026-09-04,14,1260.0,CALL,86.0
2026-09-04,14,1270.0,CALL,73.0
2026-09-04,14,1280.0,CALL,100.0
2026-09-04,14,1290.0,CALL,84.0
2026-09-04,14,1300.0,CALL,373.0
2026-09-04,14,1310.0,CALL,208.0
2026-09-04,14,1320.0,CALL,148.0
2026-09-04,14,1330.0,CALL,136.0
2026-09-04,14,1340.0,CALL,89.0
2026-09-04,14,1350.0,CALL,174.0
2026-09-04,14,1360.0,CALL,122.0
2026-09-04,14,1370.0,CALL,208.0
2026-09-04,14,1380.0,CALL,63.0
2026-09-04,14,1390.0,CALL,33.0
2026-09-04,14,1400.0,CALL,320.0
2026-09-04,14,1410.0,CALL,45.0
2026-09-04,14,1420.0,CALL,30.0
2026-09-04,14,1430.0,CALL,20.0
2026-09-04,14,1440.0,CALL,134.0
2026-09-04,14,1450.0,CALL,239.0
2026-09-04,14,1460.0,CALL,43.0
2026-09-04,14,1470.0,CALL,53.0
2026-09-04,14,1480.0,CALL,20.0
2026-09-04,14,1490.0,CALL,20.0
2026-09-04,14,1500.0,CALL,259.0
2026-09-04,14,1510.0,CALL,48.0
2026-09-04,14,1520.0,CALL,55.0
2026-09-04,14,1530.0,CALL,50.0
2026-09-04,14,1540.0,CALL,47.0
2026-09-04,14,1550.0,CALL,58.0
2026-09-04,14,1560.0,CALL,12.0
2026-09-04,14,1570.0,CALL,46.0
2026-09-04,14,1580.0,CALL,50.0
2026-09-04,14,1590.0,CALL,146.0
2026-09-04,14,1600.0,CALL,90.0
2026-09-04,14,1610.0,CALL,11.0
2026-09-04,14,1620.0,CALL,71.0
2026-09-04,14,1630.0,CALL,23.0
2026-09-04,14,1640.0,CALL,30.0
2026-09-04,14,1650.0,CALL,4.0
2026-09-04,14,1700.0,CALL,38.0
2026-09-04,14,1710.0,CALL,11.0
2026-09-04,14,1750.0,CALL,53.0
2026-09-04,14,1790.0,CALL,31.0
2026-09-04,14,1800.0,CALL,84.0
2026-09-04,14,1810.0,CALL,121.0
2026-09-04,14,1820.0,CALL,73.0
2026-09-04,14,1840.0,CALL,73.0
2026-09-04,14,1860.0,CALL,26.0
2026-09-04,14,1870.0,CALL,13.0
2026-09-04,14,1890.0,CALL,10.0
2026-09-04,14,1900.0,CALL,33.0
2026-09-04,14,1910.0,CALL,59.0
2026-09-04,14,1920.0,CALL,9.0
2026-09-04,14,1960.0,CALL,8.0
2026-09-04,14,1970.0,CALL,24.0
2026-09-04,14,1990.0,CALL,42.0
2026-09-04,14,2000.0,CALL,796.0
2026-09-04,14,100.0,PUT,26.0
2026-09-04,14,105.0,PUT,9.0
2026-09-04,14,110.0,PUT,2.0
2026-09-04,14,115.0,PUT,0.0
2026-09-04,14,120.0,PUT,2.0
2026-09-04,14,125.0,PUT,0.0
2026-09-04,14,130.0,PUT,21.0
2026-09-04,14,135.0,PUT,2.0
2026-09-04,14,140.0,PUT,7.0
2026-09-04,14,145.0,PUT,1.0
2026-09-04,14,150.0,PUT,2.0
2026-09-04,14,155.0,PUT,1.0
2026-09-04,14,160.0,PUT,2.0
2026-09-04,14,165.0,PUT,1.0
2026-09-04,14,170.0,PUT,1.0
2026-09-04,14,175.0,PUT,2.0
2026-09-04,14,180.0,PUT,4.0
2026-09-04,14,190.0,PUT,1.0
2026-09-04,14,195.0,PUT,1.0
2026-09-04,14,200.0,PUT,458.0
2026-09-04,14,205.0,PUT,1.0
2026-09-04,14,210.0,PUT,2.0
2026-09-04,14,225.0,PUT,1.0
2026-09-04,14,230.0,PUT,0.0
2026-09-04,14,240.0,PUT,16.0
2026-09-04,14,245.0,PUT,1.0
2026-09-04,14,250.0,PUT,29.0
2026-09-04,14,260.0,PUT,66.0
2026-09-04,14,270.0,PUT,161.0
2026-09-04,14,280.0,PUT,324.0
2026-09-04,14,285.0,PUT,3.0
2026-09-04,14,290.0,PUT,219.0
2026-09-04,14,300.0,PUT,1515.0
2026-09-04,14,310.0,PUT,81.0
2026-09-04,14,320.0,PUT,7.0
2026-09-04,14,325.0,PUT,2.0
2026-09-04,14,330.0,PUT,32.0
2026-09-04,14,335.0,PUT,3.0
2026-09-04,14,340.0,PUT,6.0
2026-09-04,14,345.0,PUT,4.0
2026-09-04,14,350.0,PUT,319.0
2026-09-04,14,355.0,PUT,2.0
2026-09-04,14,360.0,PUT,89.0
2026-09-04,14,365.0,PUT,15.0
2026-09-04,14,370.0,PUT,303.0
2026-09-04,14,375.0,PUT,34.0
2026-09-04,14,380.0,PUT,204.0
2026-09-04,14,385.0,PUT,45.0
2026-09-04,14,390.0,PUT,23.0
2026-09-04,14,395.0,PUT,41.0
2026-09-04,14,400.0,PUT,243.0
2026-09-04,14,405.0,PUT,120.0
2026-09-04,14,410.0,PUT,24.0
2026-09-04,14,415.0,PUT,15.0
2026-09-04,14,420.0,PUT,31.0
2026-09-04,14,425.0,PUT,19.0
2026-09-04,14,430.0,PUT,39.0
2026-09-04,14,435.0,PUT,37.0
2026-09-04,14,440.0,PUT,40.0
2026-09-04,14,445.0,PUT,40.0
2026-09-04,14,450.0,PUT,164.0
2026-09-04,14,455.0,PUT,29.0
2026-09-04,14,460.0,PUT,22.0
2026-09-04,14,465.0,PUT,73.0
2026-09-04,14,470.0,PUT,70.0
2026-09-04,14,475.0,PUT,82.0
2026-09-04,14,480.0,PUT,24.0
2026-09-04,14,485.0,PUT,69.0
2026-09-04,14,490.0,PUT,23.0
2026-09-04,14,495.0,PUT,253.0
2026-09-04,14,500.0,PUT,187.0
2026-09-04,14,505.0,PUT,28.0
2026-09-04,14,510.0,PUT,61.0
2026-09-04,14,515.0,PUT,36.0
2026-09-04,14,520.0,PUT,45.0
2026-09-04,14,525.0,PUT,48.0
2026-09-04,14,530.0,PUT,123.0
2026-09-04,14,535.0,PUT,56.0
2026-09-04,14,540.0,PUT,43.0
2026-09-04,14,545.0,PUT,53.0
2026-09-04,14,550.0,PUT,567.0
2026-09-04,14,555.0,PUT,45.0
2026-09-04,14,560.0,PUT,21.0
2026-09-04,14,565.0,PUT,104.0
2026-09-04,14,570.0,PUT,56.0
2026-09-04,14,575.0,PUT,144.0
2026-09-04,14,580.0,PUT,62.0
2026-09-04,14,585.0,PUT,107.0
2026-09-04,14,590.0,PUT,108.0
2026-09-04,14,595.0,PUT,140.0
2026-09-04,14,600.0,PUT,475.0
2026-09-04,14,605.0,PUT,54.0
2026-09-04,14,610.0,PUT,47.0
2026-09-04,14,615.0,PUT,49.0
2026-09-04,14,620.0,PUT,144.0
2026-09-04,14,625.0,PUT,149.0
2026-09-04,14,630.0,PUT,63.0
2026-09-04,14,635.0,PUT,109.0
2026-09-04,14,640.0,PUT,140.0
2026-09-04,14,645.0,PUT,119.0
2026-09-04,14,650.0,PUT,380.0
2026-09-04,14,655.0,PUT,54.0
2026-09-04,14,660.0,PUT,193.0
2026-09-04,14,665.0,PUT,65.0
2026-09-04,14,670.0,PUT,136.0
2026-09-04,14,675.0,PUT,63.0
2026-09-04,14,680.0,PUT,160.0
2026-09-04,14,685.0,PUT,62.0
2026-09-04,14,690.0,PUT,131.0
2026-09-04,14,695.0,PUT,135.0
2026-09-04,14,700.0,PUT,444.0
2026-09-04,14,705.0,PUT,51.0
2026-09-04,14,710.0,PUT,58.0
2026-09-04,14,715.0,PUT,87.0
2026-09-04,14,720.0,PUT,75.0
2026-09-04,14,725.0,PUT,152.0
2026-09-04,14,730.0,PUT,91.0
2026-09-04,14,735.0,PUT,57.0
2026-09-04,14,740.0,PUT,178.0
2026-09-04,14,745.0,PUT,46.0
2026-09-04,14,750.0,PUT,1338.0
2026-09-04,14,755.0,PUT,50.0
2026-09-04,14,760.0,PUT,421.0
2026-09-04,14,765.0,PUT,72.0
2026-09-04,14,770.0,PUT,268.0
2026-09-04,14,775.0,PUT,263.0
2026-09-04,14,780.0,PUT,186.0
2026-09-04,14,785.0,PUT,189.0
2026-09-04,14,790.0,PUT,148.0
2026-09-04,14,795.0,PUT,165.0
2026-09-04,14,800.0,PUT,1710.0
2026-09-04,14,805.0,PUT,70.0
2026-09-04,14,810.0,PUT,159.0
2026-09-04,14,815.0,PUT,96.0
2026-09-04,14,820.0,PUT,258.0
2026-09-04,14,825.0,PUT,202.0
2026-09-04,14,830.0,PUT,152.0
2026-09-04,14,835.0,PUT,236.0
2026-09-04,14,840.0,PUT,219.0
2026-09-04,14,845.0,PUT,144.0
2026-09-04,14,850.0,PUT,615.0
2026-09-04,14,855.0,PUT,577.0
2026-09-04,14,860.0,PUT,676.0
2026-09-04,14,865.0,PUT,69.0
2026-09-04,14,870.0,PUT,434.0
2026-09-04,14,875.0,PUT,344.0
2026-09-04,14,880.0,PUT,259.0
2026-09-04,14,885.0,PUT,138.0
2026-09-04,14,890.0,PUT,382.0
2026-09-04,14,895.0,PUT,123.0
2026-09-04,14,900.0,PUT,927.0
2026-09-04,14,905.0,PUT,342.0
2026-09-04,14,910.0,PUT,245.0
2026-09-04,14,915.0,PUT,313.0
2026-09-04,14,920.0,PUT,530.0
2026-09-04,14,925.0,PUT,316.0
2026-09-04,14,930.0,PUT,96.0
2026-09-04,14,935.0,PUT,42.0
2026-09-04,14,940.0,PUT,106.0
2026-09-04,14,945.0,PUT,43.0
2026-09-04,14,950.0,PUT,1139.0
2026-09-04,14,955.0,PUT,176.0
2026-09-04,14,960.0,PUT,93.0
2026-09-04,14,965.0,PUT,137.0
2026-09-04,14,970.0,PUT,154.0
2026-09-04,14,975.0,PUT,56.0
2026-09-04,14,980.0,PUT,129.0
2026-09-04,14,985.0,PUT,35.0
2026-09-04,14,990.0,PUT,34.0
2026-09-04,14,995.0,PUT,26.0
2026-09-04,14,1000.0,PUT,109.0
2026-09-04,14,1005.0,PUT,58.0
2026-09-04,14,1010.0,PUT,31.0
2026-09-04,14,1015.0,PUT,17.0
2026-09-04,14,1020.0,PUT,72.0
2026-09-04,14,1025.0,PUT,17.0
2026-09-04,14,1030.0,PUT,21.0
2026-09-04,14,1035.0,PUT,9.0
2026-09-04,14,1040.0,PUT,29.0
2026-09-04,14,1045.0,PUT,6.0
2026-09-04,14,1050.0,PUT,25.0
2026-09-04,14,1055.0,PUT,1.0
2026-09-04,14,1060.0,PUT,5.0
2026-09-04,14,1070.0,PUT,2.0
2026-09-04,14,1080.0,PUT,7.0
2026-09-04,14,1085.0,PUT,10.0
2026-09-04,14,1090.0,PUT,11.0
2026-09-04,14,1095.0,PUT,12.0
2026-09-04,14,1100.0,PUT,44.0
2026-09-04,14,1105.0,PUT,8.0
2026-09-04,14,1110.0,PUT,26.0
2026-09-04,14,1115.0,PUT,3.0
2026-09-04,14,1120.0,PUT,1.0
2026-09-04,14,1130.0,PUT,11.0
2026-09-04,14,1140.0,PUT,2.0
2026-09-04,14,1150.0,PUT,7.0
2026-09-04,14,1160.0,PUT,20.0
2026-09-04,14,1170.0,PUT,6.0
2026-09-04,14,1180.0,PUT,4.0
2026-09-04,14,1190.0,PUT,4.0
2026-09-04,14,1200.0,PUT,17.0
2026-09-04,14,1210.0,PUT,5.0
2026-09-04,14,1220.0,PUT,2.0
2026-09-04,14,1230.0,PUT,0.0
2026-09-04,14,1240.0,PUT,3.0
2026-09-04,14,1250.0,PUT,8.0
2026-09-04,14,1260.0,PUT,7.0
2026-09-04,14,1270.0,PUT,2.0
2026-09-04,14,1350.0,PUT,2.0
2026-09-04,14,1400.0,PUT,0.0
2026-09-04,14,1500.0,PUT,0.0
2026-09-04,14,1510.0,PUT,0.0
2026-09-04,14,1520.0,PUT,0.0
2026-09-04,14,1560.0,PUT,0.0
2026-09-04,14,2000.0,PUT,0.0
2026-09-11,21,185.0,CALL,1.0
2026-09-11,21,240.0,CALL,5.0
2026-09-11,21,275.0,CALL,1.0
2026-09-11,21,400.0,CALL,1.0
2026-09-11,21,430.0,CALL,1.0
2026-09-11,21,495.0,CALL,4.0
2026-09-11,21,500.0,CALL,40.0
2026-09-11,21,505.0,CALL,24.0
2026-09-11,21,520.0,CALL,4.0
2026-09-11,21,525.0,CALL,4.0
2026-09-11,21,550.0,CALL,1.0
2026-09-11,21,555.0,CALL,0.0
2026-09-11,21,560.0,CALL,8.0
2026-09-11,21,595.0,CALL,5.0
2026-09-11,21,600.0,CALL,4.0
2026-09-11,21,620.0,CALL,0.0
2026-09-11,21,630.0,CALL,1.0
2026-09-11,21,660.0,CALL,3.0
2026-09-11,21,675.0,CALL,6.0
2026-09-11,21,700.0,CALL,265.0
2026-09-11,21,705.0,CALL,2.0
2026-09-11,21,710.0,CALL,3.0
2026-09-11,21,715.0,CALL,27.0
2026-09-11,21,720.0,CALL,4.0
2026-09-11,21,725.0,CALL,3.0
2026-09-11,21,730.0,CALL,2.0
2026-09-11,21,735.0,CALL,3.0
2026-09-11,21,740.0,CALL,61.0
2026-09-11,21,745.0,CALL,8.0
2026-09-11,21,750.0,CALL,18.0
2026-09-11,21,755.0,CALL,12.0
2026-09-11,21,760.0,CALL,13.0
2026-09-11,21,765.0,CALL,13.0
2026-09-11,21,770.0,CALL,14.0
2026-09-11,21,775.0,CALL,16.0
2026-09-11,21,780.0,CALL,71.0
2026-09-11,21,785.0,CALL,8.0
2026-09-11,21,790.0,CALL,68.0
2026-09-11,21,795.0,CALL,10.0
2026-09-11,21,800.0,CALL,11.0
2026-09-11,21,805.0,CALL,18.0
2026-09-11,21,810.0,CALL,31.0
2026-09-11,21,815.0,CALL,27.0
2026-09-11,21,820.0,CALL,28.0
2026-09-11,21,825.0,CALL,15.0
2026-09-11,21,830.0,CALL,16.0
2026-09-11,21,835.0,CALL,93.0
2026-09-11,21,840.0,CALL,33.0
2026-09-11,21,845.0,CALL,36.0
2026-09-11,21,850.0,CALL,109.0
2026-09-11,21,855.0,CALL,24.0
2026-09-11,21,860.0,CALL,62.0
2026-09-11,21,865.0,CALL,41.0
2026-09-11,21,870.0,CALL,94.0
2026-09-11,21,875.0,CALL,53.0
2026-09-11,21,880.0,CALL,60.0
2026-09-11,21,885.0,CALL,60.0
2026-09-11,21,890.0,CALL,64.0
2026-09-11,21,895.0,CALL,67.0
2026-09-11,21,900.0,CALL,293.0
2026-09-11,21,905.0,CALL,47.0
2026-09-11,21,910.0,CALL,125.0
2026-09-11,21,915.0,CALL,120.0
2026-09-11,21,920.0,CALL,200.0
2026-09-11,21,925.0,CALL,156.0
2026-09-11,21,930.0,CALL,108.0
2026-09-11,21,935.0,CALL,46.0
2026-09-11,21,940.0,CALL,115.0
2026-09-11,21,945.0,CALL,35.0
2026-09-11,21,950.0,CALL,287.0
2026-09-11,21,955.0,CALL,43.0
2026-09-11,21,960.0,CALL,85.0
2026-09-11,21,965.0,CALL,67.0
2026-09-11,21,970.0,CALL,93.0
2026-09-11,21,975.0,CALL,199.0
2026-09-11,21,980.0,CALL,69.0
2026-09-11,21,985.0,CALL,153.0
2026-09-11,21,990.0,CALL,108.0
2026-09-11,21,995.0,CALL,49.0
2026-09-11,21,1000.0,CALL,373.0
2026-09-11,21,1005.0,CALL,31.0
2026-09-11,21,1010.0,CALL,134.0
2026-09-11,21,1015.0,CALL,78.0
2026-09-11,21,1020.0,CALL,94.0
2026-09-11,21,1025.0,CALL,101.0
2026-09-11,21,1030.0,CALL,139.0
2026-09-11,21,1035.0,CALL,162.0
2026-09-11,21,1040.0,CALL,139.0
2026-09-11,21,1045.0,CALL,64.0
2026-09-11,21,1050.0,CALL,276.0
2026-09-11,21,1055.0,CALL,43.0
2026-09-11,21,1060.0,CALL,51.0
2026-09-11,21,1065.0,CALL,41.0
2026-09-11,21,1070.0,CALL,29.0
2026-09-11,21,1075.0,CALL,21.0
2026-09-11,21,1080.0,CALL,102.0
2026-09-11,21,1085.0,CALL,29.0
2026-09-11,21,1090.0,CALL,43.0
2026-09-11,21,1095.0,CALL,38.0
2026-09-11,21,1100.0,CALL,430.0
2026-09-11,21,1105.0,CALL,80.0
2026-09-11,21,1110.0,CALL,189.0
2026-09-11,21,1115.0,CALL,95.0
2026-09-11,21,1120.0,CALL,42.0
2026-09-11,21,1125.0,CALL,265.0
2026-09-11,21,1130.0,CALL,104.0
2026-09-11,21,1135.0,CALL,63.0
2026-09-11,21,1140.0,CALL,137.0
2026-09-11,21,1150.0,CALL,307.0
2026-09-11,21,1160.0,CALL,239.0
2026-09-11,21,1170.0,CALL,216.0
2026-09-11,21,1180.0,CALL,101.0
2026-09-11,21,1190.0,CALL,75.0
2026-09-11,21,1200.0,CALL,477.0
2026-09-11,21,1210.0,CALL,148.0
2026-09-11,21,1220.0,CALL,115.0
2026-09-11,21,1230.0,CALL,134.0
2026-09-11,21,1240.0,CALL,81.0
2026-09-11,21,1250.0,CALL,342.0
2026-09-11,21,1260.0,CALL,90.0
2026-09-11,21,1270.0,CALL,47.0
2026-09-11,21,1280.0,CALL,23.0
2026-09-11,21,1290.0,CALL,40.0
2026-09-11,21,1300.0,CALL,202.0
2026-09-11,21,1310.0,CALL,80.0
2026-09-11,21,1320.0,CALL,63.0
2026-09-11,21,1330.0,CALL,129.0
2026-09-11,21,1340.0,CALL,16.0
2026-09-11,21,1350.0,CALL,73.0
2026-09-11,21,1360.0,CALL,66.0
2026-09-11,21,1370.0,CALL,20.0
2026-09-11,21,1380.0,CALL,146.0
2026-09-11,21,1390.0,CALL,42.0
2026-09-11,21,1400.0,CALL,288.0
2026-09-11,21,1410.0,CALL,110.0
2026-09-11,21,1420.0,CALL,10.0
2026-09-11,21,1430.0,CALL,38.0
2026-09-11,21,1440.0,CALL,64.0
2026-09-11,21,1450.0,CALL,147.0
2026-09-11,21,1460.0,CALL,106.0
2026-09-11,21,1470.0,CALL,60.0
2026-09-11,21,1480.0,CALL,69.0
2026-09-11,21,1490.0,CALL,197.0
2026-09-11,21,1500.0,CALL,693.0
2026-09-11,21,1510.0,CALL,141.0
2026-09-11,21,1520.0,CALL,4.0
2026-09-11,21,1530.0,CALL,105.0
2026-09-11,21,1540.0,CALL,39.0
2026-09-11,21,1550.0,CALL,229.0
2026-09-11,21,1560.0,CALL,203.0
2026-09-11,21,1570.0,CALL,127.0
2026-09-11,21,1580.0,CALL,125.0
2026-09-11,21,1590.0,CALL,109.0
2026-09-11,21,1600.0,CALL,167.0
2026-09-11,21,1610.0,CALL,91.0
2026-09-11,21,1620.0,CALL,105.0
2026-09-11,21,1630.0,CALL,34.0
2026-09-11,21,1650.0,CALL,24.0
2026-09-11,21,1660.0,CALL,21.0
2026-09-11,21,1680.0,CALL,40.0
2026-09-11,21,1690.0,CALL,10.0
2026-09-11,21,1700.0,CALL,298.0
2026-09-11,21,1710.0,CALL,4.0
2026-09-11,21,1720.0,CALL,15.0
2026-09-11,21,1730.0,CALL,80.0
2026-09-11,21,105.0,PUT,10.0
2026-09-11,21,110.0,PUT,21.0
2026-09-11,21,115.0,PUT,32.0
2026-09-11,21,120.0,PUT,5.0
2026-09-11,21,125.0,PUT,30.0
2026-09-11,21,130.0,PUT,31.0
2026-09-11,21,135.0,PUT,22.0
2026-09-11,21,140.0,PUT,0.0
2026-09-11,21,145.0,PUT,30.0
2026-09-11,21,150.0,PUT,50.0
2026-09-11,21,155.0,PUT,40.0
2026-09-11,21,160.0,PUT,11.0
2026-09-11,21,165.0,PUT,21.0
2026-09-11,21,170.0,PUT,12.0
2026-09-11,21,175.0,PUT,24.0
2026-09-11,21,180.0,PUT,12.0
2026-09-11,21,185.0,PUT,27.0
2026-09-11,21,190.0,PUT,17.0
2026-09-11,21,195.0,PUT,20.0
2026-09-11,21,200.0,PUT,20.0
2026-09-11,21,205.0,PUT,11.0
2026-09-11,21,210.0,PUT,12.0
2026-09-11,21,215.0,PUT,10.0
2026-09-11,21,220.0,PUT,1.0
2026-09-11,21,240.0,PUT,3.0
2026-09-11,21,245.0,PUT,4.0
2026-09-11,21,255.0,PUT,3.0
2026-09-11,21,265.0,PUT,0.0
2026-09-11,21,270.0,PUT,408.0
2026-09-11,21,275.0,PUT,2.0
2026-09-11,21,280.0,PUT,48.0
2026-09-11,21,290.0,PUT,193.0
2026-09-11,21,300.0,PUT,1657.0
2026-09-11,21,305.0,PUT,1.0
2026-09-11,21,310.0,PUT,81.0
2026-09-11,21,315.0,PUT,7.0
2026-09-11,21,320.0,PUT,7.0
2026-09-11,21,325.0,PUT,160.0
2026-09-11,21,330.0,PUT,8.0
2026-09-11,21,335.0,PUT,7.0
2026-09-11,21,345.0,PUT,12.0
2026-09-11,21,350.0,PUT,79.0
2026-09-11,21,355.0,PUT,21.0
2026-09-11,21,360.0,PUT,104.0
2026-09-11,21,365.0,PUT,6.0
2026-09-11,21,370.0,PUT,163.0
2026-09-11,21,375.0,PUT,28.0
2026-09-11,21,380.0,PUT,11.0
2026-09-11,21,385.0,PUT,6.0
2026-09-11,21,390.0,PUT,18.0
2026-09-11,21,395.0,PUT,78.0
2026-09-11,21,400.0,PUT,277.0
2026-09-11,21,405.0,PUT,3.0
2026-09-11,21,415.0,PUT,2.0
2026-09-11,21,420.0,PUT,1.0
2026-09-11,21,430.0,PUT,10.0
2026-09-11,21,435.0,PUT,4.0
2026-09-11,21,440.0,PUT,11.0
2026-09-11,21,445.0,PUT,25.0
2026-09-11,21,450.0,PUT,33.0
2026-09-11,21,455.0,PUT,1.0
2026-09-11,21,460.0,PUT,193.0
2026-09-11,21,465.0,PUT,2.0
2026-09-11,21,470.0,PUT,19.0
2026-09-11,21,475.0,PUT,31.0
2026-09-11,21,480.0,PUT,15.0
2026-09-11,21,485.0,PUT,28.0
2026-09-11,21,490.0,PUT,28.0
2026-09-11,21,495.0,PUT,28.0
2026-09-11,21,500.0,PUT,131.0
2026-09-11,21,505.0,PUT,15.0
2026-09-11,21,510.0,PUT,3.0
2026-09-11,21,515.0,PUT,3.0
2026-09-11,21,520.0,PUT,15.0
2026-09-11,21,525.0,PUT,29.0
2026-09-11,21,530.0,PUT,8.0
2026-09-11,21,540.0,PUT,94.0
2026-09-11,21,545.0,PUT,9.0
2026-09-11,21,550.0,PUT,284.0
2026-09-11,21,555.0,PUT,31.0
2026-09-11,21,560.0,PUT,22.0
2026-09-11,21,565.0,PUT,53.0
2026-09-11,21,570.0,PUT,36.0
2026-09-11,21,575.0,PUT,79.0
2026-09-11,21,580.0,PUT,101.0
2026-09-11,21,585.0,PUT,93.0
2026-09-11,21,590.0,PUT,85.0
2026-09-11,21,595.0,PUT,148.0
2026-09-11,21,600.0,PUT,284.0
2026-09-11,21,605.0,PUT,100.0
2026-09-11,21,610.0,PUT,211.0
2026-09-11,21,615.0,PUT,75.0
2026-09-11,21,620.0,PUT,176.0
2026-09-11,21,625.0,PUT,89.0
2026-09-11,21,630.0,PUT,163.0
2026-09-11,21,635.0,PUT,86.0
2026-09-11,21,640.0,PUT,109.0
2026-09-11,21,645.0,PUT,46.0
2026-09-11,21,650.0,PUT,236.0
2026-09-11,21,655.0,PUT,171.0
2026-09-11,21,660.0,PUT,134.0
2026-09-11,21,665.0,PUT,148.0
2026-09-11,21,670.0,PUT,77.0
2026-09-11,21,675.0,PUT,482.0
2026-09-11,21,680.0,PUT,1187.0
2026-09-11,21,685.0,PUT,118.0
2026-09-11,21,690.0,PUT,90.0
2026-09-11,21,695.0,PUT,53.0
2026-09-11,21,700.0,PUT,189.0
2026-09-11,21,705.0,PUT,61.0
2026-09-11,21,710.0,PUT,172.0
2026-09-11,21,715.0,PUT,121.0
2026-09-11,21,720.0,PUT,125.0
2026-09-11,21,725.0,PUT,98.0
2026-09-11,21,730.0,PUT,77.0
2026-09-11,21,735.0,PUT,88.0
2026-09-11,21,740.0,PUT,209.0
2026-09-11,21,745.0,PUT,79.0
2026-09-11,21,750.0,PUT,511.0
2026-09-11,21,755.0,PUT,81.0
2026-09-11,21,760.0,PUT,72.0
2026-09-11,21,765.0,PUT,71.0
2026-09-11,21,770.0,PUT,91.0
2026-09-11,21,775.0,PUT,217.0
2026-09-11,21,780.0,PUT,526.0
2026-09-11,21,785.0,PUT,167.0
2026-09-11,21,790.0,PUT,140.0
2026-09-11,21,795.0,PUT,111.0
2026-09-11,21,800.0,PUT,723.0
2026-09-11,21,805.0,PUT,56.0
2026-09-11,21,810.0,PUT,86.0
2026-09-11,21,815.0,PUT,48.0
2026-09-11,21,820.0,PUT,262.0
2026-09-11,21,825.0,PUT,88.0
2026-09-11,21,830.0,PUT,214.0
2026-09-11,21,835.0,PUT,89.0
2026-09-11,21,840.0,PUT,191.0
2026-09-11,21,845.0,PUT,81.0
2026-09-11,21,850.0,PUT,430.0
2026-09-11,21,855.0,PUT,65.0
2026-09-11,21,860.0,PUT,98.0
2026-09-11,21,865.0,PUT,77.0
2026-09-11,21,870.0,PUT,89.0
2026-09-11,21,875.0,PUT,60.0
2026-09-11,21,880.0,PUT,136.0
2026-09-11,21,885.0,PUT,79.0
2026-09-11,21,890.0,PUT,64.0
2026-09-11,21,895.0,PUT,145.0
2026-09-11,21,900.0,PUT,248.0
2026-09-11,21,905.0,PUT,36.0
2026-09-11,21,910.0,PUT,94.0
2026-09-11,21,915.0,PUT,796.0
2026-09-11,21,920.0,PUT,786.0
2026-09-11,21,925.0,PUT,58.0
2026-09-11,21,930.0,PUT,32.0
2026-09-11,21,935.0,PUT,43.0
2026-09-11,21,940.0,PUT,126.0
2026-09-11,21,945.0,PUT,26.0
2026-09-11,21,950.0,PUT,170.0
2026-09-11,21,955.0,PUT,31.0
2026-09-11,21,960.0,PUT,50.0
2026-09-11,21,965.0,PUT,51.0
2026-09-11,21,970.0,PUT,16.0
2026-09-11,21,975.0,PUT,25.0
2026-09-11,21,980.0,PUT,27.0
2026-09-11,21,985.0,PUT,47.0
2026-09-11,21,990.0,PUT,10.0
2026-09-11,21,995.0,PUT,51.0
2026-09-11,21,1000.0,PUT,64.0
2026-09-11,21,1005.0,PUT,11.0
2026-09-11,21,1010.0,PUT,31.0
2026-09-11,21,1015.0,PUT,47.0
2026-09-11,21,1020.0,PUT,43.0
2026-09-11,21,1025.0,PUT,7.0
2026-09-11,21,1030.0,PUT,12.0
2026-09-11,21,1035.0,PUT,9.0
2026-09-11,21,1040.0,PUT,13.0
2026-09-11,21,1045.0,PUT,1.0
2026-09-11,21,1050.0,PUT,13.0
2026-09-11,21,1055.0,PUT,1.0
2026-09-11,21,1060.0,PUT,10.0
2026-09-11,21,1075.0,PUT,1.0
2026-09-11,21,1090.0,PUT,8.0
2026-09-11,21,1095.0,PUT,3.0
2026-09-11,21,1100.0,PUT,3.0
2026-09-11,21,1110.0,PUT,8.0
2026-09-11,21,1140.0,PUT,2.0
2026-09-11,21,1150.0,PUT,6.0
2026-09-11,21,1160.0,PUT,5.0
2026-09-11,21,1200.0,PUT,3.0
2026-09-11,21,1210.0,PUT,2.0
2026-09-11,21,1220.0,PUT,2.0
2026-09-11,21,1240.0,PUT,1.0
2026-09-11,21,1250.0,PUT,1.0
2026-09-11,21,1260.0,PUT,1.0
2026-09-11,21,1310.0,PUT,1.0
2026-09-11,21,1500.0,PUT,0.0
2026-09-11,21,1510.0,PUT,0.0
2026-09-11,21,1520.0,PUT,0.0
2026-09-11,21,1630.0,PUT,0.0
2026-09-18,28,5.0,CALL,260.0
2026-09-18,28,10.0,CALL,4.0
2026-09-18,28,15.0,CALL,26.0
2026-09-18,28,20.0,CALL,7.0
2026-09-18,28,25.0,CALL,2.0
2026-09-18,28,50.0,CALL,89.0
2026-09-18,28,55.0,CALL,61.0
2026-09-18,28,60.0,CALL,20.0
2026-09-18,28,65.0,CALL,22.0
2026-09-18,28,70.0,CALL,19.0
2026-09-18,28,75.0,CALL,50.0
2026-09-18,28,80.0,CALL,611.0
2026-09-18,28,85.0,CALL,478.0
2026-09-18,28,90.0,CALL,339.0
2026-09-18,28,95.0,CALL,261.0
2026-09-18,28,100.0,CALL,169.0
2026-09-18,28,105.0,CALL,90.0
2026-09-18,28,110.0,CALL,176.0
2026-09-18,28,115.0,CALL,244.0
2026-09-18,28,120.0,CALL,545.0
2026-09-18,28,125.0,CALL,230.0
2026-09-18,28,130.0,CALL,1151.0
2026-09-18,28,135.0,CALL,179.0
2026-09-18,28,140.0,CALL,252.0
2026-09-18,28,145.0,CALL,136.0
2026-09-18,28,150.0,CALL,468.0
2026-09-18,28,155.0,CALL,190.0
2026-09-18,28,160.0,CALL,175.0
2026-09-18,28,165.0,CALL,188.0
2026-09-18,28,170.0,CALL,271.0
2026-09-18,28,175.0,CALL,140.0
2026-09-18,28,180.0,CALL,345.0
2026-09-18,28,185.0,CALL,1125.0
2026-09-18,28,190.0,CALL,531.0
2026-09-18,28,195.0,CALL,997.0
2026-09-18,28,200.0,CALL,559.0
2026-09-18,28,210.0,CALL,135.0
2026-09-18,28,220.0,CALL,191.0
2026-09-18,28,230.0,CALL,308.0
2026-09-18,28,240.0,CALL,386.0
2026-09-18,28,250.0,CALL,599.0
2026-09-18,28,260.0,CALL,305.0
2026-09-18,28,270.0,CALL,206.0
2026-09-18,28,280.0,CALL,231.0
2026-09-18,28,290.0,CALL,151.0
2026-09-18,28,300.0,CALL,549.0
2026-09-18,28,310.0,CALL,254.0
2026-09-18,28,320.0,CALL,853.0
2026-09-18,28,330.0,CALL,339.0
2026-09-18,28,340.0,CALL,316.0
2026-09-18,28,350.0,CALL,631.0
2026-09-18,28,360.0,CALL,779.0
2026-09-18,28,370.0,CALL,785.0
2026-09-18,28,380.0,CALL,538.0
2026-09-18,28,390.0,CALL,361.0
2026-09-18,28,400.0,CALL,2186.0
2026-09-18,28,410.0,CALL,1333.0
2026-09-18,28,420.0,CALL,552.0
2026-09-18,28,430.0,CALL,594.0
2026-09-18,28,440.0,CALL,846.0
2026-09-18,28,450.0,CALL,1393.0
2026-09-18,28,460.0,CALL,425.0
2026-09-18,28,470.0,CALL,225.0
2026-09-18,28,480.0,CALL,697.0
2026-09-18,28,490.0,CALL,466.0
2026-09-18,28,500.0,CALL,3576.0
2026-09-18,28,510.0,CALL,302.0
2026-09-18,28,520.0,CALL,870.0
2026-09-18,28,530.0,CALL,410.0
2026-09-18,28,540.0,CALL,303.0
2026-09-18,28,550.0,CALL,1857.0
2026-09-18,28,560.0,CALL,725.0
2026-09-18,28,570.0,CALL,772.0
2026-09-18,28,580.0,CALL,397.0
2026-09-18,28,590.0,CALL,439.0
2026-09-18,28,600.0,CALL,2528.0
2026-09-18,28,610.0,CALL,274.0
2026-09-18,28,620.0,CALL,664.0
2026-09-18,28,630.0,CALL,207.0
2026-09-18,28,640.0,CALL,286.0
2026-09-18,28,650.0,CALL,848.0
2026-09-18,28,660.0,CALL,421.0
2026-09-18,28,670.0,CALL,725.0
2026-09-18,28,680.0,CALL,744.0
2026-09-18,28,690.0,CALL,381.0
2026-09-18,28,700.0,CALL,3050.0
2026-09-18,28,710.0,CALL,347.0
2026-09-18,28,720.0,CALL,236.0
2026-09-18,28,730.0,CALL,340.0
2026-09-18,28,740.0,CALL,1452.0
2026-09-18,28,750.0,CALL,1444.0
2026-09-18,28,760.0,CALL,413.0
2026-09-18,28,770.0,CALL,410.0
2026-09-18,28,780.0,CALL,819.0
2026-09-18,28,790.0,CALL,412.0
2026-09-18,28,800.0,CALL,3667.0
2026-09-18,28,810.0,CALL,722.0
2026-09-18,28,820.0,CALL,692.0
2026-09-18,28,830.0,CALL,392.0
2026-09-18,28,840.0,CALL,351.0
2026-09-18,28,850.0,CALL,1792.0
2026-09-18,28,860.0,CALL,491.0
2026-09-18,28,870.0,CALL,545.0
2026-09-18,28,880.0,CALL,1077.0
2026-09-18,28,890.0,CALL,975.0
2026-09-18,28,900.0,CALL,5650.0
2026-09-18,28,910.0,CALL,3310.0
2026-09-18,28,920.0,CALL,922.0
2026-09-18,28,930.0,CALL,656.0
2026-09-18,28,940.0,CALL,835.0
2026-09-18,28,950.0,CALL,1614.0
2026-09-18,28,960.0,CALL,940.0
2026-09-18,28,970.0,CALL,926.0
2026-09-18,28,980.0,CALL,1033.0
2026-09-18,28,990.0,CALL,1838.0
2026-09-18,28,1000.0,CALL,10019.0
2026-09-18,28,1010.0,CALL,815.0
2026-09-18,28,1020.0,CALL,1557.0
2026-09-18,28,1030.0,CALL,857.0
2026-09-18,28,1040.0,CALL,550.0
2026-09-18,28,1050.0,CALL,3293.0
2026-09-18,28,1060.0,CALL,990.0
2026-09-18,28,1070.0,CALL,651.0
2026-09-18,28,1080.0,CALL,990.0
2026-09-18,28,1090.0,CALL,902.0
2026-09-18,28,1100.0,CALL,6124.0
2026-09-18,28,1110.0,CALL,743.0
2026-09-18,28,1120.0,CALL,379.0
2026-09-18,28,1130.0,CALL,1056.0
2026-09-18,28,1140.0,CALL,289.0
2026-09-18,28,1150.0,CALL,2911.0
2026-09-18,28,1160.0,CALL,281.0
2026-09-18,28,1170.0,CALL,1028.0
2026-09-18,28,1180.0,CALL,675.0
2026-09-18,28,1190.0,CALL,393.0
2026-09-18,28,1200.0,CALL,6446.0
2026-09-18,28,1210.0,CALL,605.0
2026-09-18,28,1220.0,CALL,748.0
2026-09-18,28,1230.0,CALL,397.0
2026-09-18,28,1240.0,CALL,872.0
2026-09-18,28,1250.0,CALL,2462.0
2026-09-18,28,1260.0,CALL,445.0
2026-09-18,28,1270.0,CALL,581.0
2026-09-18,28,1280.0,CALL,291.0
2026-09-18,28,1290.0,CALL,322.0
2026-09-18,28,1300.0,CALL,4724.0
2026-09-18,28,1310.0,CALL,266.0
2026-09-18,28,1320.0,CALL,347.0
2026-09-18,28,1330.0,CALL,278.0
2026-09-18,28,1340.0,CALL,188.0
2026-09-18,28,1350.0,CALL,1332.0
2026-09-18,28,1360.0,CALL,315.0
2026-09-18,28,1370.0,CALL,209.0
2026-09-18,28,1380.0,CALL,318.0
2026-09-18,28,1390.0,CALL,318.0
2026-09-18,28,1400.0,CALL,1971.0
2026-09-18,28,1410.0,CALL,162.0
2026-09-18,28,1420.0,CALL,240.0
2026-09-18,28,1430.0,CALL,280.0
2026-09-18,28,1440.0,CALL,767.0
2026-09-18,28,1450.0,CALL,1645.0
2026-09-18,28,1460.0,CALL,516.0
2026-09-18,28,1470.0,CALL,269.0
2026-09-18,28,1480.0,CALL,427.0
2026-09-18,28,1490.0,CALL,320.0
2026-09-18,28,1500.0,CALL,6880.0
2026-09-18,28,1510.0,CALL,139.0
2026-09-18,28,1520.0,CALL,449.0
2026-09-18,28,1530.0,CALL,208.0
2026-09-18,28,1540.0,CALL,224.0
2026-09-18,28,1550.0,CALL,619.0
2026-09-18,28,1560.0,CALL,193.0
2026-09-18,28,1570.0,CALL,180.0
2026-09-18,28,1580.0,CALL,291.0
2026-09-18,28,1590.0,CALL,169.0
2026-09-18,28,1600.0,CALL,2456.0
2026-09-18,28,1610.0,CALL,241.0
2026-09-18,28,1620.0,CALL,158.0
2026-09-18,28,1630.0,CALL,623.0
2026-09-18,28,1640.0,CALL,330.0
2026-09-18,28,1650.0,CALL,342.0
2026-09-18,28,1660.0,CALL,304.0
2026-09-18,28,1670.0,CALL,101.0
2026-09-18,28,1680.0,CALL,86.0
2026-09-18,28,1690.0,CALL,115.0
2026-09-18,28,1700.0,CALL,872.0
2026-09-18,28,1710.0,CALL,136.0
2026-09-18,28,1720.0,CALL,128.0
2026-09-18,28,1730.0,CALL,121.0
2026-09-18,28,1740.0,CALL,48.0
2026-09-18,28,1750.0,CALL,257.0
2026-09-18,28,1760.0,CALL,197.0
2026-09-18,28,1770.0,CALL,230.0
2026-09-18,28,1780.0,CALL,138.0
2026-09-18,28,1790.0,CALL,191.0
2026-09-18,28,1800.0,CALL,813.0
2026-09-18,28,1810.0,CALL,106.0
2026-09-18,28,1820.0,CALL,257.0
2026-09-18,28,1830.0,CALL,365.0
2026-09-18,28,1840.0,CALL,26.0
2026-09-18,28,1850.0,CALL,170.0
2026-09-18,28,1860.0,CALL,320.0
2026-09-18,28,1870.0,CALL,111.0
2026-09-18,28,1880.0,CALL,36.0
2026-09-18,28,1890.0,CALL,91.0
2026-09-18,28,1900.0,CALL,581.0
2026-09-18,28,1910.0,CALL,398.0
2026-09-18,28,1920.0,CALL,230.0
2026-09-18,28,1930.0,CALL,204.0
2026-09-18,28,1940.0,CALL,48.0
2026-09-18,28,1950.0,CALL,267.0
2026-09-18,28,1960.0,CALL,161.0
2026-09-18,28,1970.0,CALL,255.0
2026-09-18,28,1980.0,CALL,289.0
2026-09-18,28,1990.0,CALL,794.0
2026-09-18,28,2000.0,CALL,1900.0
2026-09-18,28,2010.0,CALL,76.0
2026-09-18,28,2020.0,CALL,113.0
2026-09-18,28,2030.0,CALL,450.0
2026-09-18,28,2040.0,CALL,139.0
2026-09-18,28,2050.0,CALL,196.0
2026-09-18,28,2060.0,CALL,322.0
2026-09-18,28,2070.0,CALL,308.0
2026-09-18,28,2080.0,CALL,60.0
2026-09-18,28,2090.0,CALL,121.0
2026-09-18,28,2100.0,CALL,189.0
2026-09-18,28,2110.0,CALL,115.0
2026-09-18,28,2120.0,CALL,51.0
2026-09-18,28,2130.0,CALL,46.0
2026-09-18,28,2140.0,CALL,146.0
2026-09-18,28,2150.0,CALL,93.0
2026-09-18,28,2160.0,CALL,47.0
2026-09-18,28,2170.0,CALL,1036.0
2026-09-18,28,2180.0,CALL,192.0
2026-09-18,28,2190.0,CALL,222.0
2026-09-18,28,2200.0,CALL,611.0
2026-09-18,28,2210.0,CALL,210.0
2026-09-18,28,2220.0,CALL,290.0
2026-09-18,28,2230.0,CALL,153.0
2026-09-18,28,2240.0,CALL,40.0
2026-09-18,28,2250.0,CALL,97.0
2026-09-18,28,2260.0,CALL,169.0
2026-09-18,28,2270.0,CALL,82.0
2026-09-18,28,2280.0,CALL,52.0
2026-09-18,28,2290.0,CALL,205.0
2026-09-18,28,2300.0,CALL,276.0
2026-09-18,28,2310.0,CALL,79.0
2026-09-18,28,2320.0,CALL,55.0
2026-09-18,28,2330.0,CALL,140.0
2026-09-18,28,2340.0,CALL,92.0
2026-09-18,28,2350.0,CALL,110.0
2026-09-18,28,2360.0,CALL,110.0
2026-09-18,28,2370.0,CALL,104.0
2026-09-18,28,2380.0,CALL,79.0
2026-09-18,28,2390.0,CALL,74.0
2026-09-18,28,2400.0,CALL,326.0
2026-09-18,28,2410.0,CALL,73.0
2026-09-18,28,2420.0,CALL,339.0
2026-09-18,28,2440.0,CALL,184.0
2026-09-18,28,2460.0,CALL,200.0
2026-09-18,28,2480.0,CALL,213.0
2026-09-18,28,2500.0,CALL,5169.0
2026-09-18,28,5.0,PUT,403.0
2026-09-18,28,10.0,PUT,3.0
2026-09-18,28,15.0,PUT,160.0
2026-09-18,28,20.0,PUT,25.0
2026-09-18,28,25.0,PUT,18.0
2026-09-18,28,30.0,PUT,621.0
2026-09-18,28,35.0,PUT,1238.0
2026-09-18,28,40.0,PUT,1530.0
2026-09-18,28,45.0,PUT,10177.0
2026-09-18,28,50.0,PUT,3633.0
2026-09-18,28,55.0,PUT,298.0
2026-09-18,28,60.0,PUT,1239.0
2026-09-18,28,65.0,PUT,958.0
2026-09-18,28,70.0,PUT,651.0
2026-09-18,28,75.0,PUT,1695.0
2026-09-18,28,80.0,PUT,603.0
2026-09-18,28,85.0,PUT,2958.0
2026-09-18,28,90.0,PUT,2241.0
2026-09-18,28,95.0,PUT,703.0
2026-09-18,28,100.0,PUT,2390.0
2026-09-18,28,105.0,PUT,805.0
2026-09-18,28,110.0,PUT,1245.0
2026-09-18,28,115.0,PUT,683.0
2026-09-18,28,120.0,PUT,786.0
2026-09-18,28,125.0,PUT,593.0
2026-09-18,28,130.0,PUT,1701.0
2026-09-18,28,135.0,PUT,1688.0
2026-09-18,28,140.0,PUT,3709.0
2026-09-18,28,145.0,PUT,907.0
2026-09-18,28,150.0,PUT,2927.0
2026-09-18,28,155.0,PUT,482.0
2026-09-18,28,160.0,PUT,1389.0
2026-09-18,28,165.0,PUT,911.0
2026-09-18,28,170.0,PUT,827.0
2026-09-18,28,175.0,PUT,536.0
2026-09-18,28,180.0,PUT,3159.0
2026-09-18,28,185.0,PUT,830.0
2026-09-18,28,190.0,PUT,1624.0
2026-09-18,28,195.0,PUT,1167.0
2026-09-18,28,200.0,PUT,6862.0
2026-09-18,28,210.0,PUT,1526.0
2026-09-18,28,220.0,PUT,2136.0
2026-09-18,28,230.0,PUT,4491.0
2026-09-18,28,240.0,PUT,1375.0
2026-09-18,28,250.0,PUT,4397.0
2026-09-18,28,260.0,PUT,5173.0
2026-09-18,28,270.0,PUT,1949.0
2026-09-18,28,280.0,PUT,1592.0
2026-09-18,28,290.0,PUT,3259.0
2026-09-18,28,300.0,PUT,6826.0
2026-09-18,28,310.0,PUT,1630.0
2026-09-18,28,320.0,PUT,2124.0
2026-09-18,28,330.0,PUT,3739.0
2026-09-18,28,340.0,PUT,1573.0
2026-09-18,28,350.0,PUT,4264.0
2026-09-18,28,360.0,PUT,2073.0
2026-09-18,28,370.0,PUT,2257.0
2026-09-18,28,380.0,PUT,4768.0
2026-09-18,28,390.0,PUT,2187.0
2026-09-18,28,400.0,PUT,9725.0
2026-09-18,28,410.0,PUT,2642.0
2026-09-18,28,420.0,PUT,1865.0
2026-09-18,28,430.0,PUT,1451.0
2026-09-18,28,440.0,PUT,1670.0
2026-09-18,28,450.0,PUT,2162.0
2026-09-18,28,460.0,PUT,3467.0
2026-09-18,28,470.0,PUT,1472.0
2026-09-18,28,480.0,PUT,564.0
2026-09-18,28,490.0,PUT,385.0
2026-09-18,28,500.0,PUT,9525.0
2026-09-18,28,510.0,PUT,315.0
2026-09-18,28,520.0,PUT,1181.0
2026-09-18,28,530.0,PUT,409.0
2026-09-18,28,540.0,PUT,658.0
2026-09-18,28,550.0,PUT,2061.0
2026-09-18,28,560.0,PUT,817.0
2026-09-18,28,570.0,PUT,366.0
2026-09-18,28,580.0,PUT,632.0
2026-09-18,28,590.0,PUT,2043.0
2026-09-18,28,600.0,PUT,6599.0
2026-09-18,28,610.0,PUT,1176.0
2026-09-18,28,620.0,PUT,1285.0
2026-09-18,28,630.0,PUT,502.0
2026-09-18,28,640.0,PUT,1483.0
2026-09-18,28,650.0,PUT,4711.0
2026-09-18,28,660.0,PUT,1473.0
2026-09-18,28,670.0,PUT,769.0
2026-09-18,28,680.0,PUT,3855.0
2026-09-18,28,690.0,PUT,1014.0
2026-09-18,28,700.0,PUT,4866.0
2026-09-18,28,710.0,PUT,707.0
2026-09-18,28,720.0,PUT,1795.0
2026-09-18,28,730.0,PUT,962.0
2026-09-18,28,740.0,PUT,985.0
2026-09-18,28,750.0,PUT,4897.0
2026-09-18,28,760.0,PUT,1713.0
2026-09-18,28,770.0,PUT,1179.0
2026-09-18,28,780.0,PUT,2067.0
2026-09-18,28,790.0,PUT,1183.0
2026-09-18,28,800.0,PUT,7166.0
2026-09-18,28,810.0,PUT,1027.0
2026-09-18,28,820.0,PUT,1434.0
2026-09-18,28,830.0,PUT,2628.0
2026-09-18,28,840.0,PUT,1189.0
2026-09-18,28,850.0,PUT,3938.0
2026-09-18,28,860.0,PUT,1458.0
2026-09-18,28,870.0,PUT,1075.0
2026-09-18,28,880.0,PUT,1067.0
2026-09-18,28,890.0,PUT,1179.0
2026-09-18,28,900.0,PUT,4259.0
2026-09-18,28,910.0,PUT,1229.0
2026-09-18,28,920.0,PUT,3236.0
2026-09-18,28,930.0,PUT,1180.0
2026-09-18,28,940.0,PUT,1064.0
2026-09-18,28,950.0,PUT,1753.0
2026-09-18,28,960.0,PUT,1324.0
2026-09-18,28,970.0,PUT,739.0
2026-09-18,28,980.0,PUT,708.0
2026-09-18,28,990.0,PUT,707.0
2026-09-18,28,1000.0,PUT,2515.0
2026-09-18,28,1010.0,PUT,529.0
2026-09-18,28,1020.0,PUT,347.0
2026-09-18,28,1030.0,PUT,310.0
2026-09-18,28,1040.0,PUT,102.0
2026-09-18,28,1050.0,PUT,1175.0
2026-09-18,28,1060.0,PUT,531.0
2026-09-18,28,1070.0,PUT,341.0
2026-09-18,28,1080.0,PUT,87.0
2026-09-18,28,1090.0,PUT,174.0
2026-09-18,28,1100.0,PUT,1165.0
2026-09-18,28,1110.0,PUT,141.0
2026-09-18,28,1120.0,PUT,276.0
2026-09-18,28,1130.0,PUT,88.0
2026-09-18,28,1140.0,PUT,91.0
2026-09-18,28,1150.0,PUT,449.0
2026-09-18,28,1160.0,PUT,32.0
2026-09-18,28,1170.0,PUT,72.0
2026-09-18,28,1180.0,PUT,48.0
2026-09-18,28,1190.0,PUT,67.0
2026-09-18,28,1200.0,PUT,1114.0
2026-09-18,28,1210.0,PUT,28.0
2026-09-18,28,1220.0,PUT,79.0
2026-09-18,28,1230.0,PUT,30.0
2026-09-18,28,1240.0,PUT,24.0
2026-09-18,28,1250.0,PUT,136.0
2026-09-18,28,1260.0,PUT,11.0
2026-09-18,28,1270.0,PUT,14.0
2026-09-18,28,1280.0,PUT,17.0
2026-09-18,28,1290.0,PUT,50.0
2026-09-18,28,1300.0,PUT,634.0
2026-09-18,28,1310.0,PUT,21.0
2026-09-18,28,1320.0,PUT,6.0
2026-09-18,28,1330.0,PUT,187.0
2026-09-18,28,1340.0,PUT,33.0
2026-09-18,28,1350.0,PUT,64.0
2026-09-18,28,1360.0,PUT,30.0
2026-09-18,28,1370.0,PUT,5.0
2026-09-18,28,1380.0,PUT,2.0
2026-09-18,28,1390.0,PUT,31.0
2026-09-18,28,1400.0,PUT,375.0
2026-09-18,28,1410.0,PUT,37.0
2026-09-18,28,1420.0,PUT,13.0
2026-09-18,28,1430.0,PUT,53.0
2026-09-18,28,1440.0,PUT,6.0
2026-09-18,28,1450.0,PUT,1.0
2026-09-18,28,1460.0,PUT,145.0
2026-09-18,28,1470.0,PUT,0.0
2026-09-18,28,1480.0,PUT,0.0
2026-09-18,28,1500.0,PUT,122.0
2026-09-18,28,1510.0,PUT,1.0
2026-09-18,28,1520.0,PUT,0.0
2026-09-18,28,1530.0,PUT,0.0
2026-09-18,28,1540.0,PUT,0.0
2026-09-18,28,1550.0,PUT,0.0
2026-09-18,28,1560.0,PUT,0.0
2026-09-18,28,1570.0,PUT,0.0
2026-09-18,28,1580.0,PUT,0.0
2026-09-18,28,1590.0,PUT,0.0
2026-09-18,28,1600.0,PUT,0.0
2026-09-18,28,1610.0,PUT,13.0
2026-09-18,28,1620.0,PUT,0.0
2026-09-18,28,1630.0,PUT,0.0
2026-09-18,28,1640.0,PUT,0.0
2026-09-18,28,1650.0,PUT,0.0
2026-09-18,28,1660.0,PUT,0.0
2026-09-18,28,1670.0,PUT,0.0
2026-09-18,28,1680.0,PUT,13.0
2026-09-18,28,1690.0,PUT,1.0
2026-09-18,28,1700.0,PUT,0.0
2026-09-18,28,1750.0,PUT,0.0
2026-09-18,28,1770.0,PUT,1.0
2026-09-18,28,1790.0,PUT,10.0
2026-09-18,28,1800.0,PUT,0.0
2026-09-18,28,1820.0,PUT,0.0
2026-09-18,28,1830.0,PUT,0.0
2026-09-18,28,1840.0,PUT,0.0
2026-09-18,28,1860.0,PUT,0.0
2026-09-18,28,1870.0,PUT,0.0
2026-09-18,28,1880.0,PUT,0.0
2026-09-18,28,1890.0,PUT,0.0
2026-09-18,28,1900.0,PUT,0.0
2026-09-18,28,1910.0,PUT,0.0
2026-09-18,28,1920.0,PUT,1.0
2026-09-18,28,1930.0,PUT,0.0
2026-09-18,28,1940.0,PUT,0.0
2026-09-18,28,1950.0,PUT,0.0
2026-09-18,28,1960.0,PUT,0.0
2026-09-18,28,1970.0,PUT,0.0
2026-09-18,28,1980.0,PUT,0.0
2026-09-18,28,1990.0,PUT,0.0
2026-09-18,28,2000.0,PUT,9.0
2026-09-18,28,2010.0,PUT,0.0
2026-09-18,28,2020.0,PUT,0.0
2026-09-18,28,2030.0,PUT,0.0
2026-09-18,28,2050.0,PUT,0.0
2026-09-18,28,2090.0,PUT,4.0
2026-09-18,28,2100.0,PUT,0.0
2026-09-18,28,2110.0,PUT,0.0
2026-09-18,28,2120.0,PUT,0.0
2026-09-18,28,2130.0,PUT,0.0
2026-09-18,28,2140.0,PUT,1.0
2026-09-18,28,2170.0,PUT,0.0
2026-09-18,28,2190.0,PUT,0.0
2026-09-18,28,2200.0,PUT,0.0
2026-09-18,28,2210.0,PUT,0.0
2026-09-18,28,2220.0,PUT,0.0
2026-09-18,28,2250.0,PUT,0.0
2026-09-18,28,2270.0,PUT,0.0
2026-09-18,28,2280.0,PUT,0.0
2026-09-18,28,2290.0,PUT,0.0
2026-09-18,28,2320.0,PUT,0.0
2026-09-18,28,2350.0,PUT,0.0
2026-09-18,28,2370.0,PUT,0.0
2026-09-18,28,2420.0,PUT,0.0
2026-09-18,28,2440.0,PUT,0.0
2026-09-25,35,275.0,CALL,3.0
2026-09-25,35,440.0,CALL,1.0
2026-09-25,35,480.0,CALL,1.0
2026-09-25,35,560.0,CALL,1.0
2026-09-25,35,580.0,CALL,4.0
2026-09-25,35,585.0,CALL,4.0
2026-09-25,35,595.0,CALL,4.0
2026-09-25,35,600.0,CALL,2.0
2026-09-25,35,605.0,CALL,5.0
2026-09-25,35,615.0,CALL,4.0
2026-09-25,35,620.0,CALL,4.0
2026-09-25,35,625.0,CALL,5.0
2026-09-25,35,630.0,CALL,5.0
2026-09-25,35,635.0,CALL,5.0
2026-09-25,35,640.0,CALL,1.0
2026-09-25,35,655.0,CALL,3.0
2026-09-25,35,695.0,CALL,2.0
2026-09-25,35,700.0,CALL,29.0
2026-09-25,35,745.0,CALL,7.0
2026-09-25,35,750.0,CALL,4.0
2026-09-25,35,755.0,CALL,4.0
2026-09-25,35,760.0,CALL,2.0
2026-09-25,35,765.0,CALL,24.0
2026-09-25,35,770.0,CALL,4.0
2026-09-25,35,775.0,CALL,11.0
2026-09-25,35,780.0,CALL,9.0
2026-09-25,35,785.0,CALL,1.0
2026-09-25,35,790.0,CALL,5.0
2026-09-25,35,795.0,CALL,7.0
2026-09-25,35,800.0,CALL,117.0
2026-09-25,35,805.0,CALL,6.0
2026-09-25,35,810.0,CALL,13.0
2026-09-25,35,815.0,CALL,17.0
2026-09-25,35,820.0,CALL,6.0
2026-09-25,35,825.0,CALL,14.0
2026-09-25,35,830.0,CALL,22.0
2026-09-25,35,835.0,CALL,3.0
2026-09-25,35,840.0,CALL,16.0
2026-09-25,35,845.0,CALL,12.0
2026-09-25,35,850.0,CALL,125.0
2026-09-25,35,855.0,CALL,11.0
2026-09-25,35,860.0,CALL,48.0
2026-09-25,35,865.0,CALL,11.0
2026-09-25,35,870.0,CALL,201.0
2026-09-25,35,875.0,CALL,19.0
2026-09-25,35,880.0,CALL,37.0
2026-09-25,35,885.0,CALL,13.0
2026-09-25,35,890.0,CALL,49.0
2026-09-25,35,895.0,CALL,15.0
2026-09-25,35,900.0,CALL,349.0
2026-09-25,35,905.0,CALL,19.0
2026-09-25,35,910.0,CALL,60.0
2026-09-25,35,915.0,CALL,32.0
2026-09-25,35,920.0,CALL,58.0
2026-09-25,35,925.0,CALL,29.0
2026-09-25,35,930.0,CALL,166.0
2026-09-25,35,935.0,CALL,44.0
2026-09-25,35,940.0,CALL,129.0
2026-09-25,35,945.0,CALL,32.0
2026-09-25,35,950.0,CALL,172.0
2026-09-25,35,955.0,CALL,38.0
2026-09-25,35,960.0,CALL,75.0
2026-09-25,35,965.0,CALL,73.0
2026-09-25,35,970.0,CALL,113.0
2026-09-25,35,975.0,CALL,42.0
2026-09-25,35,980.0,CALL,131.0
2026-09-25,35,985.0,CALL,51.0
2026-09-25,35,990.0,CALL,110.0
2026-09-25,35,995.0,CALL,71.0
2026-09-25,35,1000.0,CALL,1263.0
2026-09-25,35,1005.0,CALL,95.0
2026-09-25,35,1010.0,CALL,53.0
2026-09-25,35,1015.0,CALL,23.0
2026-09-25,35,1020.0,CALL,287.0
2026-09-25,35,1025.0,CALL,282.0
2026-09-25,35,1030.0,CALL,38.0
2026-09-25,35,1035.0,CALL,84.0
2026-09-25,35,1040.0,CALL,43.0
2026-09-25,35,1045.0,CALL,24.0
2026-09-25,35,1050.0,CALL,211.0
2026-09-25,35,1055.0,CALL,16.0
2026-09-25,35,1060.0,CALL,65.0
2026-09-25,35,1065.0,CALL,22.0
2026-09-25,35,1070.0,CALL,57.0
2026-09-25,35,1075.0,CALL,22.0
2026-09-25,35,1080.0,CALL,25.0
2026-09-25,35,1085.0,CALL,26.0
2026-09-25,35,1090.0,CALL,28.0
2026-09-25,35,1095.0,CALL,41.0
2026-09-25,35,1100.0,CALL,678.0
2026-09-25,35,1105.0,CALL,39.0
2026-09-25,35,1110.0,CALL,274.0
2026-09-25,35,1115.0,CALL,18.0
2026-09-25,35,1120.0,CALL,76.0
2026-09-25,35,1125.0,CALL,12.0
2026-09-25,35,1130.0,CALL,17.0
2026-09-25,35,1135.0,CALL,17.0
2026-09-25,35,1140.0,CALL,20.0
2026-09-25,35,1150.0,CALL,273.0
2026-09-25,35,1160.0,CALL,59.0
2026-09-25,35,1170.0,CALL,77.0
2026-09-25,35,1180.0,CALL,109.0
2026-09-25,35,1190.0,CALL,35.0
2026-09-25,35,1200.0,CALL,1022.0
2026-09-25,35,1210.0,CALL,284.0
2026-09-25,35,1220.0,CALL,70.0
2026-09-25,35,1230.0,CALL,215.0
2026-09-25,35,1240.0,CALL,40.0
2026-09-25,35,1250.0,CALL,703.0
2026-09-25,35,1260.0,CALL,48.0
2026-09-25,35,1270.0,CALL,22.0
2026-09-25,35,1280.0,CALL,115.0
2026-09-25,35,1290.0,CALL,196.0
2026-09-25,35,1300.0,CALL,288.0
2026-09-25,35,1310.0,CALL,69.0
2026-09-25,35,1320.0,CALL,67.0
2026-09-25,35,1330.0,CALL,37.0
2026-09-25,35,1340.0,CALL,49.0
2026-09-25,35,1350.0,CALL,189.0
2026-09-25,35,1360.0,CALL,38.0
2026-09-25,35,1370.0,CALL,107.0
2026-09-25,35,1380.0,CALL,9.0
2026-09-25,35,1390.0,CALL,29.0
2026-09-25,35,1400.0,CALL,182.0
2026-09-25,35,1410.0,CALL,34.0
2026-09-25,35,1420.0,CALL,40.0
2026-09-25,35,1430.0,CALL,44.0
2026-09-25,35,1440.0,CALL,48.0
2026-09-25,35,1450.0,CALL,55.0
2026-09-25,35,1460.0,CALL,36.0
2026-09-25,35,1470.0,CALL,7.0
2026-09-25,35,1480.0,CALL,15.0
2026-09-25,35,1490.0,CALL,9.0
2026-09-25,35,1500.0,CALL,451.0
2026-09-25,35,1510.0,CALL,34.0
2026-09-25,35,1520.0,CALL,63.0
2026-09-25,35,1540.0,CALL,43.0
2026-09-25,35,1550.0,CALL,19.0
2026-09-25,35,1600.0,CALL,27.0
2026-09-25,35,1610.0,CALL,13.0
2026-09-25,35,1620.0,CALL,13.0
2026-09-25,35,1640.0,CALL,13.0
2026-09-25,35,1660.0,CALL,9.0
2026-09-25,35,1670.0,CALL,102.0
2026-09-25,35,1680.0,CALL,14.0
2026-09-25,35,1690.0,CALL,10.0
2026-09-25,35,1700.0,CALL,2.0
2026-09-25,35,1720.0,CALL,3.0
2026-09-25,35,1730.0,CALL,141.0
2026-09-25,35,115.0,PUT,1.0
2026-09-25,35,130.0,PUT,1.0
2026-09-25,35,145.0,PUT,1.0
2026-09-25,35,155.0,PUT,1.0
2026-09-25,35,160.0,PUT,1.0
2026-09-25,35,165.0,PUT,1.0
2026-09-25,35,170.0,PUT,1.0
2026-09-25,35,220.0,PUT,1.0
2026-09-25,35,225.0,PUT,74.0
2026-09-25,35,230.0,PUT,1690.0
2026-09-25,35,235.0,PUT,119.0
2026-09-25,35,240.0,PUT,141.0
2026-09-25,35,245.0,PUT,133.0
2026-09-25,35,250.0,PUT,81.0
2026-09-25,35,255.0,PUT,41.0
2026-09-25,35,260.0,PUT,360.0
2026-09-25,35,265.0,PUT,317.0
2026-09-25,35,270.0,PUT,395.0
2026-09-25,35,275.0,PUT,11.0
2026-09-25,35,280.0,PUT,73.0
2026-09-25,35,285.0,PUT,87.0
2026-09-25,35,290.0,PUT,150.0
2026-09-25,35,295.0,PUT,158.0
2026-09-25,35,300.0,PUT,464.0
2026-09-25,35,305.0,PUT,124.0
2026-09-25,35,310.0,PUT,10.0
2026-09-25,35,315.0,PUT,91.0
2026-09-25,35,320.0,PUT,90.0
2026-09-25,35,325.0,PUT,46.0
2026-09-25,35,345.0,PUT,1.0
2026-09-25,35,350.0,PUT,3.0
2026-09-25,35,355.0,PUT,1.0
2026-09-25,35,365.0,PUT,0.0
2026-09-25,35,370.0,PUT,5.0
2026-09-25,35,375.0,PUT,20.0
2026-09-25,35,380.0,PUT,160.0
2026-09-25,35,385.0,PUT,1.0
2026-09-25,35,390.0,PUT,51.0
2026-09-25,35,395.0,PUT,6.0
2026-09-25,35,400.0,PUT,14.0
2026-09-25,35,405.0,PUT,2.0
2026-09-25,35,415.0,PUT,1.0
2026-09-25,35,425.0,PUT,1.0
2026-09-25,35,440.0,PUT,2.0
2026-09-25,35,450.0,PUT,23.0
2026-09-25,35,460.0,PUT,14.0
2026-09-25,35,470.0,PUT,0.0
2026-09-25,35,475.0,PUT,2.0
2026-09-25,35,480.0,PUT,163.0
2026-09-25,35,490.0,PUT,2.0
2026-09-25,35,495.0,PUT,2.0
2026-09-25,35,500.0,PUT,42.0
2026-09-25,35,510.0,PUT,3.0
2026-09-25,35,520.0,PUT,3.0
2026-09-25,35,525.0,PUT,8.0
2026-09-25,35,530.0,PUT,10.0
2026-09-25,35,540.0,PUT,195.0
2026-09-25,35,545.0,PUT,186.0
2026-09-25,35,550.0,PUT,120.0
2026-09-25,35,560.0,PUT,19.0
2026-09-25,35,565.0,PUT,13.0
2026-09-25,35,570.0,PUT,23.0
2026-09-25,35,575.0,PUT,15.0
2026-09-25,35,580.0,PUT,12.0
2026-09-25,35,585.0,PUT,7.0
2026-09-25,35,590.0,PUT,126.0
2026-09-25,35,595.0,PUT,117.0
2026-09-25,35,600.0,PUT,185.0
2026-09-25,35,605.0,PUT,69.0
2026-09-25,35,610.0,PUT,14.0
2026-09-25,35,615.0,PUT,14.0
2026-09-25,35,620.0,PUT,19.0
2026-09-25,35,625.0,PUT,13.0
2026-09-25,35,630.0,PUT,28.0
2026-09-25,35,635.0,PUT,6.0
2026-09-25,35,640.0,PUT,108.0
2026-09-25,35,645.0,PUT,202.0
2026-09-25,35,650.0,PUT,163.0
2026-09-25,35,655.0,PUT,18.0
2026-09-25,35,660.0,PUT,45.0
2026-09-25,35,665.0,PUT,4.0
2026-09-25,35,670.0,PUT,46.0
2026-09-25,35,675.0,PUT,80.0
2026-09-25,35,680.0,PUT,122.0
2026-09-25,35,685.0,PUT,52.0
2026-09-25,35,690.0,PUT,99.0
2026-09-25,35,695.0,PUT,59.0
2026-09-25,35,700.0,PUT,397.0
2026-09-25,35,705.0,PUT,62.0
2026-09-25,35,710.0,PUT,41.0
2026-09-25,35,715.0,PUT,25.0
2026-09-25,35,720.0,PUT,242.0
2026-09-25,35,725.0,PUT,21.0
2026-09-25,35,730.0,PUT,133.0
2026-09-25,35,735.0,PUT,54.0
2026-09-25,35,740.0,PUT,96.0
2026-09-25,35,745.0,PUT,32.0
2026-09-25,35,750.0,PUT,232.0
2026-09-25,35,755.0,PUT,41.0
2026-09-25,35,760.0,PUT,85.0
2026-09-25,35,765.0,PUT,52.0
2026-09-25,35,770.0,PUT,77.0
2026-09-25,35,775.0,PUT,148.0
2026-09-25,35,780.0,PUT,111.0
2026-09-25,35,785.0,PUT,51.0
2026-09-25,35,790.0,PUT,76.0
2026-09-25,35,795.0,PUT,52.0
2026-09-25,35,800.0,PUT,493.0
2026-09-25,35,805.0,PUT,99.0
2026-09-25,35,810.0,PUT,276.0
2026-09-25,35,815.0,PUT,70.0
2026-09-25,35,820.0,PUT,153.0
2026-09-25,35,825.0,PUT,86.0
2026-09-25,35,830.0,PUT,70.0
2026-09-25,35,835.0,PUT,24.0
2026-09-25,35,840.0,PUT,75.0
2026-09-25,35,845.0,PUT,50.0
2026-09-25,35,850.0,PUT,448.0
2026-09-25,35,855.0,PUT,43.0
2026-09-25,35,860.0,PUT,467.0
2026-09-25,35,865.0,PUT,34.0
2026-09-25,35,870.0,PUT,84.0
2026-09-25,35,875.0,PUT,423.0
2026-09-25,35,880.0,PUT,421.0
2026-09-25,35,885.0,PUT,225.0
2026-09-25,35,890.0,PUT,60.0
2026-09-25,35,895.0,PUT,73.0
2026-09-25,35,900.0,PUT,278.0
2026-09-25,35,905.0,PUT,42.0
2026-09-25,35,910.0,PUT,97.0
2026-09-25,35,915.0,PUT,26.0
2026-09-25,35,920.0,PUT,279.0
2026-09-25,35,925.0,PUT,37.0
2026-09-25,35,930.0,PUT,1152.0
2026-09-25,35,935.0,PUT,219.0
2026-09-25,35,940.0,PUT,275.0
2026-09-25,35,945.0,PUT,42.0
2026-09-25,35,950.0,PUT,296.0
2026-09-25,35,955.0,PUT,42.0
2026-09-25,35,960.0,PUT,430.0
2026-09-25,35,965.0,PUT,41.0
2026-09-25,35,970.0,PUT,194.0
2026-09-25,35,975.0,PUT,53.0
2026-09-25,35,980.0,PUT,264.0
2026-09-25,35,985.0,PUT,45.0
2026-09-25,35,990.0,PUT,264.0
2026-09-25,35,995.0,PUT,13.0
2026-09-25,35,1000.0,PUT,115.0
2026-09-25,35,1005.0,PUT,12.0
2026-09-25,35,1010.0,PUT,4.0
2026-09-25,35,1015.0,PUT,50.0
2026-09-25,35,1020.0,PUT,19.0
2026-09-25,35,1025.0,PUT,12.0
2026-09-25,35,1030.0,PUT,22.0
2026-09-25,35,1035.0,PUT,39.0
2026-09-25,35,1040.0,PUT,7.0
2026-09-25,35,1045.0,PUT,5.0
2026-09-25,35,1050.0,PUT,11.0
2026-09-25,35,1055.0,PUT,4.0
2026-09-25,35,1060.0,PUT,1.0
2026-09-25,35,1065.0,PUT,2.0
2026-09-25,35,1070.0,PUT,1.0
2026-09-25,35,1075.0,PUT,2.0
2026-09-25,35,1080.0,PUT,1.0
2026-09-25,35,1085.0,PUT,1.0
2026-09-25,35,1090.0,PUT,13.0
2026-09-25,35,1095.0,PUT,2.0
2026-09-25,35,1100.0,PUT,7.0
2026-09-25,35,1105.0,PUT,1.0
2026-09-25,35,1110.0,PUT,7.0
2026-09-25,35,1115.0,PUT,8.0
2026-09-25,35,1120.0,PUT,203.0
2026-09-25,35,1125.0,PUT,2.0
2026-09-25,35,1130.0,PUT,200.0
2026-09-25,35,1135.0,PUT,1.0
2026-09-25,35,1140.0,PUT,2.0
2026-09-25,35,1150.0,PUT,21.0
2026-09-25,35,1160.0,PUT,7.0
2026-09-25,35,1170.0,PUT,12.0
2026-09-25,35,1180.0,PUT,3.0
2026-09-25,35,1190.0,PUT,4.0
2026-09-25,35,1200.0,PUT,6.0
2026-09-25,35,1210.0,PUT,5.0
2026-09-25,35,1220.0,PUT,11.0
2026-09-25,35,1230.0,PUT,8.0
2026-09-25,35,1240.0,PUT,4.0
2026-09-25,35,1250.0,PUT,18.0
2026-09-25,35,1260.0,PUT,1.0
2026-09-25,35,1270.0,PUT,6.0
2026-09-25,35,1300.0,PUT,4.0
2026-09-25,35,1310.0,PUT,1.0
2026-09-25,35,1340.0,PUT,1.0
2026-09-25,35,1350.0,PUT,1.0
2026-09-25,35,1360.0,PUT,1.0
2026-09-25,35,1400.0,PUT,0.0
2026-09-25,35,1540.0,PUT,1.0
2026-09-25,35,1560.0,PUT,1.0
2026-10-02,42,370.0,CALL,1.0
2026-10-02,42,475.0,CALL,1.0
2026-10-02,42,495.0,CALL,3.0
2026-10-02,42,500.0,CALL,4.0
2026-10-02,42,505.0,CALL,2.0
2026-10-02,42,510.0,CALL,3.0
2026-10-02,42,520.0,CALL,6.0
2026-10-02,42,530.0,CALL,1.0
2026-10-02,42,600.0,CALL,1.0
2026-10-02,42,800.0,CALL,6.0
2026-10-02,42,860.0,CALL,3.0
2026-10-02,42,865.0,CALL,2.0
2026-10-02,42,890.0,CALL,6.0
2026-10-02,42,900.0,CALL,100.0
2026-10-02,42,905.0,CALL,4.0
2026-10-02,42,910.0,CALL,43.0
2026-10-02,42,915.0,CALL,12.0
2026-10-02,42,920.0,CALL,38.0
2026-10-02,42,925.0,CALL,10.0
2026-10-02,42,930.0,CALL,18.0
2026-10-02,42,935.0,CALL,21.0
2026-10-02,42,940.0,CALL,282.0
2026-10-02,42,945.0,CALL,23.0
2026-10-02,42,950.0,CALL,110.0
2026-10-02,42,955.0,CALL,28.0
2026-10-02,42,960.0,CALL,16.0
2026-10-02,42,965.0,CALL,33.0
2026-10-02,42,970.0,CALL,48.0
2026-10-02,42,975.0,CALL,19.0
2026-10-02,42,980.0,CALL,139.0
2026-10-02,42,985.0,CALL,10.0
2026-10-02,42,990.0,CALL,68.0
2026-10-02,42,995.0,CALL,16.0
2026-10-02,42,1000.0,CALL,196.0
2026-10-02,42,1005.0,CALL,14.0
2026-10-02,42,1010.0,CALL,12.0
2026-10-02,42,1020.0,CALL,49.0
2026-10-02,42,1025.0,CALL,56.0
2026-10-02,42,1030.0,CALL,26.0
2026-10-02,42,1050.0,CALL,118.0
2026-10-02,42,1055.0,CALL,8.0
2026-10-02,42,1060.0,CALL,15.0
2026-10-02,42,1070.0,CALL,8.0
2026-10-02,42,1075.0,CALL,45.0
2026-10-02,42,1100.0,CALL,107.0
2026-10-02,42,1105.0,CALL,17.0
2026-10-02,42,1120.0,CALL,126.0
2026-10-02,42,1125.0,CALL,22.0
2026-10-02,42,1150.0,CALL,74.0
2026-10-02,42,1180.0,CALL,56.0
2026-10-02,42,1200.0,CALL,82.0
2026-10-02,42,1210.0,CALL,9.0
2026-10-02,42,1250.0,CALL,58.0
2026-10-02,42,1300.0,CALL,47.0
2026-10-02,42,1320.0,CALL,4.0
2026-10-02,42,1350.0,CALL,30.0
2026-10-02,42,1360.0,CALL,79.0
2026-10-02,42,1400.0,CALL,33.0
2026-10-02,42,1420.0,CALL,37.0
2026-10-02,42,1500.0,CALL,22.0
2026-10-02,42,1550.0,CALL,7.0
2026-10-02,42,1620.0,CALL,2.0
2026-10-02,42,1680.0,CALL,1.0
2026-10-02,42,1700.0,CALL,3.0
2026-10-02,42,100.0,PUT,2.0
2026-10-02,42,150.0,PUT,1.0
2026-10-02,42,200.0,PUT,101.0
2026-10-02,42,205.0,PUT,52.0
2026-10-02,42,210.0,PUT,453.0
2026-10-02,42,215.0,PUT,105.0
2026-10-02,42,230.0,PUT,50.0
2026-10-02,42,235.0,PUT,50.0
2026-10-02,42,240.0,PUT,100.0
2026-10-02,42,245.0,PUT,50.0
2026-10-02,42,250.0,PUT,1.0
2026-10-02,42,290.0,PUT,152.0
2026-10-02,42,295.0,PUT,163.0
2026-10-02,42,305.0,PUT,1130.0
2026-10-02,42,310.0,PUT,166.0
2026-10-02,42,315.0,PUT,66.0
2026-10-02,42,320.0,PUT,84.0
2026-10-02,42,325.0,PUT,54.0
2026-10-02,42,330.0,PUT,80.0
2026-10-02,42,335.0,PUT,26.0
2026-10-02,42,340.0,PUT,136.0
2026-10-02,42,345.0,PUT,52.0
2026-10-02,42,390.0,PUT,4.0
2026-10-02,42,400.0,PUT,8.0
2026-10-02,42,480.0,PUT,8.0
2026-10-02,42,485.0,PUT,1.0
2026-10-02,42,500.0,PUT,18.0
2026-10-02,42,555.0,PUT,11.0
2026-10-02,42,570.0,PUT,2.0
2026-10-02,42,585.0,PUT,8.0
2026-10-02,42,590.0,PUT,112.0
2026-10-02,42,600.0,PUT,89.0
2026-10-02,42,605.0,PUT,4.0
2026-10-02,42,645.0,PUT,28.0
2026-10-02,42,670.0,PUT,18.0
2026-10-02,42,680.0,PUT,24.0
2026-10-02,42,690.0,PUT,45.0
2026-10-02,42,700.0,PUT,85.0
2026-10-02,42,705.0,PUT,10.0
2026-10-02,42,710.0,PUT,21.0
2026-10-02,42,720.0,PUT,16.0
2026-10-02,42,725.0,PUT,20.0
2026-10-02,42,730.0,PUT,83.0
2026-10-02,42,735.0,PUT,55.0
2026-10-02,42,740.0,PUT,31.0
2026-10-02,42,750.0,PUT,72.0
2026-10-02,42,755.0,PUT,16.0
2026-10-02,42,760.0,PUT,22.0
2026-10-02,42,765.0,PUT,9.0
2026-10-02,42,770.0,PUT,35.0
2026-10-02,42,775.0,PUT,24.0
2026-10-02,42,780.0,PUT,70.0
2026-10-02,42,785.0,PUT,13.0
2026-10-02,42,790.0,PUT,66.0
2026-10-02,42,795.0,PUT,27.0
2026-10-02,42,800.0,PUT,317.0
2026-10-02,42,805.0,PUT,25.0
2026-10-02,42,810.0,PUT,27.0
2026-10-02,42,815.0,PUT,10.0
2026-10-02,42,820.0,PUT,37.0
2026-10-02,42,825.0,PUT,14.0
2026-10-02,42,830.0,PUT,24.0
2026-10-02,42,835.0,PUT,18.0
2026-10-02,42,840.0,PUT,27.0
2026-10-02,42,850.0,PUT,136.0
2026-10-02,42,855.0,PUT,5.0
2026-10-02,42,860.0,PUT,14.0
2026-10-02,42,865.0,PUT,21.0
2026-10-02,42,870.0,PUT,13.0
2026-10-02,42,875.0,PUT,31.0
2026-10-02,42,880.0,PUT,29.0
2026-10-02,42,885.0,PUT,10.0
2026-10-02,42,890.0,PUT,25.0
2026-10-02,42,895.0,PUT,11.0
2026-10-02,42,900.0,PUT,186.0
2026-10-02,42,910.0,PUT,10.0
2026-10-02,42,915.0,PUT,10.0
2026-10-02,42,920.0,PUT,12.0
2026-10-02,42,930.0,PUT,31.0
2026-10-02,42,940.0,PUT,54.0
2026-10-02,42,950.0,PUT,56.0
2026-10-02,42,955.0,PUT,14.0
2026-10-02,42,960.0,PUT,23.0
2026-10-02,42,965.0,PUT,41.0
2026-10-02,42,970.0,PUT,19.0
2026-10-02,42,975.0,PUT,8.0
2026-10-02,42,980.0,PUT,3.0
2026-10-02,42,985.0,PUT,1.0
2026-10-02,42,995.0,PUT,12.0
2026-10-02,42,1000.0,PUT,12.0
2026-10-02,42,1005.0,PUT,7.0
2026-10-02,42,1040.0,PUT,3.0
2026-10-02,42,1045.0,PUT,1.0
2026-10-02,42,1050.0,PUT,6.0
2026-10-02,42,1065.0,PUT,2.0
2026-10-02,42,1070.0,PUT,3.0
2026-10-02,42,1085.0,PUT,3.0
2026-10-02,42,1190.0,PUT,1.0
2026-10-02,42,1200.0,PUT,8.0
2026-10-16,56,5.0,CALL,645.0
2026-10-16,56,10.0,CALL,23.0
2026-10-16,56,15.0,CALL,10.0
2026-10-16,56,20.0,CALL,21.0
2026-10-16,56,25.0,CALL,52.0
2026-10-16,56,30.0,CALL,35.0
2026-10-16,56,35.0,CALL,6.0
2026-10-16,56,40.0,CALL,6.0
2026-10-16,56,45.0,CALL,21.0
2026-10-16,56,50.0,CALL,30.0
2026-10-16,56,60.0,CALL,1.0
2026-10-16,56,185.0,CALL,13.0
2026-10-16,56,190.0,CALL,17.0
2026-10-16,56,195.0,CALL,4.0
2026-10-16,56,200.0,CALL,49.0
2026-10-16,56,210.0,CALL,67.0
2026-10-16,56,220.0,CALL,21.0
2026-10-16,56,230.0,CALL,6.0
2026-10-16,56,240.0,CALL,25.0
2026-10-16,56,250.0,CALL,531.0
2026-10-16,56,260.0,CALL,59.0
2026-10-16,56,270.0,CALL,67.0
2026-10-16,56,280.0,CALL,315.0
2026-10-16,56,290.0,CALL,261.0
2026-10-16,56,300.0,CALL,246.0
2026-10-16,56,310.0,CALL,447.0
2026-10-16,56,320.0,CALL,227.0
2026-10-16,56,330.0,CALL,35.0
2026-10-16,56,340.0,CALL,285.0
2026-10-16,56,350.0,CALL,318.0
2026-10-16,56,360.0,CALL,185.0
2026-10-16,56,370.0,CALL,124.0
2026-10-16,56,380.0,CALL,149.0
2026-10-16,56,390.0,CALL,93.0
2026-10-16,56,400.0,CALL,735.0
2026-10-16,56,410.0,CALL,309.0
2026-10-16,56,420.0,CALL,342.0
2026-10-16,56,430.0,CALL,140.0
2026-10-16,56,440.0,CALL,170.0
2026-10-16,56,450.0,CALL,713.0
2026-10-16,56,460.0,CALL,448.0
2026-10-16,56,470.0,CALL,636.0
2026-10-16,56,480.0,CALL,444.0
2026-10-16,56,490.0,CALL,212.0
2026-10-16,56,500.0,CALL,620.0
2026-10-16,56,510.0,CALL,293.0
2026-10-16,56,520.0,CALL,355.0
2026-10-16,56,530.0,CALL,557.0
2026-10-16,56,540.0,CALL,500.0
2026-10-16,56,560.0,CALL,756.0
2026-10-16,56,580.0,CALL,192.0
2026-10-16,56,600.0,CALL,1452.0
2026-10-16,56,620.0,CALL,778.0
2026-10-16,56,640.0,CALL,1712.0
2026-10-16,56,660.0,CALL,342.0
2026-10-16,56,680.0,CALL,412.0
2026-10-16,56,700.0,CALL,1260.0
2026-10-16,56,720.0,CALL,567.0
2026-10-16,56,740.0,CALL,766.0
2026-10-16,56,760.0,CALL,423.0
2026-10-16,56,780.0,CALL,1209.0
2026-10-16,56,800.0,CALL,1283.0
2026-10-16,56,820.0,CALL,601.0
2026-10-16,56,840.0,CALL,1605.0
2026-10-16,56,860.0,CALL,837.0
2026-10-16,56,880.0,CALL,408.0
2026-10-16,56,900.0,CALL,2603.0
2026-10-16,56,910.0,CALL,598.0
2026-10-16,56,920.0,CALL,505.0
2026-10-16,56,930.0,CALL,471.0
2026-10-16,56,940.0,CALL,487.0
2026-10-16,56,950.0,CALL,2224.0
2026-10-16,56,960.0,CALL,607.0
2026-10-16,56,970.0,CALL,494.0
2026-10-16,56,980.0,CALL,459.0
2026-10-16,56,990.0,CALL,589.0
2026-10-16,56,1000.0,CALL,7785.0
2026-10-16,56,1010.0,CALL,355.0
2026-10-16,56,1020.0,CALL,441.0
2026-10-16,56,1030.0,CALL,305.0
2026-10-16,56,1040.0,CALL,210.0
2026-10-16,56,1050.0,CALL,1848.0
2026-10-16,56,1060.0,CALL,257.0
2026-10-16,56,1070.0,CALL,425.0
2026-10-16,56,1080.0,CALL,423.0
2026-10-16,56,1090.0,CALL,384.0
2026-10-16,56,1100.0,CALL,5058.0
2026-10-16,56,1110.0,CALL,304.0
2026-10-16,56,1120.0,CALL,315.0
2026-10-16,56,1130.0,CALL,209.0
2026-10-16,56,1140.0,CALL,182.0
2026-10-16,56,1150.0,CALL,1149.0
2026-10-16,56,1160.0,CALL,590.0
2026-10-16,56,1170.0,CALL,370.0
2026-10-16,56,1180.0,CALL,291.0
2026-10-16,56,1190.0,CALL,287.0
2026-10-16,56,1200.0,CALL,4529.0
2026-10-16,56,1210.0,CALL,516.0
2026-10-16,56,1220.0,CALL,1151.0
2026-10-16,56,1230.0,CALL,191.0
2026-10-16,56,1240.0,CALL,145.0
2026-10-16,56,1250.0,CALL,1067.0
2026-10-16,56,1260.0,CALL,371.0
2026-10-16,56,1270.0,CALL,402.0
2026-10-16,56,1280.0,CALL,376.0
2026-10-16,56,1290.0,CALL,349.0
2026-10-16,56,1300.0,CALL,2561.0
2026-10-16,56,1310.0,CALL,193.0
2026-10-16,56,1320.0,CALL,405.0
2026-10-16,56,1330.0,CALL,840.0
2026-10-16,56,1340.0,CALL,245.0
2026-10-16,56,1350.0,CALL,727.0
2026-10-16,56,1360.0,CALL,275.0
2026-10-16,56,1370.0,CALL,120.0
2026-10-16,56,1380.0,CALL,218.0
2026-10-16,56,1390.0,CALL,341.0
2026-10-16,56,1400.0,CALL,2906.0
2026-10-16,56,1410.0,CALL,232.0
2026-10-16,56,1420.0,CALL,366.0
2026-10-16,56,1430.0,CALL,694.0
2026-10-16,56,1440.0,CALL,258.0
2026-10-16,56,1450.0,CALL,233.0
2026-10-16,56,1460.0,CALL,326.0
2026-10-16,56,1470.0,CALL,377.0
2026-10-16,56,1480.0,CALL,303.0
2026-10-16,56,1490.0,CALL,247.0
2026-10-16,56,1500.0,CALL,2966.0
2026-10-16,56,1510.0,CALL,641.0
2026-10-16,56,1520.0,CALL,403.0
2026-10-16,56,1530.0,CALL,258.0
2026-10-16,56,1540.0,CALL,286.0
2026-10-16,56,1550.0,CALL,408.0
2026-10-16,56,1560.0,CALL,128.0
2026-10-16,56,1570.0,CALL,151.0
2026-10-16,56,1580.0,CALL,49.0
2026-10-16,56,1590.0,CALL,186.0
2026-10-16,56,1600.0,CALL,1311.0
2026-10-16,56,1610.0,CALL,301.0
2026-10-16,56,1620.0,CALL,222.0
2026-10-16,56,1630.0,CALL,333.0
2026-10-16,56,1640.0,CALL,94.0
2026-10-16,56,1650.0,CALL,145.0
2026-10-16,56,1660.0,CALL,683.0
2026-10-16,56,1670.0,CALL,239.0
2026-10-16,56,1680.0,CALL,331.0
2026-10-16,56,1690.0,CALL,823.0
2026-10-16,56,1700.0,CALL,673.0
2026-10-16,56,1710.0,CALL,92.0
2026-10-16,56,1720.0,CALL,147.0
2026-10-16,56,1730.0,CALL,273.0
2026-10-16,56,1740.0,CALL,285.0
2026-10-16,56,1750.0,CALL,188.0
2026-10-16,56,1760.0,CALL,279.0
2026-10-16,56,1770.0,CALL,286.0
2026-10-16,56,1780.0,CALL,89.0
2026-10-16,56,1790.0,CALL,365.0
2026-10-16,56,1800.0,CALL,770.0
2026-10-16,56,1810.0,CALL,266.0
2026-10-16,56,1820.0,CALL,981.0
2026-10-16,56,1830.0,CALL,1244.0
2026-10-16,56,1840.0,CALL,123.0
2026-10-16,56,1850.0,CALL,619.0
2026-10-16,56,1860.0,CALL,159.0
2026-10-16,56,1870.0,CALL,156.0
2026-10-16,56,1880.0,CALL,225.0
2026-10-16,56,1890.0,CALL,389.0
2026-10-16,56,1900.0,CALL,744.0
2026-10-16,56,1910.0,CALL,1039.0
2026-10-16,56,1920.0,CALL,101.0
2026-10-16,56,1930.0,CALL,203.0
2026-10-16,56,1940.0,CALL,297.0
2026-10-16,56,1950.0,CALL,289.0
2026-10-16,56,1960.0,CALL,407.0
2026-10-16,56,1970.0,CALL,89.0
2026-10-16,56,1980.0,CALL,155.0
2026-10-16,56,1990.0,CALL,105.0
2026-10-16,56,2000.0,CALL,2114.0
2026-10-16,56,2010.0,CALL,78.0
2026-10-16,56,2020.0,CALL,72.0
2026-10-16,56,2030.0,CALL,142.0
2026-10-16,56,2040.0,CALL,28.0
2026-10-16,56,2050.0,CALL,252.0
2026-10-16,56,2060.0,CALL,302.0
2026-10-16,56,2070.0,CALL,87.0
2026-10-16,56,2080.0,CALL,308.0
2026-10-16,56,2090.0,CALL,252.0
2026-10-16,56,2100.0,CALL,377.0
2026-10-16,56,2110.0,CALL,132.0
2026-10-16,56,2120.0,CALL,94.0
2026-10-16,56,2130.0,CALL,92.0
2026-10-16,56,2140.0,CALL,74.0
2026-10-16,56,2150.0,CALL,184.0
2026-10-16,56,2160.0,CALL,81.0
2026-10-16,56,2170.0,CALL,314.0
2026-10-16,56,2180.0,CALL,61.0
2026-10-16,56,2190.0,CALL,77.0
2026-10-16,56,2200.0,CALL,286.0
2026-10-16,56,2210.0,CALL,58.0
2026-10-16,56,2220.0,CALL,155.0
2026-10-16,56,2230.0,CALL,33.0
2026-10-16,56,2240.0,CALL,23.0
2026-10-16,56,2250.0,CALL,142.0
2026-10-16,56,2260.0,CALL,49.0
2026-10-16,56,2270.0,CALL,103.0
2026-10-16,56,2280.0,CALL,85.0
2026-10-16,56,2290.0,CALL,202.0
2026-10-16,56,2300.0,CALL,344.0
2026-10-16,56,2310.0,CALL,68.0
2026-10-16,56,2320.0,CALL,192.0
2026-10-16,56,2330.0,CALL,125.0
2026-10-16,56,2340.0,CALL,86.0
2026-10-16,56,2350.0,CALL,53.0
2026-10-16,56,2360.0,CALL,146.0
2026-10-16,56,2370.0,CALL,120.0
2026-10-16,56,2380.0,CALL,66.0
2026-10-16,56,2390.0,CALL,142.0
2026-10-16,56,2400.0,CALL,272.0
2026-10-16,56,2410.0,CALL,139.0
2026-10-16,56,2420.0,CALL,631.0
2026-10-16,56,2440.0,CALL,83.0
2026-10-16,56,2460.0,CALL,154.0
2026-10-16,56,2480.0,CALL,200.0
2026-10-16,56,2500.0,CALL,2709.0
2026-10-16,56,5.0,PUT,120.0
2026-10-16,56,10.0,PUT,85.0
2026-10-16,56,15.0,PUT,180.0
2026-10-16,56,20.0,PUT,138.0
2026-10-16,56,25.0,PUT,129.0
2026-10-16,56,30.0,PUT,206.0
2026-10-16,56,35.0,PUT,583.0
2026-10-16,56,40.0,PUT,699.0
2026-10-16,56,45.0,PUT,612.0
2026-10-16,56,50.0,PUT,1384.0
2026-10-16,56,55.0,PUT,5013.0
2026-10-16,56,60.0,PUT,14588.0
2026-10-16,56,185.0,PUT,202.0
2026-10-16,56,190.0,PUT,121.0
2026-10-16,56,195.0,PUT,1693.0
2026-10-16,56,200.0,PUT,1935.0
2026-10-16,56,210.0,PUT,1000.0
2026-10-16,56,220.0,PUT,1903.0
2026-10-16,56,230.0,PUT,2645.0
2026-10-16,56,240.0,PUT,484.0
2026-10-16,56,250.0,PUT,746.0
2026-10-16,56,260.0,PUT,2330.0
2026-10-16,56,270.0,PUT,589.0
2026-10-16,56,280.0,PUT,729.0
2026-10-16,56,290.0,PUT,607.0
2026-10-16,56,300.0,PUT,2010.0
2026-10-16,56,310.0,PUT,415.0
2026-10-16,56,320.0,PUT,2067.0
2026-10-16,56,330.0,PUT,1897.0
2026-10-16,56,340.0,PUT,5025.0
2026-10-16,56,350.0,PUT,688.0
2026-10-16,56,360.0,PUT,3877.0
2026-10-16,56,370.0,PUT,875.0
2026-10-16,56,380.0,PUT,2173.0
2026-10-16,56,390.0,PUT,543.0
2026-10-16,56,400.0,PUT,2254.0
2026-10-16,56,410.0,PUT,825.0
2026-10-16,56,420.0,PUT,778.0
2026-10-16,56,430.0,PUT,456.0
2026-10-16,56,440.0,PUT,346.0
2026-10-16,56,450.0,PUT,3207.0
2026-10-16,56,460.0,PUT,832.0
2026-10-16,56,470.0,PUT,408.0
2026-10-16,56,480.0,PUT,562.0
2026-10-16,56,490.0,PUT,666.0
2026-10-16,56,500.0,PUT,3514.0
2026-10-16,56,510.0,PUT,395.0
2026-10-16,56,520.0,PUT,1077.0
2026-10-16,56,530.0,PUT,1067.0
2026-10-16,56,540.0,PUT,1182.0
2026-10-16,56,560.0,PUT,860.0
2026-10-16,56,580.0,PUT,1848.0
2026-10-16,56,600.0,PUT,4253.0
2026-10-16,56,620.0,PUT,1754.0
2026-10-16,56,640.0,PUT,4868.0
2026-10-16,56,660.0,PUT,2020.0
2026-10-16,56,680.0,PUT,2063.0
2026-10-16,56,700.0,PUT,6578.0
2026-10-16,56,720.0,PUT,585.0
2026-10-16,56,740.0,PUT,2053.0
2026-10-16,56,760.0,PUT,2020.0
2026-10-16,56,780.0,PUT,1478.0
2026-10-16,56,800.0,PUT,5055.0
2026-10-16,56,820.0,PUT,1696.0
2026-10-16,56,840.0,PUT,2422.0
2026-10-16,56,860.0,PUT,1612.0
2026-10-16,56,880.0,PUT,1000.0
2026-10-16,56,900.0,PUT,3587.0
2026-10-16,56,910.0,PUT,664.0
2026-10-16,56,920.0,PUT,1621.0
2026-10-16,56,930.0,PUT,620.0
2026-10-16,56,940.0,PUT,1323.0
2026-10-16,56,950.0,PUT,1356.0
2026-10-16,56,960.0,PUT,740.0
2026-10-16,56,970.0,PUT,530.0
2026-10-16,56,980.0,PUT,414.0
2026-10-16,56,990.0,PUT,794.0
2026-10-16,56,1000.0,PUT,3418.0
2026-10-16,56,1010.0,PUT,153.0
2026-10-16,56,1020.0,PUT,317.0
2026-10-16,56,1030.0,PUT,156.0
2026-10-16,56,1040.0,PUT,363.0
2026-10-16,56,1050.0,PUT,413.0
2026-10-16,56,1060.0,PUT,190.0
2026-10-16,56,1070.0,PUT,78.0
2026-10-16,56,1080.0,PUT,295.0
2026-10-16,56,1090.0,PUT,287.0
2026-10-16,56,1100.0,PUT,3656.0
2026-10-16,56,1110.0,PUT,74.0
2026-10-16,56,1120.0,PUT,149.0
2026-10-16,56,1130.0,PUT,89.0
2026-10-16,56,1140.0,PUT,167.0
2026-10-16,56,1150.0,PUT,86.0
2026-10-16,56,1160.0,PUT,155.0
2026-10-16,56,1170.0,PUT,27.0
2026-10-16,56,1180.0,PUT,57.0
2026-10-16,56,1190.0,PUT,74.0
2026-10-16,56,1200.0,PUT,366.0
2026-10-16,56,1210.0,PUT,42.0
2026-10-16,56,1220.0,PUT,45.0
2026-10-16,56,1230.0,PUT,7.0
2026-10-16,56,1240.0,PUT,39.0
2026-10-16,56,1250.0,PUT,377.0
2026-10-16,56,1260.0,PUT,73.0
2026-10-16,56,1270.0,PUT,54.0
2026-10-16,56,1280.0,PUT,48.0
2026-10-16,56,1290.0,PUT,49.0
2026-10-16,56,1300.0,PUT,76.0
2026-10-16,56,1310.0,PUT,38.0
2026-10-16,56,1320.0,PUT,50.0
2026-10-16,56,1330.0,PUT,3.0
2026-10-16,56,1340.0,PUT,37.0
2026-10-16,56,1350.0,PUT,99.0
2026-10-16,56,1360.0,PUT,23.0
2026-10-16,56,1370.0,PUT,29.0
2026-10-16,56,1380.0,PUT,24.0
2026-10-16,56,1390.0,PUT,22.0
2026-10-16,56,1400.0,PUT,15.0
2026-10-16,56,1410.0,PUT,88.0
2026-10-16,56,1420.0,PUT,8.0
2026-10-16,56,1430.0,PUT,32.0
2026-10-16,56,1440.0,PUT,3.0
2026-10-16,56,1450.0,PUT,16.0
2026-10-16,56,1460.0,PUT,11.0
2026-10-16,56,1470.0,PUT,0.0
2026-10-16,56,1480.0,PUT,13.0
2026-10-16,56,1490.0,PUT,15.0
2026-10-16,56,1500.0,PUT,52.0
2026-10-16,56,1520.0,PUT,10.0
2026-10-16,56,1530.0,PUT,0.0
2026-10-16,56,1540.0,PUT,2.0
2026-10-16,56,1550.0,PUT,5.0
2026-10-16,56,1560.0,PUT,3.0
2026-10-16,56,1580.0,PUT,2.0
2026-10-16,56,1600.0,PUT,8.0
2026-10-16,56,1620.0,PUT,1.0
2026-10-16,56,1630.0,PUT,98.0
2026-10-16,56,1650.0,PUT,4.0
2026-10-16,56,1660.0,PUT,0.0
2026-10-16,56,1680.0,PUT,1.0
2026-10-16,56,1690.0,PUT,5.0
2026-10-16,56,1700.0,PUT,4.0
2026-10-16,56,1720.0,PUT,11.0
2026-10-16,56,1740.0,PUT,0.0
2026-10-16,56,1760.0,PUT,0.0
2026-10-16,56,1770.0,PUT,0.0
2026-10-16,56,1790.0,PUT,0.0
2026-10-16,56,1800.0,PUT,0.0
2026-10-16,56,1830.0,PUT,0.0
2026-10-16,56,1840.0,PUT,0.0
2026-10-16,56,1850.0,PUT,0.0
2026-10-16,56,1860.0,PUT,0.0
2026-10-16,56,1870.0,PUT,0.0
2026-10-16,56,1880.0,PUT,0.0
2026-10-16,56,1890.0,PUT,0.0
2026-10-16,56,1900.0,PUT,0.0
2026-10-16,56,1910.0,PUT,0.0
2026-10-16,56,1920.0,PUT,0.0
2026-10-16,56,1930.0,PUT,0.0
2026-10-16,56,1940.0,PUT,0.0
2026-10-16,56,1950.0,PUT,0.0
2026-10-16,56,1960.0,PUT,0.0
2026-10-16,56,1970.0,PUT,10.0
2026-10-16,56,1980.0,PUT,0.0
2026-10-16,56,1990.0,PUT,0.0
2026-10-16,56,2000.0,PUT,0.0
2026-10-16,56,2010.0,PUT,0.0
2026-10-16,56,2020.0,PUT,0.0
2026-10-16,56,2030.0,PUT,0.0
2026-10-16,56,2040.0,PUT,0.0
2026-10-16,56,2050.0,PUT,0.0
2026-10-16,56,2060.0,PUT,0.0
2026-10-16,56,2070.0,PUT,0.0
2026-10-16,56,2090.0,PUT,0.0
2026-10-16,56,2100.0,PUT,0.0
2026-10-16,56,2110.0,PUT,0.0
2026-10-16,56,2170.0,PUT,0.0
2026-10-16,56,2190.0,PUT,0.0
2026-10-16,56,2200.0,PUT,0.0
2026-10-16,56,2210.0,PUT,0.0
2026-10-16,56,2220.0,PUT,0.0
2026-10-16,56,2260.0,PUT,0.0
2026-10-16,56,2290.0,PUT,0.0
2026-10-16,56,2340.0,PUT,0.0
2026-10-16,56,2350.0,PUT,0.0
2026-10-16,56,2360.0,PUT,0.0
2026-10-16,56,2390.0,PUT,0.0
2026-10-16,56,2410.0,PUT,0.0
2026-10-16,56,2420.0,PUT,0.0
2026-11-20,91,5.0,CALL,10.0
2026-11-20,91,10.0,CALL,0.0
2026-11-20,91,20.0,CALL,2.0
2026-11-20,91,30.0,CALL,1.0
2026-11-20,91,35.0,CALL,9.0
2026-11-20,91,40.0,CALL,0.0
2026-11-20,91,45.0,CALL,1.0
2026-11-20,91,50.0,CALL,5.0
2026-11-20,91,55.0,CALL,8.0
2026-11-20,91,60.0,CALL,12.0
2026-11-20,91,65.0,CALL,3.0
2026-11-20,91,70.0,CALL,0.0
2026-11-20,91,75.0,CALL,21.0
2026-11-20,91,80.0,CALL,4.0
2026-11-20,91,85.0,CALL,1.0
2026-11-20,91,90.0,CALL,12.0
2026-11-20,91,95.0,CALL,0.0
2026-11-20,91,100.0,CALL,40.0
2026-11-20,91,105.0,CALL,2.0
2026-11-20,91,110.0,CALL,48.0
2026-11-20,91,115.0,CALL,5.0
2026-11-20,91,120.0,CALL,17.0
2026-11-20,91,125.0,CALL,3.0
2026-11-20,91,130.0,CALL,13.0
2026-11-20,91,135.0,CALL,10.0
2026-11-20,91,140.0,CALL,21.0
2026-11-20,91,145.0,CALL,5.0
2026-11-20,91,150.0,CALL,0.0
2026-11-20,91,155.0,CALL,16.0
2026-11-20,91,160.0,CALL,26.0
2026-11-20,91,165.0,CALL,30.0
2026-11-20,91,170.0,CALL,8.0
2026-11-20,91,175.0,CALL,19.0
2026-11-20,91,180.0,CALL,17.0
2026-11-20,91,185.0,CALL,0.0
2026-11-20,91,190.0,CALL,6.0
2026-11-20,91,195.0,CALL,116.0
2026-11-20,91,200.0,CALL,74.0
2026-11-20,91,210.0,CALL,39.0
2026-11-20,91,220.0,CALL,36.0
2026-11-20,91,230.0,CALL,0.0
2026-11-20,91,240.0,CALL,16.0
2026-11-20,91,250.0,CALL,100.0
2026-11-20,91,260.0,CALL,143.0
2026-11-20,91,270.0,CALL,33.0
2026-11-20,91,280.0,CALL,211.0
2026-11-20,91,290.0,CALL,47.0
2026-11-20,91,300.0,CALL,201.0
2026-11-20,91,310.0,CALL,13.0
2026-11-20,91,320.0,CALL,88.0
2026-11-20,91,330.0,CALL,201.0
2026-11-20,91,340.0,CALL,428.0
2026-11-20,91,350.0,CALL,170.0
2026-11-20,91,360.0,CALL,118.0
2026-11-20,91,370.0,CALL,86.0
2026-11-20,91,380.0,CALL,771.0
2026-11-20,91,390.0,CALL,193.0
2026-11-20,91,400.0,CALL,386.0
2026-11-20,91,410.0,CALL,204.0
2026-11-20,91,420.0,CALL,485.0
2026-11-20,91,430.0,CALL,809.0
2026-11-20,91,440.0,CALL,1211.0
2026-11-20,91,450.0,CALL,786.0
2026-11-20,91,460.0,CALL,385.0
2026-11-20,91,470.0,CALL,213.0
2026-11-20,91,480.0,CALL,276.0
2026-11-20,91,490.0,CALL,326.0
2026-11-20,91,500.0,CALL,1137.0
2026-11-20,91,510.0,CALL,175.0
2026-11-20,91,520.0,CALL,219.0
2026-11-20,91,530.0,CALL,308.0
2026-11-20,91,540.0,CALL,297.0
2026-11-20,91,550.0,CALL,232.0
2026-11-20,91,560.0,CALL,218.0
2026-11-20,91,570.0,CALL,1207.0
2026-11-20,91,580.0,CALL,117.0
2026-11-20,91,590.0,CALL,369.0
2026-11-20,91,600.0,CALL,519.0
2026-11-20,91,610.0,CALL,158.0
2026-11-20,91,620.0,CALL,367.0
2026-11-20,91,630.0,CALL,192.0
2026-11-20,91,640.0,CALL,306.0
2026-11-20,91,650.0,CALL,749.0
2026-11-20,91,660.0,CALL,310.0
2026-11-20,91,670.0,CALL,273.0
2026-11-20,91,680.0,CALL,142.0
2026-11-20,91,700.0,CALL,1001.0
2026-11-20,91,710.0,CALL,232.0
2026-11-20,91,720.0,CALL,261.0
2026-11-20,91,730.0,CALL,353.0
2026-11-20,91,740.0,CALL,183.0
2026-11-20,91,750.0,CALL,464.0
2026-11-20,91,760.0,CALL,347.0
2026-11-20,91,770.0,CALL,317.0
2026-11-20,91,780.0,CALL,270.0
2026-11-20,91,790.0,CALL,290.0
2026-11-20,91,800.0,CALL,1654.0
2026-11-20,91,810.0,CALL,606.0
2026-11-20,91,820.0,CALL,661.0
2026-11-20,91,830.0,CALL,306.0
2026-11-20,91,840.0,CALL,200.0
2026-11-20,91,850.0,CALL,557.0
2026-11-20,91,860.0,CALL,311.0
2026-11-20,91,870.0,CALL,267.0
2026-11-20,91,880.0,CALL,385.0
2026-11-20,91,890.0,CALL,366.0
2026-11-20,91,900.0,CALL,1984.0
2026-11-20,91,910.0,CALL,7145.0
2026-11-20,91,920.0,CALL,643.0
2026-11-20,91,930.0,CALL,252.0
2026-11-20,91,940.0,CALL,216.0
2026-11-20,91,950.0,CALL,445.0
2026-11-20,91,960.0,CALL,367.0
2026-11-20,91,970.0,CALL,163.0
2026-11-20,91,980.0,CALL,286.0
2026-11-20,91,990.0,CALL,195.0
2026-11-20,91,1000.0,CALL,2245.0
2026-11-20,91,1010.0,CALL,696.0
2026-11-20,91,1020.0,CALL,514.0
2026-11-20,91,1030.0,CALL,266.0
2026-11-20,91,1040.0,CALL,123.0
2026-11-20,91,1050.0,CALL,767.0
2026-11-20,91,1060.0,CALL,211.0
2026-11-20,91,1070.0,CALL,331.0
2026-11-20,91,1080.0,CALL,377.0
2026-11-20,91,1090.0,CALL,233.0
2026-11-20,91,1100.0,CALL,1389.0
2026-11-20,91,1110.0,CALL,158.0
2026-11-20,91,1120.0,CALL,279.0
2026-11-20,91,1130.0,CALL,192.0
2026-11-20,91,1140.0,CALL,279.0
2026-11-20,91,1150.0,CALL,563.0
2026-11-20,91,1160.0,CALL,440.0
2026-11-20,91,1170.0,CALL,405.0
2026-11-20,91,1180.0,CALL,275.0
2026-11-20,91,1190.0,CALL,859.0
2026-11-20,91,1200.0,CALL,1117.0
2026-11-20,91,1210.0,CALL,323.0
2026-11-20,91,1220.0,CALL,138.0
2026-11-20,91,1230.0,CALL,229.0
2026-11-20,91,1240.0,CALL,111.0
2026-11-20,91,1250.0,CALL,436.0
2026-11-20,91,1260.0,CALL,115.0
2026-11-20,91,1270.0,CALL,344.0
2026-11-20,91,1280.0,CALL,208.0
2026-11-20,91,1290.0,CALL,130.0
2026-11-20,91,1300.0,CALL,2141.0
2026-11-20,91,1310.0,CALL,535.0
2026-11-20,91,1320.0,CALL,281.0
2026-11-20,91,1330.0,CALL,364.0
2026-11-20,91,1340.0,CALL,176.0
2026-11-20,91,1350.0,CALL,996.0
2026-11-20,91,1360.0,CALL,186.0
2026-11-20,91,1370.0,CALL,129.0
2026-11-20,91,1380.0,CALL,403.0
2026-11-20,91,1390.0,CALL,69.0
2026-11-20,91,1400.0,CALL,658.0
2026-11-20,91,1410.0,CALL,271.0
2026-11-20,91,1420.0,CALL,189.0
2026-11-20,91,1430.0,CALL,85.0
2026-11-20,91,1440.0,CALL,239.0
2026-11-20,91,1450.0,CALL,166.0
2026-11-20,91,1460.0,CALL,131.0
2026-11-20,91,1470.0,CALL,340.0
2026-11-20,91,1480.0,CALL,487.0
2026-11-20,91,1490.0,CALL,166.0
2026-11-20,91,1500.0,CALL,1586.0
2026-11-20,91,1510.0,CALL,456.0
2026-11-20,91,1520.0,CALL,851.0
2026-11-20,91,1530.0,CALL,746.0
2026-11-20,91,1540.0,CALL,254.0
2026-11-20,91,1550.0,CALL,212.0
2026-11-20,91,1560.0,CALL,131.0
2026-11-20,91,1570.0,CALL,142.0
2026-11-20,91,1580.0,CALL,83.0
2026-11-20,91,1590.0,CALL,421.0
2026-11-20,91,1600.0,CALL,563.0
2026-11-20,91,1610.0,CALL,428.0
2026-11-20,91,1620.0,CALL,142.0
2026-11-20,91,1630.0,CALL,212.0
2026-11-20,91,1640.0,CALL,90.0
2026-11-20,91,1650.0,CALL,197.0
2026-11-20,91,1660.0,CALL,65.0
2026-11-20,91,1670.0,CALL,90.0
2026-11-20,91,1680.0,CALL,117.0
2026-11-20,91,1690.0,CALL,71.0
2026-11-20,91,1700.0,CALL,275.0
2026-11-20,91,1710.0,CALL,140.0
2026-11-20,91,1720.0,CALL,207.0
2026-11-20,91,1730.0,CALL,58.0
2026-11-20,91,1740.0,CALL,244.0
2026-11-20,91,1750.0,CALL,195.0
2026-11-20,91,1760.0,CALL,48.0
2026-11-20,91,1770.0,CALL,178.0
2026-11-20,91,1780.0,CALL,207.0
2026-11-20,91,1790.0,CALL,191.0
2026-11-20,91,1800.0,CALL,889.0
2026-11-20,91,1810.0,CALL,102.0
2026-11-20,91,1820.0,CALL,570.0
2026-11-20,91,1830.0,CALL,340.0
2026-11-20,91,1840.0,CALL,369.0
2026-11-20,91,1850.0,CALL,401.0
2026-11-20,91,1860.0,CALL,135.0
2026-11-20,91,1870.0,CALL,198.0
2026-11-20,91,1880.0,CALL,474.0
2026-11-20,91,1890.0,CALL,214.0
2026-11-20,91,1900.0,CALL,296.0
2026-11-20,91,1910.0,CALL,689.0
2026-11-20,91,1920.0,CALL,152.0
2026-11-20,91,1930.0,CALL,170.0
2026-11-20,91,1940.0,CALL,165.0
2026-11-20,91,1950.0,CALL,282.0
2026-11-20,91,1960.0,CALL,344.0
2026-11-20,91,1970.0,CALL,201.0
2026-11-20,91,1980.0,CALL,68.0
2026-11-20,91,1990.0,CALL,175.0
2026-11-20,91,2000.0,CALL,621.0
2026-11-20,91,2010.0,CALL,145.0
2026-11-20,91,2020.0,CALL,225.0
2026-11-20,91,2030.0,CALL,139.0
2026-11-20,91,2040.0,CALL,232.0
2026-11-20,91,2050.0,CALL,193.0
2026-11-20,91,2060.0,CALL,236.0
2026-11-20,91,2070.0,CALL,235.0
2026-11-20,91,2080.0,CALL,137.0
2026-11-20,91,2090.0,CALL,129.0
2026-11-20,91,2100.0,CALL,301.0
2026-11-20,91,2110.0,CALL,266.0
2026-11-20,91,2120.0,CALL,147.0
2026-11-20,91,2130.0,CALL,148.0
2026-11-20,91,2140.0,CALL,459.0
2026-11-20,91,2150.0,CALL,240.0
2026-11-20,91,2160.0,CALL,57.0
2026-11-20,91,2170.0,CALL,285.0
2026-11-20,91,2180.0,CALL,152.0
2026-11-20,91,2190.0,CALL,145.0
2026-11-20,91,2200.0,CALL,43.0
2026-11-20,91,2210.0,CALL,7.0
2026-11-20,91,2220.0,CALL,32.0
2026-11-20,91,2230.0,CALL,40.0
2026-11-20,91,2240.0,CALL,46.0
2026-11-20,91,2250.0,CALL,37.0
2026-11-20,91,2260.0,CALL,68.0
2026-11-20,91,2270.0,CALL,79.0
2026-11-20,91,2280.0,CALL,105.0
2026-11-20,91,2290.0,CALL,508.0
2026-11-20,91,2300.0,CALL,147.0
2026-11-20,91,2310.0,CALL,37.0
2026-11-20,91,2320.0,CALL,19.0
2026-11-20,91,2330.0,CALL,27.0
2026-11-20,91,2340.0,CALL,44.0
2026-11-20,91,2350.0,CALL,101.0
2026-11-20,91,2360.0,CALL,20.0
2026-11-20,91,2370.0,CALL,132.0
2026-11-20,91,2380.0,CALL,49.0
2026-11-20,91,2390.0,CALL,201.0
2026-11-20,91,2400.0,CALL,88.0
2026-11-20,91,2410.0,CALL,182.0
2026-11-20,91,2420.0,CALL,200.0
2026-11-20,91,2440.0,CALL,109.0
2026-11-20,91,2460.0,CALL,93.0
2026-11-20,91,2480.0,CALL,433.0
2026-11-20,91,2500.0,CALL,812.0
2026-11-20,91,5.0,PUT,86.0
2026-11-20,91,10.0,PUT,47.0
2026-11-20,91,15.0,PUT,632.0
2026-11-20,91,20.0,PUT,163.0
2026-11-20,91,25.0,PUT,139.0
2026-11-20,91,30.0,PUT,52.0
2026-11-20,91,35.0,PUT,791.0
2026-11-20,91,40.0,PUT,47.0
2026-11-20,91,45.0,PUT,88.0
2026-11-20,91,50.0,PUT,52.0
2026-11-20,91,55.0,PUT,194.0
2026-11-20,91,60.0,PUT,285.0
2026-11-20,91,65.0,PUT,549.0
2026-11-20,91,70.0,PUT,895.0
2026-11-20,91,75.0,PUT,52.0
2026-11-20,91,80.0,PUT,56.0
2026-11-20,91,85.0,PUT,36.0
2026-11-20,91,90.0,PUT,158.0
2026-11-20,91,95.0,PUT,724.0
2026-11-20,91,100.0,PUT,926.0
2026-11-20,91,105.0,PUT,170.0
2026-11-20,91,110.0,PUT,382.0
2026-11-20,91,115.0,PUT,187.0
2026-11-20,91,120.0,PUT,98.0
2026-11-20,91,125.0,PUT,468.0
2026-11-20,91,130.0,PUT,122.0
2026-11-20,91,135.0,PUT,3460.0
2026-11-20,91,140.0,PUT,53.0
2026-11-20,91,145.0,PUT,188.0
2026-11-20,91,150.0,PUT,702.0
2026-11-20,91,155.0,PUT,119.0
2026-11-20,91,160.0,PUT,239.0
2026-11-20,91,165.0,PUT,43.0
2026-11-20,91,170.0,PUT,51.0
2026-11-20,91,175.0,PUT,225.0
2026-11-20,91,180.0,PUT,37.0
2026-11-20,91,185.0,PUT,94.0
2026-11-20,91,190.0,PUT,171.0
2026-11-20,91,195.0,PUT,2732.0
2026-11-20,91,200.0,PUT,1810.0
2026-11-20,91,210.0,PUT,176.0
2026-11-20,91,220.0,PUT,408.0
2026-11-20,91,230.0,PUT,1670.0
2026-11-20,91,240.0,PUT,743.0
2026-11-20,91,250.0,PUT,952.0
2026-11-20,91,260.0,PUT,1567.0
2026-11-20,91,270.0,PUT,556.0
2026-11-20,91,280.0,PUT,1031.0
2026-11-20,91,290.0,PUT,1766.0
2026-11-20,91,300.0,PUT,1967.0
2026-11-20,91,310.0,PUT,413.0
2026-11-20,91,320.0,PUT,527.0
2026-11-20,91,330.0,PUT,640.0
2026-11-20,91,340.0,PUT,205.0
2026-11-20,91,350.0,PUT,4657.0
2026-11-20,91,360.0,PUT,6369.0
2026-11-20,91,370.0,PUT,716.0
2026-11-20,91,380.0,PUT,5754.0
2026-11-20,91,390.0,PUT,435.0
2026-11-20,91,400.0,PUT,1011.0
2026-11-20,91,410.0,PUT,535.0
2026-11-20,91,420.0,PUT,900.0
2026-11-20,91,430.0,PUT,967.0
2026-11-20,91,440.0,PUT,577.0
2026-11-20,91,450.0,PUT,994.0
2026-11-20,91,460.0,PUT,909.0
2026-11-20,91,470.0,PUT,281.0
2026-11-20,91,480.0,PUT,463.0
2026-11-20,91,490.0,PUT,612.0
2026-11-20,91,500.0,PUT,3240.0
2026-11-20,91,510.0,PUT,201.0
2026-11-20,91,520.0,PUT,957.0
2026-11-20,91,530.0,PUT,484.0
2026-11-20,91,540.0,PUT,603.0
2026-11-20,91,550.0,PUT,878.0
2026-11-20,91,560.0,PUT,264.0
2026-11-20,91,570.0,PUT,1613.0
2026-11-20,91,580.0,PUT,1149.0
2026-11-20,91,590.0,PUT,646.0
2026-11-20,91,600.0,PUT,3852.0
2026-11-20,91,610.0,PUT,489.0
2026-11-20,91,620.0,PUT,964.0
2026-11-20,91,630.0,PUT,1051.0
2026-11-20,91,640.0,PUT,802.0
2026-11-20,91,650.0,PUT,1896.0
2026-11-20,91,660.0,PUT,1233.0
2026-11-20,91,670.0,PUT,689.0
2026-11-20,91,680.0,PUT,436.0
2026-11-20,91,700.0,PUT,2529.0
2026-11-20,91,710.0,PUT,154.0
2026-11-20,91,720.0,PUT,477.0
2026-11-20,91,730.0,PUT,349.0
2026-11-20,91,740.0,PUT,2589.0
2026-11-20,91,750.0,PUT,1709.0
2026-11-20,91,760.0,PUT,712.0
2026-11-20,91,770.0,PUT,447.0
2026-11-20,91,780.0,PUT,371.0
2026-11-20,91,790.0,PUT,341.0
2026-11-20,91,800.0,PUT,1892.0
2026-11-20,91,810.0,PUT,417.0
2026-11-20,91,820.0,PUT,558.0
2026-11-20,91,830.0,PUT,401.0
2026-11-20,91,840.0,PUT,396.0
2026-11-20,91,850.0,PUT,598.0
2026-11-20,91,860.0,PUT,318.0
2026-11-20,91,870.0,PUT,180.0
2026-11-20,91,880.0,PUT,504.0
2026-11-20,91,890.0,PUT,466.0
2026-11-20,91,900.0,PUT,1013.0
2026-11-20,91,910.0,PUT,874.0
2026-11-20,91,920.0,PUT,1438.0
2026-11-20,91,930.0,PUT,722.0
2026-11-20,91,940.0,PUT,362.0
2026-11-20,91,950.0,PUT,453.0
2026-11-20,91,960.0,PUT,156.0
2026-11-20,91,970.0,PUT,325.0
2026-11-20,91,980.0,PUT,570.0
2026-11-20,91,990.0,PUT,376.0
2026-11-20,91,1000.0,PUT,1025.0
2026-11-20,91,1010.0,PUT,126.0
2026-11-20,91,1020.0,PUT,252.0
2026-11-20,91,1030.0,PUT,171.0
2026-11-20,91,1040.0,PUT,253.0
2026-11-20,91,1050.0,PUT,41.0
2026-11-20,91,1060.0,PUT,82.0
2026-11-20,91,1070.0,PUT,108.0
2026-11-20,91,1080.0,PUT,80.0
2026-11-20,91,1090.0,PUT,246.0
2026-11-20,91,1100.0,PUT,393.0
2026-11-20,91,1110.0,PUT,89.0
2026-11-20,91,1120.0,PUT,55.0
2026-11-20,91,1130.0,PUT,32.0
2026-11-20,91,1140.0,PUT,77.0
2026-11-20,91,1150.0,PUT,244.0
2026-11-20,91,1160.0,PUT,77.0
2026-11-20,91,1170.0,PUT,32.0
2026-11-20,91,1180.0,PUT,26.0
2026-11-20,91,1190.0,PUT,41.0
2026-11-20,91,1200.0,PUT,170.0
2026-11-20,91,1210.0,PUT,121.0
2026-11-20,91,1220.0,PUT,35.0
2026-11-20,91,1230.0,PUT,8.0
2026-11-20,91,1240.0,PUT,11.0
2026-11-20,91,1250.0,PUT,20.0
2026-11-20,91,1260.0,PUT,56.0
2026-11-20,91,1270.0,PUT,58.0
2026-11-20,91,1280.0,PUT,81.0
2026-11-20,91,1290.0,PUT,43.0
2026-11-20,91,1300.0,PUT,1068.0
2026-11-20,91,1310.0,PUT,57.0
2026-11-20,91,1320.0,PUT,40.0
2026-11-20,91,1330.0,PUT,23.0
2026-11-20,91,1340.0,PUT,45.0
2026-11-20,91,1350.0,PUT,18.0
2026-11-20,91,1360.0,PUT,30.0
2026-11-20,91,1370.0,PUT,51.0
2026-11-20,91,1380.0,PUT,32.0
2026-11-20,91,1390.0,PUT,7.0
2026-11-20,91,1400.0,PUT,7.0
2026-11-20,91,1410.0,PUT,15.0
2026-11-20,91,1420.0,PUT,3.0
2026-11-20,91,1430.0,PUT,302.0
2026-11-20,91,1440.0,PUT,12.0
2026-11-20,91,1450.0,PUT,7.0
2026-11-20,91,1460.0,PUT,2.0
2026-11-20,91,1470.0,PUT,12.0
2026-11-20,91,1480.0,PUT,10.0
2026-11-20,91,1490.0,PUT,2.0
2026-11-20,91,1500.0,PUT,22.0
2026-11-20,91,1510.0,PUT,2.0
2026-11-20,91,1520.0,PUT,15.0
2026-11-20,91,1530.0,PUT,0.0
2026-11-20,91,1540.0,PUT,13.0
2026-11-20,91,1550.0,PUT,1.0
2026-11-20,91,1560.0,PUT,5.0
2026-11-20,91,1590.0,PUT,0.0
2026-11-20,91,1600.0,PUT,11.0
2026-11-20,91,1610.0,PUT,13.0
2026-11-20,91,1630.0,PUT,7.0
2026-11-20,91,1640.0,PUT,3.0
2026-11-20,91,1670.0,PUT,65.0
2026-11-20,91,1680.0,PUT,0.0
2026-11-20,91,1690.0,PUT,9.0
2026-11-20,91,1700.0,PUT,3.0
2026-11-20,91,1720.0,PUT,21.0
2026-11-20,91,1730.0,PUT,11.0
2026-11-20,91,1740.0,PUT,7.0
2026-11-20,91,1750.0,PUT,21.0
2026-11-20,91,1760.0,PUT,1.0
2026-11-20,91,1770.0,PUT,21.0
2026-11-20,91,1790.0,PUT,1.0
2026-11-20,91,1800.0,PUT,3.0
2026-11-20,91,1820.0,PUT,16.0
2026-11-20,91,1840.0,PUT,6.0
2026-11-20,91,1860.0,PUT,1.0
2026-11-20,91,1880.0,PUT,0.0
2026-11-20,91,1890.0,PUT,10.0
2026-11-20,91,1900.0,PUT,4.0
2026-11-20,91,1910.0,PUT,0.0
2026-11-20,91,1920.0,PUT,6.0
2026-11-20,91,1930.0,PUT,0.0
2026-11-20,91,1940.0,PUT,1.0
2026-11-20,91,1950.0,PUT,0.0
2026-11-20,91,1960.0,PUT,0.0
2026-11-20,91,1980.0,PUT,0.0
2026-11-20,91,1990.0,PUT,0.0
2026-11-20,91,2000.0,PUT,45.0
2026-11-20,91,2010.0,PUT,0.0
2026-11-20,91,2020.0,PUT,0.0
2026-11-20,91,2030.0,PUT,0.0
2026-11-20,91,2050.0,PUT,0.0
2026-11-20,91,2070.0,PUT,0.0
2026-11-20,91,2140.0,PUT,0.0
2026-11-20,91,2150.0,PUT,0.0
2026-11-20,91,2170.0,PUT,0.0
2026-11-20,91,2200.0,PUT,0.0
2026-11-20,91,2290.0,PUT,0.0
2026-11-20,91,2400.0,PUT,0.0
2026-11-20,91,2410.0,PUT,0.0
2026-11-20,91,2420.0,PUT,0.0
2026-11-20,91,2500.0,PUT,0.0
2026-12-18,119,5.0,CALL,29.0
2026-12-18,119,10.0,CALL,21.0
2026-12-18,119,15.0,CALL,31.0
2026-12-18,119,20.0,CALL,10.0
2026-12-18,119,25.0,CALL,33.0
2026-12-18,119,35.0,CALL,27.0
2026-12-18,119,40.0,CALL,43.0
2026-12-18,119,45.0,CALL,0.0
2026-12-18,119,47.5,CALL,162.0
2026-12-18,119,50.0,CALL,242.0
2026-12-18,119,55.0,CALL,102.0
2026-12-18,119,60.0,CALL,89.0
2026-12-18,119,65.0,CALL,157.0
2026-12-18,119,70.0,CALL,271.0
2026-12-18,119,75.0,CALL,267.0
2026-12-18,119,80.0,CALL,319.0
2026-12-18,119,85.0,CALL,470.0
2026-12-18,119,87.5,CALL,185.0
2026-12-18,119,90.0,CALL,991.0
2026-12-18,119,92.5,CALL,154.0
2026-12-18,119,95.0,CALL,620.0
2026-12-18,119,97.5,CALL,164.0
2026-12-18,119,100.0,CALL,782.0
2026-12-18,119,105.0,CALL,398.0
2026-12-18,119,110.0,CALL,929.0
2026-12-18,119,115.0,CALL,88.0
2026-12-18,119,120.0,CALL,425.0
2026-12-18,119,125.0,CALL,497.0
2026-12-18,119,130.0,CALL,441.0
2026-12-18,119,135.0,CALL,177.0
2026-12-18,119,140.0,CALL,1238.0
2026-12-18,119,145.0,CALL,249.0
2026-12-18,119,150.0,CALL,504.0
2026-12-18,119,155.0,CALL,183.0
2026-12-18,119,160.0,CALL,676.0
2026-12-18,119,165.0,CALL,863.0
2026-12-18,119,170.0,CALL,434.0
2026-12-18,119,175.0,CALL,338.0
2026-12-18,119,180.0,CALL,768.0
2026-12-18,119,185.0,CALL,167.0
2026-12-18,119,190.0,CALL,874.0
2026-12-18,119,195.0,CALL,135.0
2026-12-18,119,200.0,CALL,1393.0
2026-12-18,119,210.0,CALL,734.0
2026-12-18,119,220.0,CALL,2073.0
2026-12-18,119,230.0,CALL,599.0
2026-12-18,119,240.0,CALL,897.0
2026-12-18,119,250.0,CALL,1073.0
2026-12-18,119,260.0,CALL,525.0
2026-12-18,119,270.0,CALL,675.0
2026-12-18,119,280.0,CALL,2165.0
2026-12-18,119,290.0,CALL,250.0
2026-12-18,119,300.0,CALL,1284.0
2026-12-18,119,310.0,CALL,438.0
2026-12-18,119,320.0,CALL,402.0
2026-12-18,119,330.0,CALL,996.0
2026-12-18,119,340.0,CALL,1449.0
2026-12-18,119,350.0,CALL,649.0
2026-12-18,119,360.0,CALL,486.0
2026-12-18,119,370.0,CALL,207.0
2026-12-18,119,380.0,CALL,795.0
2026-12-18,119,390.0,CALL,500.0
2026-12-18,119,400.0,CALL,824.0
2026-12-18,119,410.0,CALL,366.0
2026-12-18,119,420.0,CALL,1469.0
2026-12-18,119,430.0,CALL,215.0
2026-12-18,119,440.0,CALL,250.0
2026-12-18,119,450.0,CALL,1253.0
2026-12-18,119,460.0,CALL,712.0
2026-12-18,119,470.0,CALL,467.0
2026-12-18,119,480.0,CALL,787.0
2026-12-18,119,490.0,CALL,580.0
2026-12-18,119,500.0,CALL,1478.0
2026-12-18,119,510.0,CALL,720.0
2026-12-18,119,520.0,CALL,871.0
2026-12-18,119,530.0,CALL,208.0
2026-12-18,119,540.0,CALL,288.0
2026-12-18,119,550.0,CALL,699.0
2026-12-18,119,560.0,CALL,169.0
2026-12-18,119,570.0,CALL,580.0
2026-12-18,119,580.0,CALL,2975.0
2026-12-18,119,590.0,CALL,374.0
2026-12-18,119,600.0,CALL,1377.0
2026-12-18,119,610.0,CALL,427.0
2026-12-18,119,620.0,CALL,915.0
2026-12-18,119,630.0,CALL,198.0
2026-12-18,119,640.0,CALL,358.0
2026-12-18,119,650.0,CALL,737.0
2026-12-18,119,660.0,CALL,320.0
2026-12-18,119,670.0,CALL,330.0
2026-12-18,119,680.0,CALL,406.0
2026-12-18,119,690.0,CALL,406.0
2026-12-18,119,700.0,CALL,4397.0
2026-12-18,119,710.0,CALL,439.0
2026-12-18,119,720.0,CALL,313.0
2026-12-18,119,730.0,CALL,288.0
2026-12-18,119,740.0,CALL,937.0
2026-12-18,119,750.0,CALL,597.0
2026-12-18,119,760.0,CALL,319.0
2026-12-18,119,770.0,CALL,518.0
2026-12-18,119,780.0,CALL,646.0
2026-12-18,119,790.0,CALL,250.0
2026-12-18,119,800.0,CALL,3672.0
2026-12-18,119,810.0,CALL,387.0
2026-12-18,119,820.0,CALL,420.0
2026-12-18,119,830.0,CALL,270.0
2026-12-18,119,840.0,CALL,1495.0
2026-12-18,119,850.0,CALL,920.0
2026-12-18,119,860.0,CALL,534.0
2026-12-18,119,870.0,CALL,628.0
2026-12-18,119,880.0,CALL,491.0
2026-12-18,119,890.0,CALL,346.0
2026-12-18,119,900.0,CALL,2288.0
2026-12-18,119,910.0,CALL,1027.0
2026-12-18,119,920.0,CALL,1399.0
2026-12-18,119,930.0,CALL,273.0
2026-12-18,119,940.0,CALL,229.0
2026-12-18,119,950.0,CALL,1542.0
2026-12-18,119,960.0,CALL,439.0
2026-12-18,119,970.0,CALL,302.0
2026-12-18,119,980.0,CALL,308.0
2026-12-18,119,990.0,CALL,153.0
2026-12-18,119,1000.0,CALL,2857.0
2026-12-18,119,1010.0,CALL,441.0
2026-12-18,119,1020.0,CALL,420.0
2026-12-18,119,1030.0,CALL,349.0
2026-12-18,119,1040.0,CALL,190.0
2026-12-18,119,1050.0,CALL,1347.0
2026-12-18,119,1060.0,CALL,433.0
2026-12-18,119,1070.0,CALL,480.0
2026-12-18,119,1080.0,CALL,320.0
2026-12-18,119,1090.0,CALL,267.0
2026-12-18,119,1100.0,CALL,1529.0
2026-12-18,119,1110.0,CALL,155.0
2026-12-18,119,1120.0,CALL,176.0
2026-12-18,119,1130.0,CALL,225.0
2026-12-18,119,1140.0,CALL,290.0
2026-12-18,119,1150.0,CALL,609.0
2026-12-18,119,1160.0,CALL,151.0
2026-12-18,119,1170.0,CALL,381.0
2026-12-18,119,1180.0,CALL,672.0
2026-12-18,119,1190.0,CALL,88.0
2026-12-18,119,1200.0,CALL,2786.0
2026-12-18,119,1210.0,CALL,211.0
2026-12-18,119,1220.0,CALL,587.0
2026-12-18,119,1230.0,CALL,234.0
2026-12-18,119,1240.0,CALL,164.0
2026-12-18,119,1250.0,CALL,896.0
2026-12-18,119,1260.0,CALL,563.0
2026-12-18,119,1270.0,CALL,391.0
2026-12-18,119,1280.0,CALL,247.0
2026-12-18,119,1290.0,CALL,261.0
2026-12-18,119,1300.0,CALL,1472.0
2026-12-18,119,1310.0,CALL,429.0
2026-12-18,119,1320.0,CALL,471.0
2026-12-18,119,1330.0,CALL,1024.0
2026-12-18,119,1340.0,CALL,712.0
2026-12-18,119,1350.0,CALL,386.0
2026-12-18,119,1360.0,CALL,496.0
2026-12-18,119,1370.0,CALL,110.0
2026-12-18,119,1380.0,CALL,308.0
2026-12-18,119,1390.0,CALL,461.0
2026-12-18,119,1400.0,CALL,1931.0
2026-12-18,119,1410.0,CALL,163.0
2026-12-18,119,1420.0,CALL,1825.0
2026-12-18,119,1430.0,CALL,74.0
2026-12-18,119,1440.0,CALL,184.0
2026-12-18,119,1450.0,CALL,608.0
2026-12-18,119,1460.0,CALL,584.0
2026-12-18,119,1470.0,CALL,163.0
2026-12-18,119,1480.0,CALL,320.0
2026-12-18,119,1490.0,CALL,196.0
2026-12-18,119,1500.0,CALL,1734.0
2026-12-18,119,1510.0,CALL,414.0
2026-12-18,119,1520.0,CALL,415.0
2026-12-18,119,1530.0,CALL,441.0
2026-12-18,119,1540.0,CALL,651.0
2026-12-18,119,1550.0,CALL,785.0
2026-12-18,119,1560.0,CALL,258.0
2026-12-18,119,1570.0,CALL,480.0
2026-12-18,119,1580.0,CALL,165.0
2026-12-18,119,1590.0,CALL,154.0
2026-12-18,119,1600.0,CALL,1595.0
2026-12-18,119,1610.0,CALL,981.0
2026-12-18,119,1620.0,CALL,629.0
2026-12-18,119,1630.0,CALL,591.0
2026-12-18,119,1640.0,CALL,131.0
2026-12-18,119,1650.0,CALL,156.0
2026-12-18,119,1660.0,CALL,165.0
2026-12-18,119,1670.0,CALL,88.0
2026-12-18,119,1680.0,CALL,240.0
2026-12-18,119,1690.0,CALL,127.0
2026-12-18,119,1700.0,CALL,460.0
2026-12-18,119,1710.0,CALL,226.0
2026-12-18,119,1720.0,CALL,41.0
2026-12-18,119,1730.0,CALL,224.0
2026-12-18,119,1740.0,CALL,135.0
2026-12-18,119,1750.0,CALL,496.0
2026-12-18,119,1760.0,CALL,190.0
2026-12-18,119,1770.0,CALL,155.0
2026-12-18,119,1780.0,CALL,91.0
2026-12-18,119,1790.0,CALL,282.0
2026-12-18,119,1800.0,CALL,475.0
2026-12-18,119,1810.0,CALL,235.0
2026-12-18,119,1820.0,CALL,878.0
2026-12-18,119,1830.0,CALL,1152.0
2026-12-18,119,1840.0,CALL,281.0
2026-12-18,119,1850.0,CALL,99.0
2026-12-18,119,1860.0,CALL,454.0
2026-12-18,119,1870.0,CALL,292.0
2026-12-18,119,1880.0,CALL,325.0
2026-12-18,119,1890.0,CALL,159.0
2026-12-18,119,1900.0,CALL,390.0
2026-12-18,119,1910.0,CALL,370.0
2026-12-18,119,1920.0,CALL,252.0
2026-12-18,119,1930.0,CALL,586.0
2026-12-18,119,1940.0,CALL,391.0
2026-12-18,119,1950.0,CALL,255.0
2026-12-18,119,1960.0,CALL,243.0
2026-12-18,119,1970.0,CALL,586.0
2026-12-18,119,1980.0,CALL,242.0
2026-12-18,119,1990.0,CALL,131.0
2026-12-18,119,2000.0,CALL,722.0
2026-12-18,119,2010.0,CALL,82.0
2026-12-18,119,2020.0,CALL,153.0
2026-12-18,119,2030.0,CALL,163.0
2026-12-18,119,2040.0,CALL,208.0
2026-12-18,119,2050.0,CALL,83.0
2026-12-18,119,2060.0,CALL,52.0
2026-12-18,119,2070.0,CALL,238.0
2026-12-18,119,2080.0,CALL,80.0
2026-12-18,119,2090.0,CALL,280.0
2026-12-18,119,2100.0,CALL,627.0
2026-12-18,119,2110.0,CALL,152.0
2026-12-18,119,2120.0,CALL,185.0
2026-12-18,119,2130.0,CALL,132.0
2026-12-18,119,2140.0,CALL,260.0
2026-12-18,119,2150.0,CALL,158.0
2026-12-18,119,2160.0,CALL,274.0
2026-12-18,119,2170.0,CALL,638.0
2026-12-18,119,2180.0,CALL,121.0
2026-12-18,119,2190.0,CALL,151.0
2026-12-18,119,2200.0,CALL,655.0
2026-12-18,119,2210.0,CALL,15.0
2026-12-18,119,2220.0,CALL,133.0
2026-12-18,119,2230.0,CALL,96.0
2026-12-18,119,2240.0,CALL,26.0
2026-12-18,119,2250.0,CALL,87.0
2026-12-18,119,2260.0,CALL,188.0
2026-12-18,119,2270.0,CALL,172.0
2026-12-18,119,2280.0,CALL,134.0
2026-12-18,119,2290.0,CALL,119.0
2026-12-18,119,2300.0,CALL,64.0
2026-12-18,119,2310.0,CALL,68.0
2026-12-18,119,2320.0,CALL,71.0
2026-12-18,119,2330.0,CALL,17.0
2026-12-18,119,2340.0,CALL,157.0
2026-12-18,119,2350.0,CALL,45.0
2026-12-18,119,2360.0,CALL,295.0
2026-12-18,119,2370.0,CALL,202.0
2026-12-18,119,2380.0,CALL,69.0
2026-12-18,119,2390.0,CALL,128.0
2026-12-18,119,2400.0,CALL,172.0
2026-12-18,119,2410.0,CALL,139.0
2026-12-18,119,2420.0,CALL,414.0
2026-12-18,119,2440.0,CALL,113.0
2026-12-18,119,2460.0,CALL,251.0
2026-12-18,119,2480.0,CALL,129.0
2026-12-18,119,2500.0,CALL,2925.0
2026-12-18,119,5.0,PUT,75.0
2026-12-18,119,10.0,PUT,141.0
2026-12-18,119,15.0,PUT,97.0
2026-12-18,119,20.0,PUT,27.0
2026-12-18,119,25.0,PUT,37.0
2026-12-18,119,30.0,PUT,1433.0
2026-12-18,119,35.0,PUT,3349.0
2026-12-18,119,40.0,PUT,1078.0
2026-12-18,119,45.0,PUT,3273.0
2026-12-18,119,47.5,PUT,2273.0
2026-12-18,119,50.0,PUT,1159.0
2026-12-18,119,55.0,PUT,3892.0
2026-12-18,119,60.0,PUT,4339.0
2026-12-18,119,65.0,PUT,1289.0
2026-12-18,119,70.0,PUT,4327.0
2026-12-18,119,75.0,PUT,3048.0
2026-12-18,119,80.0,PUT,4332.0
2026-12-18,119,85.0,PUT,4784.0
2026-12-18,119,87.5,PUT,2450.0
2026-12-18,119,90.0,PUT,2481.0
2026-12-18,119,92.5,PUT,276.0
2026-12-18,119,95.0,PUT,1173.0
2026-12-18,119,97.5,PUT,193.0
2026-12-18,119,100.0,PUT,2559.0
2026-12-18,119,105.0,PUT,754.0
2026-12-18,119,110.0,PUT,1213.0
2026-12-18,119,115.0,PUT,1150.0
2026-12-18,119,120.0,PUT,1063.0
2026-12-18,119,125.0,PUT,2188.0
2026-12-18,119,130.0,PUT,1252.0
2026-12-18,119,135.0,PUT,407.0
2026-12-18,119,140.0,PUT,906.0
2026-12-18,119,145.0,PUT,248.0
2026-12-18,119,150.0,PUT,1269.0
2026-12-18,119,155.0,PUT,315.0
2026-12-18,119,160.0,PUT,1124.0
2026-12-18,119,165.0,PUT,449.0
2026-12-18,119,170.0,PUT,817.0
2026-12-18,119,175.0,PUT,342.0
2026-12-18,119,180.0,PUT,780.0
2026-12-18,119,185.0,PUT,251.0
2026-12-18,119,190.0,PUT,1447.0
2026-12-18,119,195.0,PUT,1033.0
2026-12-18,119,200.0,PUT,2233.0
2026-12-18,119,210.0,PUT,2666.0
2026-12-18,119,220.0,PUT,1770.0
2026-12-18,119,230.0,PUT,625.0
2026-12-18,119,240.0,PUT,1565.0
2026-12-18,119,250.0,PUT,1914.0
2026-12-18,119,260.0,PUT,382.0
2026-12-18,119,270.0,PUT,1534.0
2026-12-18,119,280.0,PUT,3193.0
2026-12-18,119,290.0,PUT,635.0
2026-12-18,119,300.0,PUT,2985.0
2026-12-18,119,310.0,PUT,2703.0
2026-12-18,119,320.0,PUT,428.0
2026-12-18,119,330.0,PUT,756.0
2026-12-18,119,340.0,PUT,789.0
2026-12-18,119,350.0,PUT,2487.0
2026-12-18,119,360.0,PUT,10836.0
2026-12-18,119,370.0,PUT,5433.0
2026-12-18,119,380.0,PUT,6702.0
2026-12-18,119,390.0,PUT,2243.0
2026-12-18,119,400.0,PUT,5550.0
2026-12-18,119,410.0,PUT,1075.0
2026-12-18,119,420.0,PUT,4006.0
2026-12-18,119,430.0,PUT,611.0
2026-12-18,119,440.0,PUT,1117.0
2026-12-18,119,450.0,PUT,1961.0
2026-12-18,119,460.0,PUT,456.0
2026-12-18,119,470.0,PUT,652.0
2026-12-18,119,480.0,PUT,1596.0
2026-12-18,119,490.0,PUT,1514.0
2026-12-18,119,500.0,PUT,3588.0
2026-12-18,119,510.0,PUT,396.0
2026-12-18,119,520.0,PUT,344.0
2026-12-18,119,530.0,PUT,1194.0
2026-12-18,119,540.0,PUT,423.0
2026-12-18,119,550.0,PUT,4175.0
2026-12-18,119,560.0,PUT,706.0
2026-12-18,119,570.0,PUT,374.0
2026-12-18,119,580.0,PUT,3467.0
2026-12-18,119,590.0,PUT,416.0
2026-12-18,119,600.0,PUT,5303.0
2026-12-18,119,610.0,PUT,432.0
2026-12-18,119,620.0,PUT,759.0
2026-12-18,119,630.0,PUT,463.0
2026-12-18,119,640.0,PUT,388.0
2026-12-18,119,650.0,PUT,3208.0
2026-12-18,119,660.0,PUT,706.0
2026-12-18,119,670.0,PUT,310.0
2026-12-18,119,680.0,PUT,398.0
2026-12-18,119,690.0,PUT,244.0
2026-12-18,119,700.0,PUT,3409.0
2026-12-18,119,710.0,PUT,1120.0
2026-12-18,119,720.0,PUT,402.0
2026-12-18,119,730.0,PUT,456.0
2026-12-18,119,740.0,PUT,417.0
2026-12-18,119,750.0,PUT,2334.0
2026-12-18,119,760.0,PUT,1079.0
2026-12-18,119,770.0,PUT,257.0
2026-12-18,119,780.0,PUT,493.0
2026-12-18,119,790.0,PUT,691.0
2026-12-18,119,800.0,PUT,3274.0
2026-12-18,119,810.0,PUT,288.0
2026-12-18,119,820.0,PUT,573.0
2026-12-18,119,830.0,PUT,299.0
2026-12-18,119,840.0,PUT,407.0
2026-12-18,119,850.0,PUT,1423.0
2026-12-18,119,860.0,PUT,580.0
2026-12-18,119,870.0,PUT,688.0
2026-12-18,119,880.0,PUT,442.0
2026-12-18,119,890.0,PUT,566.0
2026-12-18,119,900.0,PUT,1826.0
2026-12-18,119,910.0,PUT,507.0
2026-12-18,119,920.0,PUT,286.0
2026-12-18,119,930.0,PUT,995.0
2026-12-18,119,940.0,PUT,402.0
2026-12-18,119,950.0,PUT,841.0
2026-12-18,119,960.0,PUT,548.0
2026-12-18,119,970.0,PUT,110.0
2026-12-18,119,980.0,PUT,549.0
2026-12-18,119,990.0,PUT,197.0
2026-12-18,119,1000.0,PUT,879.0
2026-12-18,119,1010.0,PUT,161.0
2026-12-18,119,1020.0,PUT,127.0
2026-12-18,119,1030.0,PUT,139.0
2026-12-18,119,1040.0,PUT,90.0
2026-12-18,119,1050.0,PUT,205.0
2026-12-18,119,1060.0,PUT,159.0
2026-12-18,119,1070.0,PUT,141.0
2026-12-18,119,1080.0,PUT,122.0
2026-12-18,119,1090.0,PUT,202.0
2026-12-18,119,1100.0,PUT,290.0
2026-12-18,119,1110.0,PUT,113.0
2026-12-18,119,1120.0,PUT,49.0
2026-12-18,119,1130.0,PUT,36.0
2026-12-18,119,1140.0,PUT,35.0
2026-12-18,119,1150.0,PUT,293.0
2026-12-18,119,1160.0,PUT,48.0
2026-12-18,119,1170.0,PUT,56.0
2026-12-18,119,1180.0,PUT,117.0
2026-12-18,119,1190.0,PUT,46.0
2026-12-18,119,1200.0,PUT,229.0
2026-12-18,119,1210.0,PUT,27.0
2026-12-18,119,1220.0,PUT,36.0
2026-12-18,119,1230.0,PUT,13.0
2026-12-18,119,1240.0,PUT,10.0
2026-12-18,119,1250.0,PUT,46.0
2026-12-18,119,1260.0,PUT,17.0
2026-12-18,119,1270.0,PUT,111.0
2026-12-18,119,1280.0,PUT,85.0
2026-12-18,119,1290.0,PUT,75.0
2026-12-18,119,1300.0,PUT,101.0
2026-12-18,119,1310.0,PUT,9.0
2026-12-18,119,1320.0,PUT,115.0
2026-12-18,119,1330.0,PUT,57.0
2026-12-18,119,1340.0,PUT,113.0
2026-12-18,119,1350.0,PUT,106.0
2026-12-18,119,1360.0,PUT,68.0
2026-12-18,119,1370.0,PUT,9.0
2026-12-18,119,1380.0,PUT,24.0
2026-12-18,119,1390.0,PUT,24.0
2026-12-18,119,1400.0,PUT,41.0
2026-12-18,119,1410.0,PUT,6.0
2026-12-18,119,1420.0,PUT,15.0
2026-12-18,119,1430.0,PUT,9.0
2026-12-18,119,1440.0,PUT,11.0
2026-12-18,119,1450.0,PUT,7.0
2026-12-18,119,1460.0,PUT,6.0
2026-12-18,119,1470.0,PUT,5.0
2026-12-18,119,1480.0,PUT,5.0
2026-12-18,119,1490.0,PUT,32.0
2026-12-18,119,1500.0,PUT,62.0
2026-12-18,119,1510.0,PUT,9.0
2026-12-18,119,1520.0,PUT,1.0
2026-12-18,119,1530.0,PUT,69.0
2026-12-18,119,1540.0,PUT,2.0
2026-12-18,119,1550.0,PUT,70.0
2026-12-18,119,1560.0,PUT,7.0
2026-12-18,119,1580.0,PUT,1.0
2026-12-18,119,1600.0,PUT,19.0
2026-12-18,119,1610.0,PUT,17.0
2026-12-18,119,1620.0,PUT,72.0
2026-12-18,119,1630.0,PUT,11.0
2026-12-18,119,1640.0,PUT,41.0
2026-12-18,119,1660.0,PUT,6.0
2026-12-18,119,1680.0,PUT,2.0
2026-12-18,119,1700.0,PUT,5.0
2026-12-18,119,1710.0,PUT,2.0
2026-12-18,119,1720.0,PUT,6.0
2026-12-18,119,1750.0,PUT,2.0
2026-12-18,119,1760.0,PUT,1.0
2026-12-18,119,1770.0,PUT,11.0
2026-12-18,119,1780.0,PUT,2.0
2026-12-18,119,1790.0,PUT,0.0
2026-12-18,119,1800.0,PUT,8.0
2026-12-18,119,1820.0,PUT,0.0
2026-12-18,119,1830.0,PUT,144.0
2026-12-18,119,1840.0,PUT,7.0
2026-12-18,119,1850.0,PUT,24.0
2026-12-18,119,1860.0,PUT,3.0
2026-12-18,119,1880.0,PUT,11.0
2026-12-18,119,1890.0,PUT,60.0
2026-12-18,119,1900.0,PUT,20.0
2026-12-18,119,1910.0,PUT,0.0
2026-12-18,119,1920.0,PUT,10.0
2026-12-18,119,1930.0,PUT,2.0
2026-12-18,119,1940.0,PUT,1.0
2026-12-18,119,1950.0,PUT,8.0
2026-12-18,119,1960.0,PUT,1.0
2026-12-18,119,1980.0,PUT,1.0
2026-12-18,119,2000.0,PUT,19.0
2026-12-18,119,2010.0,PUT,0.0
2026-12-18,119,2030.0,PUT,0.0
2026-12-18,119,2070.0,PUT,0.0
2026-12-18,119,2090.0,PUT,1.0
2026-12-18,119,2100.0,PUT,0.0
2026-12-18,119,2120.0,PUT,0.0
2026-12-18,119,2150.0,PUT,1.0
2026-12-18,119,2170.0,PUT,0.0
2026-12-18,119,2180.0,PUT,0.0
2026-12-18,119,2220.0,PUT,5.0
2026-12-18,119,2240.0,PUT,0.0
2026-12-18,119,2260.0,PUT,1.0
2026-12-18,119,2270.0,PUT,1.0
2026-12-18,119,2320.0,PUT,0.0
2026-12-18,119,2380.0,PUT,0.0
2026-12-18,119,2400.0,PUT,0.0
2026-12-18,119,2410.0,PUT,0.0
2026-12-18,119,2420.0,PUT,0.0
2026-12-18,119,2480.0,PUT,0.0
2026-12-18,119,2500.0,PUT,0.0
2027-01-15,147,35.0,CALL,119.0
2027-01-15,147,40.0,CALL,116.0
2027-01-15,147,45.0,CALL,178.0
2027-01-15,147,50.0,CALL,333.0
2027-01-15,147,55.0,CALL,105.0
2027-01-15,147,60.0,CALL,241.0
2027-01-15,147,65.0,CALL,0.0
2027-01-15,147,70.0,CALL,351.0
2027-01-15,147,75.0,CALL,335.0
2027-01-15,147,80.0,CALL,1725.0
2027-01-15,147,85.0,CALL,1283.0
2027-01-15,147,90.0,CALL,4466.0
2027-01-15,147,95.0,CALL,587.0
2027-01-15,147,100.0,CALL,656.0
2027-01-15,147,105.0,CALL,395.0
2027-01-15,147,110.0,CALL,1833.0
2027-01-15,147,115.0,CALL,366.0
2027-01-15,147,120.0,CALL,600.0
2027-01-15,147,125.0,CALL,410.0
2027-01-15,147,130.0,CALL,636.0
2027-01-15,147,135.0,CALL,493.0
2027-01-15,147,140.0,CALL,2529.0
2027-01-15,147,145.0,CALL,370.0
2027-01-15,147,150.0,CALL,2084.0
2027-01-15,147,155.0,CALL,359.0
2027-01-15,147,160.0,CALL,2297.0
2027-01-15,147,165.0,CALL,873.0
2027-01-15,147,170.0,CALL,983.0
2027-01-15,147,175.0,CALL,637.0
2027-01-15,147,180.0,CALL,795.0
2027-01-15,147,185.0,CALL,316.0
2027-01-15,147,190.0,CALL,1292.0
2027-01-15,147,195.0,CALL,998.0
2027-01-15,147,200.0,CALL,1433.0
2027-01-15,147,210.0,CALL,541.0
2027-01-15,147,220.0,CALL,3882.0
2027-01-15,147,230.0,CALL,961.0
2027-01-15,147,240.0,CALL,1011.0
2027-01-15,147,250.0,CALL,532.0
2027-01-15,147,260.0,CALL,417.0
2027-01-15,147,270.0,CALL,426.0
2027-01-15,147,280.0,CALL,251.0
2027-01-15,147,290.0,CALL,348.0
2027-01-15,147,300.0,CALL,1384.0
2027-01-15,147,310.0,CALL,736.0
2027-01-15,147,320.0,CALL,1956.0
2027-01-15,147,330.0,CALL,1633.0
2027-01-15,147,340.0,CALL,784.0
2027-01-15,147,350.0,CALL,2282.0
2027-01-15,147,360.0,CALL,618.0
2027-01-15,147,370.0,CALL,347.0
2027-01-15,147,380.0,CALL,728.0
2027-01-15,147,390.0,CALL,410.0
2027-01-15,147,400.0,CALL,1682.0
2027-01-15,147,410.0,CALL,604.0
2027-01-15,147,420.0,CALL,768.0
2027-01-15,147,430.0,CALL,963.0
2027-01-15,147,440.0,CALL,946.0
2027-01-15,147,450.0,CALL,3911.0
2027-01-15,147,460.0,CALL,557.0
2027-01-15,147,470.0,CALL,484.0
2027-01-15,147,480.0,CALL,1444.0
2027-01-15,147,490.0,CALL,1360.0
2027-01-15,147,500.0,CALL,5847.0
2027-01-15,147,510.0,CALL,1166.0
2027-01-15,147,520.0,CALL,1316.0
2027-01-15,147,530.0,CALL,572.0
2027-01-15,147,540.0,CALL,514.0
2027-01-15,147,550.0,CALL,3501.0
2027-01-15,147,560.0,CALL,509.0
2027-01-15,147,570.0,CALL,577.0
2027-01-15,147,580.0,CALL,1371.0
2027-01-15,147,590.0,CALL,361.0
2027-01-15,147,600.0,CALL,4867.0
2027-01-15,147,610.0,CALL,986.0
2027-01-15,147,620.0,CALL,1190.0
2027-01-15,147,630.0,CALL,1584.0
2027-01-15,147,640.0,CALL,550.0
2027-01-15,147,650.0,CALL,3650.0
2027-01-15,147,660.0,CALL,1258.0
2027-01-15,147,670.0,CALL,293.0
2027-01-15,147,680.0,CALL,1330.0
2027-01-15,147,690.0,CALL,1491.0
2027-01-15,147,700.0,CALL,4924.0
2027-01-15,147,710.0,CALL,1221.0
2027-01-15,147,720.0,CALL,1135.0
2027-01-15,147,730.0,CALL,261.0
2027-01-15,147,740.0,CALL,3992.0
2027-01-15,147,750.0,CALL,3686.0
2027-01-15,147,760.0,CALL,387.0
2027-01-15,147,770.0,CALL,296.0
2027-01-15,147,780.0,CALL,790.0
2027-01-15,147,790.0,CALL,896.0
2027-01-15,147,800.0,CALL,4619.0
2027-01-15,147,810.0,CALL,563.0
2027-01-15,147,820.0,CALL,520.0
2027-01-15,147,830.0,CALL,676.0
2027-01-15,147,840.0,CALL,1286.0
2027-01-15,147,850.0,CALL,3042.0
2027-01-15,147,860.0,CALL,442.0
2027-01-15,147,870.0,CALL,658.0
2027-01-15,147,880.0,CALL,617.0
2027-01-15,147,890.0,CALL,373.0
2027-01-15,147,900.0,CALL,6482.0
2027-01-15,147,910.0,CALL,1975.0
2027-01-15,147,920.0,CALL,173.0
2027-01-15,147,930.0,CALL,251.0
2027-01-15,147,940.0,CALL,394.0
2027-01-15,147,950.0,CALL,4285.0
2027-01-15,147,960.0,CALL,493.0
2027-01-15,147,970.0,CALL,390.0
2027-01-15,147,980.0,CALL,363.0
2027-01-15,147,990.0,CALL,216.0
2027-01-15,147,1000.0,CALL,6175.0
2027-01-15,147,1010.0,CALL,410.0
2027-01-15,147,1020.0,CALL,472.0
2027-01-15,147,1030.0,CALL,507.0
2027-01-15,147,1040.0,CALL,768.0
2027-01-15,147,1050.0,CALL,1892.0
2027-01-15,147,1060.0,CALL,725.0
2027-01-15,147,1070.0,CALL,208.0
2027-01-15,147,1080.0,CALL,963.0
2027-01-15,147,1090.0,CALL,897.0
2027-01-15,147,1100.0,CALL,3004.0
2027-01-15,147,1110.0,CALL,475.0
2027-01-15,147,1120.0,CALL,409.0
2027-01-15,147,1130.0,CALL,293.0
2027-01-15,147,1140.0,CALL,387.0
2027-01-15,147,1150.0,CALL,4323.0
2027-01-15,147,1160.0,CALL,453.0
2027-01-15,147,1170.0,CALL,449.0
2027-01-15,147,1180.0,CALL,954.0
2027-01-15,147,1190.0,CALL,366.0
2027-01-15,147,1200.0,CALL,4248.0
2027-01-15,147,1210.0,CALL,468.0
2027-01-15,147,1220.0,CALL,782.0
2027-01-15,147,1230.0,CALL,293.0
2027-01-15,147,1240.0,CALL,456.0
2027-01-15,147,1250.0,CALL,2099.0
2027-01-15,147,1260.0,CALL,416.0
2027-01-15,147,1270.0,CALL,131.0
2027-01-15,147,1280.0,CALL,592.0
2027-01-15,147,1290.0,CALL,169.0
2027-01-15,147,1300.0,CALL,8133.0
2027-01-15,147,1310.0,CALL,325.0
2027-01-15,147,1320.0,CALL,446.0
2027-01-15,147,1330.0,CALL,194.0
2027-01-15,147,1340.0,CALL,1550.0
2027-01-15,147,1350.0,CALL,1308.0
2027-01-15,147,1360.0,CALL,685.0
2027-01-15,147,1370.0,CALL,277.0
2027-01-15,147,1380.0,CALL,785.0
2027-01-15,147,1390.0,CALL,363.0
2027-01-15,147,1400.0,CALL,4725.0
2027-01-15,147,1410.0,CALL,372.0
2027-01-15,147,1420.0,CALL,607.0
2027-01-15,147,1430.0,CALL,210.0
2027-01-15,147,1440.0,CALL,371.0
2027-01-15,147,1450.0,CALL,286.0
2027-01-15,147,1460.0,CALL,249.0
2027-01-15,147,1470.0,CALL,444.0
2027-01-15,147,1480.0,CALL,580.0
2027-01-15,147,1490.0,CALL,313.0
2027-01-15,147,1500.0,CALL,4360.0
2027-01-15,147,1510.0,CALL,137.0
2027-01-15,147,1520.0,CALL,276.0
2027-01-15,147,1530.0,CALL,117.0
2027-01-15,147,1540.0,CALL,366.0
2027-01-15,147,1550.0,CALL,711.0
2027-01-15,147,1560.0,CALL,547.0
2027-01-15,147,1570.0,CALL,511.0
2027-01-15,147,1580.0,CALL,367.0
2027-01-15,147,1590.0,CALL,463.0
2027-01-15,147,1600.0,CALL,2015.0
2027-01-15,147,1610.0,CALL,596.0
2027-01-15,147,1620.0,CALL,436.0
2027-01-15,147,1630.0,CALL,811.0
2027-01-15,147,1640.0,CALL,185.0
2027-01-15,147,1650.0,CALL,402.0
2027-01-15,147,1660.0,CALL,261.0
2027-01-15,147,1670.0,CALL,231.0
2027-01-15,147,1680.0,CALL,134.0
2027-01-15,147,1690.0,CALL,198.0
2027-01-15,147,1700.0,CALL,1411.0
2027-01-15,147,1710.0,CALL,312.0
2027-01-15,147,1720.0,CALL,102.0
2027-01-15,147,1730.0,CALL,202.0
2027-01-15,147,1740.0,CALL,165.0
2027-01-15,147,1750.0,CALL,948.0
2027-01-15,147,1760.0,CALL,183.0
2027-01-15,147,1770.0,CALL,304.0
2027-01-15,147,1780.0,CALL,149.0
2027-01-15,147,1790.0,CALL,244.0
2027-01-15,147,1800.0,CALL,696.0
2027-01-15,147,1810.0,CALL,601.0
2027-01-15,147,1820.0,CALL,245.0
2027-01-15,147,1830.0,CALL,1088.0
2027-01-15,147,1840.0,CALL,133.0
2027-01-15,147,1850.0,CALL,278.0
2027-01-15,147,1860.0,CALL,102.0
2027-01-15,147,1870.0,CALL,84.0
2027-01-15,147,1880.0,CALL,54.0
2027-01-15,147,1890.0,CALL,48.0
2027-01-15,147,1900.0,CALL,1395.0
2027-01-15,147,1910.0,CALL,693.0
2027-01-15,147,1920.0,CALL,224.0
2027-01-15,147,1930.0,CALL,108.0
2027-01-15,147,1940.0,CALL,99.0
2027-01-15,147,1950.0,CALL,884.0
2027-01-15,147,1960.0,CALL,241.0
2027-01-15,147,1970.0,CALL,126.0
2027-01-15,147,1980.0,CALL,218.0
2027-01-15,147,1990.0,CALL,210.0
2027-01-15,147,2000.0,CALL,2461.0
2027-01-15,147,2010.0,CALL,107.0
2027-01-15,147,2020.0,CALL,299.0
2027-01-15,147,2030.0,CALL,172.0
2027-01-15,147,2040.0,CALL,85.0
2027-01-15,147,2050.0,CALL,718.0
2027-01-15,147,2060.0,CALL,82.0
2027-01-15,147,2070.0,CALL,149.0
2027-01-15,147,2080.0,CALL,168.0
2027-01-15,147,2090.0,CALL,227.0
2027-01-15,147,2100.0,CALL,528.0
2027-01-15,147,2110.0,CALL,178.0
2027-01-15,147,2120.0,CALL,135.0
2027-01-15,147,2130.0,CALL,90.0
2027-01-15,147,2140.0,CALL,55.0
2027-01-15,147,2150.0,CALL,320.0
2027-01-15,147,2160.0,CALL,171.0
2027-01-15,147,2170.0,CALL,1481.0
2027-01-15,147,2180.0,CALL,69.0
2027-01-15,147,2190.0,CALL,94.0
2027-01-15,147,2200.0,CALL,411.0
2027-01-15,147,2210.0,CALL,126.0
2027-01-15,147,2220.0,CALL,90.0
2027-01-15,147,2230.0,CALL,11.0
2027-01-15,147,2240.0,CALL,39.0
2027-01-15,147,2250.0,CALL,231.0
2027-01-15,147,2260.0,CALL,88.0
2027-01-15,147,2270.0,CALL,108.0
2027-01-15,147,2280.0,CALL,26.0
2027-01-15,147,2290.0,CALL,180.0
2027-01-15,147,2300.0,CALL,94.0
2027-01-15,147,2310.0,CALL,84.0
2027-01-15,147,2320.0,CALL,108.0
2027-01-15,147,2330.0,CALL,28.0
2027-01-15,147,2340.0,CALL,25.0
2027-01-15,147,2350.0,CALL,66.0
2027-01-15,147,2360.0,CALL,75.0
2027-01-15,147,2370.0,CALL,94.0
2027-01-15,147,2380.0,CALL,162.0
2027-01-15,147,2390.0,CALL,232.0
2027-01-15,147,2400.0,CALL,801.0
2027-01-15,147,2410.0,CALL,108.0
2027-01-15,147,2420.0,CALL,391.0
2027-01-15,147,2440.0,CALL,222.0
2027-01-15,147,2460.0,CALL,183.0
2027-01-15,147,2480.0,CALL,217.0
2027-01-15,147,2500.0,CALL,2742.0
2027-01-15,147,35.0,PUT,2235.0
2027-01-15,147,40.0,PUT,3961.0
2027-01-15,147,45.0,PUT,3500.0
2027-01-15,147,50.0,PUT,2204.0
2027-01-15,147,55.0,PUT,2773.0
2027-01-15,147,60.0,PUT,6064.0
2027-01-15,147,65.0,PUT,3006.0
2027-01-15,147,70.0,PUT,5708.0
2027-01-15,147,75.0,PUT,6534.0
2027-01-15,147,80.0,PUT,7882.0
2027-01-15,147,85.0,PUT,2898.0
2027-01-15,147,90.0,PUT,4204.0
2027-01-15,147,95.0,PUT,2449.0
2027-01-15,147,100.0,PUT,2837.0
2027-01-15,147,105.0,PUT,1364.0
2027-01-15,147,110.0,PUT,3282.0
2027-01-15,147,115.0,PUT,1649.0
2027-01-15,147,120.0,PUT,1910.0
2027-01-15,147,125.0,PUT,1211.0
2027-01-15,147,130.0,PUT,6047.0
2027-01-15,147,135.0,PUT,720.0
2027-01-15,147,140.0,PUT,961.0
2027-01-15,147,145.0,PUT,580.0
2027-01-15,147,150.0,PUT,3863.0
2027-01-15,147,155.0,PUT,344.0
2027-01-15,147,160.0,PUT,2597.0
2027-01-15,147,165.0,PUT,286.0
2027-01-15,147,170.0,PUT,1024.0
2027-01-15,147,175.0,PUT,590.0
2027-01-15,147,180.0,PUT,1438.0
2027-01-15,147,185.0,PUT,417.0
2027-01-15,147,190.0,PUT,609.0
2027-01-15,147,195.0,PUT,468.0
2027-01-15,147,200.0,PUT,3466.0
2027-01-15,147,210.0,PUT,899.0
2027-01-15,147,220.0,PUT,1527.0
2027-01-15,147,230.0,PUT,1696.0
2027-01-15,147,240.0,PUT,1861.0
2027-01-15,147,250.0,PUT,3927.0
2027-01-15,147,260.0,PUT,1704.0
2027-01-15,147,270.0,PUT,1499.0
2027-01-15,147,280.0,PUT,1607.0
2027-01-15,147,290.0,PUT,927.0
2027-01-15,147,300.0,PUT,7757.0
2027-01-15,147,310.0,PUT,990.0
2027-01-15,147,320.0,PUT,2690.0
2027-01-15,147,330.0,PUT,2159.0
2027-01-15,147,340.0,PUT,1882.0
2027-01-15,147,350.0,PUT,3847.0
2027-01-15,147,360.0,PUT,4312.0
2027-01-15,147,370.0,PUT,1478.0
2027-01-15,147,380.0,PUT,2222.0
2027-01-15,147,390.0,PUT,1951.0
2027-01-15,147,400.0,PUT,4765.0
2027-01-15,147,410.0,PUT,947.0
2027-01-15,147,420.0,PUT,1050.0
2027-01-15,147,430.0,PUT,2462.0
2027-01-15,147,440.0,PUT,995.0
2027-01-15,147,450.0,PUT,2802.0
2027-01-15,147,460.0,PUT,1338.0
2027-01-15,147,470.0,PUT,1706.0
2027-01-15,147,480.0,PUT,1262.0
2027-01-15,147,490.0,PUT,1366.0
2027-01-15,147,500.0,PUT,4128.0
2027-01-15,147,510.0,PUT,1031.0
2027-01-15,147,520.0,PUT,985.0
2027-01-15,147,530.0,PUT,569.0
2027-01-15,147,540.0,PUT,785.0
2027-01-15,147,550.0,PUT,4317.0
2027-01-15,147,560.0,PUT,502.0
2027-01-15,147,570.0,PUT,441.0
2027-01-15,147,580.0,PUT,779.0
2027-01-15,147,590.0,PUT,933.0
2027-01-15,147,600.0,PUT,3591.0
2027-01-15,147,610.0,PUT,642.0
2027-01-15,147,620.0,PUT,1682.0
2027-01-15,147,630.0,PUT,488.0
2027-01-15,147,640.0,PUT,434.0
2027-01-15,147,650.0,PUT,4166.0
2027-01-15,147,660.0,PUT,276.0
2027-01-15,147,670.0,PUT,341.0
2027-01-15,147,680.0,PUT,709.0
2027-01-15,147,690.0,PUT,887.0
2027-01-15,147,700.0,PUT,5676.0
2027-01-15,147,710.0,PUT,622.0
2027-01-15,147,720.0,PUT,1970.0
2027-01-15,147,730.0,PUT,602.0
2027-01-15,147,740.0,PUT,244.0
2027-01-15,147,750.0,PUT,3330.0
2027-01-15,147,760.0,PUT,483.0
2027-01-15,147,770.0,PUT,452.0
2027-01-15,147,780.0,PUT,1084.0
2027-01-15,147,790.0,PUT,663.0
2027-01-15,147,800.0,PUT,4054.0
2027-01-15,147,810.0,PUT,258.0
2027-01-15,147,820.0,PUT,338.0
2027-01-15,147,830.0,PUT,891.0
2027-01-15,147,840.0,PUT,632.0
2027-01-15,147,850.0,PUT,3530.0
2027-01-15,147,860.0,PUT,322.0
2027-01-15,147,870.0,PUT,1447.0
2027-01-15,147,880.0,PUT,249.0
2027-01-15,147,890.0,PUT,597.0
2027-01-15,147,900.0,PUT,2341.0
2027-01-15,147,910.0,PUT,233.0
2027-01-15,147,920.0,PUT,1258.0
2027-01-15,147,930.0,PUT,232.0
2027-01-15,147,940.0,PUT,444.0
2027-01-15,147,950.0,PUT,1872.0
2027-01-15,147,960.0,PUT,378.0
2027-01-15,147,970.0,PUT,237.0
2027-01-15,147,980.0,PUT,362.0
2027-01-15,147,990.0,PUT,273.0
2027-01-15,147,1000.0,PUT,3381.0
2027-01-15,147,1010.0,PUT,449.0
2027-01-15,147,1020.0,PUT,226.0
2027-01-15,147,1030.0,PUT,201.0
2027-01-15,147,1040.0,PUT,200.0
2027-01-15,147,1050.0,PUT,506.0
2027-01-15,147,1060.0,PUT,562.0
2027-01-15,147,1070.0,PUT,114.0
2027-01-15,147,1080.0,PUT,143.0
2027-01-15,147,1090.0,PUT,81.0
2027-01-15,147,1100.0,PUT,635.0
2027-01-15,147,1110.0,PUT,94.0
2027-01-15,147,1120.0,PUT,156.0
2027-01-15,147,1130.0,PUT,115.0
2027-01-15,147,1140.0,PUT,44.0
2027-01-15,147,1150.0,PUT,140.0
2027-01-15,147,1160.0,PUT,42.0
2027-01-15,147,1170.0,PUT,130.0
2027-01-15,147,1180.0,PUT,52.0
2027-01-15,147,1190.0,PUT,131.0
2027-01-15,147,1200.0,PUT,1040.0
2027-01-15,147,1210.0,PUT,29.0
2027-01-15,147,1220.0,PUT,31.0
2027-01-15,147,1230.0,PUT,23.0
2027-01-15,147,1240.0,PUT,445.0
2027-01-15,147,1250.0,PUT,48.0
2027-01-15,147,1260.0,PUT,70.0
2027-01-15,147,1270.0,PUT,50.0
2027-01-15,147,1280.0,PUT,99.0
2027-01-15,147,1290.0,PUT,24.0
2027-01-15,147,1300.0,PUT,145.0
2027-01-15,147,1310.0,PUT,24.0
2027-01-15,147,1320.0,PUT,42.0
2027-01-15,147,1330.0,PUT,72.0
2027-01-15,147,1340.0,PUT,28.0
2027-01-15,147,1350.0,PUT,20.0
2027-01-15,147,1360.0,PUT,51.0
2027-01-15,147,1370.0,PUT,20.0
2027-01-15,147,1380.0,PUT,79.0
2027-01-15,147,1390.0,PUT,65.0
2027-01-15,147,1400.0,PUT,270.0
2027-01-15,147,1410.0,PUT,94.0
2027-01-15,147,1420.0,PUT,38.0
2027-01-15,147,1430.0,PUT,13.0
2027-01-15,147,1440.0,PUT,71.0
2027-01-15,147,1450.0,PUT,59.0
2027-01-15,147,1460.0,PUT,25.0
2027-01-15,147,1470.0,PUT,57.0
2027-01-15,147,1480.0,PUT,142.0
2027-01-15,147,1490.0,PUT,13.0
2027-01-15,147,1500.0,PUT,402.0
2027-01-15,147,1510.0,PUT,10.0
2027-01-15,147,1520.0,PUT,7.0
2027-01-15,147,1530.0,PUT,2.0
2027-01-15,147,1540.0,PUT,11.0
2027-01-15,147,1550.0,PUT,2.0
2027-01-15,147,1560.0,PUT,3.0
2027-01-15,147,1570.0,PUT,2.0
2027-01-15,147,1580.0,PUT,1.0
2027-01-15,147,1590.0,PUT,2.0
2027-01-15,147,1600.0,PUT,18.0
2027-01-15,147,1610.0,PUT,4.0
2027-01-15,147,1620.0,PUT,6.0
2027-01-15,147,1630.0,PUT,91.0
2027-01-15,147,1640.0,PUT,25.0
2027-01-15,147,1650.0,PUT,2.0
2027-01-15,147,1660.0,PUT,6.0
2027-01-15,147,1670.0,PUT,0.0
2027-01-15,147,1680.0,PUT,14.0
2027-01-15,147,1690.0,PUT,0.0
2027-01-15,147,1700.0,PUT,24.0
2027-01-15,147,1710.0,PUT,0.0
2027-01-15,147,1720.0,PUT,7.0
2027-01-15,147,1730.0,PUT,1.0
2027-01-15,147,1740.0,PUT,2.0
2027-01-15,147,1750.0,PUT,4.0
2027-01-15,147,1760.0,PUT,33.0
2027-01-15,147,1770.0,PUT,1.0
2027-01-15,147,1780.0,PUT,1.0
2027-01-15,147,1790.0,PUT,7.0
2027-01-15,147,1800.0,PUT,12.0
2027-01-15,147,1810.0,PUT,4.0
2027-01-15,147,1820.0,PUT,5.0
2027-01-15,147,1830.0,PUT,52.0
2027-01-15,147,1840.0,PUT,10.0
2027-01-15,147,1850.0,PUT,1.0
2027-01-15,147,1880.0,PUT,1.0
2027-01-15,147,1900.0,PUT,6.0
2027-01-15,147,1910.0,PUT,7.0
2027-01-15,147,1920.0,PUT,2.0
2027-01-15,147,1930.0,PUT,2.0
2027-01-15,147,1940.0,PUT,3.0
2027-01-15,147,1950.0,PUT,2.0
2027-01-15,147,1960.0,PUT,11.0
2027-01-15,147,1970.0,PUT,1.0
2027-01-15,147,1980.0,PUT,1.0
2027-01-15,147,1990.0,PUT,3.0
2027-01-15,147,2000.0,PUT,15.0
2027-01-15,147,2010.0,PUT,9.0
2027-01-15,147,2020.0,PUT,3.0
2027-01-15,147,2030.0,PUT,1.0
2027-01-15,147,2050.0,PUT,3.0
2027-01-15,147,2060.0,PUT,1.0
2027-01-15,147,2080.0,PUT,1.0
2027-01-15,147,2090.0,PUT,4.0
2027-01-15,147,2100.0,PUT,13.0
2027-01-15,147,2110.0,PUT,1.0
2027-01-15,147,2120.0,PUT,4.0
2027-01-15,147,2130.0,PUT,0.0
2027-01-15,147,2140.0,PUT,17.0
2027-01-15,147,2150.0,PUT,2.0
2027-01-15,147,2160.0,PUT,36.0
2027-01-15,147,2170.0,PUT,21.0
2027-01-15,147,2190.0,PUT,10.0
2027-01-15,147,2200.0,PUT,2.0
2027-01-15,147,2210.0,PUT,6.0
2027-01-15,147,2220.0,PUT,1.0
2027-01-15,147,2230.0,PUT,0.0
2027-01-15,147,2270.0,PUT,0.0
2027-01-15,147,2280.0,PUT,0.0
2027-01-15,147,2290.0,PUT,8.0
2027-01-15,147,2300.0,PUT,7.0
2027-01-15,147,2310.0,PUT,0.0
2027-01-15,147,2320.0,PUT,0.0
2027-01-15,147,2350.0,PUT,0.0
2027-01-15,147,2360.0,PUT,0.0
2027-01-15,147,2370.0,PUT,0.0
2027-01-15,147,2380.0,PUT,0.0
2027-01-15,147,2390.0,PUT,0.0
2027-01-15,147,2400.0,PUT,0.0
2027-01-15,147,2410.0,PUT,0.0
2027-01-15,147,2420.0,PUT,0.0
2027-01-15,147,2440.0,PUT,0.0
2027-01-15,147,2460.0,PUT,0.0
2027-01-15,147,2480.0,PUT,0.0
2027-01-15,147,2500.0,PUT,0.0
