expiration,DTE,strike,option_type,openInterest
2026-08-14,0,100.0,CALL,4
2026-08-14,0,110.0,CALL,13
2026-08-14,0,130.0,CALL,3
2026-08-14,0,135.0,CALL,4
2026-08-14,0,140.0,CALL,0
2026-08-14,0,155.0,CALL,1
2026-08-14,0,180.0,CALL,1
2026-08-14,0,190.0,CALL,1
2026-08-14,0,240.0,CALL,1
2026-08-14,0,250.0,CALL,0
2026-08-14,0,260.0,CALL,1
2026-08-14,0,290.0,CALL,1
2026-08-14,0,320.0,CALL,1
2026-08-14,0,325.0,CALL,1
2026-08-14,0,330.0,CALL,1
2026-08-14,0,345.0,CALL,1
2026-08-14,0,350.0,CALL,1
2026-08-14,0,355.0,CALL,2
2026-08-14,0,370.0,CALL,6
2026-08-14,0,375.0,CALL,0
2026-08-14,0,380.0,CALL,5
2026-08-14,0,385.0,CALL,1
2026-08-14,0,400.0,CALL,3
2026-08-14,0,420.0,CALL,7
2026-08-14,0,425.0,CALL,1
2026-08-14,0,430.0,CALL,1
2026-08-14,0,440.0,CALL,1
2026-08-14,0,450.0,CALL,3
2026-08-14,0,455.0,CALL,0
2026-08-14,0,460.0,CALL,1
2026-08-14,0,470.0,CALL,25
2026-08-14,0,475.0,CALL,5
2026-08-14,0,480.0,CALL,13
2026-08-14,0,500.0,CALL,40
2026-08-14,0,505.0,CALL,25
2026-08-14,0,510.0,CALL,136
2026-08-14,0,525.0,CALL,5
2026-08-14,0,530.0,CALL,2
2026-08-14,0,535.0,CALL,0
2026-08-14,0,540.0,CALL,7
2026-08-14,0,545.0,CALL,0
2026-08-14,0,550.0,CALL,2
2026-08-14,0,555.0,CALL,1
2026-08-14,0,560.0,CALL,1
2026-08-14,0,565.0,CALL,6
2026-08-14,0,570.0,CALL,15
2026-08-14,0,575.0,CALL,35
2026-08-14,0,580.0,CALL,0
2026-08-14,0,585.0,CALL,11
2026-08-14,0,590.0,CALL,1
2026-08-14,0,595.0,CALL,2
2026-08-14,0,600.0,CALL,11
2026-08-14,0,605.0,CALL,6
2026-08-14,0,610.0,CALL,11
2026-08-14,0,615.0,CALL,3
2026-08-14,0,617.5,CALL,10
2026-08-14,0,620.0,CALL,7
2026-08-14,0,622.5,CALL,10
2026-08-14,0,625.0,CALL,8
2026-08-14,0,630.0,CALL,13
2026-08-14,0,635.0,CALL,24
2026-08-14,0,640.0,CALL,25
2026-08-14,0,645.0,CALL,6
2026-08-14,0,650.0,CALL,29
2026-08-14,0,655.0,CALL,7
2026-08-14,0,660.0,CALL,21
2026-08-14,0,665.0,CALL,5
2026-08-14,0,670.0,CALL,12
2026-08-14,0,675.0,CALL,20
2026-08-14,0,680.0,CALL,27
2026-08-14,0,682.5,CALL,12
2026-08-14,0,685.0,CALL,6
2026-08-14,0,687.5,CALL,13
2026-08-14,0,690.0,CALL,10
2026-08-14,0,695.0,CALL,2
2026-08-14,0,700.0,CALL,99
2026-08-14,0,702.5,CALL,3
2026-08-14,0,705.0,CALL,27
2026-08-14,0,710.0,CALL,39
2026-08-14,0,712.5,CALL,1
2026-08-14,0,715.0,CALL,13
2026-08-14,0,717.5,CALL,3
2026-08-14,0,720.0,CALL,21
2026-08-14,0,725.0,CALL,16
2026-08-14,0,727.5,CALL,3
2026-08-14,0,730.0,CALL,79
2026-08-14,0,732.5,CALL,3
2026-08-14,0,735.0,CALL,25
2026-08-14,0,737.5,CALL,2
2026-08-14,0,740.0,CALL,47
2026-08-14,0,745.0,CALL,17
2026-08-14,0,750.0,CALL,36
2026-08-14,0,755.0,CALL,49
2026-08-14,0,760.0,CALL,42
2026-08-14,0,765.0,CALL,30
2026-08-14,0,770.0,CALL,297
2026-08-14,0,772.5,CALL,27
2026-08-14,0,775.0,CALL,172
2026-08-14,0,777.5,CALL,31
2026-08-14,0,780.0,CALL,119
2026-08-14,0,782.5,CALL,14
2026-08-14,0,785.0,CALL,113
2026-08-14,0,787.5,CALL,61
2026-08-14,0,790.0,CALL,51
2026-08-14,0,792.5,CALL,64
2026-08-14,0,795.0,CALL,109
2026-08-14,0,800.0,CALL,700
2026-08-14,0,805.0,CALL,160
2026-08-14,0,810.0,CALL,218
2026-08-14,0,815.0,CALL,200
2026-08-14,0,820.0,CALL,205
2026-08-14,0,825.0,CALL,312
2026-08-14,0,830.0,CALL,285
2026-08-14,0,835.0,CALL,80
2026-08-14,0,840.0,CALL,297
2026-08-14,0,845.0,CALL,311
2026-08-14,0,850.0,CALL,1612
2026-08-14,0,855.0,CALL,2703
2026-08-14,0,860.0,CALL,1552
2026-08-14,0,865.0,CALL,1299
2026-08-14,0,870.0,CALL,560
2026-08-14,0,875.0,CALL,733
2026-08-14,0,880.0,CALL,964
2026-08-14,0,885.0,CALL,526
2026-08-14,0,890.0,CALL,1367
2026-08-14,0,895.0,CALL,1079
2026-08-14,0,900.0,CALL,6860
2026-08-14,0,905.0,CALL,506
2026-08-14,0,907.5,CALL,165
2026-08-14,0,910.0,CALL,1054
2026-08-14,0,912.5,CALL,496
2026-08-14,0,915.0,CALL,627
2026-08-14,0,917.5,CALL,229
2026-08-14,0,920.0,CALL,3292
2026-08-14,0,922.5,CALL,328
2026-08-14,0,925.0,CALL,2416
2026-08-14,0,927.5,CALL,310
2026-08-14,0,930.0,CALL,2703
2026-08-14,0,932.5,CALL,629
2026-08-14,0,935.0,CALL,710
2026-08-14,0,940.0,CALL,3594
2026-08-14,0,945.0,CALL,1006
2026-08-14,0,950.0,CALL,5925
2026-08-14,0,955.0,CALL,1473
2026-08-14,0,957.5,CALL,1064
2026-08-14,0,960.0,CALL,3050
2026-08-14,0,962.5,CALL,864
2026-08-14,0,965.0,CALL,987
2026-08-14,0,970.0,CALL,3356
2026-08-14,0,975.0,CALL,1781
2026-08-14,0,980.0,CALL,3354
2026-08-14,0,985.0,CALL,1537
2026-08-14,0,990.0,CALL,1782
2026-08-14,0,995.0,CALL,1188
2026-08-14,0,1000.0,CALL,15391
2026-08-14,0,1005.0,CALL,2397
2026-08-14,0,1010.0,CALL,2002
2026-08-14,0,1015.0,CALL,3073
2026-08-14,0,1020.0,CALL,3473
2026-08-14,0,1025.0,CALL,1544
2026-08-14,0,1030.0,CALL,1054
2026-08-14,0,1035.0,CALL,530
2026-08-14,0,1040.0,CALL,1730
2026-08-14,0,1045.0,CALL,1378
2026-08-14,0,1050.0,CALL,5349
2026-08-14,0,1055.0,CALL,1590
2026-08-14,0,1060.0,CALL,1589
2026-08-14,0,1065.0,CALL,404
2026-08-14,0,1070.0,CALL,635
2026-08-14,0,1075.0,CALL,894
2026-08-14,0,1080.0,CALL,849
2026-08-14,0,1085.0,CALL,297
2026-08-14,0,1090.0,CALL,700
2026-08-14,0,1095.0,CALL,413
2026-08-14,0,1100.0,CALL,4434
2026-08-14,0,1105.0,CALL,452
2026-08-14,0,1110.0,CALL,655
2026-08-14,0,1115.0,CALL,355
2026-08-14,0,1120.0,CALL,811
2026-08-14,0,1125.0,CALL,286
2026-08-14,0,1130.0,CALL,164
2026-08-14,0,1135.0,CALL,316
2026-08-14,0,1140.0,CALL,328
2026-08-14,0,1145.0,CALL,200
2026-08-14,0,1150.0,CALL,1218
2026-08-14,0,1155.0,CALL,192
2026-08-14,0,1160.0,CALL,214
2026-08-14,0,1165.0,CALL,29
2026-08-14,0,1170.0,CALL,212
2026-08-14,0,1175.0,CALL,97
2026-08-14,0,1180.0,CALL,157
2026-08-14,0,1185.0,CALL,148
2026-08-14,0,1190.0,CALL,182
2026-08-14,0,1200.0,CALL,3755
2026-08-14,0,1210.0,CALL,193
2026-08-14,0,1220.0,CALL,387
2026-08-14,0,1230.0,CALL,377
2026-08-14,0,1240.0,CALL,335
2026-08-14,0,1250.0,CALL,755
2026-08-14,0,1260.0,CALL,253
2026-08-14,0,1270.0,CALL,206
2026-08-14,0,1280.0,CALL,333
2026-08-14,0,1290.0,CALL,254
2026-08-14,0,1300.0,CALL,868
2026-08-14,0,1310.0,CALL,151
2026-08-14,0,1320.0,CALL,305
2026-08-14,0,1330.0,CALL,443
2026-08-14,0,1340.0,CALL,148
2026-08-14,0,1350.0,CALL,425
2026-08-14,0,1360.0,CALL,356
2026-08-14,0,1370.0,CALL,124
2026-08-14,0,1380.0,CALL,160
2026-08-14,0,1390.0,CALL,114
2026-08-14,0,1400.0,CALL,527
2026-08-14,0,1410.0,CALL,72
2026-08-14,0,1420.0,CALL,79
2026-08-14,0,1430.0,CALL,81
2026-08-14,0,1440.0,CALL,140
2026-08-14,0,1450.0,CALL,641
2026-08-14,0,1460.0,CALL,104
2026-08-14,0,1470.0,CALL,146
2026-08-14,0,1480.0,CALL,64
2026-08-14,0,1490.0,CALL,95
2026-08-14,0,1500.0,CALL,558
2026-08-14,0,1510.0,CALL,184
2026-08-14,0,1520.0,CALL,59
2026-08-14,0,1530.0,CALL,133
2026-08-14,0,1540.0,CALL,50
2026-08-14,0,1550.0,CALL,39
2026-08-14,0,1560.0,CALL,115
2026-08-14,0,1570.0,CALL,89
2026-08-14,0,1580.0,CALL,30
2026-08-14,0,1590.0,CALL,37
2026-08-14,0,1600.0,CALL,226
2026-08-14,0,1610.0,CALL,87
2026-08-14,0,1620.0,CALL,166
2026-08-14,0,1630.0,CALL,59
2026-08-14,0,1640.0,CALL,65
2026-08-14,0,1650.0,CALL,71
2026-08-14,0,1660.0,CALL,72
2026-08-14,0,1670.0,CALL,157
2026-08-14,0,1680.0,CALL,40
2026-08-14,0,1690.0,CALL,49
2026-08-14,0,1700.0,CALL,557
2026-08-14,0,1710.0,CALL,88
2026-08-14,0,1720.0,CALL,16
2026-08-14,0,1730.0,CALL,60
2026-08-14,0,1740.0,CALL,56
2026-08-14,0,1750.0,CALL,80
2026-08-14,0,1760.0,CALL,40
2026-08-14,0,1770.0,CALL,51
2026-08-14,0,1780.0,CALL,34
2026-08-14,0,1790.0,CALL,40
2026-08-14,0,1800.0,CALL,109
2026-08-14,0,1810.0,CALL,19
2026-08-14,0,1820.0,CALL,954
2026-08-14,0,1830.0,CALL,116
2026-08-14,0,1840.0,CALL,108
2026-08-14,0,1850.0,CALL,332
2026-08-14,0,1860.0,CALL,157
2026-08-14,0,1870.0,CALL,211
2026-08-14,0,1880.0,CALL,164
2026-08-14,0,1890.0,CALL,139
2026-08-14,0,1900.0,CALL,1149
2026-08-14,0,1910.0,CALL,105
2026-08-14,0,1920.0,CALL,517
2026-08-14,0,1930.0,CALL,300
2026-08-14,0,1940.0,CALL,418
2026-08-14,0,1950.0,CALL,157
2026-08-14,0,1960.0,CALL,237
2026-08-14,0,1970.0,CALL,144
2026-08-14,0,1980.0,CALL,125
2026-08-14,0,1990.0,CALL,130
2026-08-14,0,2000.0,CALL,473
2026-08-14,0,2010.0,CALL,88
2026-08-14,0,2020.0,CALL,174
2026-08-14,0,2030.0,CALL,576
2026-08-14,0,2040.0,CALL,125
2026-08-14,0,2050.0,CALL,81
2026-08-14,0,2060.0,CALL,21
2026-08-14,0,2070.0,CALL,50
2026-08-14,0,2080.0,CALL,15
2026-08-14,0,2090.0,CALL,15
2026-08-14,0,2100.0,CALL,74
2026-08-14,0,2110.0,CALL,31
2026-08-14,0,2120.0,CALL,65
2026-08-14,0,100.0,PUT,98
2026-08-14,0,105.0,PUT,23199
2026-08-14,0,110.0,PUT,7012
2026-08-14,0,115.0,PUT,2146
2026-08-14,0,120.0,PUT,2039
2026-08-14,0,125.0,PUT,2001
2026-08-14,0,130.0,PUT,1003
2026-08-14,0,135.0,PUT,1066
2026-08-14,0,140.0,PUT,1020
2026-08-14,0,145.0,PUT,1014
2026-08-14,0,150.0,PUT,1106
2026-08-14,0,155.0,PUT,1500
2026-08-14,0,160.0,PUT,116
2026-08-14,0,165.0,PUT,9
2026-08-14,0,170.0,PUT,140
2026-08-14,0,175.0,PUT,286
2026-08-14,0,180.0,PUT,116
2026-08-14,0,185.0,PUT,155
2026-08-14,0,190.0,PUT,517
2026-08-14,0,195.0,PUT,165
2026-08-14,0,200.0,PUT,249
2026-08-14,0,210.0,PUT,9
2026-08-14,0,215.0,PUT,120
2026-08-14,0,220.0,PUT,45
2026-08-14,0,225.0,PUT,1006
2026-08-14,0,230.0,PUT,8
2026-08-14,0,235.0,PUT,8
2026-08-14,0,240.0,PUT,380
2026-08-14,0,245.0,PUT,32
2026-08-14,0,250.0,PUT,201
2026-08-14,0,255.0,PUT,154
2026-08-14,0,260.0,PUT,38
2026-08-14,0,265.0,PUT,16
2026-08-14,0,270.0,PUT,36
2026-08-14,0,275.0,PUT,9
2026-08-14,0,280.0,PUT,1368
2026-08-14,0,285.0,PUT,14
2026-08-14,0,290.0,PUT,562
2026-08-14,0,295.0,PUT,24
2026-08-14,0,300.0,PUT,1786
2026-08-14,0,305.0,PUT,38
2026-08-14,0,310.0,PUT,27
2026-08-14,0,315.0,PUT,9
2026-08-14,0,320.0,PUT,271
2026-08-14,0,325.0,PUT,8
2026-08-14,0,330.0,PUT,7
2026-08-14,0,335.0,PUT,383
2026-08-14,0,340.0,PUT,27
2026-08-14,0,345.0,PUT,67
2026-08-14,0,350.0,PUT,347
2026-08-14,0,355.0,PUT,29
2026-08-14,0,360.0,PUT,64
2026-08-14,0,365.0,PUT,76
2026-08-14,0,370.0,PUT,51
2026-08-14,0,375.0,PUT,95
2026-08-14,0,380.0,PUT,166
2026-08-14,0,385.0,PUT,80
2026-08-14,0,390.0,PUT,71
2026-08-14,0,395.0,PUT,76
2026-08-14,0,400.0,PUT,1917
2026-08-14,0,405.0,PUT,114
2026-08-14,0,410.0,PUT,101
2026-08-14,0,415.0,PUT,63
2026-08-14,0,420.0,PUT,551
2026-08-14,0,425.0,PUT,480
2026-08-14,0,430.0,PUT,668
2026-08-14,0,435.0,PUT,400
2026-08-14,0,440.0,PUT,125
2026-08-14,0,445.0,PUT,163
2026-08-14,0,450.0,PUT,441
2026-08-14,0,455.0,PUT,55
2026-08-14,0,460.0,PUT,173
2026-08-14,0,465.0,PUT,131
2026-08-14,0,470.0,PUT,76
2026-08-14,0,475.0,PUT,87
2026-08-14,0,480.0,PUT,414
2026-08-14,0,485.0,PUT,133
2026-08-14,0,490.0,PUT,408
2026-08-14,0,495.0,PUT,541
2026-08-14,0,500.0,PUT,1253
2026-08-14,0,502.5,PUT,529
2026-08-14,0,505.0,PUT,3626
2026-08-14,0,507.5,PUT,543
2026-08-14,0,510.0,PUT,203
2026-08-14,0,512.5,PUT,298
2026-08-14,0,515.0,PUT,179
2026-08-14,0,517.5,PUT,93
2026-08-14,0,520.0,PUT,683
2026-08-14,0,522.5,PUT,54
2026-08-14,0,525.0,PUT,2911
2026-08-14,0,527.5,PUT,59
2026-08-14,0,530.0,PUT,666
2026-08-14,0,532.5,PUT,32
2026-08-14,0,535.0,PUT,71
2026-08-14,0,537.5,PUT,94
2026-08-14,0,540.0,PUT,296
2026-08-14,0,542.5,PUT,54
2026-08-14,0,545.0,PUT,107
2026-08-14,0,547.5,PUT,116
2026-08-14,0,550.0,PUT,27189
2026-08-14,0,552.5,PUT,17
2026-08-14,0,555.0,PUT,654
2026-08-14,0,557.5,PUT,28
2026-08-14,0,560.0,PUT,406
2026-08-14,0,562.5,PUT,61
2026-08-14,0,565.0,PUT,175
2026-08-14,0,567.5,PUT,71
2026-08-14,0,570.0,PUT,422
2026-08-14,0,572.5,PUT,284
2026-08-14,0,575.0,PUT,212
2026-08-14,0,577.5,PUT,55
2026-08-14,0,580.0,PUT,355
2026-08-14,0,582.5,PUT,77
2026-08-14,0,585.0,PUT,295
2026-08-14,0,587.5,PUT,49
2026-08-14,0,590.0,PUT,275
2026-08-14,0,592.5,PUT,45
2026-08-14,0,595.0,PUT,324
2026-08-14,0,597.5,PUT,32
2026-08-14,0,600.0,PUT,6868
2026-08-14,0,602.5,PUT,276
2026-08-14,0,605.0,PUT,173
2026-08-14,0,607.5,PUT,101
2026-08-14,0,610.0,PUT,293
2026-08-14,0,612.5,PUT,112
2026-08-14,0,615.0,PUT,143
2026-08-14,0,617.5,PUT,182
2026-08-14,0,620.0,PUT,1374
2026-08-14,0,622.5,PUT,44
2026-08-14,0,625.0,PUT,340
2026-08-14,0,627.5,PUT,2272
2026-08-14,0,630.0,PUT,957
2026-08-14,0,632.5,PUT,349
2026-08-14,0,635.0,PUT,123
2026-08-14,0,637.5,PUT,68
2026-08-14,0,640.0,PUT,2175
2026-08-14,0,642.5,PUT,100
2026-08-14,0,645.0,PUT,71
2026-08-14,0,647.5,PUT,87
2026-08-14,0,650.0,PUT,2165
2026-08-14,0,652.5,PUT,51
2026-08-14,0,655.0,PUT,442
2026-08-14,0,657.5,PUT,84
2026-08-14,0,660.0,PUT,1304
2026-08-14,0,662.5,PUT,83
2026-08-14,0,665.0,PUT,1287
2026-08-14,0,667.5,PUT,104
2026-08-14,0,670.0,PUT,288
2026-08-14,0,672.5,PUT,76
2026-08-14,0,675.0,PUT,423
2026-08-14,0,677.5,PUT,90
2026-08-14,0,680.0,PUT,1689
2026-08-14,0,682.5,PUT,106
2026-08-14,0,685.0,PUT,188
2026-08-14,0,687.5,PUT,266
2026-08-14,0,690.0,PUT,783
2026-08-14,0,692.5,PUT,243
2026-08-14,0,695.0,PUT,282
2026-08-14,0,697.5,PUT,462
2026-08-14,0,700.0,PUT,3010
2026-08-14,0,702.5,PUT,43
2026-08-14,0,705.0,PUT,563
2026-08-14,0,707.5,PUT,81
2026-08-14,0,710.0,PUT,604
2026-08-14,0,712.5,PUT,109
2026-08-14,0,715.0,PUT,443
2026-08-14,0,717.5,PUT,464
2026-08-14,0,720.0,PUT,722
2026-08-14,0,722.5,PUT,606
2026-08-14,0,725.0,PUT,1012
2026-08-14,0,727.5,PUT,527
2026-08-14,0,730.0,PUT,1134
2026-08-14,0,732.5,PUT,942
2026-08-14,0,735.0,PUT,993
2026-08-14,0,737.5,PUT,556
2026-08-14,0,740.0,PUT,860
2026-08-14,0,742.5,PUT,71
2026-08-14,0,745.0,PUT,453
2026-08-14,0,747.5,PUT,171
2026-08-14,0,750.0,PUT,3064
2026-08-14,0,755.0,PUT,825
2026-08-14,0,760.0,PUT,735
2026-08-14,0,765.0,PUT,483
2026-08-14,0,767.5,PUT,99
2026-08-14,0,770.0,PUT,1561
2026-08-14,0,772.5,PUT,196
2026-08-14,0,775.0,PUT,769
2026-08-14,0,777.5,PUT,229
2026-08-14,0,780.0,PUT,877
2026-08-14,0,782.5,PUT,693
2026-08-14,0,785.0,PUT,466
2026-08-14,0,787.5,PUT,115
2026-08-14,0,790.0,PUT,1382
2026-08-14,0,792.5,PUT,148
2026-08-14,0,795.0,PUT,671
2026-08-14,0,800.0,PUT,5376
2026-08-14,0,805.0,PUT,804
2026-08-14,0,810.0,PUT,921
2026-08-14,0,815.0,PUT,817
2026-08-14,0,820.0,PUT,1016
2026-08-14,0,825.0,PUT,1148
2026-08-14,0,830.0,PUT,1276
2026-08-14,0,835.0,PUT,633
2026-08-14,0,840.0,PUT,1207
2026-08-14,0,845.0,PUT,1085
2026-08-14,0,850.0,PUT,3086
2026-08-14,0,855.0,PUT,1113
2026-08-14,0,860.0,PUT,2500
2026-08-14,0,865.0,PUT,1360
2026-08-14,0,870.0,PUT,3331
2026-08-14,0,875.0,PUT,2041
2026-08-14,0,880.0,PUT,1643
2026-08-14,0,885.0,PUT,790
2026-08-14,0,890.0,PUT,1129
2026-08-14,0,895.0,PUT,988
2026-08-14,0,900.0,PUT,3648
2026-08-14,0,905.0,PUT,568
2026-08-14,0,907.5,PUT,611
2026-08-14,0,910.0,PUT,1395
2026-08-14,0,912.5,PUT,249
2026-08-14,0,915.0,PUT,1372
2026-08-14,0,917.5,PUT,343
2026-08-14,0,920.0,PUT,1429
2026-08-14,0,922.5,PUT,374
2026-08-14,0,925.0,PUT,1006
2026-08-14,0,927.5,PUT,245
2026-08-14,0,930.0,PUT,2801
2026-08-14,0,932.5,PUT,702
2026-08-14,0,935.0,PUT,1957
2026-08-14,0,940.0,PUT,1108
2026-08-14,0,945.0,PUT,651
2026-08-14,0,950.0,PUT,2723
2026-08-14,0,955.0,PUT,380
2026-08-14,0,957.5,PUT,875
2026-08-14,0,960.0,PUT,1104
2026-08-14,0,962.5,PUT,579
2026-08-14,0,965.0,PUT,2589
2026-08-14,0,970.0,PUT,818
2026-08-14,0,975.0,PUT,610
2026-08-14,0,980.0,PUT,399
2026-08-14,0,985.0,PUT,329
2026-08-14,0,990.0,PUT,369
2026-08-14,0,995.0,PUT,35
2026-08-14,0,1000.0,PUT,524
2026-08-14,0,1005.0,PUT,14
2026-08-14,0,1010.0,PUT,36
2026-08-14,0,1015.0,PUT,48
2026-08-14,0,1020.0,PUT,58
2026-08-14,0,1025.0,PUT,16
2026-08-14,0,1030.0,PUT,19
2026-08-14,0,1035.0,PUT,15
2026-08-14,0,1040.0,PUT,31
2026-08-14,0,1045.0,PUT,7
2026-08-14,0,1050.0,PUT,11
2026-08-14,0,1055.0,PUT,0
2026-08-14,0,1060.0,PUT,7
2026-08-14,0,1065.0,PUT,0
2026-08-14,0,1070.0,PUT,0
2026-08-14,0,1075.0,PUT,0
2026-08-14,0,1080.0,PUT,2
2026-08-14,0,1085.0,PUT,6
2026-08-14,0,1090.0,PUT,0
2026-08-14,0,1095.0,PUT,0
2026-08-14,0,1100.0,PUT,7
2026-08-14,0,1105.0,PUT,10
2026-08-14,0,1110.0,PUT,1
2026-08-14,0,1115.0,PUT,1
2026-08-14,0,1120.0,PUT,8
2026-08-14,0,1125.0,PUT,1
2026-08-14,0,1130.0,PUT,1
2026-08-14,0,1135.0,PUT,0
2026-08-14,0,1140.0,PUT,2
2026-08-14,0,1150.0,PUT,2
2026-08-14,0,1160.0,PUT,0
2026-08-14,0,1170.0,PUT,0
2026-08-14,0,1180.0,PUT,0
2026-08-14,0,1185.0,PUT,0
2026-08-14,0,1190.0,PUT,0
2026-08-14,0,1200.0,PUT,0
2026-08-14,0,1210.0,PUT,1
2026-08-14,0,1220.0,PUT,0
2026-08-14,0,1230.0,PUT,0
2026-08-14,0,1240.0,PUT,0
2026-08-14,0,1250.0,PUT,0
2026-08-14,0,1260.0,PUT,0
2026-08-14,0,1270.0,PUT,0
2026-08-14,0,1280.0,PUT,0
2026-08-14,0,1300.0,PUT,0
2026-08-14,0,1310.0,PUT,0
2026-08-14,0,1320.0,PUT,0
2026-08-14,0,1340.0,PUT,0
2026-08-14,0,1370.0,PUT,0
2026-08-14,0,1390.0,PUT,0
2026-08-14,0,1400.0,PUT,0
2026-08-14,0,1440.0,PUT,0
2026-08-14,0,1540.0,PUT,0
2026-08-14,0,1560.0,PUT,0
2026-08-14,0,1790.0,PUT,0
2026-08-14,0,1840.0,PUT,0
2026-08-14,0,1920.0,PUT,0
2026-08-14,0,1950.0,PUT,0
2026-08-14,0,1980.0,PUT,0
2026-08-17,3,470.0,CALL,2
2026-08-17,3,500.0,CALL,2
2026-08-17,3,520.0,CALL,1
2026-08-17,3,525.0,CALL,1
2026-08-17,3,650.0,CALL,2
2026-08-17,3,700.0,CALL,6
2026-08-17,3,720.0,CALL,3
2026-08-17,3,725.0,CALL,3
2026-08-17,3,750.0,CALL,32
2026-08-17,3,755.0,CALL,2
2026-08-17,3,780.0,CALL,3
2026-08-17,3,785.0,CALL,2
2026-08-17,3,790.0,CALL,19
2026-08-17,3,795.0,CALL,5
2026-08-17,3,800.0,CALL,125
2026-08-17,3,805.0,CALL,25
2026-08-17,3,810.0,CALL,28
2026-08-17,3,815.0,CALL,4
2026-08-17,3,820.0,CALL,18
2026-08-17,3,825.0,CALL,40
2026-08-17,3,830.0,CALL,7
2026-08-17,3,835.0,CALL,3
2026-08-17,3,840.0,CALL,19
2026-08-17,3,845.0,CALL,56
2026-08-17,3,850.0,CALL,223
2026-08-17,3,855.0,CALL,61
2026-08-17,3,860.0,CALL,321
2026-08-17,3,865.0,CALL,3943
2026-08-17,3,870.0,CALL,1577
2026-08-17,3,875.0,CALL,146
2026-08-17,3,880.0,CALL,86
2026-08-17,3,885.0,CALL,186
2026-08-17,3,890.0,CALL,207
2026-08-17,3,895.0,CALL,81
2026-08-17,3,900.0,CALL,626
2026-08-17,3,905.0,CALL,73
2026-08-17,3,910.0,CALL,266
2026-08-17,3,915.0,CALL,1390
2026-08-17,3,920.0,CALL,418
2026-08-17,3,925.0,CALL,208
2026-08-17,3,930.0,CALL,1274
2026-08-17,3,935.0,CALL,581
2026-08-17,3,940.0,CALL,623
2026-08-17,3,945.0,CALL,69
2026-08-17,3,950.0,CALL,892
2026-08-17,3,955.0,CALL,1822
2026-08-17,3,960.0,CALL,639
2026-08-17,3,965.0,CALL,175
2026-08-17,3,970.0,CALL,577
2026-08-17,3,975.0,CALL,460
2026-08-17,3,980.0,CALL,576
2026-08-17,3,985.0,CALL,176
2026-08-17,3,990.0,CALL,394
2026-08-17,3,995.0,CALL,448
2026-08-17,3,1000.0,CALL,2509
2026-08-17,3,1005.0,CALL,2221
2026-08-17,3,1010.0,CALL,389
2026-08-17,3,1015.0,CALL,89
2026-08-17,3,1020.0,CALL,292
2026-08-17,3,1025.0,CALL,235
2026-08-17,3,1030.0,CALL,355
2026-08-17,3,1035.0,CALL,78
2026-08-17,3,1040.0,CALL,177
2026-08-17,3,1045.0,CALL,162
2026-08-17,3,1050.0,CALL,874
2026-08-17,3,1055.0,CALL,198
2026-08-17,3,1060.0,CALL,159
2026-08-17,3,1065.0,CALL,167
2026-08-17,3,1070.0,CALL,339
2026-08-17,3,1075.0,CALL,108
2026-08-17,3,1080.0,CALL,172
2026-08-17,3,1085.0,CALL,56
2026-08-17,3,1090.0,CALL,82
2026-08-17,3,1095.0,CALL,37
2026-08-17,3,1100.0,CALL,1122
2026-08-17,3,1105.0,CALL,105
2026-08-17,3,1110.0,CALL,87
2026-08-17,3,1115.0,CALL,39
2026-08-17,3,1120.0,CALL,84
2026-08-17,3,1125.0,CALL,39
2026-08-17,3,1130.0,CALL,38
2026-08-17,3,1135.0,CALL,55
2026-08-17,3,1140.0,CALL,13
2026-08-17,3,1150.0,CALL,74
2026-08-17,3,1155.0,CALL,42
2026-08-17,3,1160.0,CALL,48
2026-08-17,3,1170.0,CALL,5
2026-08-17,3,1175.0,CALL,9
2026-08-17,3,1180.0,CALL,55
2026-08-17,3,1185.0,CALL,54
2026-08-17,3,1190.0,CALL,89
2026-08-17,3,1195.0,CALL,33
2026-08-17,3,1200.0,CALL,259
2026-08-17,3,1205.0,CALL,94
2026-08-17,3,1210.0,CALL,23
2026-08-17,3,1215.0,CALL,2
2026-08-17,3,1220.0,CALL,17
2026-08-17,3,1225.0,CALL,7
2026-08-17,3,1230.0,CALL,3
2026-08-17,3,1235.0,CALL,11
2026-08-17,3,1240.0,CALL,9
2026-08-17,3,1250.0,CALL,83
2026-08-17,3,1260.0,CALL,102
2026-08-17,3,1270.0,CALL,5
2026-08-17,3,1280.0,CALL,24
2026-08-17,3,1300.0,CALL,206
2026-08-17,3,1310.0,CALL,77
2026-08-17,3,1320.0,CALL,31
2026-08-17,3,1340.0,CALL,10
2026-08-17,3,1350.0,CALL,41
2026-08-17,3,1360.0,CALL,1
2026-08-17,3,1370.0,CALL,34
2026-08-17,3,450.0,PUT,22
2026-08-17,3,455.0,PUT,6
2026-08-17,3,460.0,PUT,10
2026-08-17,3,485.0,PUT,1
2026-08-17,3,560.0,PUT,1
2026-08-17,3,570.0,PUT,12
2026-08-17,3,575.0,PUT,1
2026-08-17,3,585.0,PUT,25
2026-08-17,3,590.0,PUT,41
2026-08-17,3,600.0,PUT,297
2026-08-17,3,605.0,PUT,7
2026-08-17,3,615.0,PUT,1
2026-08-17,3,617.5,PUT,1
2026-08-17,3,622.5,PUT,1
2026-08-17,3,625.0,PUT,2
2026-08-17,3,627.5,PUT,6
2026-08-17,3,630.0,PUT,10
2026-08-17,3,635.0,PUT,11
2026-08-17,3,637.5,PUT,2
2026-08-17,3,640.0,PUT,13
2026-08-17,3,645.0,PUT,4
2026-08-17,3,647.5,PUT,47
2026-08-17,3,650.0,PUT,54
2026-08-17,3,652.5,PUT,38
2026-08-17,3,655.0,PUT,10
2026-08-17,3,657.5,PUT,12
2026-08-17,3,660.0,PUT,3
2026-08-17,3,662.5,PUT,46
2026-08-17,3,665.0,PUT,27
2026-08-17,3,667.5,PUT,1
2026-08-17,3,670.0,PUT,4
2026-08-17,3,672.5,PUT,1
2026-08-17,3,675.0,PUT,62
2026-08-17,3,677.5,PUT,3
2026-08-17,3,680.0,PUT,11
2026-08-17,3,682.5,PUT,15
2026-08-17,3,685.0,PUT,36
2026-08-17,3,687.5,PUT,12
2026-08-17,3,690.0,PUT,16
2026-08-17,3,692.5,PUT,6
2026-08-17,3,695.0,PUT,13
2026-08-17,3,697.5,PUT,16
2026-08-17,3,700.0,PUT,220
2026-08-17,3,702.5,PUT,12
2026-08-17,3,705.0,PUT,138
2026-08-17,3,710.0,PUT,37
2026-08-17,3,715.0,PUT,15
2026-08-17,3,717.5,PUT,8
2026-08-17,3,720.0,PUT,128
2026-08-17,3,722.5,PUT,23
2026-08-17,3,725.0,PUT,108
2026-08-17,3,727.5,PUT,9
2026-08-17,3,730.0,PUT,108
2026-08-17,3,732.5,PUT,46
2026-08-17,3,735.0,PUT,153
2026-08-17,3,737.5,PUT,9
2026-08-17,3,740.0,PUT,75
2026-08-17,3,742.5,PUT,17
2026-08-17,3,745.0,PUT,98
2026-08-17,3,747.5,PUT,28
2026-08-17,3,750.0,PUT,459
2026-08-17,3,755.0,PUT,593
2026-08-17,3,760.0,PUT,275
2026-08-17,3,765.0,PUT,44
2026-08-17,3,770.0,PUT,150
2026-08-17,3,775.0,PUT,342
2026-08-17,3,780.0,PUT,462
2026-08-17,3,785.0,PUT,185
2026-08-17,3,790.0,PUT,84
2026-08-17,3,795.0,PUT,163
2026-08-17,3,800.0,PUT,611
2026-08-17,3,805.0,PUT,101
2026-08-17,3,810.0,PUT,121
2026-08-17,3,815.0,PUT,117
2026-08-17,3,820.0,PUT,71
2026-08-17,3,825.0,PUT,594
2026-08-17,3,830.0,PUT,148
2026-08-17,3,835.0,PUT,410
2026-08-17,3,840.0,PUT,112
2026-08-17,3,845.0,PUT,118
2026-08-17,3,850.0,PUT,406
2026-08-17,3,855.0,PUT,227
2026-08-17,3,860.0,PUT,370
2026-08-17,3,865.0,PUT,257
2026-08-17,3,870.0,PUT,337
2026-08-17,3,875.0,PUT,319
2026-08-17,3,880.0,PUT,383
2026-08-17,3,885.0,PUT,226
2026-08-17,3,890.0,PUT,215
2026-08-17,3,895.0,PUT,119
2026-08-17,3,900.0,PUT,819
2026-08-17,3,905.0,PUT,215
2026-08-17,3,910.0,PUT,363
2026-08-17,3,915.0,PUT,364
2026-08-17,3,920.0,PUT,217
2026-08-17,3,925.0,PUT,732
2026-08-17,3,930.0,PUT,305
2026-08-17,3,935.0,PUT,662
2026-08-17,3,940.0,PUT,122
2026-08-17,3,945.0,PUT,85
2026-08-17,3,950.0,PUT,167
2026-08-17,3,960.0,PUT,254
2026-08-17,3,965.0,PUT,1523
2026-08-17,3,970.0,PUT,113
2026-08-17,3,975.0,PUT,192
2026-08-17,3,980.0,PUT,40
2026-08-17,3,990.0,PUT,109
2026-08-17,3,1000.0,PUT,14
2026-08-17,3,1005.0,PUT,24
2026-08-17,3,1010.0,PUT,14
2026-08-17,3,1015.0,PUT,24
2026-08-17,3,1020.0,PUT,8
2026-08-17,3,1040.0,PUT,1
2026-08-17,3,1100.0,PUT,2
2026-08-17,3,1370.0,PUT,0
2026-08-19,5,725.0,CALL,6
2026-08-19,5,742.5,CALL,1
2026-08-19,5,750.0,CALL,1
2026-08-19,5,755.0,CALL,1
2026-08-19,5,770.0,CALL,3
2026-08-19,5,790.0,CALL,10
2026-08-19,5,795.0,CALL,30
2026-08-19,5,800.0,CALL,63
2026-08-19,5,805.0,CALL,6
2026-08-19,5,810.0,CALL,2
2026-08-19,5,820.0,CALL,4
2026-08-19,5,825.0,CALL,6
2026-08-19,5,830.0,CALL,3
2026-08-19,5,835.0,CALL,12
2026-08-19,5,840.0,CALL,8
2026-08-19,5,845.0,CALL,13
2026-08-19,5,850.0,CALL,54
2026-08-19,5,855.0,CALL,23
2026-08-19,5,860.0,CALL,41
2026-08-19,5,865.0,CALL,26
2026-08-19,5,870.0,CALL,62
2026-08-19,5,875.0,CALL,43
2026-08-19,5,880.0,CALL,80
2026-08-19,5,885.0,CALL,28
2026-08-19,5,890.0,CALL,45
2026-08-19,5,895.0,CALL,54
2026-08-19,5,900.0,CALL,153
2026-08-19,5,905.0,CALL,12
2026-08-19,5,910.0,CALL,73
2026-08-19,5,915.0,CALL,37
2026-08-19,5,920.0,CALL,95
2026-08-19,5,925.0,CALL,225
2026-08-19,5,930.0,CALL,93
2026-08-19,5,935.0,CALL,97
2026-08-19,5,940.0,CALL,63
2026-08-19,5,945.0,CALL,94
2026-08-19,5,950.0,CALL,261
2026-08-19,5,955.0,CALL,120
2026-08-19,5,960.0,CALL,101
2026-08-19,5,965.0,CALL,52
2026-08-19,5,970.0,CALL,90
2026-08-19,5,975.0,CALL,179
2026-08-19,5,980.0,CALL,97
2026-08-19,5,985.0,CALL,54
2026-08-19,5,990.0,CALL,114
2026-08-19,5,995.0,CALL,25
2026-08-19,5,1000.0,CALL,1468
2026-08-19,5,1005.0,CALL,46
2026-08-19,5,1010.0,CALL,63
2026-08-19,5,1015.0,CALL,32
2026-08-19,5,1020.0,CALL,111
2026-08-19,5,1025.0,CALL,37
2026-08-19,5,1030.0,CALL,57
2026-08-19,5,1035.0,CALL,54
2026-08-19,5,1040.0,CALL,285
2026-08-19,5,1045.0,CALL,38
2026-08-19,5,1050.0,CALL,327
2026-08-19,5,1055.0,CALL,169
2026-08-19,5,1060.0,CALL,81
2026-08-19,5,1065.0,CALL,18
2026-08-19,5,1070.0,CALL,51
2026-08-19,5,1075.0,CALL,79
2026-08-19,5,1080.0,CALL,72
2026-08-19,5,1085.0,CALL,108
2026-08-19,5,1090.0,CALL,32
2026-08-19,5,1095.0,CALL,31
2026-08-19,5,1100.0,CALL,555
2026-08-19,5,1110.0,CALL,147
2026-08-19,5,1120.0,CALL,53
2026-08-19,5,1125.0,CALL,84
2026-08-19,5,1130.0,CALL,27
2026-08-19,5,1150.0,CALL,661
2026-08-19,5,1155.0,CALL,35
2026-08-19,5,1170.0,CALL,34
2026-08-19,5,1175.0,CALL,27
2026-08-19,5,1180.0,CALL,11
2026-08-19,5,1190.0,CALL,12
2026-08-19,5,1200.0,CALL,111
2026-08-19,5,1205.0,CALL,47
2026-08-19,5,1210.0,CALL,15
2026-08-19,5,1215.0,CALL,125
2026-08-19,5,1220.0,CALL,28
2026-08-19,5,1225.0,CALL,13
2026-08-19,5,1230.0,CALL,169
2026-08-19,5,1235.0,CALL,110
2026-08-19,5,1250.0,CALL,6
2026-08-19,5,1270.0,CALL,3
2026-08-19,5,1290.0,CALL,46
2026-08-19,5,1300.0,CALL,8
2026-08-19,5,1310.0,CALL,59
2026-08-19,5,1320.0,CALL,41
2026-08-19,5,1330.0,CALL,29
2026-08-19,5,1350.0,CALL,108
2026-08-19,5,1360.0,CALL,38
2026-08-19,5,465.0,PUT,1
2026-08-19,5,500.0,PUT,11
2026-08-19,5,535.0,PUT,10
2026-08-19,5,560.0,PUT,1
2026-08-19,5,585.0,PUT,92
2026-08-19,5,590.0,PUT,18
2026-08-19,5,595.0,PUT,47
2026-08-19,5,600.0,PUT,55
2026-08-19,5,605.0,PUT,32
2026-08-19,5,610.0,PUT,102
2026-08-19,5,615.0,PUT,26
2026-08-19,5,620.0,PUT,28
2026-08-19,5,622.5,PUT,12
2026-08-19,5,625.0,PUT,22
2026-08-19,5,627.5,PUT,41
2026-08-19,5,630.0,PUT,11
2026-08-19,5,632.5,PUT,2
2026-08-19,5,637.5,PUT,11
2026-08-19,5,640.0,PUT,22
2026-08-19,5,642.5,PUT,2
2026-08-19,5,645.0,PUT,3
2026-08-19,5,647.5,PUT,1
2026-08-19,5,650.0,PUT,62
2026-08-19,5,655.0,PUT,47
2026-08-19,5,657.5,PUT,50
2026-08-19,5,660.0,PUT,11
2026-08-19,5,662.5,PUT,5
2026-08-19,5,665.0,PUT,14
2026-08-19,5,670.0,PUT,11
2026-08-19,5,677.5,PUT,128
2026-08-19,5,680.0,PUT,16
2026-08-19,5,682.5,PUT,2
2026-08-19,5,685.0,PUT,8
2026-08-19,5,687.5,PUT,23
2026-08-19,5,690.0,PUT,28
2026-08-19,5,692.5,PUT,10
2026-08-19,5,695.0,PUT,8
2026-08-19,5,697.5,PUT,3
2026-08-19,5,700.0,PUT,89
2026-08-19,5,705.0,PUT,3
2026-08-19,5,707.5,PUT,19
2026-08-19,5,710.0,PUT,24
2026-08-19,5,712.5,PUT,110
2026-08-19,5,715.0,PUT,110
2026-08-19,5,717.5,PUT,3
2026-08-19,5,720.0,PUT,24
2026-08-19,5,722.5,PUT,18
2026-08-19,5,725.0,PUT,14
2026-08-19,5,727.5,PUT,36
2026-08-19,5,730.0,PUT,51
2026-08-19,5,735.0,PUT,27
2026-08-19,5,737.5,PUT,18
2026-08-19,5,740.0,PUT,20
2026-08-19,5,745.0,PUT,14
2026-08-19,5,747.5,PUT,9
2026-08-19,5,750.0,PUT,114
2026-08-19,5,755.0,PUT,28
2026-08-19,5,760.0,PUT,35
2026-08-19,5,765.0,PUT,53
2026-08-19,5,770.0,PUT,57
2026-08-19,5,775.0,PUT,65
2026-08-19,5,780.0,PUT,43
2026-08-19,5,785.0,PUT,27
2026-08-19,5,790.0,PUT,106
2026-08-19,5,795.0,PUT,54
2026-08-19,5,800.0,PUT,301
2026-08-19,5,805.0,PUT,49
2026-08-19,5,810.0,PUT,40
2026-08-19,5,815.0,PUT,45
2026-08-19,5,820.0,PUT,208
2026-08-19,5,825.0,PUT,76
2026-08-19,5,830.0,PUT,83
2026-08-19,5,835.0,PUT,77
2026-08-19,5,840.0,PUT,44
2026-08-19,5,845.0,PUT,42
2026-08-19,5,850.0,PUT,265
2026-08-19,5,855.0,PUT,35
2026-08-19,5,860.0,PUT,115
2026-08-19,5,865.0,PUT,47
2026-08-19,5,870.0,PUT,320
2026-08-19,5,875.0,PUT,169
2026-08-19,5,880.0,PUT,149
2026-08-19,5,885.0,PUT,52
2026-08-19,5,890.0,PUT,110
2026-08-19,5,895.0,PUT,29
2026-08-19,5,900.0,PUT,159
2026-08-19,5,905.0,PUT,66
2026-08-19,5,910.0,PUT,82
2026-08-19,5,915.0,PUT,224
2026-08-19,5,920.0,PUT,47
2026-08-19,5,930.0,PUT,86
2026-08-19,5,935.0,PUT,122
2026-08-19,5,945.0,PUT,26
2026-08-19,5,950.0,PUT,55
2026-08-19,5,970.0,PUT,40
2026-08-19,5,995.0,PUT,3
2026-08-19,5,1005.0,PUT,3
2026-08-19,5,1010.0,PUT,3
2026-08-19,5,1050.0,PUT,4
2026-08-19,5,1140.0,PUT,1
2026-08-19,5,1175.0,PUT,0
2026-08-21,7,5.0,CALL,1361
2026-08-21,7,10.0,CALL,20
2026-08-21,7,15.0,CALL,4
2026-08-21,7,20.0,CALL,5
2026-08-21,7,25.0,CALL,8
2026-08-21,7,30.0,CALL,4
2026-08-21,7,35.0,CALL,3
2026-08-21,7,45.0,CALL,29
2026-08-21,7,50.0,CALL,1
2026-08-21,7,60.0,CALL,143
2026-08-21,7,65.0,CALL,25
2026-08-21,7,70.0,CALL,9
2026-08-21,7,75.0,CALL,14
2026-08-21,7,80.0,CALL,18
2026-08-21,7,85.0,CALL,35
2026-08-21,7,90.0,CALL,21
2026-08-21,7,95.0,CALL,24
2026-08-21,7,100.0,CALL,47
2026-08-21,7,105.0,CALL,7
2026-08-21,7,110.0,CALL,61
2026-08-21,7,115.0,CALL,65
2026-08-21,7,120.0,CALL,845
2026-08-21,7,125.0,CALL,129
2026-08-21,7,130.0,CALL,87
2026-08-21,7,135.0,CALL,78
2026-08-21,7,140.0,CALL,56
2026-08-21,7,145.0,CALL,49
2026-08-21,7,150.0,CALL,82
2026-08-21,7,155.0,CALL,81
2026-08-21,7,160.0,CALL,100
2026-08-21,7,165.0,CALL,85
2026-08-21,7,170.0,CALL,123
2026-08-21,7,175.0,CALL,0
2026-08-21,7,180.0,CALL,257
2026-08-21,7,185.0,CALL,73
2026-08-21,7,190.0,CALL,109
2026-08-21,7,195.0,CALL,148
2026-08-21,7,200.0,CALL,137
2026-08-21,7,210.0,CALL,191
2026-08-21,7,220.0,CALL,138
2026-08-21,7,230.0,CALL,363
2026-08-21,7,240.0,CALL,215
2026-08-21,7,250.0,CALL,570
2026-08-21,7,260.0,CALL,673
2026-08-21,7,270.0,CALL,260
2026-08-21,7,280.0,CALL,374
2026-08-21,7,290.0,CALL,168
2026-08-21,7,300.0,CALL,439
2026-08-21,7,310.0,CALL,395
2026-08-21,7,320.0,CALL,220
2026-08-21,7,330.0,CALL,203
2026-08-21,7,340.0,CALL,273
2026-08-21,7,350.0,CALL,422
2026-08-21,7,360.0,CALL,1026
2026-08-21,7,370.0,CALL,513
2026-08-21,7,380.0,CALL,401
2026-08-21,7,390.0,CALL,242
2026-08-21,7,400.0,CALL,405
2026-08-21,7,410.0,CALL,292
2026-08-21,7,420.0,CALL,757
2026-08-21,7,430.0,CALL,413
2026-08-21,7,440.0,CALL,858
2026-08-21,7,450.0,CALL,504
2026-08-21,7,460.0,CALL,332
2026-08-21,7,470.0,CALL,610
2026-08-21,7,480.0,CALL,394
2026-08-21,7,490.0,CALL,587
2026-08-21,7,500.0,CALL,1572
2026-08-21,7,510.0,CALL,1004
2026-08-21,7,520.0,CALL,473
2026-08-21,7,530.0,CALL,499
2026-08-21,7,540.0,CALL,461
2026-08-21,7,550.0,CALL,612
2026-08-21,7,560.0,CALL,293
2026-08-21,7,570.0,CALL,304
2026-08-21,7,580.0,CALL,277
2026-08-21,7,590.0,CALL,242
2026-08-21,7,600.0,CALL,1820
2026-08-21,7,610.0,CALL,415
2026-08-21,7,620.0,CALL,467
2026-08-21,7,630.0,CALL,277
2026-08-21,7,640.0,CALL,598
2026-08-21,7,650.0,CALL,826
2026-08-21,7,660.0,CALL,220
2026-08-21,7,670.0,CALL,270
2026-08-21,7,680.0,CALL,209
2026-08-21,7,690.0,CALL,299
2026-08-21,7,700.0,CALL,979
2026-08-21,7,710.0,CALL,719
2026-08-21,7,720.0,CALL,354
2026-08-21,7,730.0,CALL,619
2026-08-21,7,740.0,CALL,409
2026-08-21,7,750.0,CALL,817
2026-08-21,7,760.0,CALL,368
2026-08-21,7,770.0,CALL,205
2026-08-21,7,780.0,CALL,480
2026-08-21,7,790.0,CALL,199
2026-08-21,7,795.0,CALL,99
2026-08-21,7,800.0,CALL,1573
2026-08-21,7,805.0,CALL,138
2026-08-21,7,810.0,CALL,403
2026-08-21,7,815.0,CALL,110
2026-08-21,7,820.0,CALL,775
2026-08-21,7,825.0,CALL,68
2026-08-21,7,830.0,CALL,720
2026-08-21,7,835.0,CALL,162
2026-08-21,7,840.0,CALL,600
2026-08-21,7,845.0,CALL,147
2026-08-21,7,850.0,CALL,1878
2026-08-21,7,855.0,CALL,200
2026-08-21,7,860.0,CALL,496
2026-08-21,7,865.0,CALL,143
2026-08-21,7,870.0,CALL,1072
2026-08-21,7,875.0,CALL,221
2026-08-21,7,880.0,CALL,1491
2026-08-21,7,885.0,CALL,175
2026-08-21,7,890.0,CALL,1808
2026-08-21,7,895.0,CALL,429
2026-08-21,7,900.0,CALL,3365
2026-08-21,7,905.0,CALL,368
2026-08-21,7,910.0,CALL,1412
2026-08-21,7,915.0,CALL,527
2026-08-21,7,920.0,CALL,1268
2026-08-21,7,925.0,CALL,583
2026-08-21,7,930.0,CALL,1261
2026-08-21,7,935.0,CALL,421
2026-08-21,7,940.0,CALL,1124
2026-08-21,7,945.0,CALL,517
2026-08-21,7,950.0,CALL,5475
2026-08-21,7,955.0,CALL,335
2026-08-21,7,957.5,CALL,146
2026-08-21,7,960.0,CALL,1465
2026-08-21,7,962.5,CALL,128
2026-08-21,7,965.0,CALL,1086
2026-08-21,7,970.0,CALL,1168
2026-08-21,7,975.0,CALL,455
2026-08-21,7,980.0,CALL,5241
2026-08-21,7,985.0,CALL,285
2026-08-21,7,990.0,CALL,7069
2026-08-21,7,995.0,CALL,476
2026-08-21,7,1000.0,CALL,9909
2026-08-21,7,1005.0,CALL,483
2026-08-21,7,1010.0,CALL,1461
2026-08-21,7,1020.0,CALL,1363
2026-08-21,7,1030.0,CALL,2173
2026-08-21,7,1040.0,CALL,1103
2026-08-21,7,1050.0,CALL,4185
2026-08-21,7,1060.0,CALL,1158
2026-08-21,7,1070.0,CALL,813
2026-08-21,7,1080.0,CALL,4747
2026-08-21,7,1090.0,CALL,687
2026-08-21,7,1100.0,CALL,11286
2026-08-21,7,1110.0,CALL,1225
2026-08-21,7,1120.0,CALL,617
2026-08-21,7,1130.0,CALL,641
2026-08-21,7,1140.0,CALL,544
2026-08-21,7,1150.0,CALL,2947
2026-08-21,7,1160.0,CALL,509
2026-08-21,7,1170.0,CALL,859
2026-08-21,7,1180.0,CALL,928
2026-08-21,7,1190.0,CALL,7252
2026-08-21,7,1200.0,CALL,8643
2026-08-21,7,1210.0,CALL,881
2026-08-21,7,1220.0,CALL,575
2026-08-21,7,1230.0,CALL,453
2026-08-21,7,1240.0,CALL,297
2026-08-21,7,1250.0,CALL,1938
2026-08-21,7,1260.0,CALL,766
2026-08-21,7,1270.0,CALL,526
2026-08-21,7,1280.0,CALL,1814
2026-08-21,7,1290.0,CALL,388
2026-08-21,7,1300.0,CALL,3158
2026-08-21,7,1310.0,CALL,352
2026-08-21,7,1320.0,CALL,498
2026-08-21,7,1330.0,CALL,434
2026-08-21,7,1340.0,CALL,340
2026-08-21,7,1350.0,CALL,2113
2026-08-21,7,1360.0,CALL,410
2026-08-21,7,1370.0,CALL,278
2026-08-21,7,1380.0,CALL,254
2026-08-21,7,1390.0,CALL,223
2026-08-21,7,1400.0,CALL,3622
2026-08-21,7,1410.0,CALL,294
2026-08-21,7,1420.0,CALL,972
2026-08-21,7,1430.0,CALL,209
2026-08-21,7,1440.0,CALL,457
2026-08-21,7,1450.0,CALL,1214
2026-08-21,7,1460.0,CALL,189
2026-08-21,7,1470.0,CALL,319
2026-08-21,7,1480.0,CALL,370
2026-08-21,7,1490.0,CALL,463
2026-08-21,7,1500.0,CALL,7543
2026-08-21,7,1510.0,CALL,379
2026-08-21,7,1520.0,CALL,363
2026-08-21,7,1530.0,CALL,315
2026-08-21,7,1540.0,CALL,236
2026-08-21,7,1550.0,CALL,908
2026-08-21,7,1560.0,CALL,550
2026-08-21,7,1570.0,CALL,876
2026-08-21,7,1580.0,CALL,350
2026-08-21,7,1590.0,CALL,300
2026-08-21,7,1600.0,CALL,3053
2026-08-21,7,1610.0,CALL,600
2026-08-21,7,1620.0,CALL,319
2026-08-21,7,1630.0,CALL,439
2026-08-21,7,1640.0,CALL,327
2026-08-21,7,1650.0,CALL,498
2026-08-21,7,1660.0,CALL,288
2026-08-21,7,1670.0,CALL,333
2026-08-21,7,1680.0,CALL,189
2026-08-21,7,1690.0,CALL,699
2026-08-21,7,1700.0,CALL,2462
2026-08-21,7,1710.0,CALL,442
2026-08-21,7,1720.0,CALL,180
2026-08-21,7,1730.0,CALL,245
2026-08-21,7,1740.0,CALL,520
2026-08-21,7,1750.0,CALL,1450
2026-08-21,7,1760.0,CALL,1292
2026-08-21,7,1770.0,CALL,1084
2026-08-21,7,1780.0,CALL,777
2026-08-21,7,1790.0,CALL,1026
2026-08-21,7,1800.0,CALL,2898
2026-08-21,7,1810.0,CALL,659
2026-08-21,7,1820.0,CALL,533
2026-08-21,7,1830.0,CALL,783
2026-08-21,7,1840.0,CALL,251
2026-08-21,7,1850.0,CALL,426
2026-08-21,7,1860.0,CALL,807
2026-08-21,7,1870.0,CALL,688
2026-08-21,7,1880.0,CALL,864
2026-08-21,7,1890.0,CALL,767
2026-08-21,7,1900.0,CALL,983
2026-08-21,7,1910.0,CALL,263
2026-08-21,7,1920.0,CALL,476
2026-08-21,7,1930.0,CALL,567
2026-08-21,7,1940.0,CALL,501
2026-08-21,7,1950.0,CALL,539
2026-08-21,7,1960.0,CALL,71
2026-08-21,7,1970.0,CALL,159
2026-08-21,7,1980.0,CALL,271
2026-08-21,7,1990.0,CALL,114
2026-08-21,7,2000.0,CALL,4793
2026-08-21,7,2010.0,CALL,94
2026-08-21,7,2020.0,CALL,1143
2026-08-21,7,2030.0,CALL,648
2026-08-21,7,2040.0,CALL,732
2026-08-21,7,2050.0,CALL,571
2026-08-21,7,2060.0,CALL,410
2026-08-21,7,2070.0,CALL,171
2026-08-21,7,2080.0,CALL,116
2026-08-21,7,2090.0,CALL,137
2026-08-21,7,2100.0,CALL,270
2026-08-21,7,2110.0,CALL,320
2026-08-21,7,2120.0,CALL,583
2026-08-21,7,2130.0,CALL,138
2026-08-21,7,2140.0,CALL,238
2026-08-21,7,2150.0,CALL,237
2026-08-21,7,2160.0,CALL,180
2026-08-21,7,2170.0,CALL,923
2026-08-21,7,2180.0,CALL,271
2026-08-21,7,2190.0,CALL,102
2026-08-21,7,2200.0,CALL,1044
2026-08-21,7,2210.0,CALL,99
2026-08-21,7,2220.0,CALL,136
2026-08-21,7,2230.0,CALL,713
2026-08-21,7,2240.0,CALL,10
2026-08-21,7,2250.0,CALL,488
2026-08-21,7,2260.0,CALL,18
2026-08-21,7,2270.0,CALL,15
2026-08-21,7,2280.0,CALL,13
2026-08-21,7,2290.0,CALL,129
2026-08-21,7,2300.0,CALL,170
2026-08-21,7,2310.0,CALL,278
2026-08-21,7,2320.0,CALL,118
2026-08-21,7,2330.0,CALL,18
2026-08-21,7,2340.0,CALL,52
2026-08-21,7,2350.0,CALL,106
2026-08-21,7,2360.0,CALL,116
2026-08-21,7,2370.0,CALL,113
2026-08-21,7,2380.0,CALL,121
2026-08-21,7,2390.0,CALL,123
2026-08-21,7,2400.0,CALL,511
2026-08-21,7,2410.0,CALL,118
2026-08-21,7,2420.0,CALL,910
2026-08-21,7,2440.0,CALL,320
2026-08-21,7,2460.0,CALL,167
2026-08-21,7,2480.0,CALL,703
2026-08-21,7,2500.0,CALL,2120
2026-08-21,7,5.0,PUT,102
2026-08-21,7,10.0,PUT,114
2026-08-21,7,15.0,PUT,60
2026-08-21,7,20.0,PUT,169
2026-08-21,7,25.0,PUT,129
2026-08-21,7,30.0,PUT,392
2026-08-21,7,35.0,PUT,1171
2026-08-21,7,40.0,PUT,395
2026-08-21,7,45.0,PUT,1333
2026-08-21,7,50.0,PUT,667
2026-08-21,7,55.0,PUT,1051
2026-08-21,7,60.0,PUT,1627
2026-08-21,7,65.0,PUT,2970
2026-08-21,7,70.0,PUT,640
2026-08-21,7,75.0,PUT,864
2026-08-21,7,80.0,PUT,1150
2026-08-21,7,85.0,PUT,3062
2026-08-21,7,90.0,PUT,896
2026-08-21,7,95.0,PUT,816
2026-08-21,7,100.0,PUT,2342
2026-08-21,7,105.0,PUT,1640
2026-08-21,7,110.0,PUT,2955
2026-08-21,7,115.0,PUT,728
2026-08-21,7,120.0,PUT,1255
2026-08-21,7,125.0,PUT,1574
2026-08-21,7,130.0,PUT,1156
2026-08-21,7,135.0,PUT,559
2026-08-21,7,140.0,PUT,892
2026-08-21,7,145.0,PUT,611
2026-08-21,7,150.0,PUT,304
2026-08-21,7,155.0,PUT,1553
2026-08-21,7,160.0,PUT,793
2026-08-21,7,165.0,PUT,1251
2026-08-21,7,170.0,PUT,1018
2026-08-21,7,175.0,PUT,578
2026-08-21,7,180.0,PUT,887
2026-08-21,7,185.0,PUT,871
2026-08-21,7,190.0,PUT,891
2026-08-21,7,195.0,PUT,972
2026-08-21,7,200.0,PUT,2793
2026-08-21,7,210.0,PUT,479
2026-08-21,7,220.0,PUT,1617
2026-08-21,7,230.0,PUT,1894
2026-08-21,7,240.0,PUT,1584
2026-08-21,7,250.0,PUT,3490
2026-08-21,7,260.0,PUT,2456
2026-08-21,7,270.0,PUT,1986
2026-08-21,7,280.0,PUT,3195
2026-08-21,7,290.0,PUT,3207
2026-08-21,7,300.0,PUT,5410
2026-08-21,7,310.0,PUT,2178
2026-08-21,7,320.0,PUT,3445
2026-08-21,7,330.0,PUT,1210
2026-08-21,7,340.0,PUT,994
2026-08-21,7,350.0,PUT,2283
2026-08-21,7,360.0,PUT,736
2026-08-21,7,370.0,PUT,1765
2026-08-21,7,380.0,PUT,1839
2026-08-21,7,390.0,PUT,1463
2026-08-21,7,400.0,PUT,2970
2026-08-21,7,410.0,PUT,1408
2026-08-21,7,420.0,PUT,1890
2026-08-21,7,430.0,PUT,936
2026-08-21,7,440.0,PUT,2311
2026-08-21,7,450.0,PUT,5369
2026-08-21,7,460.0,PUT,658
2026-08-21,7,470.0,PUT,1119
2026-08-21,7,480.0,PUT,736
2026-08-21,7,490.0,PUT,634
2026-08-21,7,500.0,PUT,4306
2026-08-21,7,510.0,PUT,737
2026-08-21,7,520.0,PUT,1286
2026-08-21,7,530.0,PUT,580
2026-08-21,7,540.0,PUT,1362
2026-08-21,7,550.0,PUT,19470
2026-08-21,7,560.0,PUT,520
2026-08-21,7,570.0,PUT,762
2026-08-21,7,580.0,PUT,484
2026-08-21,7,590.0,PUT,992
2026-08-21,7,600.0,PUT,10998
2026-08-21,7,610.0,PUT,1004
2026-08-21,7,620.0,PUT,1909
2026-08-21,7,630.0,PUT,2657
2026-08-21,7,640.0,PUT,2032
2026-08-21,7,650.0,PUT,3589
2026-08-21,7,660.0,PUT,1240
2026-08-21,7,670.0,PUT,1972
2026-08-21,7,680.0,PUT,1615
2026-08-21,7,690.0,PUT,1238
2026-08-21,7,700.0,PUT,8939
2026-08-21,7,710.0,PUT,1174
2026-08-21,7,720.0,PUT,3193
2026-08-21,7,730.0,PUT,2292
2026-08-21,7,740.0,PUT,1423
2026-08-21,7,750.0,PUT,5363
2026-08-21,7,760.0,PUT,1841
2026-08-21,7,770.0,PUT,1768
2026-08-21,7,780.0,PUT,1862
2026-08-21,7,790.0,PUT,1189
2026-08-21,7,795.0,PUT,369
2026-08-21,7,800.0,PUT,7879
2026-08-21,7,805.0,PUT,294
2026-08-21,7,810.0,PUT,974
2026-08-21,7,815.0,PUT,359
2026-08-21,7,820.0,PUT,2342
2026-08-21,7,825.0,PUT,1065
2026-08-21,7,830.0,PUT,3374
2026-08-21,7,835.0,PUT,320
2026-08-21,7,840.0,PUT,1893
2026-08-21,7,845.0,PUT,615
2026-08-21,7,850.0,PUT,5250
2026-08-21,7,855.0,PUT,736
2026-08-21,7,860.0,PUT,1600
2026-08-21,7,865.0,PUT,292
2026-08-21,7,870.0,PUT,1822
2026-08-21,7,875.0,PUT,580
2026-08-21,7,880.0,PUT,1811
2026-08-21,7,885.0,PUT,413
2026-08-21,7,890.0,PUT,1350
2026-08-21,7,895.0,PUT,392
2026-08-21,7,900.0,PUT,4846
2026-08-21,7,905.0,PUT,253
2026-08-21,7,910.0,PUT,527
2026-08-21,7,915.0,PUT,437
2026-08-21,7,920.0,PUT,1136
2026-08-21,7,925.0,PUT,310
2026-08-21,7,930.0,PUT,2136
2026-08-21,7,935.0,PUT,160
2026-08-21,7,940.0,PUT,777
2026-08-21,7,945.0,PUT,166
2026-08-21,7,950.0,PUT,3354
2026-08-21,7,955.0,PUT,135
2026-08-21,7,957.5,PUT,61
2026-08-21,7,960.0,PUT,483
2026-08-21,7,962.5,PUT,16
2026-08-21,7,965.0,PUT,178
2026-08-21,7,970.0,PUT,521
2026-08-21,7,975.0,PUT,56
2026-08-21,7,980.0,PUT,4724
2026-08-21,7,985.0,PUT,10
2026-08-21,7,990.0,PUT,6720
2026-08-21,7,995.0,PUT,31
2026-08-21,7,1000.0,PUT,4675
2026-08-21,7,1005.0,PUT,23
2026-08-21,7,1010.0,PUT,337
2026-08-21,7,1020.0,PUT,650
2026-08-21,7,1030.0,PUT,433
2026-08-21,7,1040.0,PUT,224
2026-08-21,7,1050.0,PUT,665
2026-08-21,7,1060.0,PUT,139
2026-08-21,7,1070.0,PUT,241
2026-08-21,7,1080.0,PUT,300
2026-08-21,7,1090.0,PUT,294
2026-08-21,7,1100.0,PUT,1306
2026-08-21,7,1110.0,PUT,172
2026-08-21,7,1120.0,PUT,258
2026-08-21,7,1130.0,PUT,251
2026-08-21,7,1140.0,PUT,164
2026-08-21,7,1150.0,PUT,1085
2026-08-21,7,1160.0,PUT,176
2026-08-21,7,1170.0,PUT,200
2026-08-21,7,1180.0,PUT,130
2026-08-21,7,1190.0,PUT,11783
2026-08-21,7,1200.0,PUT,390
2026-08-21,7,1210.0,PUT,11
2026-08-21,7,1220.0,PUT,7
2026-08-21,7,1230.0,PUT,2
2026-08-21,7,1240.0,PUT,0
2026-08-21,7,1250.0,PUT,9
2026-08-21,7,1260.0,PUT,5
2026-08-21,7,1270.0,PUT,3
2026-08-21,7,1280.0,PUT,1
2026-08-21,7,1290.0,PUT,0
2026-08-21,7,1300.0,PUT,0
2026-08-21,7,1310.0,PUT,0
2026-08-21,7,1320.0,PUT,16
2026-08-21,7,1330.0,PUT,0
2026-08-21,7,1340.0,PUT,0
2026-08-21,7,1350.0,PUT,0
2026-08-21,7,1360.0,PUT,0
2026-08-21,7,1370.0,PUT,0
2026-08-21,7,1380.0,PUT,15
2026-08-21,7,1390.0,PUT,0
2026-08-21,7,1400.0,PUT,0
2026-08-21,7,1410.0,PUT,0
2026-08-21,7,1420.0,PUT,0
2026-08-21,7,1430.0,PUT,17
2026-08-21,7,1440.0,PUT,0
2026-08-21,7,1450.0,PUT,0
2026-08-21,7,1460.0,PUT,0
2026-08-21,7,1470.0,PUT,16
2026-08-21,7,1480.0,PUT,10
2026-08-21,7,1490.0,PUT,0
2026-08-21,7,1500.0,PUT,1
2026-08-21,7,1510.0,PUT,0
2026-08-21,7,1520.0,PUT,0
2026-08-21,7,1530.0,PUT,0
2026-08-21,7,1540.0,PUT,4
2026-08-21,7,1550.0,PUT,0
2026-08-21,7,1560.0,PUT,8
2026-08-21,7,1570.0,PUT,1
2026-08-21,7,1580.0,PUT,0
2026-08-21,7,1590.0,PUT,4
2026-08-21,7,1600.0,PUT,0
2026-08-21,7,1610.0,PUT,0
2026-08-21,7,1620.0,PUT,0
2026-08-21,7,1630.0,PUT,0
2026-08-21,7,1640.0,PUT,0
2026-08-21,7,1650.0,PUT,0
2026-08-21,7,1660.0,PUT,1
2026-08-21,7,1670.0,PUT,1
2026-08-21,7,1680.0,PUT,0
2026-08-21,7,1690.0,PUT,0
2026-08-21,7,1700.0,PUT,0
2026-08-21,7,1710.0,PUT,0
2026-08-21,7,1720.0,PUT,0
2026-08-21,7,1730.0,PUT,0
2026-08-21,7,1740.0,PUT,0
2026-08-21,7,1750.0,PUT,0
2026-08-21,7,1760.0,PUT,0
2026-08-21,7,1770.0,PUT,0
2026-08-21,7,1780.0,PUT,0
2026-08-21,7,1790.0,PUT,0
2026-08-21,7,1800.0,PUT,0
2026-08-21,7,1810.0,PUT,0
2026-08-21,7,1820.0,PUT,0
2026-08-21,7,1830.0,PUT,0
2026-08-21,7,1840.0,PUT,0
2026-08-21,7,1850.0,PUT,0
2026-08-21,7,1860.0,PUT,0
2026-08-21,7,1870.0,PUT,0
2026-08-21,7,1880.0,PUT,0
2026-08-21,7,1890.0,PUT,0
2026-08-21,7,1900.0,PUT,0
2026-08-21,7,1910.0,PUT,0
2026-08-21,7,1920.0,PUT,0
2026-08-21,7,1930.0,PUT,0
2026-08-21,7,1940.0,PUT,0
2026-08-21,7,1950.0,PUT,0
2026-08-21,7,1960.0,PUT,0
2026-08-21,7,1990.0,PUT,0
2026-08-21,7,2000.0,PUT,0
2026-08-21,7,2050.0,PUT,0
2026-08-21,7,2100.0,PUT,0
2026-08-21,7,2120.0,PUT,0
2026-08-21,7,2150.0,PUT,0
2026-08-21,7,2170.0,PUT,0
2026-08-21,7,2220.0,PUT,0
2026-08-21,7,2300.0,PUT,0
2026-08-21,7,2340.0,PUT,0
2026-08-21,7,2350.0,PUT,0
2026-08-21,7,2360.0,PUT,0
2026-08-21,7,2390.0,PUT,0
2026-08-21,7,2400.0,PUT,0
2026-08-21,7,2420.0,PUT,0
2026-08-21,7,2500.0,PUT,0
2026-08-28,14,240.0,CALL,2
2026-08-28,14,275.0,CALL,0
2026-08-28,14,310.0,CALL,2
2026-08-28,14,315.0,CALL,1
2026-08-28,14,320.0,CALL,1
2026-08-28,14,335.0,CALL,1
2026-08-28,14,340.0,CALL,1
2026-08-28,14,350.0,CALL,1
2026-08-28,14,360.0,CALL,1
2026-08-28,14,370.0,CALL,1
2026-08-28,14,380.0,CALL,0
2026-08-28,14,390.0,CALL,2
2026-08-28,14,400.0,CALL,20
2026-08-28,14,405.0,CALL,5
2026-08-28,14,430.0,CALL,1
2026-08-28,14,450.0,CALL,1
2026-08-28,14,455.0,CALL,4
2026-08-28,14,470.0,CALL,2
2026-08-28,14,480.0,CALL,3
2026-08-28,14,500.0,CALL,3
2026-08-28,14,510.0,CALL,1
2026-08-28,14,515.0,CALL,1
2026-08-28,14,520.0,CALL,16
2026-08-28,14,525.0,CALL,16
2026-08-28,14,530.0,CALL,6
2026-08-28,14,535.0,CALL,1
2026-08-28,14,540.0,CALL,9
2026-08-28,14,545.0,CALL,6
2026-08-28,14,550.0,CALL,8
2026-08-28,14,560.0,CALL,4
2026-08-28,14,565.0,CALL,14
2026-08-28,14,575.0,CALL,1
2026-08-28,14,580.0,CALL,23
2026-08-28,14,585.0,CALL,11
2026-08-28,14,590.0,CALL,4
2026-08-28,14,595.0,CALL,5
2026-08-28,14,600.0,CALL,12
2026-08-28,14,605.0,CALL,3
2026-08-28,14,610.0,CALL,6
2026-08-28,14,615.0,CALL,33
2026-08-28,14,620.0,CALL,26
2026-08-28,14,625.0,CALL,3
2026-08-28,14,630.0,CALL,4
2026-08-28,14,640.0,CALL,15
2026-08-28,14,645.0,CALL,13
2026-08-28,14,650.0,CALL,19
2026-08-28,14,655.0,CALL,0
2026-08-28,14,660.0,CALL,5
2026-08-28,14,665.0,CALL,11
2026-08-28,14,670.0,CALL,6
2026-08-28,14,675.0,CALL,13
2026-08-28,14,680.0,CALL,11
2026-08-28,14,685.0,CALL,1
2026-08-28,14,690.0,CALL,1
2026-08-28,14,700.0,CALL,312
2026-08-28,14,705.0,CALL,5
2026-08-28,14,710.0,CALL,5
2026-08-28,14,715.0,CALL,5
2026-08-28,14,720.0,CALL,6
2026-08-28,14,725.0,CALL,33
2026-08-28,14,730.0,CALL,12
2026-08-28,14,735.0,CALL,12
2026-08-28,14,740.0,CALL,14
2026-08-28,14,745.0,CALL,13
2026-08-28,14,750.0,CALL,73
2026-08-28,14,755.0,CALL,16
2026-08-28,14,760.0,CALL,33
2026-08-28,14,765.0,CALL,44
2026-08-28,14,770.0,CALL,47
2026-08-28,14,775.0,CALL,40
2026-08-28,14,780.0,CALL,104
2026-08-28,14,785.0,CALL,27
2026-08-28,14,790.0,CALL,65
2026-08-28,14,795.0,CALL,36
2026-08-28,14,800.0,CALL,170
2026-08-28,14,805.0,CALL,37
2026-08-28,14,810.0,CALL,68
2026-08-28,14,815.0,CALL,37
2026-08-28,14,820.0,CALL,164
2026-08-28,14,825.0,CALL,164
2026-08-28,14,830.0,CALL,81
2026-08-28,14,835.0,CALL,50
2026-08-28,14,840.0,CALL,43
2026-08-28,14,845.0,CALL,38
2026-08-28,14,850.0,CALL,313
2026-08-28,14,855.0,CALL,268
2026-08-28,14,860.0,CALL,166
2026-08-28,14,865.0,CALL,350
2026-08-28,14,870.0,CALL,117
2026-08-28,14,875.0,CALL,102
2026-08-28,14,880.0,CALL,109
2026-08-28,14,885.0,CALL,177
2026-08-28,14,890.0,CALL,135
2026-08-28,14,895.0,CALL,94
2026-08-28,14,900.0,CALL,734
2026-08-28,14,905.0,CALL,143
2026-08-28,14,910.0,CALL,303
2026-08-28,14,915.0,CALL,80
2026-08-28,14,920.0,CALL,393
2026-08-28,14,925.0,CALL,140
2026-08-28,14,930.0,CALL,308
2026-08-28,14,935.0,CALL,244
2026-08-28,14,940.0,CALL,198
2026-08-28,14,945.0,CALL,85
2026-08-28,14,950.0,CALL,555
2026-08-28,14,955.0,CALL,200
2026-08-28,14,960.0,CALL,189
2026-08-28,14,965.0,CALL,210
2026-08-28,14,970.0,CALL,247
2026-08-28,14,975.0,CALL,198
2026-08-28,14,980.0,CALL,320
2026-08-28,14,985.0,CALL,105
2026-08-28,14,990.0,CALL,150
2026-08-28,14,995.0,CALL,136
2026-08-28,14,1000.0,CALL,1828
2026-08-28,14,1005.0,CALL,621
2026-08-28,14,1010.0,CALL,217
2026-08-28,14,1015.0,CALL,132
2026-08-28,14,1020.0,CALL,205
2026-08-28,14,1025.0,CALL,189
2026-08-28,14,1030.0,CALL,1104
2026-08-28,14,1035.0,CALL,248
2026-08-28,14,1040.0,CALL,106
2026-08-28,14,1045.0,CALL,38
2026-08-28,14,1050.0,CALL,792
2026-08-28,14,1055.0,CALL,96
2026-08-28,14,1060.0,CALL,89
2026-08-28,14,1065.0,CALL,161
2026-08-28,14,1070.0,CALL,149
2026-08-28,14,1075.0,CALL,103
2026-08-28,14,1080.0,CALL,410
2026-08-28,14,1085.0,CALL,68
2026-08-28,14,1090.0,CALL,122
2026-08-28,14,1095.0,CALL,102
2026-08-28,14,1100.0,CALL,1947
2026-08-28,14,1105.0,CALL,83
2026-08-28,14,1110.0,CALL,245
2026-08-28,14,1115.0,CALL,75
2026-08-28,14,1120.0,CALL,203
2026-08-28,14,1125.0,CALL,51
2026-08-28,14,1130.0,CALL,1241
2026-08-28,14,1135.0,CALL,68
2026-08-28,14,1140.0,CALL,206
2026-08-28,14,1150.0,CALL,835
2026-08-28,14,1160.0,CALL,222
2026-08-28,14,1170.0,CALL,114
2026-08-28,14,1180.0,CALL,320
2026-08-28,14,1190.0,CALL,132
2026-08-28,14,1200.0,CALL,1218
2026-08-28,14,1210.0,CALL,157
2026-08-28,14,1220.0,CALL,110
2026-08-28,14,1230.0,CALL,115
2026-08-28,14,1240.0,CALL,161
2026-08-28,14,1250.0,CALL,468
2026-08-28,14,1260.0,CALL,179
2026-08-28,14,1270.0,CALL,103
2026-08-28,14,1280.0,CALL,110
2026-08-28,14,1290.0,CALL,44
2026-08-28,14,1300.0,CALL,578
2026-08-28,14,1310.0,CALL,147
2026-08-28,14,1320.0,CALL,499
2026-08-28,14,1330.0,CALL,46
2026-08-28,14,1340.0,CALL,333
2026-08-28,14,1350.0,CALL,113
2026-08-28,14,1360.0,CALL,81
2026-08-28,14,1370.0,CALL,555
2026-08-28,14,1380.0,CALL,58
2026-08-28,14,1390.0,CALL,65
2026-08-28,14,1400.0,CALL,695
2026-08-28,14,1410.0,CALL,161
2026-08-28,14,1420.0,CALL,66
2026-08-28,14,1430.0,CALL,42
2026-08-28,14,1440.0,CALL,114
2026-08-28,14,1450.0,CALL,64
2026-08-28,14,1460.0,CALL,102
2026-08-28,14,1470.0,CALL,70
2026-08-28,14,1480.0,CALL,26
2026-08-28,14,1490.0,CALL,47
2026-08-28,14,1500.0,CALL,449
2026-08-28,14,1510.0,CALL,86
2026-08-28,14,1520.0,CALL,52
2026-08-28,14,1530.0,CALL,4
2026-08-28,14,1540.0,CALL,74
2026-08-28,14,1550.0,CALL,150
2026-08-28,14,1560.0,CALL,38
2026-08-28,14,1570.0,CALL,79
2026-08-28,14,1580.0,CALL,90
2026-08-28,14,1590.0,CALL,20
2026-08-28,14,1600.0,CALL,192
2026-08-28,14,1610.0,CALL,47
2026-08-28,14,1620.0,CALL,13
2026-08-28,14,1630.0,CALL,67
2026-08-28,14,1640.0,CALL,18
2026-08-28,14,1650.0,CALL,62
2026-08-28,14,1660.0,CALL,10
2026-08-28,14,1670.0,CALL,13
2026-08-28,14,1680.0,CALL,32
2026-08-28,14,1690.0,CALL,5
2026-08-28,14,1700.0,CALL,279
2026-08-28,14,1710.0,CALL,18
2026-08-28,14,1720.0,CALL,1
2026-08-28,14,1730.0,CALL,32
2026-08-28,14,1740.0,CALL,13
2026-08-28,14,1750.0,CALL,85
2026-08-28,14,1760.0,CALL,9
2026-08-28,14,1770.0,CALL,46
2026-08-28,14,1780.0,CALL,6
2026-08-28,14,1790.0,CALL,36
2026-08-28,14,1800.0,CALL,122
2026-08-28,14,1810.0,CALL,53
2026-08-28,14,1820.0,CALL,104
2026-08-28,14,1840.0,CALL,41
2026-08-28,14,1850.0,CALL,86
2026-08-28,14,1860.0,CALL,3
2026-08-28,14,1870.0,CALL,0
2026-08-28,14,1880.0,CALL,1
2026-08-28,14,1890.0,CALL,3
2026-08-28,14,1900.0,CALL,69
2026-08-28,14,1910.0,CALL,14
2026-08-28,14,1920.0,CALL,1
2026-08-28,14,1930.0,CALL,1
2026-08-28,14,1950.0,CALL,20
2026-08-28,14,1960.0,CALL,1
2026-08-28,14,1970.0,CALL,6
2026-08-28,14,1980.0,CALL,1
2026-08-28,14,1990.0,CALL,61
2026-08-28,14,2000.0,CALL,88
2026-08-28,14,2010.0,CALL,11
2026-08-28,14,2020.0,CALL,23
2026-08-28,14,2030.0,CALL,83
2026-08-28,14,2040.0,CALL,1
2026-08-28,14,2050.0,CALL,7
2026-08-28,14,2060.0,CALL,4
2026-08-28,14,2070.0,CALL,30
2026-08-28,14,100.0,PUT,107
2026-08-28,14,105.0,PUT,22
2026-08-28,14,110.0,PUT,43
2026-08-28,14,115.0,PUT,12
2026-08-28,14,120.0,PUT,46
2026-08-28,14,125.0,PUT,41
2026-08-28,14,130.0,PUT,13
2026-08-28,14,135.0,PUT,33
2026-08-28,14,140.0,PUT,20
2026-08-28,14,145.0,PUT,22
2026-08-28,14,150.0,PUT,10
2026-08-28,14,155.0,PUT,21
2026-08-28,14,160.0,PUT,19
2026-08-28,14,165.0,PUT,24
2026-08-28,14,170.0,PUT,19
2026-08-28,14,175.0,PUT,21
2026-08-28,14,180.0,PUT,6
2026-08-28,14,185.0,PUT,32
2026-08-28,14,190.0,PUT,241
2026-08-28,14,195.0,PUT,2
2026-08-28,14,200.0,PUT,152
2026-08-28,14,205.0,PUT,26
2026-08-28,14,210.0,PUT,47
2026-08-28,14,215.0,PUT,5
2026-08-28,14,220.0,PUT,97
2026-08-28,14,225.0,PUT,10
2026-08-28,14,230.0,PUT,61
2026-08-28,14,235.0,PUT,11
2026-08-28,14,240.0,PUT,54
2026-08-28,14,245.0,PUT,8
2026-08-28,14,250.0,PUT,54
2026-08-28,14,255.0,PUT,2
2026-08-28,14,270.0,PUT,1
2026-08-28,14,275.0,PUT,5
2026-08-28,14,280.0,PUT,675
2026-08-28,14,285.0,PUT,1
2026-08-28,14,290.0,PUT,8
2026-08-28,14,295.0,PUT,84
2026-08-28,14,300.0,PUT,513
2026-08-28,14,305.0,PUT,7
2026-08-28,14,310.0,PUT,8
2026-08-28,14,320.0,PUT,18
2026-08-28,14,325.0,PUT,97
2026-08-28,14,330.0,PUT,59
2026-08-28,14,335.0,PUT,5
2026-08-28,14,340.0,PUT,7
2026-08-28,14,345.0,PUT,17
2026-08-28,14,350.0,PUT,262
2026-08-28,14,355.0,PUT,25
2026-08-28,14,360.0,PUT,26
2026-08-28,14,365.0,PUT,520
2026-08-28,14,370.0,PUT,318
2026-08-28,14,375.0,PUT,404
2026-08-28,14,380.0,PUT,171
2026-08-28,14,385.0,PUT,59
2026-08-28,14,390.0,PUT,101
2026-08-28,14,395.0,PUT,154
2026-08-28,14,400.0,PUT,289
2026-08-28,14,405.0,PUT,79
2026-08-28,14,410.0,PUT,35
2026-08-28,14,415.0,PUT,18
2026-08-28,14,420.0,PUT,55
2026-08-28,14,425.0,PUT,52
2026-08-28,14,430.0,PUT,39
2026-08-28,14,435.0,PUT,7
2026-08-28,14,440.0,PUT,176
2026-08-28,14,445.0,PUT,35
2026-08-28,14,450.0,PUT,421
2026-08-28,14,455.0,PUT,20
2026-08-28,14,460.0,PUT,70
2026-08-28,14,465.0,PUT,28
2026-08-28,14,470.0,PUT,54
2026-08-28,14,475.0,PUT,26
2026-08-28,14,480.0,PUT,625
2026-08-28,14,485.0,PUT,311
2026-08-28,14,490.0,PUT,79
2026-08-28,14,495.0,PUT,60
2026-08-28,14,500.0,PUT,566
2026-08-28,14,505.0,PUT,74
2026-08-28,14,510.0,PUT,61
2026-08-28,14,515.0,PUT,43
2026-08-28,14,520.0,PUT,69
2026-08-28,14,525.0,PUT,178
2026-08-28,14,530.0,PUT,94
2026-08-28,14,535.0,PUT,82
2026-08-28,14,540.0,PUT,131
2026-08-28,14,545.0,PUT,83
2026-08-28,14,550.0,PUT,304
2026-08-28,14,555.0,PUT,136
2026-08-28,14,560.0,PUT,154
2026-08-28,14,565.0,PUT,414
2026-08-28,14,570.0,PUT,63
2026-08-28,14,575.0,PUT,111
2026-08-28,14,580.0,PUT,143
2026-08-28,14,585.0,PUT,116
2026-08-28,14,590.0,PUT,281
2026-08-28,14,595.0,PUT,310
2026-08-28,14,600.0,PUT,780
2026-08-28,14,605.0,PUT,69
2026-08-28,14,610.0,PUT,180
2026-08-28,14,615.0,PUT,49
2026-08-28,14,620.0,PUT,136
2026-08-28,14,625.0,PUT,238
2026-08-28,14,630.0,PUT,140
2026-08-28,14,635.0,PUT,92
2026-08-28,14,640.0,PUT,157
2026-08-28,14,645.0,PUT,110
2026-08-28,14,650.0,PUT,778
2026-08-28,14,655.0,PUT,76
2026-08-28,14,660.0,PUT,355
2026-08-28,14,665.0,PUT,105
2026-08-28,14,670.0,PUT,201
2026-08-28,14,675.0,PUT,184
2026-08-28,14,680.0,PUT,154
2026-08-28,14,685.0,PUT,111
2026-08-28,14,690.0,PUT,283
2026-08-28,14,695.0,PUT,186
2026-08-28,14,700.0,PUT,1330
2026-08-28,14,705.0,PUT,128
2026-08-28,14,710.0,PUT,598
2026-08-28,14,715.0,PUT,118
2026-08-28,14,720.0,PUT,192
2026-08-28,14,725.0,PUT,170
2026-08-28,14,730.0,PUT,1498
2026-08-28,14,735.0,PUT,129
2026-08-28,14,740.0,PUT,235
2026-08-28,14,745.0,PUT,167
2026-08-28,14,750.0,PUT,889
2026-08-28,14,755.0,PUT,206
2026-08-28,14,760.0,PUT,294
2026-08-28,14,765.0,PUT,189
2026-08-28,14,770.0,PUT,213
2026-08-28,14,775.0,PUT,528
2026-08-28,14,780.0,PUT,420
2026-08-28,14,785.0,PUT,131
2026-08-28,14,790.0,PUT,215
2026-08-28,14,795.0,PUT,149
2026-08-28,14,800.0,PUT,2849
2026-08-28,14,805.0,PUT,328
2026-08-28,14,810.0,PUT,417
2026-08-28,14,815.0,PUT,102
2026-08-28,14,820.0,PUT,1355
2026-08-28,14,825.0,PUT,206
2026-08-28,14,830.0,PUT,357
2026-08-28,14,835.0,PUT,266
2026-08-28,14,840.0,PUT,241
2026-08-28,14,845.0,PUT,159
2026-08-28,14,850.0,PUT,1034
2026-08-28,14,855.0,PUT,86
2026-08-28,14,860.0,PUT,244
2026-08-28,14,865.0,PUT,276
2026-08-28,14,870.0,PUT,152
2026-08-28,14,875.0,PUT,183
2026-08-28,14,880.0,PUT,383
2026-08-28,14,885.0,PUT,327
2026-08-28,14,890.0,PUT,402
2026-08-28,14,895.0,PUT,129
2026-08-28,14,900.0,PUT,521
2026-08-28,14,905.0,PUT,188
2026-08-28,14,910.0,PUT,252
2026-08-28,14,915.0,PUT,53
2026-08-28,14,920.0,PUT,279
2026-08-28,14,925.0,PUT,186
2026-08-28,14,930.0,PUT,119
2026-08-28,14,935.0,PUT,110
2026-08-28,14,940.0,PUT,248
2026-08-28,14,945.0,PUT,77
2026-08-28,14,950.0,PUT,1044
2026-08-28,14,955.0,PUT,38
2026-08-28,14,960.0,PUT,168
2026-08-28,14,965.0,PUT,42
2026-08-28,14,970.0,PUT,290
2026-08-28,14,975.0,PUT,96
2026-08-28,14,980.0,PUT,83
2026-08-28,14,985.0,PUT,45
2026-08-28,14,990.0,PUT,79
2026-08-28,14,995.0,PUT,37
2026-08-28,14,1000.0,PUT,261
2026-08-28,14,1005.0,PUT,9
2026-08-28,14,1010.0,PUT,10
2026-08-28,14,1015.0,PUT,8
2026-08-28,14,1020.0,PUT,15
2026-08-28,14,1025.0,PUT,25
2026-08-28,14,1030.0,PUT,29
2026-08-28,14,1035.0,PUT,14
2026-08-28,14,1040.0,PUT,46
2026-08-28,14,1045.0,PUT,36
2026-08-28,14,1050.0,PUT,38
2026-08-28,14,1055.0,PUT,15
2026-08-28,14,1060.0,PUT,42
2026-08-28,14,1065.0,PUT,4
2026-08-28,14,1070.0,PUT,57
2026-08-28,14,1075.0,PUT,9
2026-08-28,14,1080.0,PUT,15
2026-08-28,14,1085.0,PUT,14
2026-08-28,14,1090.0,PUT,42
2026-08-28,14,1095.0,PUT,10
2026-08-28,14,1100.0,PUT,102
2026-08-28,14,1105.0,PUT,7
2026-08-28,14,1110.0,PUT,31
2026-08-28,14,1115.0,PUT,3
2026-08-28,14,1120.0,PUT,13
2026-08-28,14,1125.0,PUT,4
2026-08-28,14,1130.0,PUT,23
2026-08-28,14,1135.0,PUT,6
2026-08-28,14,1140.0,PUT,6
2026-08-28,14,1150.0,PUT,5
2026-08-28,14,1160.0,PUT,23
2026-08-28,14,1170.0,PUT,25
2026-08-28,14,1180.0,PUT,30
2026-08-28,14,1190.0,PUT,11
2026-08-28,14,1200.0,PUT,24
2026-08-28,14,1210.0,PUT,2
2026-08-28,14,1220.0,PUT,3
2026-08-28,14,1230.0,PUT,15
2026-08-28,14,1240.0,PUT,3
2026-08-28,14,1250.0,PUT,2
2026-08-28,14,1270.0,PUT,1
2026-08-28,14,1280.0,PUT,4
2026-08-28,14,1300.0,PUT,2
2026-08-28,14,1320.0,PUT,0
2026-08-28,14,1350.0,PUT,0
2026-08-28,14,1370.0,PUT,0
2026-08-28,14,1440.0,PUT,0
2026-08-28,14,1450.0,PUT,0
2026-08-28,14,1500.0,PUT,0
2026-08-28,14,1600.0,PUT,0
2026-08-28,14,1630.0,PUT,0
2026-08-28,14,1640.0,PUT,0
2026-08-28,14,1650.0,PUT,0
2026-08-28,14,1830.0,PUT,0
2026-08-28,14,1920.0,PUT,0
2026-09-04,21,150.0,CALL,1
2026-09-04,21,225.0,CALL,1
2026-09-04,21,245.0,CALL,1
2026-09-04,21,250.0,CALL,2
2026-09-04,21,285.0,CALL,1
2026-09-04,21,400.0,CALL,5
2026-09-04,21,405.0,CALL,1
2026-09-04,21,420.0,CALL,1
2026-09-04,21,430.0,CALL,2
2026-09-04,21,450.0,CALL,1
2026-09-04,21,475.0,CALL,4
2026-09-04,21,480.0,CALL,4
2026-09-04,21,490.0,CALL,10
2026-09-04,21,495.0,CALL,12
2026-09-04,21,500.0,CALL,4
2026-09-04,21,505.0,CALL,3
2026-09-04,21,510.0,CALL,25
2026-09-04,21,515.0,CALL,15
2026-09-04,21,520.0,CALL,16
2026-09-04,21,525.0,CALL,18
2026-09-04,21,530.0,CALL,18
2026-09-04,21,535.0,CALL,16
2026-09-04,21,540.0,CALL,19
2026-09-04,21,545.0,CALL,18
2026-09-04,21,550.0,CALL,17
2026-09-04,21,560.0,CALL,4
2026-09-04,21,570.0,CALL,12
2026-09-04,21,590.0,CALL,8
2026-09-04,21,595.0,CALL,1
2026-09-04,21,600.0,CALL,23
2026-09-04,21,605.0,CALL,9
2026-09-04,21,615.0,CALL,8
2026-09-04,21,620.0,CALL,7
2026-09-04,21,625.0,CALL,3
2026-09-04,21,630.0,CALL,14
2026-09-04,21,635.0,CALL,17
2026-09-04,21,640.0,CALL,11
2026-09-04,21,645.0,CALL,4
2026-09-04,21,650.0,CALL,10
2026-09-04,21,660.0,CALL,6
2026-09-04,21,665.0,CALL,1
2026-09-04,21,675.0,CALL,1
2026-09-04,21,680.0,CALL,5
2026-09-04,21,690.0,CALL,1
2026-09-04,21,695.0,CALL,7
2026-09-04,21,700.0,CALL,27
2026-09-04,21,705.0,CALL,42
2026-09-04,21,710.0,CALL,7
2026-09-04,21,715.0,CALL,3
2026-09-04,21,720.0,CALL,13
2026-09-04,21,725.0,CALL,6
2026-09-04,21,730.0,CALL,10
2026-09-04,21,735.0,CALL,3
2026-09-04,21,740.0,CALL,112
2026-09-04,21,745.0,CALL,16
2026-09-04,21,750.0,CALL,45
2026-09-04,21,755.0,CALL,15
2026-09-04,21,760.0,CALL,60
2026-09-04,21,765.0,CALL,15
2026-09-04,21,770.0,CALL,241
2026-09-04,21,775.0,CALL,125
2026-09-04,21,780.0,CALL,82
2026-09-04,21,785.0,CALL,92
2026-09-04,21,790.0,CALL,43
2026-09-04,21,795.0,CALL,49
2026-09-04,21,800.0,CALL,112
2026-09-04,21,805.0,CALL,15
2026-09-04,21,810.0,CALL,73
2026-09-04,21,815.0,CALL,124
2026-09-04,21,820.0,CALL,41
2026-09-04,21,825.0,CALL,53
2026-09-04,21,830.0,CALL,45
2026-09-04,21,835.0,CALL,54
2026-09-04,21,840.0,CALL,43
2026-09-04,21,845.0,CALL,20
2026-09-04,21,850.0,CALL,296
2026-09-04,21,855.0,CALL,26
2026-09-04,21,860.0,CALL,84
2026-09-04,21,865.0,CALL,34
2026-09-04,21,870.0,CALL,108
2026-09-04,21,875.0,CALL,59
2026-09-04,21,880.0,CALL,164
2026-09-04,21,885.0,CALL,115
2026-09-04,21,890.0,CALL,97
2026-09-04,21,895.0,CALL,31
2026-09-04,21,900.0,CALL,342
2026-09-04,21,905.0,CALL,84
2026-09-04,21,910.0,CALL,47
2026-09-04,21,915.0,CALL,51
2026-09-04,21,920.0,CALL,236
2026-09-04,21,925.0,CALL,56
2026-09-04,21,930.0,CALL,214
2026-09-04,21,935.0,CALL,74
2026-09-04,21,940.0,CALL,94
2026-09-04,21,945.0,CALL,233
2026-09-04,21,950.0,CALL,831
2026-09-04,21,955.0,CALL,285
2026-09-04,21,960.0,CALL,141
2026-09-04,21,965.0,CALL,48
2026-09-04,21,970.0,CALL,83
2026-09-04,21,975.0,CALL,103
2026-09-04,21,980.0,CALL,92
2026-09-04,21,985.0,CALL,104
2026-09-04,21,990.0,CALL,109
2026-09-04,21,995.0,CALL,77
2026-09-04,21,1000.0,CALL,951
2026-09-04,21,1005.0,CALL,680
2026-09-04,21,1010.0,CALL,107
2026-09-04,21,1015.0,CALL,99
2026-09-04,21,1020.0,CALL,64
2026-09-04,21,1025.0,CALL,49
2026-09-04,21,1030.0,CALL,91
2026-09-04,21,1035.0,CALL,66
2026-09-04,21,1040.0,CALL,79
2026-09-04,21,1045.0,CALL,59
2026-09-04,21,1050.0,CALL,209
2026-09-04,21,1055.0,CALL,30
2026-09-04,21,1060.0,CALL,46
2026-09-04,21,1065.0,CALL,47
2026-09-04,21,1070.0,CALL,77
2026-09-04,21,1075.0,CALL,75
2026-09-04,21,1080.0,CALL,98
2026-09-04,21,1085.0,CALL,62
2026-09-04,21,1090.0,CALL,55
2026-09-04,21,1095.0,CALL,147
2026-09-04,21,1100.0,CALL,585
2026-09-04,21,1105.0,CALL,246
2026-09-04,21,1110.0,CALL,75
2026-09-04,21,1115.0,CALL,201
2026-09-04,21,1120.0,CALL,114
2026-09-04,21,1125.0,CALL,157
2026-09-04,21,1130.0,CALL,53
2026-09-04,21,1135.0,CALL,112
2026-09-04,21,1140.0,CALL,59
2026-09-04,21,1150.0,CALL,375
2026-09-04,21,1160.0,CALL,189
2026-09-04,21,1170.0,CALL,126
2026-09-04,21,1180.0,CALL,153
2026-09-04,21,1190.0,CALL,142
2026-09-04,21,1200.0,CALL,536
2026-09-04,21,1210.0,CALL,118
2026-09-04,21,1220.0,CALL,73
2026-09-04,21,1230.0,CALL,65
2026-09-04,21,1240.0,CALL,26
2026-09-04,21,1250.0,CALL,267
2026-09-04,21,1260.0,CALL,77
2026-09-04,21,1270.0,CALL,49
2026-09-04,21,1280.0,CALL,84
2026-09-04,21,1290.0,CALL,64
2026-09-04,21,1300.0,CALL,296
2026-09-04,21,1310.0,CALL,195
2026-09-04,21,1320.0,CALL,120
2026-09-04,21,1330.0,CALL,94
2026-09-04,21,1340.0,CALL,86
2026-09-04,21,1350.0,CALL,33
2026-09-04,21,1360.0,CALL,85
2026-09-04,21,1370.0,CALL,65
2026-09-04,21,1380.0,CALL,52
2026-09-04,21,1390.0,CALL,23
2026-09-04,21,1400.0,CALL,218
2026-09-04,21,1410.0,CALL,29
2026-09-04,21,1420.0,CALL,12
2026-09-04,21,1430.0,CALL,10
2026-09-04,21,1440.0,CALL,118
2026-09-04,21,1450.0,CALL,40
2026-09-04,21,1460.0,CALL,8
2026-09-04,21,1470.0,CALL,45
2026-09-04,21,1480.0,CALL,14
2026-09-04,21,1490.0,CALL,19
2026-09-04,21,1500.0,CALL,209
2026-09-04,21,1510.0,CALL,5
2026-09-04,21,1520.0,CALL,37
2026-09-04,21,1530.0,CALL,46
2026-09-04,21,1540.0,CALL,29
2026-09-04,21,1550.0,CALL,41
2026-09-04,21,1570.0,CALL,36
2026-09-04,21,1580.0,CALL,31
2026-09-04,21,1590.0,CALL,105
2026-09-04,21,1600.0,CALL,60
2026-09-04,21,1610.0,CALL,10
2026-09-04,21,1620.0,CALL,1
2026-09-04,21,1630.0,CALL,1
2026-09-04,21,1640.0,CALL,2
2026-09-04,21,1650.0,CALL,3
2026-09-04,21,1700.0,CALL,15
2026-09-04,21,1710.0,CALL,9
2026-09-04,21,1750.0,CALL,5
2026-09-04,21,1790.0,CALL,1
2026-09-04,21,1800.0,CALL,44
2026-09-04,21,1810.0,CALL,1
2026-09-04,21,1820.0,CALL,52
2026-09-04,21,1840.0,CALL,2
2026-09-04,21,1860.0,CALL,1
2026-09-04,21,1870.0,CALL,1
2026-09-04,21,1890.0,CALL,2
2026-09-04,21,1900.0,CALL,1
2026-09-04,21,1910.0,CALL,54
2026-09-04,21,1920.0,CALL,3
2026-09-04,21,1960.0,CALL,1
2026-09-04,21,1970.0,CALL,1
2026-09-04,21,2000.0,CALL,152
2026-09-04,21,100.0,PUT,26
2026-09-04,21,105.0,PUT,9
2026-09-04,21,110.0,PUT,1
2026-09-04,21,115.0,PUT,0
2026-09-04,21,120.0,PUT,2
2026-09-04,21,125.0,PUT,0
2026-09-04,21,130.0,PUT,21
2026-09-04,21,135.0,PUT,2
2026-09-04,21,140.0,PUT,7
2026-09-04,21,145.0,PUT,1
2026-09-04,21,150.0,PUT,2
2026-09-04,21,155.0,PUT,1
2026-09-04,21,160.0,PUT,2
2026-09-04,21,165.0,PUT,1
2026-09-04,21,170.0,PUT,1
2026-09-04,21,175.0,PUT,2
2026-09-04,21,180.0,PUT,4
2026-09-04,21,190.0,PUT,1
2026-09-04,21,195.0,PUT,1
2026-09-04,21,205.0,PUT,1
2026-09-04,21,210.0,PUT,2
2026-09-04,21,225.0,PUT,1
2026-09-04,21,240.0,PUT,16
2026-09-04,21,250.0,PUT,29
2026-09-04,21,260.0,PUT,66
2026-09-04,21,270.0,PUT,161
2026-09-04,21,280.0,PUT,324
2026-09-04,21,285.0,PUT,3
2026-09-04,21,290.0,PUT,226
2026-09-04,21,300.0,PUT,1521
2026-09-04,21,310.0,PUT,81
2026-09-04,21,320.0,PUT,7
2026-09-04,21,325.0,PUT,2
2026-09-04,21,330.0,PUT,12
2026-09-04,21,335.0,PUT,3
2026-09-04,21,340.0,PUT,6
2026-09-04,21,350.0,PUT,273
2026-09-04,21,355.0,PUT,2
2026-09-04,21,360.0,PUT,34
2026-09-04,21,365.0,PUT,15
2026-09-04,21,370.0,PUT,114
2026-09-04,21,375.0,PUT,34
2026-09-04,21,380.0,PUT,203
2026-09-04,21,385.0,PUT,40
2026-09-04,21,390.0,PUT,13
2026-09-04,21,395.0,PUT,18
2026-09-04,21,400.0,PUT,177
2026-09-04,21,405.0,PUT,109
2026-09-04,21,410.0,PUT,7
2026-09-04,21,415.0,PUT,12
2026-09-04,21,420.0,PUT,15
2026-09-04,21,425.0,PUT,8
2026-09-04,21,430.0,PUT,12
2026-09-04,21,435.0,PUT,3
2026-09-04,21,440.0,PUT,10
2026-09-04,21,445.0,PUT,14
2026-09-04,21,450.0,PUT,148
2026-09-04,21,455.0,PUT,15
2026-09-04,21,460.0,PUT,15
2026-09-04,21,465.0,PUT,63
2026-09-04,21,470.0,PUT,26
2026-09-04,21,475.0,PUT,81
2026-09-04,21,480.0,PUT,13
2026-09-04,21,485.0,PUT,51
2026-09-04,21,490.0,PUT,23
2026-09-04,21,495.0,PUT,59
2026-09-04,21,500.0,PUT,130
2026-09-04,21,505.0,PUT,30
2026-09-04,21,510.0,PUT,60
2026-09-04,21,515.0,PUT,30
2026-09-04,21,520.0,PUT,46
2026-09-04,21,525.0,PUT,49
2026-09-04,21,530.0,PUT,122
2026-09-04,21,535.0,PUT,56
2026-09-04,21,540.0,PUT,50
2026-09-04,21,545.0,PUT,45
2026-09-04,21,550.0,PUT,567
2026-09-04,21,555.0,PUT,41
2026-09-04,21,560.0,PUT,24
2026-09-04,21,565.0,PUT,57
2026-09-04,21,570.0,PUT,61
2026-09-04,21,575.0,PUT,138
2026-09-04,21,580.0,PUT,63
2026-09-04,21,585.0,PUT,112
2026-09-04,21,590.0,PUT,112
2026-09-04,21,595.0,PUT,140
2026-09-04,21,600.0,PUT,308
2026-09-04,21,605.0,PUT,53
2026-09-04,21,610.0,PUT,46
2026-09-04,21,615.0,PUT,50
2026-09-04,21,620.0,PUT,125
2026-09-04,21,625.0,PUT,166
2026-09-04,21,630.0,PUT,57
2026-09-04,21,635.0,PUT,71
2026-09-04,21,640.0,PUT,145
2026-09-04,21,645.0,PUT,122
2026-09-04,21,650.0,PUT,430
2026-09-04,21,655.0,PUT,51
2026-09-04,21,660.0,PUT,226
2026-09-04,21,665.0,PUT,32
2026-09-04,21,670.0,PUT,134
2026-09-04,21,675.0,PUT,65
2026-09-04,21,680.0,PUT,151
2026-09-04,21,685.0,PUT,55
2026-09-04,21,690.0,PUT,156
2026-09-04,21,695.0,PUT,143
2026-09-04,21,700.0,PUT,322
2026-09-04,21,705.0,PUT,45
2026-09-04,21,710.0,PUT,70
2026-09-04,21,715.0,PUT,78
2026-09-04,21,720.0,PUT,75
2026-09-04,21,725.0,PUT,131
2026-09-04,21,730.0,PUT,80
2026-09-04,21,735.0,PUT,29
2026-09-04,21,740.0,PUT,180
2026-09-04,21,745.0,PUT,51
2026-09-04,21,750.0,PUT,1138
2026-09-04,21,755.0,PUT,41
2026-09-04,21,760.0,PUT,214
2026-09-04,21,765.0,PUT,53
2026-09-04,21,770.0,PUT,274
2026-09-04,21,775.0,PUT,214
2026-09-04,21,780.0,PUT,152
2026-09-04,21,785.0,PUT,203
2026-09-04,21,790.0,PUT,108
2026-09-04,21,795.0,PUT,122
2026-09-04,21,800.0,PUT,1012
2026-09-04,21,805.0,PUT,60
2026-09-04,21,810.0,PUT,78
2026-09-04,21,815.0,PUT,37
2026-09-04,21,820.0,PUT,255
2026-09-04,21,825.0,PUT,77
2026-09-04,21,830.0,PUT,89
2026-09-04,21,835.0,PUT,55
2026-09-04,21,840.0,PUT,170
2026-09-04,21,845.0,PUT,62
2026-09-04,21,850.0,PUT,249
2026-09-04,21,855.0,PUT,75
2026-09-04,21,860.0,PUT,73
2026-09-04,21,865.0,PUT,64
2026-09-04,21,870.0,PUT,66
2026-09-04,21,875.0,PUT,173
2026-09-04,21,880.0,PUT,82
2026-09-04,21,885.0,PUT,58
2026-09-04,21,890.0,PUT,44
2026-09-04,21,895.0,PUT,83
2026-09-04,21,900.0,PUT,637
2026-09-04,21,905.0,PUT,22
2026-09-04,21,910.0,PUT,50
2026-09-04,21,915.0,PUT,25
2026-09-04,21,920.0,PUT,60
2026-09-04,21,925.0,PUT,104
2026-09-04,21,930.0,PUT,46
2026-09-04,21,935.0,PUT,28
2026-09-04,21,940.0,PUT,46
2026-09-04,21,945.0,PUT,10
2026-09-04,21,950.0,PUT,980
2026-09-04,21,955.0,PUT,40
2026-09-04,21,960.0,PUT,15
2026-09-04,21,965.0,PUT,8
2026-09-04,21,970.0,PUT,88
2026-09-04,21,975.0,PUT,25
2026-09-04,21,980.0,PUT,24
2026-09-04,21,985.0,PUT,40
2026-09-04,21,990.0,PUT,28
2026-09-04,21,995.0,PUT,13
2026-09-04,21,1000.0,PUT,42
2026-09-04,21,1005.0,PUT,1
2026-09-04,21,1010.0,PUT,16
2026-09-04,21,1015.0,PUT,3
2026-09-04,21,1020.0,PUT,16
2026-09-04,21,1025.0,PUT,5
2026-09-04,21,1030.0,PUT,7
2026-09-04,21,1035.0,PUT,6
2026-09-04,21,1040.0,PUT,13
2026-09-04,21,1045.0,PUT,3
2026-09-04,21,1050.0,PUT,13
2026-09-04,21,1055.0,PUT,1
2026-09-04,21,1060.0,PUT,3
2026-09-04,21,1070.0,PUT,2
2026-09-04,21,1080.0,PUT,6
2026-09-04,21,1085.0,PUT,10
2026-09-04,21,1090.0,PUT,9
2026-09-04,21,1095.0,PUT,11
2026-09-04,21,1100.0,PUT,32
2026-09-04,21,1105.0,PUT,8
2026-09-04,21,1110.0,PUT,26
2026-09-04,21,1115.0,PUT,3
2026-09-04,21,1120.0,PUT,1
2026-09-04,21,1130.0,PUT,6
2026-09-04,21,1140.0,PUT,2
2026-09-04,21,1150.0,PUT,7
2026-09-04,21,1160.0,PUT,19
2026-09-04,21,1170.0,PUT,3
2026-09-04,21,1180.0,PUT,4
2026-09-04,21,1190.0,PUT,4
2026-09-04,21,1200.0,PUT,7
2026-09-04,21,1210.0,PUT,5
2026-09-04,21,1220.0,PUT,0
2026-09-04,21,1230.0,PUT,0
2026-09-04,21,1240.0,PUT,3
2026-09-04,21,1250.0,PUT,10
2026-09-04,21,1260.0,PUT,7
2026-09-04,21,1270.0,PUT,1
2026-09-04,21,1400.0,PUT,0
2026-09-04,21,1500.0,PUT,0
2026-09-04,21,1510.0,PUT,0
2026-09-04,21,1520.0,PUT,0
2026-09-04,21,1560.0,PUT,0
2026-09-04,21,2000.0,PUT,0
2026-09-11,28,185.0,CALL,1
2026-09-11,28,240.0,CALL,5
2026-09-11,28,275.0,CALL,1
2026-09-11,28,400.0,CALL,1
2026-09-11,28,495.0,CALL,4
2026-09-11,28,500.0,CALL,13
2026-09-11,28,520.0,CALL,4
2026-09-11,28,525.0,CALL,4
2026-09-11,28,550.0,CALL,1
2026-09-11,28,555.0,CALL,0
2026-09-11,28,560.0,CALL,8
2026-09-11,28,595.0,CALL,5
2026-09-11,28,600.0,CALL,2
2026-09-11,28,660.0,CALL,1
2026-09-11,28,700.0,CALL,262
2026-09-11,28,705.0,CALL,2
2026-09-11,28,710.0,CALL,3
2026-09-11,28,715.0,CALL,27
2026-09-11,28,720.0,CALL,4
2026-09-11,28,725.0,CALL,2
2026-09-11,28,730.0,CALL,2
2026-09-11,28,735.0,CALL,3
2026-09-11,28,740.0,CALL,61
2026-09-11,28,745.0,CALL,8
2026-09-11,28,750.0,CALL,13
2026-09-11,28,755.0,CALL,12
2026-09-11,28,760.0,CALL,13
2026-09-11,28,765.0,CALL,14
2026-09-11,28,770.0,CALL,14
2026-09-11,28,775.0,CALL,15
2026-09-11,28,780.0,CALL,71
2026-09-11,28,785.0,CALL,8
2026-09-11,28,790.0,CALL,69
2026-09-11,28,795.0,CALL,10
2026-09-11,28,800.0,CALL,14
2026-09-11,28,805.0,CALL,18
2026-09-11,28,810.0,CALL,29
2026-09-11,28,815.0,CALL,28
2026-09-11,28,820.0,CALL,28
2026-09-11,28,825.0,CALL,15
2026-09-11,28,830.0,CALL,16
2026-09-11,28,835.0,CALL,93
2026-09-11,28,840.0,CALL,39
2026-09-11,28,845.0,CALL,26
2026-09-11,28,850.0,CALL,95
2026-09-11,28,855.0,CALL,33
2026-09-11,28,860.0,CALL,65
2026-09-11,28,865.0,CALL,48
2026-09-11,28,870.0,CALL,103
2026-09-11,28,875.0,CALL,28
2026-09-11,28,880.0,CALL,60
2026-09-11,28,885.0,CALL,60
2026-09-11,28,890.0,CALL,69
2026-09-11,28,895.0,CALL,68
2026-09-11,28,900.0,CALL,166
2026-09-11,28,905.0,CALL,44
2026-09-11,28,910.0,CALL,129
2026-09-11,28,915.0,CALL,123
2026-09-11,28,920.0,CALL,209
2026-09-11,28,925.0,CALL,147
2026-09-11,28,930.0,CALL,119
2026-09-11,28,935.0,CALL,47
2026-09-11,28,940.0,CALL,58
2026-09-11,28,945.0,CALL,21
2026-09-11,28,950.0,CALL,224
2026-09-11,28,955.0,CALL,35
2026-09-11,28,960.0,CALL,38
2026-09-11,28,965.0,CALL,68
2026-09-11,28,970.0,CALL,38
2026-09-11,28,975.0,CALL,177
2026-09-11,28,980.0,CALL,61
2026-09-11,28,985.0,CALL,143
2026-09-11,28,990.0,CALL,39
2026-09-11,28,995.0,CALL,7
2026-09-11,28,1000.0,CALL,287
2026-09-11,28,1005.0,CALL,21
2026-09-11,28,1010.0,CALL,61
2026-09-11,28,1015.0,CALL,46
2026-09-11,28,1020.0,CALL,50
2026-09-11,28,1025.0,CALL,70
2026-09-11,28,1030.0,CALL,41
2026-09-11,28,1035.0,CALL,157
2026-09-11,28,1040.0,CALL,120
2026-09-11,28,1045.0,CALL,57
2026-09-11,28,1050.0,CALL,212
2026-09-11,28,1055.0,CALL,42
2026-09-11,28,1060.0,CALL,45
2026-09-11,28,1065.0,CALL,82
2026-09-11,28,1070.0,CALL,25
2026-09-11,28,1075.0,CALL,12
2026-09-11,28,1080.0,CALL,84
2026-09-11,28,1085.0,CALL,32
2026-09-11,28,1090.0,CALL,34
2026-09-11,28,1095.0,CALL,23
2026-09-11,28,1100.0,CALL,226
2026-09-11,28,1105.0,CALL,71
2026-09-11,28,1110.0,CALL,192
2026-09-11,28,1115.0,CALL,81
2026-09-11,28,1120.0,CALL,34
2026-09-11,28,1125.0,CALL,269
2026-09-11,28,1130.0,CALL,109
2026-09-11,28,1135.0,CALL,65
2026-09-11,28,1140.0,CALL,130
2026-09-11,28,1150.0,CALL,93
2026-09-11,28,1160.0,CALL,239
2026-09-11,28,1170.0,CALL,202
2026-09-11,28,1180.0,CALL,91
2026-09-11,28,1190.0,CALL,55
2026-09-11,28,1200.0,CALL,235
2026-09-11,28,1210.0,CALL,129
2026-09-11,28,1220.0,CALL,112
2026-09-11,28,1230.0,CALL,133
2026-09-11,28,1240.0,CALL,40
2026-09-11,28,1250.0,CALL,325
2026-09-11,28,1260.0,CALL,73
2026-09-11,28,1270.0,CALL,41
2026-09-11,28,1280.0,CALL,15
2026-09-11,28,1290.0,CALL,38
2026-09-11,28,1300.0,CALL,103
2026-09-11,28,1310.0,CALL,41
2026-09-11,28,1320.0,CALL,33
2026-09-11,28,1330.0,CALL,127
2026-09-11,28,1340.0,CALL,16
2026-09-11,28,1350.0,CALL,69
2026-09-11,28,1360.0,CALL,64
2026-09-11,28,1370.0,CALL,20
2026-09-11,28,1380.0,CALL,145
2026-09-11,28,1390.0,CALL,41
2026-09-11,28,1400.0,CALL,237
2026-09-11,28,1410.0,CALL,115
2026-09-11,28,1420.0,CALL,5
2026-09-11,28,1430.0,CALL,37
2026-09-11,28,1440.0,CALL,51
2026-09-11,28,1450.0,CALL,65
2026-09-11,28,1460.0,CALL,4
2026-09-11,28,1470.0,CALL,16
2026-09-11,28,1480.0,CALL,10
2026-09-11,28,1490.0,CALL,165
2026-09-11,28,1500.0,CALL,222
2026-09-11,28,1510.0,CALL,27
2026-09-11,28,1520.0,CALL,4
2026-09-11,28,1530.0,CALL,68
2026-09-11,28,1540.0,CALL,21
2026-09-11,28,1550.0,CALL,15
2026-09-11,28,1560.0,CALL,22
2026-09-11,28,1570.0,CALL,17
2026-09-11,28,1580.0,CALL,2
2026-09-11,28,1590.0,CALL,68
2026-09-11,28,1600.0,CALL,117
2026-09-11,28,1610.0,CALL,6
2026-09-11,28,1620.0,CALL,4
2026-09-11,28,1630.0,CALL,5
2026-09-11,28,1650.0,CALL,2
2026-09-11,28,1660.0,CALL,1
2026-09-11,28,1680.0,CALL,3
2026-09-11,28,1690.0,CALL,1
2026-09-11,28,1700.0,CALL,107
2026-09-11,28,1710.0,CALL,4
2026-09-11,28,1720.0,CALL,1
2026-09-11,28,1730.0,CALL,98
2026-09-11,28,105.0,PUT,10
2026-09-11,28,110.0,PUT,21
2026-09-11,28,115.0,PUT,32
2026-09-11,28,120.0,PUT,5
2026-09-11,28,125.0,PUT,30
2026-09-11,28,130.0,PUT,31
2026-09-11,28,135.0,PUT,22
2026-09-11,28,140.0,PUT,0
2026-09-11,28,145.0,PUT,30
2026-09-11,28,150.0,PUT,50
2026-09-11,28,155.0,PUT,40
2026-09-11,28,160.0,PUT,11
2026-09-11,28,165.0,PUT,21
2026-09-11,28,170.0,PUT,12
2026-09-11,28,175.0,PUT,24
2026-09-11,28,180.0,PUT,12
2026-09-11,28,185.0,PUT,27
2026-09-11,28,190.0,PUT,17
2026-09-11,28,195.0,PUT,20
2026-09-11,28,200.0,PUT,20
2026-09-11,28,205.0,PUT,11
2026-09-11,28,210.0,PUT,12
2026-09-11,28,215.0,PUT,10
2026-09-11,28,240.0,PUT,3
2026-09-11,28,245.0,PUT,1
2026-09-11,28,255.0,PUT,3
2026-09-11,28,265.0,PUT,0
2026-09-11,28,270.0,PUT,408
2026-09-11,28,275.0,PUT,2
2026-09-11,28,280.0,PUT,48
2026-09-11,28,290.0,PUT,193
2026-09-11,28,300.0,PUT,1403
2026-09-11,28,310.0,PUT,81
2026-09-11,28,315.0,PUT,7
2026-09-11,28,320.0,PUT,7
2026-09-11,28,325.0,PUT,160
2026-09-11,28,330.0,PUT,8
2026-09-11,28,335.0,PUT,5
2026-09-11,28,345.0,PUT,11
2026-09-11,28,350.0,PUT,79
2026-09-11,28,355.0,PUT,20
2026-09-11,28,360.0,PUT,106
2026-09-11,28,365.0,PUT,5
2026-09-11,28,370.0,PUT,58
2026-09-11,28,375.0,PUT,12
2026-09-11,28,380.0,PUT,9
2026-09-11,28,385.0,PUT,1
2026-09-11,28,390.0,PUT,14
2026-09-11,28,395.0,PUT,78
2026-09-11,28,400.0,PUT,263
2026-09-11,28,405.0,PUT,3
2026-09-11,28,415.0,PUT,2
2026-09-11,28,430.0,PUT,10
2026-09-11,28,435.0,PUT,3
2026-09-11,28,440.0,PUT,11
2026-09-11,28,445.0,PUT,25
2026-09-11,28,450.0,PUT,36
2026-09-11,28,460.0,PUT,193
2026-09-11,28,465.0,PUT,1
2026-09-11,28,470.0,PUT,20
2026-09-11,28,475.0,PUT,31
2026-09-11,28,480.0,PUT,15
2026-09-11,28,485.0,PUT,28
2026-09-11,28,490.0,PUT,28
2026-09-11,28,495.0,PUT,29
2026-09-11,28,500.0,PUT,75
2026-09-11,28,505.0,PUT,14
2026-09-11,28,510.0,PUT,4
2026-09-11,28,515.0,PUT,3
2026-09-11,28,520.0,PUT,18
2026-09-11,28,525.0,PUT,31
2026-09-11,28,530.0,PUT,8
2026-09-11,28,540.0,PUT,22
2026-09-11,28,545.0,PUT,6
2026-09-11,28,550.0,PUT,65
2026-09-11,28,555.0,PUT,30
2026-09-11,28,560.0,PUT,22
2026-09-11,28,565.0,PUT,52
2026-09-11,28,570.0,PUT,36
2026-09-11,28,575.0,PUT,78
2026-09-11,28,580.0,PUT,85
2026-09-11,28,585.0,PUT,78
2026-09-11,28,590.0,PUT,86
2026-09-11,28,595.0,PUT,159
2026-09-11,28,600.0,PUT,134
2026-09-11,28,605.0,PUT,23
2026-09-11,28,610.0,PUT,125
2026-09-11,28,615.0,PUT,25
2026-09-11,28,620.0,PUT,74
2026-09-11,28,625.0,PUT,20
2026-09-11,28,630.0,PUT,61
2026-09-11,28,635.0,PUT,39
2026-09-11,28,640.0,PUT,55
2026-09-11,28,645.0,PUT,39
2026-09-11,28,650.0,PUT,177
2026-09-11,28,655.0,PUT,28
2026-09-11,28,660.0,PUT,115
2026-09-11,28,665.0,PUT,136
2026-09-11,28,670.0,PUT,62
2026-09-11,28,675.0,PUT,58
2026-09-11,28,680.0,PUT,155
2026-09-11,28,685.0,PUT,92
2026-09-11,28,690.0,PUT,94
2026-09-11,28,695.0,PUT,48
2026-09-11,28,700.0,PUT,197
2026-09-11,28,705.0,PUT,69
2026-09-11,28,710.0,PUT,158
2026-09-11,28,715.0,PUT,51
2026-09-11,28,720.0,PUT,67
2026-09-11,28,725.0,PUT,46
2026-09-11,28,730.0,PUT,76
2026-09-11,28,735.0,PUT,48
2026-09-11,28,740.0,PUT,113
2026-09-11,28,745.0,PUT,62
2026-09-11,28,750.0,PUT,195
2026-09-11,28,755.0,PUT,58
2026-09-11,28,760.0,PUT,47
2026-09-11,28,765.0,PUT,50
2026-09-11,28,770.0,PUT,57
2026-09-11,28,775.0,PUT,182
2026-09-11,28,780.0,PUT,472
2026-09-11,28,785.0,PUT,154
2026-09-11,28,790.0,PUT,96
2026-09-11,28,795.0,PUT,83
2026-09-11,28,800.0,PUT,590
2026-09-11,28,805.0,PUT,32
2026-09-11,28,810.0,PUT,65
2026-09-11,28,815.0,PUT,37
2026-09-11,28,820.0,PUT,122
2026-09-11,28,825.0,PUT,47
2026-09-11,28,830.0,PUT,114
2026-09-11,28,835.0,PUT,41
2026-09-11,28,840.0,PUT,110
2026-09-11,28,845.0,PUT,89
2026-09-11,28,850.0,PUT,113
2026-09-11,28,855.0,PUT,48
2026-09-11,28,860.0,PUT,63
2026-09-11,28,865.0,PUT,54
2026-09-11,28,870.0,PUT,45
2026-09-11,28,875.0,PUT,22
2026-09-11,28,880.0,PUT,69
2026-09-11,28,885.0,PUT,28
2026-09-11,28,890.0,PUT,35
2026-09-11,28,895.0,PUT,119
2026-09-11,28,900.0,PUT,112
2026-09-11,28,905.0,PUT,26
2026-09-11,28,910.0,PUT,65
2026-09-11,28,915.0,PUT,31
2026-09-11,28,920.0,PUT,686
2026-09-11,28,925.0,PUT,27
2026-09-11,28,930.0,PUT,13
2026-09-11,28,935.0,PUT,11
2026-09-11,28,940.0,PUT,43
2026-09-11,28,945.0,PUT,16
2026-09-11,28,950.0,PUT,15
2026-09-11,28,955.0,PUT,22
2026-09-11,28,960.0,PUT,30
2026-09-11,28,965.0,PUT,44
2026-09-11,28,970.0,PUT,4
2026-09-11,28,975.0,PUT,22
2026-09-11,28,980.0,PUT,16
2026-09-11,28,985.0,PUT,4
2026-09-11,28,990.0,PUT,6
2026-09-11,28,995.0,PUT,4
2026-09-11,28,1000.0,PUT,16
2026-09-11,28,1005.0,PUT,7
2026-09-11,28,1010.0,PUT,17
2026-09-11,28,1015.0,PUT,2
2026-09-11,28,1020.0,PUT,4
2026-09-11,28,1025.0,PUT,3
2026-09-11,28,1030.0,PUT,8
2026-09-11,28,1035.0,PUT,6
2026-09-11,28,1040.0,PUT,6
2026-09-11,28,1050.0,PUT,3
2026-09-11,28,1055.0,PUT,1
2026-09-11,28,1060.0,PUT,9
2026-09-11,28,1075.0,PUT,1
2026-09-11,28,1100.0,PUT,2
2026-09-11,28,1110.0,PUT,2
2026-09-11,28,1140.0,PUT,2
2026-09-11,28,1150.0,PUT,2
2026-09-11,28,1160.0,PUT,5
2026-09-11,28,1200.0,PUT,4
2026-09-11,28,1210.0,PUT,2
2026-09-11,28,1220.0,PUT,2
2026-09-11,28,1240.0,PUT,1
2026-09-11,28,1250.0,PUT,1
2026-09-11,28,1260.0,PUT,1
2026-09-11,28,1310.0,PUT,1
2026-09-18,35,5.0,CALL,186
2026-09-18,35,10.0,CALL,4
2026-09-18,35,20.0,CALL,6
2026-09-18,35,25.0,CALL,2
2026-09-18,35,50.0,CALL,89
2026-09-18,35,55.0,CALL,61
2026-09-18,35,60.0,CALL,20
2026-09-18,35,65.0,CALL,25
2026-09-18,35,70.0,CALL,19
2026-09-18,35,75.0,CALL,51
2026-09-18,35,80.0,CALL,611
2026-09-18,35,85.0,CALL,478
2026-09-18,35,90.0,CALL,339
2026-09-18,35,95.0,CALL,261
2026-09-18,35,100.0,CALL,169
2026-09-18,35,105.0,CALL,90
2026-09-18,35,110.0,CALL,176
2026-09-18,35,115.0,CALL,244
2026-09-18,35,120.0,CALL,545
2026-09-18,35,125.0,CALL,229
2026-09-18,35,130.0,CALL,1151
2026-09-18,35,135.0,CALL,179
2026-09-18,35,140.0,CALL,254
2026-09-18,35,145.0,CALL,136
2026-09-18,35,150.0,CALL,469
2026-09-18,35,155.0,CALL,190
2026-09-18,35,160.0,CALL,176
2026-09-18,35,165.0,CALL,186
2026-09-18,35,170.0,CALL,270
2026-09-18,35,175.0,CALL,140
2026-09-18,35,180.0,CALL,346
2026-09-18,35,185.0,CALL,1124
2026-09-18,35,190.0,CALL,539
2026-09-18,35,195.0,CALL,997
2026-09-18,35,200.0,CALL,559
2026-09-18,35,210.0,CALL,135
2026-09-18,35,220.0,CALL,191
2026-09-18,35,230.0,CALL,308
2026-09-18,35,240.0,CALL,386
2026-09-18,35,250.0,CALL,599
2026-09-18,35,260.0,CALL,306
2026-09-18,35,270.0,CALL,206
2026-09-18,35,280.0,CALL,241
2026-09-18,35,290.0,CALL,151
2026-09-18,35,300.0,CALL,550
2026-09-18,35,310.0,CALL,254
2026-09-18,35,320.0,CALL,853
2026-09-18,35,330.0,CALL,338
2026-09-18,35,340.0,CALL,320
2026-09-18,35,350.0,CALL,632
2026-09-18,35,360.0,CALL,783
2026-09-18,35,370.0,CALL,785
2026-09-18,35,380.0,CALL,530
2026-09-18,35,390.0,CALL,361
2026-09-18,35,400.0,CALL,2200
2026-09-18,35,410.0,CALL,1327
2026-09-18,35,420.0,CALL,559
2026-09-18,35,430.0,CALL,596
2026-09-18,35,440.0,CALL,857
2026-09-18,35,450.0,CALL,1403
2026-09-18,35,460.0,CALL,425
2026-09-18,35,470.0,CALL,224
2026-09-18,35,480.0,CALL,697
2026-09-18,35,490.0,CALL,466
2026-09-18,35,500.0,CALL,3576
2026-09-18,35,510.0,CALL,302
2026-09-18,35,520.0,CALL,870
2026-09-18,35,530.0,CALL,314
2026-09-18,35,540.0,CALL,303
2026-09-18,35,550.0,CALL,1871
2026-09-18,35,560.0,CALL,725
2026-09-18,35,570.0,CALL,774
2026-09-18,35,580.0,CALL,396
2026-09-18,35,590.0,CALL,439
2026-09-18,35,600.0,CALL,2519
2026-09-18,35,610.0,CALL,274
2026-09-18,35,620.0,CALL,672
2026-09-18,35,630.0,CALL,207
2026-09-18,35,640.0,CALL,287
2026-09-18,35,650.0,CALL,852
2026-09-18,35,660.0,CALL,430
2026-09-18,35,670.0,CALL,725
2026-09-18,35,680.0,CALL,745
2026-09-18,35,690.0,CALL,382
2026-09-18,35,700.0,CALL,3032
2026-09-18,35,710.0,CALL,331
2026-09-18,35,720.0,CALL,241
2026-09-18,35,730.0,CALL,340
2026-09-18,35,740.0,CALL,1572
2026-09-18,35,750.0,CALL,1448
2026-09-18,35,760.0,CALL,412
2026-09-18,35,770.0,CALL,408
2026-09-18,35,780.0,CALL,807
2026-09-18,35,790.0,CALL,400
2026-09-18,35,800.0,CALL,3522
2026-09-18,35,810.0,CALL,714
2026-09-18,35,820.0,CALL,647
2026-09-18,35,830.0,CALL,399
2026-09-18,35,840.0,CALL,350
2026-09-18,35,850.0,CALL,1747
2026-09-18,35,860.0,CALL,521
2026-09-18,35,870.0,CALL,546
2026-09-18,35,880.0,CALL,1374
2026-09-18,35,890.0,CALL,942
2026-09-18,35,900.0,CALL,5854
2026-09-18,35,910.0,CALL,3384
2026-09-18,35,920.0,CALL,929
2026-09-18,35,930.0,CALL,594
2026-09-18,35,940.0,CALL,634
2026-09-18,35,950.0,CALL,1508
2026-09-18,35,960.0,CALL,775
2026-09-18,35,970.0,CALL,735
2026-09-18,35,980.0,CALL,911
2026-09-18,35,990.0,CALL,2058
2026-09-18,35,1000.0,CALL,9981
2026-09-18,35,1010.0,CALL,581
2026-09-18,35,1020.0,CALL,1647
2026-09-18,35,1030.0,CALL,663
2026-09-18,35,1040.0,CALL,382
2026-09-18,35,1050.0,CALL,2587
2026-09-18,35,1060.0,CALL,753
2026-09-18,35,1070.0,CALL,397
2026-09-18,35,1080.0,CALL,985
2026-09-18,35,1090.0,CALL,737
2026-09-18,35,1100.0,CALL,4994
2026-09-18,35,1110.0,CALL,904
2026-09-18,35,1120.0,CALL,352
2026-09-18,35,1130.0,CALL,1213
2026-09-18,35,1140.0,CALL,255
2026-09-18,35,1150.0,CALL,2283
2026-09-18,35,1160.0,CALL,237
2026-09-18,35,1170.0,CALL,450
2026-09-18,35,1180.0,CALL,548
2026-09-18,35,1190.0,CALL,327
2026-09-18,35,1200.0,CALL,5372
2026-09-18,35,1210.0,CALL,642
2026-09-18,35,1220.0,CALL,654
2026-09-18,35,1230.0,CALL,347
2026-09-18,35,1240.0,CALL,769
2026-09-18,35,1250.0,CALL,1485
2026-09-18,35,1260.0,CALL,431
2026-09-18,35,1270.0,CALL,593
2026-09-18,35,1280.0,CALL,292
2026-09-18,35,1290.0,CALL,339
2026-09-18,35,1300.0,CALL,4012
2026-09-18,35,1310.0,CALL,238
2026-09-18,35,1320.0,CALL,334
2026-09-18,35,1330.0,CALL,248
2026-09-18,35,1340.0,CALL,152
2026-09-18,35,1350.0,CALL,1192
2026-09-18,35,1360.0,CALL,242
2026-09-18,35,1370.0,CALL,185
2026-09-18,35,1380.0,CALL,296
2026-09-18,35,1390.0,CALL,227
2026-09-18,35,1400.0,CALL,2032
2026-09-18,35,1410.0,CALL,90
2026-09-18,35,1420.0,CALL,194
2026-09-18,35,1430.0,CALL,298
2026-09-18,35,1440.0,CALL,211
2026-09-18,35,1450.0,CALL,1650
2026-09-18,35,1460.0,CALL,462
2026-09-18,35,1470.0,CALL,301
2026-09-18,35,1480.0,CALL,460
2026-09-18,35,1490.0,CALL,278
2026-09-18,35,1500.0,CALL,6148
2026-09-18,35,1510.0,CALL,142
2026-09-18,35,1520.0,CALL,404
2026-09-18,35,1530.0,CALL,177
2026-09-18,35,1540.0,CALL,217
2026-09-18,35,1550.0,CALL,677
2026-09-18,35,1560.0,CALL,188
2026-09-18,35,1570.0,CALL,141
2026-09-18,35,1580.0,CALL,293
2026-09-18,35,1590.0,CALL,170
2026-09-18,35,1600.0,CALL,2450
2026-09-18,35,1610.0,CALL,304
2026-09-18,35,1620.0,CALL,164
2026-09-18,35,1630.0,CALL,615
2026-09-18,35,1640.0,CALL,265
2026-09-18,35,1650.0,CALL,374
2026-09-18,35,1660.0,CALL,201
2026-09-18,35,1670.0,CALL,88
2026-09-18,35,1680.0,CALL,87
2026-09-18,35,1690.0,CALL,96
2026-09-18,35,1700.0,CALL,845
2026-09-18,35,1710.0,CALL,158
2026-09-18,35,1720.0,CALL,117
2026-09-18,35,1730.0,CALL,122
2026-09-18,35,1740.0,CALL,48
2026-09-18,35,1750.0,CALL,245
2026-09-18,35,1760.0,CALL,197
2026-09-18,35,1770.0,CALL,199
2026-09-18,35,1780.0,CALL,142
2026-09-18,35,1790.0,CALL,190
2026-09-18,35,1800.0,CALL,797
2026-09-18,35,1810.0,CALL,105
2026-09-18,35,1820.0,CALL,237
2026-09-18,35,1830.0,CALL,365
2026-09-18,35,1840.0,CALL,22
2026-09-18,35,1850.0,CALL,154
2026-09-18,35,1860.0,CALL,317
2026-09-18,35,1870.0,CALL,111
2026-09-18,35,1880.0,CALL,36
2026-09-18,35,1890.0,CALL,88
2026-09-18,35,1900.0,CALL,547
2026-09-18,35,1910.0,CALL,397
2026-09-18,35,1920.0,CALL,230
2026-09-18,35,1930.0,CALL,204
2026-09-18,35,1940.0,CALL,48
2026-09-18,35,1950.0,CALL,266
2026-09-18,35,1960.0,CALL,159
2026-09-18,35,1970.0,CALL,255
2026-09-18,35,1980.0,CALL,289
2026-09-18,35,1990.0,CALL,794
2026-09-18,35,2000.0,CALL,1944
2026-09-18,35,2010.0,CALL,74
2026-09-18,35,2020.0,CALL,111
2026-09-18,35,2030.0,CALL,440
2026-09-18,35,2040.0,CALL,141
2026-09-18,35,2050.0,CALL,294
2026-09-18,35,2060.0,CALL,321
2026-09-18,35,2070.0,CALL,307
2026-09-18,35,2080.0,CALL,57
2026-09-18,35,2090.0,CALL,119
2026-09-18,35,2100.0,CALL,168
2026-09-18,35,2110.0,CALL,110
2026-09-18,35,2120.0,CALL,49
2026-09-18,35,2130.0,CALL,40
2026-09-18,35,2140.0,CALL,135
2026-09-18,35,2150.0,CALL,124
2026-09-18,35,2160.0,CALL,41
2026-09-18,35,2170.0,CALL,1007
2026-09-18,35,2180.0,CALL,188
2026-09-18,35,2190.0,CALL,221
2026-09-18,35,2200.0,CALL,602
2026-09-18,35,2210.0,CALL,243
2026-09-18,35,2220.0,CALL,287
2026-09-18,35,2230.0,CALL,150
2026-09-18,35,2240.0,CALL,40
2026-09-18,35,2250.0,CALL,94
2026-09-18,35,2260.0,CALL,169
2026-09-18,35,2270.0,CALL,78
2026-09-18,35,2280.0,CALL,29
2026-09-18,35,2290.0,CALL,198
2026-09-18,35,2300.0,CALL,253
2026-09-18,35,2310.0,CALL,69
2026-09-18,35,2320.0,CALL,39
2026-09-18,35,2330.0,CALL,132
2026-09-18,35,2340.0,CALL,84
2026-09-18,35,2350.0,CALL,109
2026-09-18,35,2360.0,CALL,97
2026-09-18,35,2370.0,CALL,93
2026-09-18,35,2380.0,CALL,77
2026-09-18,35,2390.0,CALL,62
2026-09-18,35,2400.0,CALL,273
2026-09-18,35,2410.0,CALL,60
2026-09-18,35,2420.0,CALL,410
2026-09-18,35,2440.0,CALL,138
2026-09-18,35,2460.0,CALL,175
2026-09-18,35,2480.0,CALL,203
2026-09-18,35,2500.0,CALL,5017
2026-09-18,35,5.0,PUT,403
2026-09-18,35,10.0,PUT,3
2026-09-18,35,15.0,PUT,160
2026-09-18,35,20.0,PUT,25
2026-09-18,35,25.0,PUT,18
2026-09-18,35,30.0,PUT,621
2026-09-18,35,35.0,PUT,1238
2026-09-18,35,40.0,PUT,1530
2026-09-18,35,45.0,PUT,10177
2026-09-18,35,50.0,PUT,3633
2026-09-18,35,55.0,PUT,298
2026-09-18,35,60.0,PUT,1239
2026-09-18,35,65.0,PUT,958
2026-09-18,35,70.0,PUT,651
2026-09-18,35,75.0,PUT,1682
2026-09-18,35,80.0,PUT,603
2026-09-18,35,85.0,PUT,2972
2026-09-18,35,90.0,PUT,2241
2026-09-18,35,95.0,PUT,704
2026-09-18,35,100.0,PUT,2396
2026-09-18,35,105.0,PUT,805
2026-09-18,35,110.0,PUT,1245
2026-09-18,35,115.0,PUT,683
2026-09-18,35,120.0,PUT,787
2026-09-18,35,125.0,PUT,593
2026-09-18,35,130.0,PUT,1703
2026-09-18,35,135.0,PUT,1603
2026-09-18,35,140.0,PUT,3707
2026-09-18,35,145.0,PUT,893
2026-09-18,35,150.0,PUT,2927
2026-09-18,35,155.0,PUT,482
2026-09-18,35,160.0,PUT,1389
2026-09-18,35,165.0,PUT,911
2026-09-18,35,170.0,PUT,827
2026-09-18,35,175.0,PUT,541
2026-09-18,35,180.0,PUT,3159
2026-09-18,35,185.0,PUT,831
2026-09-18,35,190.0,PUT,1618
2026-09-18,35,195.0,PUT,1169
2026-09-18,35,200.0,PUT,6797
2026-09-18,35,210.0,PUT,1516
2026-09-18,35,220.0,PUT,1982
2026-09-18,35,230.0,PUT,4484
2026-09-18,35,240.0,PUT,1372
2026-09-18,35,250.0,PUT,4418
2026-09-18,35,260.0,PUT,4689
2026-09-18,35,270.0,PUT,1946
2026-09-18,35,280.0,PUT,1613
2026-09-18,35,290.0,PUT,3263
2026-09-18,35,300.0,PUT,7283
2026-09-18,35,310.0,PUT,1666
2026-09-18,35,320.0,PUT,2115
2026-09-18,35,330.0,PUT,3717
2026-09-18,35,340.0,PUT,1546
2026-09-18,35,350.0,PUT,4277
2026-09-18,35,360.0,PUT,2090
2026-09-18,35,370.0,PUT,2261
2026-09-18,35,380.0,PUT,4761
2026-09-18,35,390.0,PUT,1973
2026-09-18,35,400.0,PUT,9681
2026-09-18,35,410.0,PUT,2641
2026-09-18,35,420.0,PUT,1873
2026-09-18,35,430.0,PUT,1477
2026-09-18,35,440.0,PUT,1769
2026-09-18,35,450.0,PUT,1851
2026-09-18,35,460.0,PUT,3442
2026-09-18,35,470.0,PUT,1489
2026-09-18,35,480.0,PUT,605
2026-09-18,35,490.0,PUT,337
2026-09-18,35,500.0,PUT,9434
2026-09-18,35,510.0,PUT,290
2026-09-18,35,520.0,PUT,1186
2026-09-18,35,530.0,PUT,417
2026-09-18,35,540.0,PUT,656
2026-09-18,35,550.0,PUT,2245
2026-09-18,35,560.0,PUT,877
2026-09-18,35,570.0,PUT,351
2026-09-18,35,580.0,PUT,689
2026-09-18,35,590.0,PUT,1872
2026-09-18,35,600.0,PUT,6695
2026-09-18,35,610.0,PUT,1256
2026-09-18,35,620.0,PUT,1353
2026-09-18,35,630.0,PUT,492
2026-09-18,35,640.0,PUT,1430
2026-09-18,35,650.0,PUT,5003
2026-09-18,35,660.0,PUT,1482
2026-09-18,35,670.0,PUT,715
2026-09-18,35,680.0,PUT,4012
2026-09-18,35,690.0,PUT,901
2026-09-18,35,700.0,PUT,4514
2026-09-18,35,710.0,PUT,696
2026-09-18,35,720.0,PUT,1776
2026-09-18,35,730.0,PUT,792
2026-09-18,35,740.0,PUT,934
2026-09-18,35,750.0,PUT,4780
2026-09-18,35,760.0,PUT,1493
2026-09-18,35,770.0,PUT,812
2026-09-18,35,780.0,PUT,1916
2026-09-18,35,790.0,PUT,1042
2026-09-18,35,800.0,PUT,6330
2026-09-18,35,810.0,PUT,828
2026-09-18,35,820.0,PUT,1263
2026-09-18,35,830.0,PUT,2221
2026-09-18,35,840.0,PUT,845
2026-09-18,35,850.0,PUT,2970
2026-09-18,35,860.0,PUT,1031
2026-09-18,35,870.0,PUT,892
2026-09-18,35,880.0,PUT,776
2026-09-18,35,890.0,PUT,921
2026-09-18,35,900.0,PUT,3475
2026-09-18,35,910.0,PUT,857
2026-09-18,35,920.0,PUT,1866
2026-09-18,35,930.0,PUT,778
2026-09-18,35,940.0,PUT,827
2026-09-18,35,950.0,PUT,1446
2026-09-18,35,960.0,PUT,1167
2026-09-18,35,970.0,PUT,659
2026-09-18,35,980.0,PUT,518
2026-09-18,35,990.0,PUT,505
2026-09-18,35,1000.0,PUT,1676
2026-09-18,35,1010.0,PUT,513
2026-09-18,35,1020.0,PUT,267
2026-09-18,35,1030.0,PUT,232
2026-09-18,35,1040.0,PUT,90
2026-09-18,35,1050.0,PUT,971
2026-09-18,35,1060.0,PUT,524
2026-09-18,35,1070.0,PUT,327
2026-09-18,35,1080.0,PUT,88
2026-09-18,35,1090.0,PUT,164
2026-09-18,35,1100.0,PUT,1173
2026-09-18,35,1110.0,PUT,112
2026-09-18,35,1120.0,PUT,261
2026-09-18,35,1130.0,PUT,41
2026-09-18,35,1140.0,PUT,42
2026-09-18,35,1150.0,PUT,449
2026-09-18,35,1160.0,PUT,32
2026-09-18,35,1170.0,PUT,73
2026-09-18,35,1180.0,PUT,49
2026-09-18,35,1190.0,PUT,67
2026-09-18,35,1200.0,PUT,1074
2026-09-18,35,1210.0,PUT,28
2026-09-18,35,1220.0,PUT,74
2026-09-18,35,1230.0,PUT,32
2026-09-18,35,1240.0,PUT,24
2026-09-18,35,1250.0,PUT,134
2026-09-18,35,1260.0,PUT,11
2026-09-18,35,1270.0,PUT,14
2026-09-18,35,1280.0,PUT,17
2026-09-18,35,1290.0,PUT,49
2026-09-18,35,1300.0,PUT,597
2026-09-18,35,1310.0,PUT,20
2026-09-18,35,1320.0,PUT,6
2026-09-18,35,1330.0,PUT,171
2026-09-18,35,1340.0,PUT,33
2026-09-18,35,1350.0,PUT,63
2026-09-18,35,1360.0,PUT,30
2026-09-18,35,1370.0,PUT,5
2026-09-18,35,1380.0,PUT,2
2026-09-18,35,1390.0,PUT,31
2026-09-18,35,1400.0,PUT,178
2026-09-18,35,1410.0,PUT,37
2026-09-18,35,1420.0,PUT,13
2026-09-18,35,1430.0,PUT,53
2026-09-18,35,1440.0,PUT,6
2026-09-18,35,1450.0,PUT,1
2026-09-18,35,1460.0,PUT,146
2026-09-18,35,1470.0,PUT,1
2026-09-18,35,1480.0,PUT,0
2026-09-18,35,1500.0,PUT,460
2026-09-18,35,1510.0,PUT,1
2026-09-18,35,1520.0,PUT,0
2026-09-18,35,1530.0,PUT,0
2026-09-18,35,1540.0,PUT,0
2026-09-18,35,1550.0,PUT,0
2026-09-18,35,1560.0,PUT,0
2026-09-18,35,1570.0,PUT,0
2026-09-18,35,1580.0,PUT,0
2026-09-18,35,1590.0,PUT,0
2026-09-18,35,1600.0,PUT,0
2026-09-18,35,1610.0,PUT,13
2026-09-18,35,1620.0,PUT,0
2026-09-18,35,1630.0,PUT,0
2026-09-18,35,1640.0,PUT,0
2026-09-18,35,1650.0,PUT,0
2026-09-18,35,1660.0,PUT,0
2026-09-18,35,1670.0,PUT,0
2026-09-18,35,1680.0,PUT,13
2026-09-18,35,1690.0,PUT,1
2026-09-18,35,1700.0,PUT,0
2026-09-18,35,1750.0,PUT,0
2026-09-18,35,1770.0,PUT,1
2026-09-18,35,1790.0,PUT,10
2026-09-18,35,1800.0,PUT,0
2026-09-18,35,1820.0,PUT,0
2026-09-18,35,1830.0,PUT,1
2026-09-18,35,1840.0,PUT,0
2026-09-18,35,1860.0,PUT,0
2026-09-18,35,1880.0,PUT,0
2026-09-18,35,1890.0,PUT,0
2026-09-18,35,1900.0,PUT,0
2026-09-18,35,1910.0,PUT,0
2026-09-18,35,1920.0,PUT,1
2026-09-18,35,1930.0,PUT,0
2026-09-18,35,1940.0,PUT,0
2026-09-18,35,1950.0,PUT,0
2026-09-18,35,1960.0,PUT,0
2026-09-18,35,1970.0,PUT,0
2026-09-18,35,1980.0,PUT,0
2026-09-18,35,1990.0,PUT,0
2026-09-18,35,2000.0,PUT,8
2026-09-18,35,2010.0,PUT,0
2026-09-18,35,2020.0,PUT,0
2026-09-18,35,2030.0,PUT,0
2026-09-18,35,2050.0,PUT,0
2026-09-18,35,2090.0,PUT,4
2026-09-18,35,2100.0,PUT,0
2026-09-18,35,2110.0,PUT,0
2026-09-18,35,2120.0,PUT,0
2026-09-18,35,2130.0,PUT,0
2026-09-18,35,2140.0,PUT,1
2026-09-18,35,2170.0,PUT,0
2026-09-18,35,2190.0,PUT,0
2026-09-18,35,2200.0,PUT,0
2026-09-18,35,2210.0,PUT,0
2026-09-18,35,2220.0,PUT,0
2026-09-18,35,2250.0,PUT,0
2026-09-18,35,2270.0,PUT,0
2026-09-18,35,2280.0,PUT,0
2026-09-18,35,2290.0,PUT,0
2026-09-18,35,2320.0,PUT,0
2026-09-18,35,2350.0,PUT,0
2026-09-18,35,2370.0,PUT,0
2026-09-18,35,2420.0,PUT,0
2026-09-18,35,2440.0,PUT,0
2026-09-25,42,480.0,CALL,1
2026-09-25,42,600.0,CALL,1
2026-09-25,42,695.0,CALL,2
2026-09-25,42,700.0,CALL,5
2026-09-25,42,750.0,CALL,3
2026-09-25,42,760.0,CALL,2
2026-09-25,42,765.0,CALL,24
2026-09-25,42,770.0,CALL,4
2026-09-25,42,775.0,CALL,11
2026-09-25,42,780.0,CALL,9
2026-09-25,42,790.0,CALL,5
2026-09-25,42,795.0,CALL,6
2026-09-25,42,800.0,CALL,112
2026-09-25,42,810.0,CALL,14
2026-09-25,42,815.0,CALL,17
2026-09-25,42,825.0,CALL,13
2026-09-25,42,830.0,CALL,5
2026-09-25,42,835.0,CALL,3
2026-09-25,42,840.0,CALL,7
2026-09-25,42,845.0,CALL,11
2026-09-25,42,850.0,CALL,53
2026-09-25,42,855.0,CALL,11
2026-09-25,42,860.0,CALL,43
2026-09-25,42,865.0,CALL,10
2026-09-25,42,870.0,CALL,101
2026-09-25,42,875.0,CALL,18
2026-09-25,42,880.0,CALL,44
2026-09-25,42,885.0,CALL,12
2026-09-25,42,890.0,CALL,20
2026-09-25,42,895.0,CALL,16
2026-09-25,42,900.0,CALL,238
2026-09-25,42,905.0,CALL,22
2026-09-25,42,910.0,CALL,57
2026-09-25,42,915.0,CALL,24
2026-09-25,42,920.0,CALL,51
2026-09-25,42,925.0,CALL,29
2026-09-25,42,930.0,CALL,127
2026-09-25,42,935.0,CALL,13
2026-09-25,42,940.0,CALL,17
2026-09-25,42,945.0,CALL,14
2026-09-25,42,950.0,CALL,185
2026-09-25,42,960.0,CALL,43
2026-09-25,42,965.0,CALL,23
2026-09-25,42,970.0,CALL,28
2026-09-25,42,975.0,CALL,25
2026-09-25,42,980.0,CALL,24
2026-09-25,42,985.0,CALL,39
2026-09-25,42,990.0,CALL,82
2026-09-25,42,1000.0,CALL,420
2026-09-25,42,1005.0,CALL,16
2026-09-25,42,1010.0,CALL,22
2026-09-25,42,1020.0,CALL,37
2026-09-25,42,1030.0,CALL,40
2026-09-25,42,1035.0,CALL,49
2026-09-25,42,1040.0,CALL,11
2026-09-25,42,1050.0,CALL,159
2026-09-25,42,1055.0,CALL,13
2026-09-25,42,1060.0,CALL,43
2026-09-25,42,1065.0,CALL,18
2026-09-25,42,1090.0,CALL,7
2026-09-25,42,1095.0,CALL,7
2026-09-25,42,1100.0,CALL,402
2026-09-25,42,1105.0,CALL,24
2026-09-25,42,1110.0,CALL,414
2026-09-25,42,1115.0,CALL,5
2026-09-25,42,1120.0,CALL,8
2026-09-25,42,1125.0,CALL,10
2026-09-25,42,1150.0,CALL,199
2026-09-25,42,1170.0,CALL,30
2026-09-25,42,1180.0,CALL,122
2026-09-25,42,1190.0,CALL,32
2026-09-25,42,1200.0,CALL,496
2026-09-25,42,1210.0,CALL,431
2026-09-25,42,1230.0,CALL,107
2026-09-25,42,1250.0,CALL,192
2026-09-25,42,1260.0,CALL,44
2026-09-25,42,1270.0,CALL,22
2026-09-25,42,1300.0,CALL,82
2026-09-25,42,1310.0,CALL,49
2026-09-25,42,1320.0,CALL,15
2026-09-25,42,1340.0,CALL,19
2026-09-25,42,1370.0,CALL,9
2026-09-25,42,1380.0,CALL,3
2026-09-25,42,1400.0,CALL,108
2026-09-25,42,1450.0,CALL,48
2026-09-25,42,1480.0,CALL,1
2026-09-25,42,1490.0,CALL,3
2026-09-25,42,1500.0,CALL,31
2026-09-25,42,1540.0,CALL,43
2026-09-25,42,1670.0,CALL,100
2026-09-25,42,1700.0,CALL,2
2026-09-25,42,1730.0,CALL,53
2026-09-25,42,220.0,PUT,1
2026-09-25,42,225.0,PUT,74
2026-09-25,42,230.0,PUT,1694
2026-09-25,42,235.0,PUT,121
2026-09-25,42,240.0,PUT,141
2026-09-25,42,245.0,PUT,133
2026-09-25,42,250.0,PUT,83
2026-09-25,42,255.0,PUT,41
2026-09-25,42,260.0,PUT,146
2026-09-25,42,265.0,PUT,236
2026-09-25,42,270.0,PUT,308
2026-09-25,42,275.0,PUT,19
2026-09-25,42,350.0,PUT,1
2026-09-25,42,370.0,PUT,2
2026-09-25,42,380.0,PUT,150
2026-09-25,42,390.0,PUT,51
2026-09-25,42,400.0,PUT,9
2026-09-25,42,405.0,PUT,2
2026-09-25,42,440.0,PUT,2
2026-09-25,42,460.0,PUT,14
2026-09-25,42,475.0,PUT,2
2026-09-25,42,480.0,PUT,162
2026-09-25,42,495.0,PUT,2
2026-09-25,42,500.0,PUT,28
2026-09-25,42,540.0,PUT,4
2026-09-25,42,545.0,PUT,9
2026-09-25,42,550.0,PUT,121
2026-09-25,42,560.0,PUT,12
2026-09-25,42,570.0,PUT,10
2026-09-25,42,580.0,PUT,7
2026-09-25,42,585.0,PUT,6
2026-09-25,42,590.0,PUT,6
2026-09-25,42,600.0,PUT,93
2026-09-25,42,610.0,PUT,14
2026-09-25,42,620.0,PUT,8
2026-09-25,42,625.0,PUT,15
2026-09-25,42,630.0,PUT,32
2026-09-25,42,640.0,PUT,105
2026-09-25,42,650.0,PUT,124
2026-09-25,42,660.0,PUT,33
2026-09-25,42,665.0,PUT,2
2026-09-25,42,670.0,PUT,46
2026-09-25,42,675.0,PUT,24
2026-09-25,42,680.0,PUT,97
2026-09-25,42,690.0,PUT,55
2026-09-25,42,695.0,PUT,13
2026-09-25,42,700.0,PUT,231
2026-09-25,42,705.0,PUT,47
2026-09-25,42,710.0,PUT,41
2026-09-25,42,715.0,PUT,29
2026-09-25,42,720.0,PUT,142
2026-09-25,42,725.0,PUT,20
2026-09-25,42,730.0,PUT,39
2026-09-25,42,735.0,PUT,15
2026-09-25,42,740.0,PUT,58
2026-09-25,42,745.0,PUT,12
2026-09-25,42,750.0,PUT,120
2026-09-25,42,755.0,PUT,20
2026-09-25,42,770.0,PUT,40
2026-09-25,42,775.0,PUT,37
2026-09-25,42,780.0,PUT,71
2026-09-25,42,785.0,PUT,12
2026-09-25,42,790.0,PUT,45
2026-09-25,42,800.0,PUT,284
2026-09-25,42,810.0,PUT,240
2026-09-25,42,820.0,PUT,38
2026-09-25,42,835.0,PUT,7
2026-09-25,42,840.0,PUT,28
2026-09-25,42,850.0,PUT,332
2026-09-25,42,855.0,PUT,42
2026-09-25,42,860.0,PUT,260
2026-09-25,42,865.0,PUT,25
2026-09-25,42,870.0,PUT,58
2026-09-25,42,875.0,PUT,215
2026-09-25,42,880.0,PUT,279
2026-09-25,42,885.0,PUT,222
2026-09-25,42,890.0,PUT,24
2026-09-25,42,895.0,PUT,48
2026-09-25,42,900.0,PUT,96
2026-09-25,42,905.0,PUT,17
2026-09-25,42,910.0,PUT,35
2026-09-25,42,915.0,PUT,14
2026-09-25,42,925.0,PUT,27
2026-09-25,42,930.0,PUT,82
2026-09-25,42,935.0,PUT,26
2026-09-25,42,940.0,PUT,209
2026-09-25,42,945.0,PUT,19
2026-09-25,42,950.0,PUT,232
2026-09-25,42,955.0,PUT,43
2026-09-25,42,960.0,PUT,52
2026-09-25,42,965.0,PUT,25
2026-09-25,42,970.0,PUT,40
2026-09-25,42,975.0,PUT,3
2026-09-25,42,980.0,PUT,9
2026-09-25,42,985.0,PUT,43
2026-09-25,42,990.0,PUT,15
2026-09-25,42,1000.0,PUT,7
2026-09-25,42,1005.0,PUT,4
2026-09-25,42,1015.0,PUT,3
2026-09-25,42,1035.0,PUT,3
2026-09-25,42,1085.0,PUT,1
2026-09-25,42,1120.0,PUT,202
2026-09-25,42,1150.0,PUT,7
2026-09-25,42,1190.0,PUT,5
2026-09-25,42,1540.0,PUT,1
2026-09-25,42,1560.0,PUT,1
2026-10-16,63,5.0,CALL,644
2026-10-16,63,10.0,CALL,22
2026-10-16,63,15.0,CALL,10
2026-10-16,63,20.0,CALL,16
2026-10-16,63,25.0,CALL,52
2026-10-16,63,30.0,CALL,35
2026-10-16,63,40.0,CALL,6
2026-10-16,63,45.0,CALL,21
2026-10-16,63,50.0,CALL,29
2026-10-16,63,60.0,CALL,1
2026-10-16,63,185.0,CALL,13
2026-10-16,63,190.0,CALL,17
2026-10-16,63,195.0,CALL,4
2026-10-16,63,200.0,CALL,49
2026-10-16,63,210.0,CALL,67
2026-10-16,63,220.0,CALL,21
2026-10-16,63,230.0,CALL,6
2026-10-16,63,240.0,CALL,25
2026-10-16,63,250.0,CALL,531
2026-10-16,63,260.0,CALL,59
2026-10-16,63,270.0,CALL,67
2026-10-16,63,280.0,CALL,315
2026-10-16,63,290.0,CALL,261
2026-10-16,63,300.0,CALL,246
2026-10-16,63,310.0,CALL,448
2026-10-16,63,320.0,CALL,227
2026-10-16,63,330.0,CALL,35
2026-10-16,63,340.0,CALL,285
2026-10-16,63,350.0,CALL,318
2026-10-16,63,360.0,CALL,186
2026-10-16,63,370.0,CALL,124
2026-10-16,63,380.0,CALL,149
2026-10-16,63,390.0,CALL,85
2026-10-16,63,400.0,CALL,735
2026-10-16,63,410.0,CALL,310
2026-10-16,63,420.0,CALL,343
2026-10-16,63,430.0,CALL,140
2026-10-16,63,440.0,CALL,170
2026-10-16,63,450.0,CALL,712
2026-10-16,63,460.0,CALL,448
2026-10-16,63,470.0,CALL,650
2026-10-16,63,480.0,CALL,449
2026-10-16,63,490.0,CALL,212
2026-10-16,63,500.0,CALL,635
2026-10-16,63,510.0,CALL,293
2026-10-16,63,520.0,CALL,355
2026-10-16,63,530.0,CALL,555
2026-10-16,63,540.0,CALL,501
2026-10-16,63,560.0,CALL,756
2026-10-16,63,580.0,CALL,192
2026-10-16,63,600.0,CALL,1460
2026-10-16,63,620.0,CALL,771
2026-10-16,63,640.0,CALL,1714
2026-10-16,63,660.0,CALL,347
2026-10-16,63,680.0,CALL,412
2026-10-16,63,700.0,CALL,1423
2026-10-16,63,720.0,CALL,688
2026-10-16,63,740.0,CALL,765
2026-10-16,63,760.0,CALL,436
2026-10-16,63,780.0,CALL,1199
2026-10-16,63,800.0,CALL,1238
2026-10-16,63,820.0,CALL,602
2026-10-16,63,840.0,CALL,1613
2026-10-16,63,860.0,CALL,863
2026-10-16,63,880.0,CALL,472
2026-10-16,63,900.0,CALL,2303
2026-10-16,63,910.0,CALL,529
2026-10-16,63,920.0,CALL,504
2026-10-16,63,930.0,CALL,498
2026-10-16,63,940.0,CALL,402
2026-10-16,63,950.0,CALL,1723
2026-10-16,63,960.0,CALL,492
2026-10-16,63,970.0,CALL,453
2026-10-16,63,980.0,CALL,435
2026-10-16,63,990.0,CALL,571
2026-10-16,63,1000.0,CALL,7337
2026-10-16,63,1010.0,CALL,257
2026-10-16,63,1020.0,CALL,404
2026-10-16,63,1030.0,CALL,268
2026-10-16,63,1040.0,CALL,140
2026-10-16,63,1050.0,CALL,1635
2026-10-16,63,1060.0,CALL,230
2026-10-16,63,1070.0,CALL,414
2026-10-16,63,1080.0,CALL,378
2026-10-16,63,1090.0,CALL,331
2026-10-16,63,1100.0,CALL,4701
2026-10-16,63,1110.0,CALL,259
2026-10-16,63,1120.0,CALL,282
2026-10-16,63,1130.0,CALL,196
2026-10-16,63,1140.0,CALL,186
2026-10-16,63,1150.0,CALL,680
2026-10-16,63,1160.0,CALL,648
2026-10-16,63,1170.0,CALL,362
2026-10-16,63,1180.0,CALL,316
2026-10-16,63,1190.0,CALL,225
2026-10-16,63,1200.0,CALL,3439
2026-10-16,63,1210.0,CALL,488
2026-10-16,63,1220.0,CALL,315
2026-10-16,63,1230.0,CALL,213
2026-10-16,63,1240.0,CALL,127
2026-10-16,63,1250.0,CALL,942
2026-10-16,63,1260.0,CALL,360
2026-10-16,63,1270.0,CALL,368
2026-10-16,63,1280.0,CALL,356
2026-10-16,63,1290.0,CALL,337
2026-10-16,63,1300.0,CALL,2471
2026-10-16,63,1310.0,CALL,195
2026-10-16,63,1320.0,CALL,380
2026-10-16,63,1330.0,CALL,841
2026-10-16,63,1340.0,CALL,242
2026-10-16,63,1350.0,CALL,706
2026-10-16,63,1360.0,CALL,254
2026-10-16,63,1370.0,CALL,135
2026-10-16,63,1380.0,CALL,215
2026-10-16,63,1390.0,CALL,351
2026-10-16,63,1400.0,CALL,2871
2026-10-16,63,1410.0,CALL,262
2026-10-16,63,1420.0,CALL,359
2026-10-16,63,1430.0,CALL,693
2026-10-16,63,1440.0,CALL,236
2026-10-16,63,1450.0,CALL,189
2026-10-16,63,1460.0,CALL,322
2026-10-16,63,1470.0,CALL,349
2026-10-16,63,1480.0,CALL,301
2026-10-16,63,1490.0,CALL,249
2026-10-16,63,1500.0,CALL,2803
2026-10-16,63,1510.0,CALL,626
2026-10-16,63,1520.0,CALL,402
2026-10-16,63,1530.0,CALL,257
2026-10-16,63,1540.0,CALL,251
2026-10-16,63,1550.0,CALL,376
2026-10-16,63,1560.0,CALL,116
2026-10-16,63,1570.0,CALL,151
2026-10-16,63,1580.0,CALL,47
2026-10-16,63,1590.0,CALL,187
2026-10-16,63,1600.0,CALL,1268
2026-10-16,63,1610.0,CALL,283
2026-10-16,63,1620.0,CALL,219
2026-10-16,63,1630.0,CALL,278
2026-10-16,63,1640.0,CALL,104
2026-10-16,63,1650.0,CALL,156
2026-10-16,63,1660.0,CALL,681
2026-10-16,63,1670.0,CALL,241
2026-10-16,63,1680.0,CALL,330
2026-10-16,63,1690.0,CALL,836
2026-10-16,63,1700.0,CALL,622
2026-10-16,63,1710.0,CALL,97
2026-10-16,63,1720.0,CALL,149
2026-10-16,63,1730.0,CALL,192
2026-10-16,63,1740.0,CALL,285
2026-10-16,63,1750.0,CALL,158
2026-10-16,63,1760.0,CALL,233
2026-10-16,63,1770.0,CALL,280
2026-10-16,63,1780.0,CALL,88
2026-10-16,63,1790.0,CALL,366
2026-10-16,63,1800.0,CALL,712
2026-10-16,63,1810.0,CALL,235
2026-10-16,63,1820.0,CALL,945
2026-10-16,63,1830.0,CALL,1205
2026-10-16,63,1840.0,CALL,119
2026-10-16,63,1850.0,CALL,612
2026-10-16,63,1860.0,CALL,158
2026-10-16,63,1870.0,CALL,156
2026-10-16,63,1880.0,CALL,227
2026-10-16,63,1890.0,CALL,388
2026-10-16,63,1900.0,CALL,596
2026-10-16,63,1910.0,CALL,1037
2026-10-16,63,1920.0,CALL,88
2026-10-16,63,1930.0,CALL,203
2026-10-16,63,1940.0,CALL,276
2026-10-16,63,1950.0,CALL,289
2026-10-16,63,1960.0,CALL,405
2026-10-16,63,1970.0,CALL,88
2026-10-16,63,1980.0,CALL,144
2026-10-16,63,1990.0,CALL,77
2026-10-16,63,2000.0,CALL,1881
2026-10-16,63,2010.0,CALL,81
2026-10-16,63,2020.0,CALL,42
2026-10-16,63,2030.0,CALL,132
2026-10-16,63,2040.0,CALL,14
2026-10-16,63,2050.0,CALL,235
2026-10-16,63,2060.0,CALL,246
2026-10-16,63,2070.0,CALL,83
2026-10-16,63,2080.0,CALL,309
2026-10-16,63,2090.0,CALL,218
2026-10-16,63,2100.0,CALL,354
2026-10-16,63,2110.0,CALL,126
2026-10-16,63,2120.0,CALL,67
2026-10-16,63,2130.0,CALL,83
2026-10-16,63,2140.0,CALL,44
2026-10-16,63,2150.0,CALL,172
2026-10-16,63,2160.0,CALL,83
2026-10-16,63,2170.0,CALL,287
2026-10-16,63,2180.0,CALL,47
2026-10-16,63,2190.0,CALL,76
2026-10-16,63,2200.0,CALL,224
2026-10-16,63,2210.0,CALL,54
2026-10-16,63,2220.0,CALL,149
2026-10-16,63,2230.0,CALL,17
2026-10-16,63,2240.0,CALL,25
2026-10-16,63,2250.0,CALL,139
2026-10-16,63,2260.0,CALL,37
2026-10-16,63,2270.0,CALL,93
2026-10-16,63,2280.0,CALL,82
2026-10-16,63,2290.0,CALL,182
2026-10-16,63,2300.0,CALL,283
2026-10-16,63,2310.0,CALL,52
2026-10-16,63,2320.0,CALL,160
2026-10-16,63,2330.0,CALL,50
2026-10-16,63,2340.0,CALL,80
2026-10-16,63,2350.0,CALL,53
2026-10-16,63,2360.0,CALL,136
2026-10-16,63,2370.0,CALL,109
2026-10-16,63,2380.0,CALL,31
2026-10-16,63,2390.0,CALL,92
2026-10-16,63,2400.0,CALL,270
2026-10-16,63,2410.0,CALL,135
2026-10-16,63,2420.0,CALL,621
2026-10-16,63,2440.0,CALL,79
2026-10-16,63,2460.0,CALL,157
2026-10-16,63,2480.0,CALL,196
2026-10-16,63,2500.0,CALL,1454
2026-10-16,63,5.0,PUT,117
2026-10-16,63,10.0,PUT,85
2026-10-16,63,15.0,PUT,180
2026-10-16,63,20.0,PUT,138
2026-10-16,63,25.0,PUT,129
2026-10-16,63,30.0,PUT,206
2026-10-16,63,35.0,PUT,583
2026-10-16,63,40.0,PUT,747
2026-10-16,63,45.0,PUT,612
2026-10-16,63,50.0,PUT,1384
2026-10-16,63,55.0,PUT,5013
2026-10-16,63,60.0,PUT,14565
2026-10-16,63,185.0,PUT,237
2026-10-16,63,190.0,PUT,129
2026-10-16,63,195.0,PUT,1721
2026-10-16,63,200.0,PUT,1935
2026-10-16,63,210.0,PUT,999
2026-10-16,63,220.0,PUT,1904
2026-10-16,63,230.0,PUT,2638
2026-10-16,63,240.0,PUT,479
2026-10-16,63,250.0,PUT,711
2026-10-16,63,260.0,PUT,2275
2026-10-16,63,270.0,PUT,586
2026-10-16,63,280.0,PUT,714
2026-10-16,63,290.0,PUT,586
2026-10-16,63,300.0,PUT,1988
2026-10-16,63,310.0,PUT,420
2026-10-16,63,320.0,PUT,2061
2026-10-16,63,330.0,PUT,1715
2026-10-16,63,340.0,PUT,4948
2026-10-16,63,350.0,PUT,742
2026-10-16,63,360.0,PUT,3989
2026-10-16,63,370.0,PUT,860
2026-10-16,63,380.0,PUT,2177
2026-10-16,63,390.0,PUT,530
2026-10-16,63,400.0,PUT,2263
2026-10-16,63,410.0,PUT,816
2026-10-16,63,420.0,PUT,662
2026-10-16,63,430.0,PUT,425
2026-10-16,63,440.0,PUT,337
2026-10-16,63,450.0,PUT,2987
2026-10-16,63,460.0,PUT,811
2026-10-16,63,470.0,PUT,400
2026-10-16,63,480.0,PUT,564
2026-10-16,63,490.0,PUT,677
2026-10-16,63,500.0,PUT,3489
2026-10-16,63,510.0,PUT,399
2026-10-16,63,520.0,PUT,974
2026-10-16,63,530.0,PUT,1056
2026-10-16,63,540.0,PUT,1078
2026-10-16,63,560.0,PUT,997
2026-10-16,63,580.0,PUT,1771
2026-10-16,63,600.0,PUT,3586
2026-10-16,63,620.0,PUT,1645
2026-10-16,63,640.0,PUT,4572
2026-10-16,63,660.0,PUT,1760
2026-10-16,63,680.0,PUT,1970
2026-10-16,63,700.0,PUT,6595
2026-10-16,63,720.0,PUT,575
2026-10-16,63,740.0,PUT,1591
2026-10-16,63,760.0,PUT,2560
2026-10-16,63,780.0,PUT,1354
2026-10-16,63,800.0,PUT,4220
2026-10-16,63,820.0,PUT,1638
2026-10-16,63,840.0,PUT,2989
2026-10-16,63,860.0,PUT,1542
2026-10-16,63,880.0,PUT,905
2026-10-16,63,900.0,PUT,2943
2026-10-16,63,910.0,PUT,631
2026-10-16,63,920.0,PUT,1232
2026-10-16,63,930.0,PUT,470
2026-10-16,63,940.0,PUT,981
2026-10-16,63,950.0,PUT,1044
2026-10-16,63,960.0,PUT,432
2026-10-16,63,970.0,PUT,420
2026-10-16,63,980.0,PUT,279
2026-10-16,63,990.0,PUT,614
2026-10-16,63,1000.0,PUT,3238
2026-10-16,63,1010.0,PUT,156
2026-10-16,63,1020.0,PUT,316
2026-10-16,63,1030.0,PUT,138
2026-10-16,63,1040.0,PUT,352
2026-10-16,63,1050.0,PUT,395
2026-10-16,63,1060.0,PUT,187
2026-10-16,63,1070.0,PUT,76
2026-10-16,63,1080.0,PUT,292
2026-10-16,63,1090.0,PUT,286
2026-10-16,63,1100.0,PUT,3003
2026-10-16,63,1110.0,PUT,74
2026-10-16,63,1120.0,PUT,149
2026-10-16,63,1130.0,PUT,70
2026-10-16,63,1140.0,PUT,167
2026-10-16,63,1150.0,PUT,86
2026-10-16,63,1160.0,PUT,155
2026-10-16,63,1170.0,PUT,27
2026-10-16,63,1180.0,PUT,57
2026-10-16,63,1190.0,PUT,74
2026-10-16,63,1200.0,PUT,215
2026-10-16,63,1210.0,PUT,42
2026-10-16,63,1220.0,PUT,42
2026-10-16,63,1230.0,PUT,7
2026-10-16,63,1240.0,PUT,39
2026-10-16,63,1250.0,PUT,111
2026-10-16,63,1260.0,PUT,73
2026-10-16,63,1270.0,PUT,54
2026-10-16,63,1280.0,PUT,48
2026-10-16,63,1290.0,PUT,49
2026-10-16,63,1300.0,PUT,74
2026-10-16,63,1310.0,PUT,38
2026-10-16,63,1320.0,PUT,50
2026-10-16,63,1330.0,PUT,2
2026-10-16,63,1340.0,PUT,37
2026-10-16,63,1350.0,PUT,99
2026-10-16,63,1360.0,PUT,23
2026-10-16,63,1370.0,PUT,29
2026-10-16,63,1380.0,PUT,24
2026-10-16,63,1390.0,PUT,22
2026-10-16,63,1400.0,PUT,15
2026-10-16,63,1410.0,PUT,75
2026-10-16,63,1420.0,PUT,1
2026-10-16,63,1430.0,PUT,32
2026-10-16,63,1440.0,PUT,3
2026-10-16,63,1450.0,PUT,16
2026-10-16,63,1460.0,PUT,11
2026-10-16,63,1470.0,PUT,0
2026-10-16,63,1480.0,PUT,13
2026-10-16,63,1490.0,PUT,10
2026-10-16,63,1500.0,PUT,51
2026-10-16,63,1520.0,PUT,10
2026-10-16,63,1530.0,PUT,0
2026-10-16,63,1540.0,PUT,2
2026-10-16,63,1550.0,PUT,3
2026-10-16,63,1560.0,PUT,3
2026-10-16,63,1580.0,PUT,2
2026-10-16,63,1600.0,PUT,8
2026-10-16,63,1620.0,PUT,1
2026-10-16,63,1630.0,PUT,98
2026-10-16,63,1650.0,PUT,3
2026-10-16,63,1660.0,PUT,0
2026-10-16,63,1680.0,PUT,1
2026-10-16,63,1690.0,PUT,5
2026-10-16,63,1700.0,PUT,4
2026-10-16,63,1720.0,PUT,11
2026-10-16,63,1740.0,PUT,0
2026-10-16,63,1760.0,PUT,0
2026-10-16,63,1770.0,PUT,0
2026-10-16,63,1790.0,PUT,0
2026-10-16,63,1800.0,PUT,2
2026-10-16,63,1830.0,PUT,0
2026-10-16,63,1840.0,PUT,0
2026-10-16,63,1850.0,PUT,0
2026-10-16,63,1860.0,PUT,0
2026-10-16,63,1870.0,PUT,0
2026-10-16,63,1880.0,PUT,0
2026-10-16,63,1890.0,PUT,0
2026-10-16,63,1900.0,PUT,3
2026-10-16,63,1910.0,PUT,0
2026-10-16,63,1920.0,PUT,0
2026-10-16,63,1930.0,PUT,0
2026-10-16,63,1940.0,PUT,0
2026-10-16,63,1950.0,PUT,0
2026-10-16,63,1960.0,PUT,0
2026-10-16,63,1970.0,PUT,10
2026-10-16,63,1980.0,PUT,0
2026-10-16,63,1990.0,PUT,0
2026-10-16,63,2000.0,PUT,0
2026-10-16,63,2010.0,PUT,0
2026-10-16,63,2020.0,PUT,0
2026-10-16,63,2030.0,PUT,0
2026-10-16,63,2040.0,PUT,0
2026-10-16,63,2050.0,PUT,0
2026-10-16,63,2060.0,PUT,0
2026-10-16,63,2070.0,PUT,0
2026-10-16,63,2090.0,PUT,0
2026-10-16,63,2100.0,PUT,0
2026-10-16,63,2170.0,PUT,0
2026-10-16,63,2190.0,PUT,0
2026-10-16,63,2200.0,PUT,0
2026-10-16,63,2210.0,PUT,0
2026-10-16,63,2220.0,PUT,0
2026-10-16,63,2260.0,PUT,0
2026-10-16,63,2290.0,PUT,0
2026-10-16,63,2340.0,PUT,0
2026-10-16,63,2350.0,PUT,0
2026-10-16,63,2360.0,PUT,0
2026-10-16,63,2390.0,PUT,0
2026-10-16,63,2420.0,PUT,0
2026-11-20,98,5.0,CALL,9
2026-11-20,98,35.0,CALL,9
2026-11-20,98,40.0,CALL,0
2026-11-20,98,45.0,CALL,1
2026-11-20,98,50.0,CALL,0
2026-11-20,98,55.0,CALL,8
2026-11-20,98,60.0,CALL,12
2026-11-20,98,65.0,CALL,3
2026-11-20,98,70.0,CALL,0
2026-11-20,98,75.0,CALL,2
2026-11-20,98,80.0,CALL,4
2026-11-20,98,85.0,CALL,1
2026-11-20,98,90.0,CALL,12
2026-11-20,98,95.0,CALL,0
2026-11-20,98,100.0,CALL,5
2026-11-20,98,105.0,CALL,2
2026-11-20,98,110.0,CALL,48
2026-11-20,98,115.0,CALL,5
2026-11-20,98,120.0,CALL,17
2026-11-20,98,125.0,CALL,3
2026-11-20,98,130.0,CALL,13
2026-11-20,98,135.0,CALL,10
2026-11-20,98,140.0,CALL,21
2026-11-20,98,145.0,CALL,5
2026-11-20,98,150.0,CALL,0
2026-11-20,98,155.0,CALL,16
2026-11-20,98,160.0,CALL,24
2026-11-20,98,165.0,CALL,30
2026-11-20,98,170.0,CALL,8
2026-11-20,98,175.0,CALL,19
2026-11-20,98,180.0,CALL,17
2026-11-20,98,185.0,CALL,0
2026-11-20,98,190.0,CALL,0
2026-11-20,98,195.0,CALL,116
2026-11-20,98,200.0,CALL,74
2026-11-20,98,210.0,CALL,39
2026-11-20,98,220.0,CALL,36
2026-11-20,98,230.0,CALL,0
2026-11-20,98,240.0,CALL,16
2026-11-20,98,250.0,CALL,100
2026-11-20,98,260.0,CALL,143
2026-11-20,98,270.0,CALL,33
2026-11-20,98,280.0,CALL,211
2026-11-20,98,290.0,CALL,47
2026-11-20,98,300.0,CALL,201
2026-11-20,98,310.0,CALL,13
2026-11-20,98,320.0,CALL,88
2026-11-20,98,330.0,CALL,201
2026-11-20,98,340.0,CALL,434
2026-11-20,98,350.0,CALL,170
2026-11-20,98,360.0,CALL,119
2026-11-20,98,370.0,CALL,86
2026-11-20,98,380.0,CALL,778
2026-11-20,98,390.0,CALL,193
2026-11-20,98,400.0,CALL,389
2026-11-20,98,410.0,CALL,203
2026-11-20,98,420.0,CALL,492
2026-11-20,98,430.0,CALL,809
2026-11-20,98,440.0,CALL,1217
2026-11-20,98,450.0,CALL,785
2026-11-20,98,460.0,CALL,385
2026-11-20,98,470.0,CALL,213
2026-11-20,98,480.0,CALL,276
2026-11-20,98,490.0,CALL,326
2026-11-20,98,500.0,CALL,1134
2026-11-20,98,510.0,CALL,175
2026-11-20,98,520.0,CALL,219
2026-11-20,98,530.0,CALL,306
2026-11-20,98,540.0,CALL,294
2026-11-20,98,550.0,CALL,236
2026-11-20,98,560.0,CALL,218
2026-11-20,98,570.0,CALL,1201
2026-11-20,98,580.0,CALL,117
2026-11-20,98,590.0,CALL,368
2026-11-20,98,600.0,CALL,510
2026-11-20,98,610.0,CALL,154
2026-11-20,98,620.0,CALL,368
2026-11-20,98,630.0,CALL,192
2026-11-20,98,640.0,CALL,306
2026-11-20,98,650.0,CALL,749
2026-11-20,98,660.0,CALL,310
2026-11-20,98,670.0,CALL,273
2026-11-20,98,680.0,CALL,125
2026-11-20,98,700.0,CALL,978
2026-11-20,98,710.0,CALL,230
2026-11-20,98,720.0,CALL,246
2026-11-20,98,730.0,CALL,348
2026-11-20,98,740.0,CALL,178
2026-11-20,98,750.0,CALL,501
2026-11-20,98,760.0,CALL,342
2026-11-20,98,770.0,CALL,382
2026-11-20,98,780.0,CALL,269
2026-11-20,98,790.0,CALL,289
2026-11-20,98,800.0,CALL,1632
2026-11-20,98,810.0,CALL,582
2026-11-20,98,820.0,CALL,686
2026-11-20,98,830.0,CALL,318
2026-11-20,98,840.0,CALL,197
2026-11-20,98,850.0,CALL,558
2026-11-20,98,860.0,CALL,305
2026-11-20,98,870.0,CALL,270
2026-11-20,98,880.0,CALL,386
2026-11-20,98,890.0,CALL,371
2026-11-20,98,900.0,CALL,2047
2026-11-20,98,910.0,CALL,7204
2026-11-20,98,920.0,CALL,623
2026-11-20,98,930.0,CALL,241
2026-11-20,98,940.0,CALL,187
2026-11-20,98,950.0,CALL,343
2026-11-20,98,960.0,CALL,357
2026-11-20,98,970.0,CALL,140
2026-11-20,98,980.0,CALL,261
2026-11-20,98,990.0,CALL,178
2026-11-20,98,1000.0,CALL,1991
2026-11-20,98,1010.0,CALL,725
2026-11-20,98,1020.0,CALL,483
2026-11-20,98,1030.0,CALL,200
2026-11-20,98,1040.0,CALL,143
2026-11-20,98,1050.0,CALL,648
2026-11-20,98,1060.0,CALL,230
2026-11-20,98,1070.0,CALL,286
2026-11-20,98,1080.0,CALL,358
2026-11-20,98,1090.0,CALL,220
2026-11-20,98,1100.0,CALL,1139
2026-11-20,98,1110.0,CALL,71
2026-11-20,98,1120.0,CALL,283
2026-11-20,98,1130.0,CALL,145
2026-11-20,98,1140.0,CALL,268
2026-11-20,98,1150.0,CALL,566
2026-11-20,98,1160.0,CALL,436
2026-11-20,98,1170.0,CALL,402
2026-11-20,98,1180.0,CALL,279
2026-11-20,98,1190.0,CALL,901
2026-11-20,98,1200.0,CALL,869
2026-11-20,98,1210.0,CALL,288
2026-11-20,98,1220.0,CALL,127
2026-11-20,98,1230.0,CALL,240
2026-11-20,98,1240.0,CALL,114
2026-11-20,98,1250.0,CALL,442
2026-11-20,98,1260.0,CALL,72
2026-11-20,98,1270.0,CALL,365
2026-11-20,98,1280.0,CALL,181
2026-11-20,98,1290.0,CALL,122
2026-11-20,98,1300.0,CALL,2158
2026-11-20,98,1310.0,CALL,514
2026-11-20,98,1320.0,CALL,261
2026-11-20,98,1330.0,CALL,370
2026-11-20,98,1340.0,CALL,176
2026-11-20,98,1350.0,CALL,1719
2026-11-20,98,1360.0,CALL,187
2026-11-20,98,1370.0,CALL,89
2026-11-20,98,1380.0,CALL,388
2026-11-20,98,1390.0,CALL,67
2026-11-20,98,1400.0,CALL,637
2026-11-20,98,1410.0,CALL,284
2026-11-20,98,1420.0,CALL,173
2026-11-20,98,1430.0,CALL,53
2026-11-20,98,1440.0,CALL,224
2026-11-20,98,1450.0,CALL,155
2026-11-20,98,1460.0,CALL,123
2026-11-20,98,1470.0,CALL,340
2026-11-20,98,1480.0,CALL,479
2026-11-20,98,1490.0,CALL,168
2026-11-20,98,1500.0,CALL,1571
2026-11-20,98,1510.0,CALL,458
2026-11-20,98,1520.0,CALL,849
2026-11-20,98,1530.0,CALL,745
2026-11-20,98,1540.0,CALL,254
2026-11-20,98,1550.0,CALL,209
2026-11-20,98,1560.0,CALL,129
2026-11-20,98,1570.0,CALL,142
2026-11-20,98,1580.0,CALL,84
2026-11-20,98,1590.0,CALL,422
2026-11-20,98,1600.0,CALL,568
2026-11-20,98,1610.0,CALL,427
2026-11-20,98,1620.0,CALL,142
2026-11-20,98,1630.0,CALL,213
2026-11-20,98,1640.0,CALL,90
2026-11-20,98,1650.0,CALL,197
2026-11-20,98,1660.0,CALL,65
2026-11-20,98,1670.0,CALL,90
2026-11-20,98,1680.0,CALL,117
2026-11-20,98,1690.0,CALL,65
2026-11-20,98,1700.0,CALL,305
2026-11-20,98,1710.0,CALL,143
2026-11-20,98,1720.0,CALL,208
2026-11-20,98,1730.0,CALL,39
2026-11-20,98,1740.0,CALL,243
2026-11-20,98,1750.0,CALL,194
2026-11-20,98,1760.0,CALL,60
2026-11-20,98,1770.0,CALL,155
2026-11-20,98,1780.0,CALL,201
2026-11-20,98,1790.0,CALL,189
2026-11-20,98,1800.0,CALL,914
2026-11-20,98,1810.0,CALL,102
2026-11-20,98,1820.0,CALL,574
2026-11-20,98,1830.0,CALL,340
2026-11-20,98,1840.0,CALL,369
2026-11-20,98,1850.0,CALL,399
2026-11-20,98,1860.0,CALL,134
2026-11-20,98,1870.0,CALL,203
2026-11-20,98,1880.0,CALL,474
2026-11-20,98,1890.0,CALL,214
2026-11-20,98,1900.0,CALL,293
2026-11-20,98,1910.0,CALL,689
2026-11-20,98,1920.0,CALL,152
2026-11-20,98,1930.0,CALL,174
2026-11-20,98,1940.0,CALL,168
2026-11-20,98,1950.0,CALL,282
2026-11-20,98,1960.0,CALL,344
2026-11-20,98,1970.0,CALL,206
2026-11-20,98,1980.0,CALL,68
2026-11-20,98,1990.0,CALL,173
2026-11-20,98,2000.0,CALL,581
2026-11-20,98,2010.0,CALL,145
2026-11-20,98,2020.0,CALL,225
2026-11-20,98,2030.0,CALL,137
2026-11-20,98,2040.0,CALL,238
2026-11-20,98,2050.0,CALL,192
2026-11-20,98,2060.0,CALL,248
2026-11-20,98,2070.0,CALL,235
2026-11-20,98,2080.0,CALL,137
2026-11-20,98,2090.0,CALL,129
2026-11-20,98,2100.0,CALL,299
2026-11-20,98,2110.0,CALL,266
2026-11-20,98,2120.0,CALL,140
2026-11-20,98,2130.0,CALL,147
2026-11-20,98,2140.0,CALL,460
2026-11-20,98,2150.0,CALL,240
2026-11-20,98,2160.0,CALL,57
2026-11-20,98,2170.0,CALL,285
2026-11-20,98,2180.0,CALL,147
2026-11-20,98,2190.0,CALL,144
2026-11-20,98,2200.0,CALL,43
2026-11-20,98,2210.0,CALL,7
2026-11-20,98,2220.0,CALL,28
2026-11-20,98,2230.0,CALL,40
2026-11-20,98,2240.0,CALL,44
2026-11-20,98,2250.0,CALL,31
2026-11-20,98,2260.0,CALL,66
2026-11-20,98,2270.0,CALL,78
2026-11-20,98,2280.0,CALL,106
2026-11-20,98,2290.0,CALL,153
2026-11-20,98,2300.0,CALL,61
2026-11-20,98,2310.0,CALL,36
2026-11-20,98,2320.0,CALL,20
2026-11-20,98,2330.0,CALL,26
2026-11-20,98,2340.0,CALL,44
2026-11-20,98,2350.0,CALL,101
2026-11-20,98,2360.0,CALL,20
2026-11-20,98,2370.0,CALL,132
2026-11-20,98,2380.0,CALL,48
2026-11-20,98,2390.0,CALL,186
2026-11-20,98,2400.0,CALL,91
2026-11-20,98,2410.0,CALL,175
2026-11-20,98,2420.0,CALL,200
2026-11-20,98,2440.0,CALL,101
2026-11-20,98,2460.0,CALL,81
2026-11-20,98,2480.0,CALL,399
2026-11-20,98,2500.0,CALL,600
2026-11-20,98,5.0,PUT,86
2026-11-20,98,10.0,PUT,47
2026-11-20,98,15.0,PUT,635
2026-11-20,98,20.0,PUT,163
2026-11-20,98,25.0,PUT,139
2026-11-20,98,30.0,PUT,52
2026-11-20,98,35.0,PUT,783
2026-11-20,98,40.0,PUT,47
2026-11-20,98,45.0,PUT,88
2026-11-20,98,50.0,PUT,52
2026-11-20,98,55.0,PUT,194
2026-11-20,98,60.0,PUT,285
2026-11-20,98,65.0,PUT,549
2026-11-20,98,70.0,PUT,895
2026-11-20,98,75.0,PUT,52
2026-11-20,98,80.0,PUT,56
2026-11-20,98,85.0,PUT,36
2026-11-20,98,90.0,PUT,158
2026-11-20,98,95.0,PUT,754
2026-11-20,98,100.0,PUT,922
2026-11-20,98,105.0,PUT,170
2026-11-20,98,110.0,PUT,390
2026-11-20,98,115.0,PUT,187
2026-11-20,98,120.0,PUT,110
2026-11-20,98,125.0,PUT,464
2026-11-20,98,130.0,PUT,122
2026-11-20,98,135.0,PUT,2281
2026-11-20,98,140.0,PUT,53
2026-11-20,98,145.0,PUT,187
2026-11-20,98,150.0,PUT,492
2026-11-20,98,155.0,PUT,119
2026-11-20,98,160.0,PUT,239
2026-11-20,98,165.0,PUT,43
2026-11-20,98,170.0,PUT,51
2026-11-20,98,175.0,PUT,275
2026-11-20,98,180.0,PUT,36
2026-11-20,98,185.0,PUT,71
2026-11-20,98,190.0,PUT,171
2026-11-20,98,195.0,PUT,2749
2026-11-20,98,200.0,PUT,1811
2026-11-20,98,210.0,PUT,178
2026-11-20,98,220.0,PUT,406
2026-11-20,98,230.0,PUT,1696
2026-11-20,98,240.0,PUT,738
2026-11-20,98,250.0,PUT,956
2026-11-20,98,260.0,PUT,1568
2026-11-20,98,270.0,PUT,556
2026-11-20,98,280.0,PUT,1045
2026-11-20,98,290.0,PUT,1743
2026-11-20,98,300.0,PUT,1953
2026-11-20,98,310.0,PUT,414
2026-11-20,98,320.0,PUT,563
2026-11-20,98,330.0,PUT,639
2026-11-20,98,340.0,PUT,203
2026-11-20,98,350.0,PUT,4593
2026-11-20,98,360.0,PUT,6371
2026-11-20,98,370.0,PUT,723
2026-11-20,98,380.0,PUT,5604
2026-11-20,98,390.0,PUT,432
2026-11-20,98,400.0,PUT,995
2026-11-20,98,410.0,PUT,611
2026-11-20,98,420.0,PUT,904
2026-11-20,98,430.0,PUT,968
2026-11-20,98,440.0,PUT,580
2026-11-20,98,450.0,PUT,984
2026-11-20,98,460.0,PUT,909
2026-11-20,98,470.0,PUT,282
2026-11-20,98,480.0,PUT,463
2026-11-20,98,490.0,PUT,632
2026-11-20,98,500.0,PUT,3179
2026-11-20,98,510.0,PUT,223
2026-11-20,98,520.0,PUT,959
2026-11-20,98,530.0,PUT,481
2026-11-20,98,540.0,PUT,601
2026-11-20,98,550.0,PUT,860
2026-11-20,98,560.0,PUT,264
2026-11-20,98,570.0,PUT,1485
2026-11-20,98,580.0,PUT,1132
2026-11-20,98,590.0,PUT,652
2026-11-20,98,600.0,PUT,3791
2026-11-20,98,610.0,PUT,483
2026-11-20,98,620.0,PUT,962
2026-11-20,98,630.0,PUT,1028
2026-11-20,98,640.0,PUT,762
2026-11-20,98,650.0,PUT,1789
2026-11-20,98,660.0,PUT,1183
2026-11-20,98,670.0,PUT,652
2026-11-20,98,680.0,PUT,439
2026-11-20,98,700.0,PUT,2344
2026-11-20,98,710.0,PUT,153
2026-11-20,98,720.0,PUT,467
2026-11-20,98,730.0,PUT,345
2026-11-20,98,740.0,PUT,2566
2026-11-20,98,750.0,PUT,1650
2026-11-20,98,760.0,PUT,491
2026-11-20,98,770.0,PUT,345
2026-11-20,98,780.0,PUT,330
2026-11-20,98,790.0,PUT,324
2026-11-20,98,800.0,PUT,1635
2026-11-20,98,810.0,PUT,338
2026-11-20,98,820.0,PUT,523
2026-11-20,98,830.0,PUT,381
2026-11-20,98,840.0,PUT,285
2026-11-20,98,850.0,PUT,541
2026-11-20,98,860.0,PUT,343
2026-11-20,98,870.0,PUT,173
2026-11-20,98,880.0,PUT,288
2026-11-20,98,890.0,PUT,437
2026-11-20,98,900.0,PUT,806
2026-11-20,98,910.0,PUT,899
2026-11-20,98,920.0,PUT,1190
2026-11-20,98,930.0,PUT,658
2026-11-20,98,940.0,PUT,283
2026-11-20,98,950.0,PUT,325
2026-11-20,98,960.0,PUT,129
2026-11-20,98,970.0,PUT,235
2026-11-20,98,980.0,PUT,555
2026-11-20,98,990.0,PUT,335
2026-11-20,98,1000.0,PUT,948
2026-11-20,98,1010.0,PUT,128
2026-11-20,98,1020.0,PUT,203
2026-11-20,98,1030.0,PUT,171
2026-11-20,98,1040.0,PUT,216
2026-11-20,98,1050.0,PUT,53
2026-11-20,98,1060.0,PUT,80
2026-11-20,98,1070.0,PUT,97
2026-11-20,98,1080.0,PUT,80
2026-11-20,98,1090.0,PUT,245
2026-11-20,98,1100.0,PUT,390
2026-11-20,98,1110.0,PUT,89
2026-11-20,98,1120.0,PUT,52
2026-11-20,98,1130.0,PUT,31
2026-11-20,98,1140.0,PUT,78
2026-11-20,98,1150.0,PUT,244
2026-11-20,98,1160.0,PUT,78
2026-11-20,98,1170.0,PUT,32
2026-11-20,98,1180.0,PUT,26
2026-11-20,98,1190.0,PUT,40
2026-11-20,98,1200.0,PUT,68
2026-11-20,98,1210.0,PUT,121
2026-11-20,98,1220.0,PUT,35
2026-11-20,98,1230.0,PUT,8
2026-11-20,98,1240.0,PUT,11
2026-11-20,98,1250.0,PUT,18
2026-11-20,98,1260.0,PUT,56
2026-11-20,98,1270.0,PUT,58
2026-11-20,98,1280.0,PUT,52
2026-11-20,98,1290.0,PUT,67
2026-11-20,98,1300.0,PUT,1038
2026-11-20,98,1310.0,PUT,44
2026-11-20,98,1320.0,PUT,40
2026-11-20,98,1330.0,PUT,23
2026-11-20,98,1340.0,PUT,14
2026-11-20,98,1350.0,PUT,18
2026-11-20,98,1360.0,PUT,30
2026-11-20,98,1370.0,PUT,51
2026-11-20,98,1380.0,PUT,32
2026-11-20,98,1390.0,PUT,7
2026-11-20,98,1400.0,PUT,7
2026-11-20,98,1410.0,PUT,15
2026-11-20,98,1420.0,PUT,3
2026-11-20,98,1430.0,PUT,302
2026-11-20,98,1440.0,PUT,12
2026-11-20,98,1450.0,PUT,7
2026-11-20,98,1460.0,PUT,1
2026-11-20,98,1470.0,PUT,12
2026-11-20,98,1480.0,PUT,10
2026-11-20,98,1490.0,PUT,2
2026-11-20,98,1500.0,PUT,22
2026-11-20,98,1510.0,PUT,2
2026-11-20,98,1520.0,PUT,15
2026-11-20,98,1530.0,PUT,0
2026-11-20,98,1540.0,PUT,13
2026-11-20,98,1550.0,PUT,1
2026-11-20,98,1560.0,PUT,5
2026-11-20,98,1590.0,PUT,0
2026-11-20,98,1600.0,PUT,11
2026-11-20,98,1610.0,PUT,13
2026-11-20,98,1630.0,PUT,8
2026-11-20,98,1640.0,PUT,3
2026-11-20,98,1670.0,PUT,65
2026-11-20,98,1680.0,PUT,0
2026-11-20,98,1690.0,PUT,9
2026-11-20,98,1700.0,PUT,3
2026-11-20,98,1720.0,PUT,21
2026-11-20,98,1730.0,PUT,11
2026-11-20,98,1740.0,PUT,6
2026-11-20,98,1750.0,PUT,21
2026-11-20,98,1760.0,PUT,1
2026-11-20,98,1770.0,PUT,21
2026-11-20,98,1790.0,PUT,1
2026-11-20,98,1800.0,PUT,3
2026-11-20,98,1820.0,PUT,15
2026-11-20,98,1840.0,PUT,7
2026-11-20,98,1860.0,PUT,1
2026-11-20,98,1880.0,PUT,0
2026-11-20,98,1890.0,PUT,10
2026-11-20,98,1910.0,PUT,0
2026-11-20,98,1920.0,PUT,6
2026-11-20,98,1930.0,PUT,0
2026-11-20,98,1940.0,PUT,1
2026-11-20,98,1950.0,PUT,0
2026-11-20,98,1960.0,PUT,0
2026-11-20,98,1980.0,PUT,0
2026-11-20,98,1990.0,PUT,0
2026-11-20,98,2000.0,PUT,0
2026-11-20,98,2010.0,PUT,0
2026-11-20,98,2020.0,PUT,0
2026-11-20,98,2030.0,PUT,0
2026-11-20,98,2050.0,PUT,0
2026-11-20,98,2070.0,PUT,0
2026-11-20,98,2140.0,PUT,0
2026-11-20,98,2150.0,PUT,0
2026-11-20,98,2170.0,PUT,0
2026-11-20,98,2200.0,PUT,0
2026-11-20,98,2290.0,PUT,0
2026-11-20,98,2400.0,PUT,0
2026-11-20,98,2410.0,PUT,0
2026-11-20,98,2420.0,PUT,0
2026-11-20,98,2500.0,PUT,0
2026-12-18,126,5.0,CALL,30
2026-12-18,126,10.0,CALL,17
2026-12-18,126,15.0,CALL,31
2026-12-18,126,20.0,CALL,10
2026-12-18,126,25.0,CALL,33
2026-12-18,126,35.0,CALL,27
2026-12-18,126,40.0,CALL,42
2026-12-18,126,45.0,CALL,0
2026-12-18,126,47.5,CALL,162
2026-12-18,126,50.0,CALL,242
2026-12-18,126,55.0,CALL,102
2026-12-18,126,60.0,CALL,89
2026-12-18,126,65.0,CALL,157
2026-12-18,126,70.0,CALL,271
2026-12-18,126,75.0,CALL,267
2026-12-18,126,80.0,CALL,319
2026-12-18,126,85.0,CALL,470
2026-12-18,126,87.5,CALL,185
2026-12-18,126,90.0,CALL,996
2026-12-18,126,92.5,CALL,154
2026-12-18,126,95.0,CALL,620
2026-12-18,126,97.5,CALL,164
2026-12-18,126,100.0,CALL,782
2026-12-18,126,105.0,CALL,398
2026-12-18,126,110.0,CALL,930
2026-12-18,126,115.0,CALL,88
2026-12-18,126,120.0,CALL,426
2026-12-18,126,125.0,CALL,516
2026-12-18,126,130.0,CALL,442
2026-12-18,126,135.0,CALL,185
2026-12-18,126,140.0,CALL,1238
2026-12-18,126,145.0,CALL,249
2026-12-18,126,150.0,CALL,504
2026-12-18,126,155.0,CALL,183
2026-12-18,126,160.0,CALL,676
2026-12-18,126,165.0,CALL,863
2026-12-18,126,170.0,CALL,434
2026-12-18,126,175.0,CALL,338
2026-12-18,126,180.0,CALL,769
2026-12-18,126,185.0,CALL,167
2026-12-18,126,190.0,CALL,874
2026-12-18,126,195.0,CALL,135
2026-12-18,126,200.0,CALL,1393
2026-12-18,126,210.0,CALL,734
2026-12-18,126,220.0,CALL,2073
2026-12-18,126,230.0,CALL,599
2026-12-18,126,240.0,CALL,897
2026-12-18,126,250.0,CALL,1074
2026-12-18,126,260.0,CALL,525
2026-12-18,126,270.0,CALL,677
2026-12-18,126,280.0,CALL,2167
2026-12-18,126,290.0,CALL,250
2026-12-18,126,300.0,CALL,1286
2026-12-18,126,310.0,CALL,438
2026-12-18,126,320.0,CALL,402
2026-12-18,126,330.0,CALL,996
2026-12-18,126,340.0,CALL,1449
2026-12-18,126,350.0,CALL,647
2026-12-18,126,360.0,CALL,486
2026-12-18,126,370.0,CALL,208
2026-12-18,126,380.0,CALL,800
2026-12-18,126,390.0,CALL,500
2026-12-18,126,400.0,CALL,823
2026-12-18,126,410.0,CALL,368
2026-12-18,126,420.0,CALL,1469
2026-12-18,126,430.0,CALL,215
2026-12-18,126,440.0,CALL,250
2026-12-18,126,450.0,CALL,1261
2026-12-18,126,460.0,CALL,712
2026-12-18,126,470.0,CALL,467
2026-12-18,126,480.0,CALL,787
2026-12-18,126,490.0,CALL,580
2026-12-18,126,500.0,CALL,1483
2026-12-18,126,510.0,CALL,720
2026-12-18,126,520.0,CALL,871
2026-12-18,126,530.0,CALL,208
2026-12-18,126,540.0,CALL,288
2026-12-18,126,550.0,CALL,699
2026-12-18,126,560.0,CALL,169
2026-12-18,126,570.0,CALL,580
2026-12-18,126,580.0,CALL,2974
2026-12-18,126,590.0,CALL,374
2026-12-18,126,600.0,CALL,1402
2026-12-18,126,610.0,CALL,427
2026-12-18,126,620.0,CALL,925
2026-12-18,126,630.0,CALL,199
2026-12-18,126,640.0,CALL,357
2026-12-18,126,650.0,CALL,739
2026-12-18,126,660.0,CALL,319
2026-12-18,126,670.0,CALL,330
2026-12-18,126,680.0,CALL,406
2026-12-18,126,690.0,CALL,406
2026-12-18,126,700.0,CALL,4416
2026-12-18,126,710.0,CALL,437
2026-12-18,126,720.0,CALL,313
2026-12-18,126,730.0,CALL,285
2026-12-18,126,740.0,CALL,1424
2026-12-18,126,750.0,CALL,597
2026-12-18,126,760.0,CALL,294
2026-12-18,126,770.0,CALL,520
2026-12-18,126,780.0,CALL,773
2026-12-18,126,790.0,CALL,235
2026-12-18,126,800.0,CALL,3625
2026-12-18,126,810.0,CALL,405
2026-12-18,126,820.0,CALL,418
2026-12-18,126,830.0,CALL,271
2026-12-18,126,840.0,CALL,609
2026-12-18,126,850.0,CALL,882
2026-12-18,126,860.0,CALL,522
2026-12-18,126,870.0,CALL,500
2026-12-18,126,880.0,CALL,493
2026-12-18,126,890.0,CALL,341
2026-12-18,126,900.0,CALL,2326
2026-12-18,126,910.0,CALL,1086
2026-12-18,126,920.0,CALL,700
2026-12-18,126,930.0,CALL,269
2026-12-18,126,940.0,CALL,194
2026-12-18,126,950.0,CALL,1117
2026-12-18,126,960.0,CALL,356
2026-12-18,126,970.0,CALL,289
2026-12-18,126,980.0,CALL,309
2026-12-18,126,990.0,CALL,135
2026-12-18,126,1000.0,CALL,2946
2026-12-18,126,1010.0,CALL,416
2026-12-18,126,1020.0,CALL,561
2026-12-18,126,1030.0,CALL,328
2026-12-18,126,1040.0,CALL,158
2026-12-18,126,1050.0,CALL,1062
2026-12-18,126,1060.0,CALL,415
2026-12-18,126,1070.0,CALL,459
2026-12-18,126,1080.0,CALL,278
2026-12-18,126,1090.0,CALL,261
2026-12-18,126,1100.0,CALL,1485
2026-12-18,126,1110.0,CALL,147
2026-12-18,126,1120.0,CALL,177
2026-12-18,126,1130.0,CALL,223
2026-12-18,126,1140.0,CALL,286
2026-12-18,126,1150.0,CALL,631
2026-12-18,126,1160.0,CALL,148
2026-12-18,126,1170.0,CALL,380
2026-12-18,126,1180.0,CALL,668
2026-12-18,126,1190.0,CALL,89
2026-12-18,126,1200.0,CALL,1761
2026-12-18,126,1210.0,CALL,195
2026-12-18,126,1220.0,CALL,588
2026-12-18,126,1230.0,CALL,264
2026-12-18,126,1240.0,CALL,167
2026-12-18,126,1250.0,CALL,895
2026-12-18,126,1260.0,CALL,555
2026-12-18,126,1270.0,CALL,385
2026-12-18,126,1280.0,CALL,245
2026-12-18,126,1290.0,CALL,668
2026-12-18,126,1300.0,CALL,1499
2026-12-18,126,1310.0,CALL,430
2026-12-18,126,1320.0,CALL,470
2026-12-18,126,1330.0,CALL,1026
2026-12-18,126,1340.0,CALL,712
2026-12-18,126,1350.0,CALL,339
2026-12-18,126,1360.0,CALL,527
2026-12-18,126,1370.0,CALL,108
2026-12-18,126,1380.0,CALL,305
2026-12-18,126,1390.0,CALL,444
2026-12-18,126,1400.0,CALL,1273
2026-12-18,126,1410.0,CALL,164
2026-12-18,126,1420.0,CALL,1027
2026-12-18,126,1430.0,CALL,75
2026-12-18,126,1440.0,CALL,184
2026-12-18,126,1450.0,CALL,599
2026-12-18,126,1460.0,CALL,340
2026-12-18,126,1470.0,CALL,150
2026-12-18,126,1480.0,CALL,319
2026-12-18,126,1490.0,CALL,194
2026-12-18,126,1500.0,CALL,1648
2026-12-18,126,1510.0,CALL,408
2026-12-18,126,1520.0,CALL,609
2026-12-18,126,1530.0,CALL,438
2026-12-18,126,1540.0,CALL,652
2026-12-18,126,1550.0,CALL,747
2026-12-18,126,1560.0,CALL,258
2026-12-18,126,1570.0,CALL,308
2026-12-18,126,1580.0,CALL,176
2026-12-18,126,1590.0,CALL,160
2026-12-18,126,1600.0,CALL,1583
2026-12-18,126,1610.0,CALL,980
2026-12-18,126,1620.0,CALL,619
2026-12-18,126,1630.0,CALL,576
2026-12-18,126,1640.0,CALL,130
2026-12-18,126,1650.0,CALL,148
2026-12-18,126,1660.0,CALL,165
2026-12-18,126,1670.0,CALL,91
2026-12-18,126,1680.0,CALL,239
2026-12-18,126,1690.0,CALL,127
2026-12-18,126,1700.0,CALL,417
2026-12-18,126,1710.0,CALL,225
2026-12-18,126,1720.0,CALL,40
2026-12-18,126,1730.0,CALL,229
2026-12-18,126,1740.0,CALL,133
2026-12-18,126,1750.0,CALL,482
2026-12-18,126,1760.0,CALL,191
2026-12-18,126,1770.0,CALL,154
2026-12-18,126,1780.0,CALL,92
2026-12-18,126,1790.0,CALL,282
2026-12-18,126,1800.0,CALL,465
2026-12-18,126,1810.0,CALL,235
2026-12-18,126,1820.0,CALL,883
2026-12-18,126,1830.0,CALL,1152
2026-12-18,126,1840.0,CALL,281
2026-12-18,126,1850.0,CALL,72
2026-12-18,126,1860.0,CALL,448
2026-12-18,126,1870.0,CALL,294
2026-12-18,126,1880.0,CALL,325
2026-12-18,126,1890.0,CALL,133
2026-12-18,126,1900.0,CALL,388
2026-12-18,126,1910.0,CALL,370
2026-12-18,126,1920.0,CALL,256
2026-12-18,126,1930.0,CALL,606
2026-12-18,126,1940.0,CALL,391
2026-12-18,126,1950.0,CALL,247
2026-12-18,126,1960.0,CALL,246
2026-12-18,126,1970.0,CALL,599
2026-12-18,126,1980.0,CALL,241
2026-12-18,126,1990.0,CALL,123
2026-12-18,126,2000.0,CALL,633
2026-12-18,126,2010.0,CALL,81
2026-12-18,126,2020.0,CALL,153
2026-12-18,126,2030.0,CALL,163
2026-12-18,126,2040.0,CALL,208
2026-12-18,126,2050.0,CALL,68
2026-12-18,126,2060.0,CALL,52
2026-12-18,126,2070.0,CALL,227
2026-12-18,126,2080.0,CALL,79
2026-12-18,126,2090.0,CALL,276
2026-12-18,126,2100.0,CALL,614
2026-12-18,126,2110.0,CALL,151
2026-12-18,126,2120.0,CALL,186
2026-12-18,126,2130.0,CALL,50
2026-12-18,126,2140.0,CALL,259
2026-12-18,126,2150.0,CALL,156
2026-12-18,126,2160.0,CALL,273
2026-12-18,126,2170.0,CALL,626
2026-12-18,126,2180.0,CALL,121
2026-12-18,126,2190.0,CALL,152
2026-12-18,126,2200.0,CALL,583
2026-12-18,126,2210.0,CALL,15
2026-12-18,126,2220.0,CALL,131
2026-12-18,126,2230.0,CALL,100
2026-12-18,126,2240.0,CALL,23
2026-12-18,126,2250.0,CALL,92
2026-12-18,126,2260.0,CALL,133
2026-12-18,126,2270.0,CALL,169
2026-12-18,126,2280.0,CALL,133
2026-12-18,126,2290.0,CALL,119
2026-12-18,126,2300.0,CALL,20
2026-12-18,126,2310.0,CALL,68
2026-12-18,126,2320.0,CALL,61
2026-12-18,126,2330.0,CALL,13
2026-12-18,126,2340.0,CALL,157
2026-12-18,126,2350.0,CALL,42
2026-12-18,126,2360.0,CALL,292
2026-12-18,126,2370.0,CALL,196
2026-12-18,126,2380.0,CALL,67
2026-12-18,126,2390.0,CALL,127
2026-12-18,126,2400.0,CALL,166
2026-12-18,126,2410.0,CALL,129
2026-12-18,126,2420.0,CALL,410
2026-12-18,126,2440.0,CALL,96
2026-12-18,126,2460.0,CALL,217
2026-12-18,126,2480.0,CALL,101
2026-12-18,126,2500.0,CALL,2946
2026-12-18,126,5.0,PUT,70
2026-12-18,126,10.0,PUT,141
2026-12-18,126,15.0,PUT,97
2026-12-18,126,20.0,PUT,27
2026-12-18,126,25.0,PUT,37
2026-12-18,126,30.0,PUT,1467
2026-12-18,126,35.0,PUT,3336
2026-12-18,126,40.0,PUT,1032
2026-12-18,126,45.0,PUT,3216
2026-12-18,126,47.5,PUT,2257
2026-12-18,126,50.0,PUT,1123
2026-12-18,126,55.0,PUT,3558
2026-12-18,126,60.0,PUT,4344
2026-12-18,126,65.0,PUT,1224
2026-12-18,126,70.0,PUT,3977
2026-12-18,126,75.0,PUT,2839
2026-12-18,126,80.0,PUT,4335
2026-12-18,126,85.0,PUT,3008
2026-12-18,126,87.5,PUT,1408
2026-12-18,126,90.0,PUT,2274
2026-12-18,126,92.5,PUT,277
2026-12-18,126,95.0,PUT,1088
2026-12-18,126,97.5,PUT,192
2026-12-18,126,100.0,PUT,2277
2026-12-18,126,105.0,PUT,754
2026-12-18,126,110.0,PUT,1213
2026-12-18,126,115.0,PUT,1150
2026-12-18,126,120.0,PUT,1064
2026-12-18,126,125.0,PUT,2186
2026-12-18,126,130.0,PUT,1253
2026-12-18,126,135.0,PUT,407
2026-12-18,126,140.0,PUT,906
2026-12-18,126,145.0,PUT,248
2026-12-18,126,150.0,PUT,1277
2026-12-18,126,155.0,PUT,315
2026-12-18,126,160.0,PUT,1125
2026-12-18,126,165.0,PUT,449
2026-12-18,126,170.0,PUT,806
2026-12-18,126,175.0,PUT,342
2026-12-18,126,180.0,PUT,779
2026-12-18,126,185.0,PUT,242
2026-12-18,126,190.0,PUT,1453
2026-12-18,126,195.0,PUT,1034
2026-12-18,126,200.0,PUT,2239
2026-12-18,126,210.0,PUT,2666
2026-12-18,126,220.0,PUT,1769
2026-12-18,126,230.0,PUT,625
2026-12-18,126,240.0,PUT,1470
2026-12-18,126,250.0,PUT,1920
2026-12-18,126,260.0,PUT,363
2026-12-18,126,270.0,PUT,1545
2026-12-18,126,280.0,PUT,3194
2026-12-18,126,290.0,PUT,634
2026-12-18,126,300.0,PUT,3151
2026-12-18,126,310.0,PUT,2718
2026-12-18,126,320.0,PUT,440
2026-12-18,126,330.0,PUT,758
2026-12-18,126,340.0,PUT,800
2026-12-18,126,350.0,PUT,2528
2026-12-18,126,360.0,PUT,10862
2026-12-18,126,370.0,PUT,5438
2026-12-18,126,380.0,PUT,6709
2026-12-18,126,390.0,PUT,2241
2026-12-18,126,400.0,PUT,4277
2026-12-18,126,410.0,PUT,1074
2026-12-18,126,420.0,PUT,4000
2026-12-18,126,430.0,PUT,609
2026-12-18,126,440.0,PUT,608
2026-12-18,126,450.0,PUT,1155
2026-12-18,126,460.0,PUT,464
2026-12-18,126,470.0,PUT,603
2026-12-18,126,480.0,PUT,1586
2026-12-18,126,490.0,PUT,352
2026-12-18,126,500.0,PUT,3569
2026-12-18,126,510.0,PUT,405
2026-12-18,126,520.0,PUT,337
2026-12-18,126,530.0,PUT,1210
2026-12-18,126,540.0,PUT,417
2026-12-18,126,550.0,PUT,4191
2026-12-18,126,560.0,PUT,507
2026-12-18,126,570.0,PUT,362
2026-12-18,126,580.0,PUT,3477
2026-12-18,126,590.0,PUT,437
2026-12-18,126,600.0,PUT,5187
2026-12-18,126,610.0,PUT,381
2026-12-18,126,620.0,PUT,765
2026-12-18,126,630.0,PUT,472
2026-12-18,126,640.0,PUT,368
2026-12-18,126,650.0,PUT,2901
2026-12-18,126,660.0,PUT,325
2026-12-18,126,670.0,PUT,306
2026-12-18,126,680.0,PUT,350
2026-12-18,126,690.0,PUT,240
2026-12-18,126,700.0,PUT,3145
2026-12-18,126,710.0,PUT,654
2026-12-18,126,720.0,PUT,390
2026-12-18,126,730.0,PUT,495
2026-12-18,126,740.0,PUT,423
2026-12-18,126,750.0,PUT,2215
2026-12-18,126,760.0,PUT,906
2026-12-18,126,770.0,PUT,176
2026-12-18,126,780.0,PUT,486
2026-12-18,126,790.0,PUT,711
2026-12-18,126,800.0,PUT,2996
2026-12-18,126,810.0,PUT,243
2026-12-18,126,820.0,PUT,522
2026-12-18,126,830.0,PUT,261
2026-12-18,126,840.0,PUT,395
2026-12-18,126,850.0,PUT,1287
2026-12-18,126,860.0,PUT,542
2026-12-18,126,870.0,PUT,645
2026-12-18,126,880.0,PUT,427
2026-12-18,126,890.0,PUT,557
2026-12-18,126,900.0,PUT,1608
2026-12-18,126,910.0,PUT,502
2026-12-18,126,920.0,PUT,274
2026-12-18,126,930.0,PUT,977
2026-12-18,126,940.0,PUT,320
2026-12-18,126,950.0,PUT,803
2026-12-18,126,960.0,PUT,143
2026-12-18,126,970.0,PUT,111
2026-12-18,126,980.0,PUT,539
2026-12-18,126,990.0,PUT,189
2026-12-18,126,1000.0,PUT,879
2026-12-18,126,1010.0,PUT,148
2026-12-18,126,1020.0,PUT,116
2026-12-18,126,1030.0,PUT,112
2026-12-18,126,1040.0,PUT,62
2026-12-18,126,1050.0,PUT,219
2026-12-18,126,1060.0,PUT,143
2026-12-18,126,1070.0,PUT,141
2026-12-18,126,1080.0,PUT,123
2026-12-18,126,1090.0,PUT,202
2026-12-18,126,1100.0,PUT,279
2026-12-18,126,1110.0,PUT,117
2026-12-18,126,1120.0,PUT,46
2026-12-18,126,1130.0,PUT,42
2026-12-18,126,1140.0,PUT,35
2026-12-18,126,1150.0,PUT,293
2026-12-18,126,1160.0,PUT,47
2026-12-18,126,1170.0,PUT,56
2026-12-18,126,1180.0,PUT,117
2026-12-18,126,1190.0,PUT,54
2026-12-18,126,1200.0,PUT,253
2026-12-18,126,1210.0,PUT,27
2026-12-18,126,1220.0,PUT,36
2026-12-18,126,1230.0,PUT,13
2026-12-18,126,1240.0,PUT,10
2026-12-18,126,1250.0,PUT,44
2026-12-18,126,1260.0,PUT,16
2026-12-18,126,1270.0,PUT,111
2026-12-18,126,1280.0,PUT,85
2026-12-18,126,1290.0,PUT,75
2026-12-18,126,1300.0,PUT,99
2026-12-18,126,1310.0,PUT,9
2026-12-18,126,1320.0,PUT,115
2026-12-18,126,1330.0,PUT,57
2026-12-18,126,1340.0,PUT,112
2026-12-18,126,1350.0,PUT,107
2026-12-18,126,1360.0,PUT,68
2026-12-18,126,1370.0,PUT,9
2026-12-18,126,1380.0,PUT,24
2026-12-18,126,1390.0,PUT,24
2026-12-18,126,1400.0,PUT,41
2026-12-18,126,1410.0,PUT,6
2026-12-18,126,1420.0,PUT,15
2026-12-18,126,1430.0,PUT,9
2026-12-18,126,1440.0,PUT,10
2026-12-18,126,1450.0,PUT,7
2026-12-18,126,1460.0,PUT,6
2026-12-18,126,1470.0,PUT,5
2026-12-18,126,1480.0,PUT,5
2026-12-18,126,1490.0,PUT,32
2026-12-18,126,1500.0,PUT,61
2026-12-18,126,1510.0,PUT,9
2026-12-18,126,1520.0,PUT,1
2026-12-18,126,1530.0,PUT,69
2026-12-18,126,1540.0,PUT,2
2026-12-18,126,1550.0,PUT,70
2026-12-18,126,1560.0,PUT,7
2026-12-18,126,1580.0,PUT,1
2026-12-18,126,1600.0,PUT,18
2026-12-18,126,1610.0,PUT,17
2026-12-18,126,1620.0,PUT,72
2026-12-18,126,1630.0,PUT,11
2026-12-18,126,1640.0,PUT,41
2026-12-18,126,1660.0,PUT,6
2026-12-18,126,1680.0,PUT,2
2026-12-18,126,1700.0,PUT,5
2026-12-18,126,1710.0,PUT,2
2026-12-18,126,1750.0,PUT,2
2026-12-18,126,1760.0,PUT,1
2026-12-18,126,1770.0,PUT,11
2026-12-18,126,1780.0,PUT,2
2026-12-18,126,1790.0,PUT,0
2026-12-18,126,1800.0,PUT,8
2026-12-18,126,1820.0,PUT,0
2026-12-18,126,1830.0,PUT,144
2026-12-18,126,1840.0,PUT,7
2026-12-18,126,1850.0,PUT,24
2026-12-18,126,1860.0,PUT,3
2026-12-18,126,1880.0,PUT,11
2026-12-18,126,1890.0,PUT,60
2026-12-18,126,1900.0,PUT,20
2026-12-18,126,1910.0,PUT,0
2026-12-18,126,1920.0,PUT,10
2026-12-18,126,1930.0,PUT,2
2026-12-18,126,1940.0,PUT,1
2026-12-18,126,1950.0,PUT,8
2026-12-18,126,1960.0,PUT,1
2026-12-18,126,1980.0,PUT,1
2026-12-18,126,2000.0,PUT,18
2026-12-18,126,2010.0,PUT,0
2026-12-18,126,2030.0,PUT,0
2026-12-18,126,2070.0,PUT,0
2026-12-18,126,2090.0,PUT,1
2026-12-18,126,2100.0,PUT,0
2026-12-18,126,2120.0,PUT,0
2026-12-18,126,2150.0,PUT,1
2026-12-18,126,2170.0,PUT,0
2026-12-18,126,2180.0,PUT,0
2026-12-18,126,2220.0,PUT,5
2026-12-18,126,2240.0,PUT,0
2026-12-18,126,2260.0,PUT,1
2026-12-18,126,2270.0,PUT,1
2026-12-18,126,2320.0,PUT,0
2026-12-18,126,2380.0,PUT,0
2026-12-18,126,2400.0,PUT,0
2026-12-18,126,2410.0,PUT,0
2026-12-18,126,2420.0,PUT,0
2026-12-18,126,2480.0,PUT,0
2026-12-18,126,2500.0,PUT,0
2027-01-15,154,35.0,CALL,119
2027-01-15,154,40.0,CALL,116
2027-01-15,154,45.0,CALL,178
2027-01-15,154,50.0,CALL,333
2027-01-15,154,55.0,CALL,105
2027-01-15,154,60.0,CALL,241
2027-01-15,154,65.0,CALL,0
2027-01-15,154,70.0,CALL,351
2027-01-15,154,75.0,CALL,335
2027-01-15,154,80.0,CALL,1725
2027-01-15,154,85.0,CALL,1292
2027-01-15,154,90.0,CALL,4466
2027-01-15,154,95.0,CALL,587
2027-01-15,154,100.0,CALL,656
2027-01-15,154,105.0,CALL,395
2027-01-15,154,110.0,CALL,1833
2027-01-15,154,115.0,CALL,366
2027-01-15,154,120.0,CALL,600
2027-01-15,154,125.0,CALL,412
2027-01-15,154,130.0,CALL,636
2027-01-15,154,135.0,CALL,493
2027-01-15,154,140.0,CALL,2531
2027-01-15,154,145.0,CALL,370
2027-01-15,154,150.0,CALL,2084
2027-01-15,154,155.0,CALL,359
2027-01-15,154,160.0,CALL,2297
2027-01-15,154,165.0,CALL,873
2027-01-15,154,170.0,CALL,984
2027-01-15,154,175.0,CALL,637
2027-01-15,154,180.0,CALL,796
2027-01-15,154,185.0,CALL,316
2027-01-15,154,190.0,CALL,1292
2027-01-15,154,195.0,CALL,998
2027-01-15,154,200.0,CALL,1433
2027-01-15,154,210.0,CALL,541
2027-01-15,154,220.0,CALL,3883
2027-01-15,154,230.0,CALL,962
2027-01-15,154,240.0,CALL,1012
2027-01-15,154,250.0,CALL,532
2027-01-15,154,260.0,CALL,417
2027-01-15,154,270.0,CALL,426
2027-01-15,154,280.0,CALL,251
2027-01-15,154,290.0,CALL,348
2027-01-15,154,300.0,CALL,1385
2027-01-15,154,310.0,CALL,736
2027-01-15,154,320.0,CALL,1956
2027-01-15,154,330.0,CALL,1707
2027-01-15,154,340.0,CALL,825
2027-01-15,154,350.0,CALL,2283
2027-01-15,154,360.0,CALL,618
2027-01-15,154,370.0,CALL,347
2027-01-15,154,380.0,CALL,780
2027-01-15,154,390.0,CALL,413
2027-01-15,154,400.0,CALL,1702
2027-01-15,154,410.0,CALL,607
2027-01-15,154,420.0,CALL,776
2027-01-15,154,430.0,CALL,963
2027-01-15,154,440.0,CALL,946
2027-01-15,154,450.0,CALL,3959
2027-01-15,154,460.0,CALL,557
2027-01-15,154,470.0,CALL,485
2027-01-15,154,480.0,CALL,1452
2027-01-15,154,490.0,CALL,1368
2027-01-15,154,500.0,CALL,5855
2027-01-15,154,510.0,CALL,1166
2027-01-15,154,520.0,CALL,1320
2027-01-15,154,530.0,CALL,571
2027-01-15,154,540.0,CALL,514
2027-01-15,154,550.0,CALL,3493
2027-01-15,154,560.0,CALL,509
2027-01-15,154,570.0,CALL,578
2027-01-15,154,580.0,CALL,1381
2027-01-15,154,590.0,CALL,361
2027-01-15,154,600.0,CALL,4844
2027-01-15,154,610.0,CALL,986
2027-01-15,154,620.0,CALL,1186
2027-01-15,154,630.0,CALL,1584
2027-01-15,154,640.0,CALL,545
2027-01-15,154,650.0,CALL,3634
2027-01-15,154,660.0,CALL,1258
2027-01-15,154,670.0,CALL,294
2027-01-15,154,680.0,CALL,1331
2027-01-15,154,690.0,CALL,1491
2027-01-15,154,700.0,CALL,4938
2027-01-15,154,710.0,CALL,1223
2027-01-15,154,720.0,CALL,1135
2027-01-15,154,730.0,CALL,248
2027-01-15,154,740.0,CALL,3983
2027-01-15,154,750.0,CALL,3664
2027-01-15,154,760.0,CALL,387
2027-01-15,154,770.0,CALL,298
2027-01-15,154,780.0,CALL,770
2027-01-15,154,790.0,CALL,1050
2027-01-15,154,800.0,CALL,4756
2027-01-15,154,810.0,CALL,588
2027-01-15,154,820.0,CALL,515
2027-01-15,154,830.0,CALL,677
2027-01-15,154,840.0,CALL,1256
2027-01-15,154,850.0,CALL,2995
2027-01-15,154,860.0,CALL,456
2027-01-15,154,870.0,CALL,675
2027-01-15,154,880.0,CALL,493
2027-01-15,154,890.0,CALL,370
2027-01-15,154,900.0,CALL,6306
2027-01-15,154,910.0,CALL,1961
2027-01-15,154,920.0,CALL,171
2027-01-15,154,930.0,CALL,226
2027-01-15,154,940.0,CALL,369
2027-01-15,154,950.0,CALL,4206
2027-01-15,154,960.0,CALL,481
2027-01-15,154,970.0,CALL,436
2027-01-15,154,980.0,CALL,361
2027-01-15,154,990.0,CALL,210
2027-01-15,154,1000.0,CALL,6451
2027-01-15,154,1010.0,CALL,401
2027-01-15,154,1020.0,CALL,388
2027-01-15,154,1030.0,CALL,500
2027-01-15,154,1040.0,CALL,755
2027-01-15,154,1050.0,CALL,1829
2027-01-15,154,1060.0,CALL,777
2027-01-15,154,1070.0,CALL,140
2027-01-15,154,1080.0,CALL,944
2027-01-15,154,1090.0,CALL,886
2027-01-15,154,1100.0,CALL,2302
2027-01-15,154,1110.0,CALL,356
2027-01-15,154,1120.0,CALL,403
2027-01-15,154,1130.0,CALL,276
2027-01-15,154,1140.0,CALL,272
2027-01-15,154,1150.0,CALL,5214
2027-01-15,154,1160.0,CALL,447
2027-01-15,154,1170.0,CALL,451
2027-01-15,154,1180.0,CALL,963
2027-01-15,154,1190.0,CALL,373
2027-01-15,154,1200.0,CALL,4209
2027-01-15,154,1210.0,CALL,455
2027-01-15,154,1220.0,CALL,776
2027-01-15,154,1230.0,CALL,283
2027-01-15,154,1240.0,CALL,469
2027-01-15,154,1250.0,CALL,1318
2027-01-15,154,1260.0,CALL,419
2027-01-15,154,1270.0,CALL,144
2027-01-15,154,1280.0,CALL,592
2027-01-15,154,1290.0,CALL,198
2027-01-15,154,1300.0,CALL,7302
2027-01-15,154,1310.0,CALL,308
2027-01-15,154,1320.0,CALL,443
2027-01-15,154,1330.0,CALL,183
2027-01-15,154,1340.0,CALL,1537
2027-01-15,154,1350.0,CALL,1146
2027-01-15,154,1360.0,CALL,689
2027-01-15,154,1370.0,CALL,281
2027-01-15,154,1380.0,CALL,514
2027-01-15,154,1390.0,CALL,345
2027-01-15,154,1400.0,CALL,4752
2027-01-15,154,1410.0,CALL,356
2027-01-15,154,1420.0,CALL,606
2027-01-15,154,1430.0,CALL,182
2027-01-15,154,1440.0,CALL,357
2027-01-15,154,1450.0,CALL,252
2027-01-15,154,1460.0,CALL,193
2027-01-15,154,1470.0,CALL,374
2027-01-15,154,1480.0,CALL,545
2027-01-15,154,1490.0,CALL,313
2027-01-15,154,1500.0,CALL,4477
2027-01-15,154,1510.0,CALL,135
2027-01-15,154,1520.0,CALL,264
2027-01-15,154,1530.0,CALL,116
2027-01-15,154,1540.0,CALL,367
2027-01-15,154,1550.0,CALL,640
2027-01-15,154,1560.0,CALL,468
2027-01-15,154,1570.0,CALL,511
2027-01-15,154,1580.0,CALL,324
2027-01-15,154,1590.0,CALL,439
2027-01-15,154,1600.0,CALL,2278
2027-01-15,154,1610.0,CALL,583
2027-01-15,154,1620.0,CALL,383
2027-01-15,154,1630.0,CALL,826
2027-01-15,154,1640.0,CALL,131
2027-01-15,154,1650.0,CALL,386
2027-01-15,154,1660.0,CALL,262
2027-01-15,154,1670.0,CALL,226
2027-01-15,154,1680.0,CALL,117
2027-01-15,154,1690.0,CALL,198
2027-01-15,154,1700.0,CALL,1418
2027-01-15,154,1710.0,CALL,310
2027-01-15,154,1720.0,CALL,99
2027-01-15,154,1730.0,CALL,207
2027-01-15,154,1740.0,CALL,159
2027-01-15,154,1750.0,CALL,902
2027-01-15,154,1760.0,CALL,197
2027-01-15,154,1770.0,CALL,312
2027-01-15,154,1780.0,CALL,138
2027-01-15,154,1790.0,CALL,254
2027-01-15,154,1800.0,CALL,718
2027-01-15,154,1810.0,CALL,588
2027-01-15,154,1820.0,CALL,260
2027-01-15,154,1830.0,CALL,1091
2027-01-15,154,1840.0,CALL,119
2027-01-15,154,1850.0,CALL,278
2027-01-15,154,1860.0,CALL,138
2027-01-15,154,1870.0,CALL,85
2027-01-15,154,1880.0,CALL,55
2027-01-15,154,1890.0,CALL,34
2027-01-15,154,1900.0,CALL,1369
2027-01-15,154,1910.0,CALL,689
2027-01-15,154,1920.0,CALL,219
2027-01-15,154,1930.0,CALL,72
2027-01-15,154,1940.0,CALL,84
2027-01-15,154,1950.0,CALL,905
2027-01-15,154,1960.0,CALL,239
2027-01-15,154,1970.0,CALL,111
2027-01-15,154,1980.0,CALL,239
2027-01-15,154,1990.0,CALL,195
2027-01-15,154,2000.0,CALL,2370
2027-01-15,154,2010.0,CALL,95
2027-01-15,154,2020.0,CALL,290
2027-01-15,154,2030.0,CALL,162
2027-01-15,154,2040.0,CALL,85
2027-01-15,154,2050.0,CALL,706
2027-01-15,154,2060.0,CALL,82
2027-01-15,154,2070.0,CALL,152
2027-01-15,154,2080.0,CALL,165
2027-01-15,154,2090.0,CALL,197
2027-01-15,154,2100.0,CALL,516
2027-01-15,154,2110.0,CALL,181
2027-01-15,154,2120.0,CALL,132
2027-01-15,154,2130.0,CALL,91
2027-01-15,154,2140.0,CALL,37
2027-01-15,154,2150.0,CALL,300
2027-01-15,154,2160.0,CALL,158
2027-01-15,154,2170.0,CALL,1384
2027-01-15,154,2180.0,CALL,41
2027-01-15,154,2190.0,CALL,85
2027-01-15,154,2200.0,CALL,407
2027-01-15,154,2210.0,CALL,107
2027-01-15,154,2220.0,CALL,79
2027-01-15,154,2230.0,CALL,9
2027-01-15,154,2240.0,CALL,45
2027-01-15,154,2250.0,CALL,229
2027-01-15,154,2260.0,CALL,83
2027-01-15,154,2270.0,CALL,62
2027-01-15,154,2280.0,CALL,19
2027-01-15,154,2290.0,CALL,175
2027-01-15,154,2300.0,CALL,105
2027-01-15,154,2310.0,CALL,82
2027-01-15,154,2320.0,CALL,100
2027-01-15,154,2330.0,CALL,24
2027-01-15,154,2340.0,CALL,25
2027-01-15,154,2350.0,CALL,63
2027-01-15,154,2360.0,CALL,71
2027-01-15,154,2370.0,CALL,75
2027-01-15,154,2380.0,CALL,135
2027-01-15,154,2390.0,CALL,224
2027-01-15,154,2400.0,CALL,791
2027-01-15,154,2410.0,CALL,107
2027-01-15,154,2420.0,CALL,393
2027-01-15,154,2440.0,CALL,226
2027-01-15,154,2460.0,CALL,87
2027-01-15,154,2480.0,CALL,191
2027-01-15,154,2500.0,CALL,2575
2027-01-15,154,35.0,PUT,2235
2027-01-15,154,40.0,PUT,3976
2027-01-15,154,45.0,PUT,3514
2027-01-15,154,50.0,PUT,2262
2027-01-15,154,55.0,PUT,2777
2027-01-15,154,60.0,PUT,5750
2027-01-15,154,65.0,PUT,2957
2027-01-15,154,70.0,PUT,5395
2027-01-15,154,75.0,PUT,5967
2027-01-15,154,80.0,PUT,7871
2027-01-15,154,85.0,PUT,2834
2027-01-15,154,90.0,PUT,4201
2027-01-15,154,95.0,PUT,2097
2027-01-15,154,100.0,PUT,2592
2027-01-15,154,105.0,PUT,946
2027-01-15,154,110.0,PUT,3281
2027-01-15,154,115.0,PUT,1327
2027-01-15,154,120.0,PUT,1941
2027-01-15,154,125.0,PUT,1207
2027-01-15,154,130.0,PUT,7182
2027-01-15,154,135.0,PUT,556
2027-01-15,154,140.0,PUT,957
2027-01-15,154,145.0,PUT,583
2027-01-15,154,150.0,PUT,3904
2027-01-15,154,155.0,PUT,344
2027-01-15,154,160.0,PUT,2597
2027-01-15,154,165.0,PUT,286
2027-01-15,154,170.0,PUT,1072
2027-01-15,154,175.0,PUT,588
2027-01-15,154,180.0,PUT,1437
2027-01-15,154,185.0,PUT,438
2027-01-15,154,190.0,PUT,608
2027-01-15,154,195.0,PUT,382
2027-01-15,154,200.0,PUT,3492
2027-01-15,154,210.0,PUT,913
2027-01-15,154,220.0,PUT,1518
2027-01-15,154,230.0,PUT,1695
2027-01-15,154,240.0,PUT,1862
2027-01-15,154,250.0,PUT,3873
2027-01-15,154,260.0,PUT,1725
2027-01-15,154,270.0,PUT,1501
2027-01-15,154,280.0,PUT,1606
2027-01-15,154,290.0,PUT,924
2027-01-15,154,300.0,PUT,7723
2027-01-15,154,310.0,PUT,987
2027-01-15,154,320.0,PUT,2823
2027-01-15,154,330.0,PUT,2162
2027-01-15,154,340.0,PUT,1896
2027-01-15,154,350.0,PUT,3856
2027-01-15,154,360.0,PUT,4308
2027-01-15,154,370.0,PUT,1486
2027-01-15,154,380.0,PUT,2244
2027-01-15,154,390.0,PUT,1953
2027-01-15,154,400.0,PUT,4768
2027-01-15,154,410.0,PUT,947
2027-01-15,154,420.0,PUT,1082
2027-01-15,154,430.0,PUT,2409
2027-01-15,154,440.0,PUT,1003
2027-01-15,154,450.0,PUT,2783
2027-01-15,154,460.0,PUT,1336
2027-01-15,154,470.0,PUT,1708
2027-01-15,154,480.0,PUT,1245
2027-01-15,154,490.0,PUT,1352
2027-01-15,154,500.0,PUT,4114
2027-01-15,154,510.0,PUT,1060
2027-01-15,154,520.0,PUT,992
2027-01-15,154,530.0,PUT,559
2027-01-15,154,540.0,PUT,767
2027-01-15,154,550.0,PUT,4327
2027-01-15,154,560.0,PUT,506
2027-01-15,154,570.0,PUT,412
2027-01-15,154,580.0,PUT,743
2027-01-15,154,590.0,PUT,860
2027-01-15,154,600.0,PUT,3485
2027-01-15,154,610.0,PUT,641
2027-01-15,154,620.0,PUT,1548
2027-01-15,154,630.0,PUT,480
2027-01-15,154,640.0,PUT,448
2027-01-15,154,650.0,PUT,4174
2027-01-15,154,660.0,PUT,293
2027-01-15,154,670.0,PUT,361
2027-01-15,154,680.0,PUT,707
2027-01-15,154,690.0,PUT,872
2027-01-15,154,700.0,PUT,5645
2027-01-15,154,710.0,PUT,567
2027-01-15,154,720.0,PUT,1957
2027-01-15,154,730.0,PUT,595
2027-01-15,154,740.0,PUT,234
2027-01-15,154,750.0,PUT,3319
2027-01-15,154,760.0,PUT,326
2027-01-15,154,770.0,PUT,421
2027-01-15,154,780.0,PUT,790
2027-01-15,154,790.0,PUT,556
2027-01-15,154,800.0,PUT,3359
2027-01-15,154,810.0,PUT,278
2027-01-15,154,820.0,PUT,332
2027-01-15,154,830.0,PUT,792
2027-01-15,154,840.0,PUT,519
2027-01-15,154,850.0,PUT,3027
2027-01-15,154,860.0,PUT,312
2027-01-15,154,870.0,PUT,1383
2027-01-15,154,880.0,PUT,208
2027-01-15,154,890.0,PUT,497
2027-01-15,154,900.0,PUT,2225
2027-01-15,154,910.0,PUT,204
2027-01-15,154,920.0,PUT,1252
2027-01-15,154,930.0,PUT,206
2027-01-15,154,940.0,PUT,421
2027-01-15,154,950.0,PUT,1506
2027-01-15,154,960.0,PUT,255
2027-01-15,154,970.0,PUT,222
2027-01-15,154,980.0,PUT,282
2027-01-15,154,990.0,PUT,262
2027-01-15,154,1000.0,PUT,3093
2027-01-15,154,1010.0,PUT,420
2027-01-15,154,1020.0,PUT,156
2027-01-15,154,1030.0,PUT,194
2027-01-15,154,1040.0,PUT,207
2027-01-15,154,1050.0,PUT,509
2027-01-15,154,1060.0,PUT,894
2027-01-15,154,1070.0,PUT,78
2027-01-15,154,1080.0,PUT,147
2027-01-15,154,1090.0,PUT,110
2027-01-15,154,1100.0,PUT,426
2027-01-15,154,1110.0,PUT,85
2027-01-15,154,1120.0,PUT,145
2027-01-15,154,1130.0,PUT,52
2027-01-15,154,1140.0,PUT,39
2027-01-15,154,1150.0,PUT,140
2027-01-15,154,1160.0,PUT,42
2027-01-15,154,1170.0,PUT,123
2027-01-15,154,1180.0,PUT,55
2027-01-15,154,1190.0,PUT,131
2027-01-15,154,1200.0,PUT,1033
2027-01-15,154,1210.0,PUT,29
2027-01-15,154,1220.0,PUT,31
2027-01-15,154,1230.0,PUT,23
2027-01-15,154,1240.0,PUT,445
2027-01-15,154,1250.0,PUT,43
2027-01-15,154,1260.0,PUT,70
2027-01-15,154,1270.0,PUT,50
2027-01-15,154,1280.0,PUT,99
2027-01-15,154,1290.0,PUT,24
2027-01-15,154,1300.0,PUT,139
2027-01-15,154,1310.0,PUT,24
2027-01-15,154,1320.0,PUT,42
2027-01-15,154,1330.0,PUT,71
2027-01-15,154,1340.0,PUT,29
2027-01-15,154,1350.0,PUT,20
2027-01-15,154,1360.0,PUT,51
2027-01-15,154,1370.0,PUT,20
2027-01-15,154,1380.0,PUT,79
2027-01-15,154,1390.0,PUT,37
2027-01-15,154,1400.0,PUT,271
2027-01-15,154,1410.0,PUT,93
2027-01-15,154,1420.0,PUT,38
2027-01-15,154,1430.0,PUT,13
2027-01-15,154,1440.0,PUT,71
2027-01-15,154,1450.0,PUT,59
2027-01-15,154,1460.0,PUT,7
2027-01-15,154,1470.0,PUT,57
2027-01-15,154,1480.0,PUT,122
2027-01-15,154,1490.0,PUT,13
2027-01-15,154,1500.0,PUT,404
2027-01-15,154,1510.0,PUT,10
2027-01-15,154,1520.0,PUT,7
2027-01-15,154,1530.0,PUT,2
2027-01-15,154,1540.0,PUT,11
2027-01-15,154,1550.0,PUT,2
2027-01-15,154,1560.0,PUT,2
2027-01-15,154,1570.0,PUT,2
2027-01-15,154,1580.0,PUT,1
2027-01-15,154,1590.0,PUT,2
2027-01-15,154,1600.0,PUT,17
2027-01-15,154,1610.0,PUT,4
2027-01-15,154,1620.0,PUT,6
2027-01-15,154,1630.0,PUT,91
2027-01-15,154,1640.0,PUT,25
2027-01-15,154,1650.0,PUT,2
2027-01-15,154,1660.0,PUT,6
2027-01-15,154,1670.0,PUT,0
2027-01-15,154,1680.0,PUT,14
2027-01-15,154,1690.0,PUT,0
2027-01-15,154,1700.0,PUT,24
2027-01-15,154,1710.0,PUT,0
2027-01-15,154,1720.0,PUT,7
2027-01-15,154,1730.0,PUT,1
2027-01-15,154,1740.0,PUT,3
2027-01-15,154,1750.0,PUT,4
2027-01-15,154,1760.0,PUT,33
2027-01-15,154,1770.0,PUT,1
2027-01-15,154,1780.0,PUT,0
2027-01-15,154,1790.0,PUT,7
2027-01-15,154,1800.0,PUT,12
2027-01-15,154,1810.0,PUT,4
2027-01-15,154,1820.0,PUT,5
2027-01-15,154,1830.0,PUT,52
2027-01-15,154,1840.0,PUT,10
2027-01-15,154,1850.0,PUT,1
2027-01-15,154,1880.0,PUT,1
2027-01-15,154,1900.0,PUT,3
2027-01-15,154,1910.0,PUT,7
2027-01-15,154,1920.0,PUT,2
2027-01-15,154,1930.0,PUT,2
2027-01-15,154,1940.0,PUT,3
2027-01-15,154,1950.0,PUT,2
2027-01-15,154,1960.0,PUT,10
2027-01-15,154,1980.0,PUT,1
2027-01-15,154,1990.0,PUT,3
2027-01-15,154,2000.0,PUT,15
2027-01-15,154,2010.0,PUT,4
2027-01-15,154,2020.0,PUT,3
2027-01-15,154,2030.0,PUT,1
2027-01-15,154,2050.0,PUT,3
2027-01-15,154,2060.0,PUT,1
2027-01-15,154,2080.0,PUT,1
2027-01-15,154,2090.0,PUT,4
2027-01-15,154,2110.0,PUT,1
2027-01-15,154,2120.0,PUT,4
2027-01-15,154,2130.0,PUT,0
2027-01-15,154,2140.0,PUT,17
2027-01-15,154,2150.0,PUT,2
2027-01-15,154,2160.0,PUT,39
2027-01-15,154,2170.0,PUT,21
2027-01-15,154,2190.0,PUT,1
2027-01-15,154,2200.0,PUT,2
2027-01-15,154,2210.0,PUT,6
2027-01-15,154,2220.0,PUT,1
2027-01-15,154,2230.0,PUT,0
2027-01-15,154,2270.0,PUT,0
2027-01-15,154,2280.0,PUT,0
2027-01-15,154,2290.0,PUT,8
2027-01-15,154,2300.0,PUT,0
2027-01-15,154,2310.0,PUT,0
2027-01-15,154,2320.0,PUT,0
2027-01-15,154,2350.0,PUT,0
2027-01-15,154,2360.0,PUT,0
2027-01-15,154,2370.0,PUT,0
2027-01-15,154,2380.0,PUT,0
2027-01-15,154,2390.0,PUT,0
2027-01-15,154,2400.0,PUT,0
2027-01-15,154,2410.0,PUT,0
2027-01-15,154,2420.0,PUT,0
2027-01-15,154,2440.0,PUT,0
2027-01-15,154,2460.0,PUT,0
2027-01-15,154,2480.0,PUT,0
2027-01-15,154,2500.0,PUT,0
