expiration,DTE,strike,option_type,openInterest
2026-08-21,1,5.0,CALL,838.0
2026-08-21,1,10.0,CALL,24.0
2026-08-21,1,15.0,CALL,1.0
2026-08-21,1,20.0,CALL,2.0
2026-08-21,1,25.0,CALL,0.0
2026-08-21,1,30.0,CALL,0.0
2026-08-21,1,35.0,CALL,1.0
2026-08-21,1,45.0,CALL,0.0
2026-08-21,1,50.0,CALL,1.0
2026-08-21,1,55.0,CALL,0.0
2026-08-21,1,60.0,CALL,142.0
2026-08-21,1,65.0,CALL,14.0
2026-08-21,1,70.0,CALL,10.0
2026-08-21,1,75.0,CALL,12.0
2026-08-21,1,80.0,CALL,16.0
2026-08-21,1,85.0,CALL,31.0
2026-08-21,1,90.0,CALL,18.0
2026-08-21,1,95.0,CALL,15.0
2026-08-21,1,100.0,CALL,36.0
2026-08-21,1,105.0,CALL,7.0
2026-08-21,1,110.0,CALL,61.0
2026-08-21,1,115.0,CALL,65.0
2026-08-21,1,120.0,CALL,845.0
2026-08-21,1,125.0,CALL,129.0
2026-08-21,1,130.0,CALL,60.0
2026-08-21,1,135.0,CALL,48.0
2026-08-21,1,140.0,CALL,46.0
2026-08-21,1,145.0,CALL,43.0
2026-08-21,1,150.0,CALL,80.0
2026-08-21,1,155.0,CALL,77.0
2026-08-21,1,160.0,CALL,102.0
2026-08-21,1,165.0,CALL,82.0
2026-08-21,1,170.0,CALL,121.0
2026-08-21,1,175.0,CALL,188.0
2026-08-21,1,180.0,CALL,257.0
2026-08-21,1,185.0,CALL,74.0
2026-08-21,1,190.0,CALL,105.0
2026-08-21,1,195.0,CALL,147.0
2026-08-21,1,200.0,CALL,131.0
2026-08-21,1,210.0,CALL,191.0
2026-08-21,1,220.0,CALL,138.0
2026-08-21,1,230.0,CALL,363.0
2026-08-21,1,240.0,CALL,215.0
2026-08-21,1,250.0,CALL,568.0
2026-08-21,1,260.0,CALL,672.0
2026-08-21,1,270.0,CALL,251.0
2026-08-21,1,280.0,CALL,373.0
2026-08-21,1,290.0,CALL,168.0
2026-08-21,1,300.0,CALL,431.0
2026-08-21,1,310.0,CALL,395.0
2026-08-21,1,320.0,CALL,216.0
2026-08-21,1,330.0,CALL,195.0
2026-08-21,1,340.0,CALL,272.0
2026-08-21,1,350.0,CALL,414.0
2026-08-21,1,360.0,CALL,1021.0
2026-08-21,1,370.0,CALL,511.0
2026-08-21,1,380.0,CALL,398.0
2026-08-21,1,390.0,CALL,242.0
2026-08-21,1,400.0,CALL,340.0
2026-08-21,1,410.0,CALL,290.0
2026-08-21,1,420.0,CALL,753.0
2026-08-21,1,430.0,CALL,410.0
2026-08-21,1,440.0,CALL,853.0
2026-08-21,1,450.0,CALL,495.0
2026-08-21,1,460.0,CALL,333.0
2026-08-21,1,470.0,CALL,604.0
2026-08-21,1,480.0,CALL,393.0
2026-08-21,1,490.0,CALL,586.0
2026-08-21,1,500.0,CALL,1570.0
2026-08-21,1,510.0,CALL,1003.0
2026-08-21,1,520.0,CALL,479.0
2026-08-21,1,530.0,CALL,497.0
2026-08-21,1,540.0,CALL,460.0
2026-08-21,1,550.0,CALL,609.0
2026-08-21,1,560.0,CALL,290.0
2026-08-21,1,570.0,CALL,303.0
2026-08-21,1,580.0,CALL,283.0
2026-08-21,1,590.0,CALL,240.0
2026-08-21,1,600.0,CALL,1790.0
2026-08-21,1,610.0,CALL,414.0
2026-08-21,1,620.0,CALL,468.0
2026-08-21,1,630.0,CALL,276.0
2026-08-21,1,640.0,CALL,598.0
2026-08-21,1,650.0,CALL,785.0
2026-08-21,1,660.0,CALL,206.0
2026-08-21,1,670.0,CALL,265.0
2026-08-21,1,680.0,CALL,207.0
2026-08-21,1,690.0,CALL,293.0
2026-08-21,1,700.0,CALL,947.0
2026-08-21,1,710.0,CALL,717.0
2026-08-21,1,720.0,CALL,350.0
2026-08-21,1,730.0,CALL,616.0
2026-08-21,1,740.0,CALL,403.0
2026-08-21,1,750.0,CALL,752.0
2026-08-21,1,760.0,CALL,367.0
2026-08-21,1,765.0,CALL,24.0
2026-08-21,1,770.0,CALL,216.0
2026-08-21,1,775.0,CALL,21.0
2026-08-21,1,780.0,CALL,446.0
2026-08-21,1,785.0,CALL,49.0
2026-08-21,1,790.0,CALL,241.0
2026-08-21,1,795.0,CALL,90.0
2026-08-21,1,800.0,CALL,1577.0
2026-08-21,1,805.0,CALL,132.0
2026-08-21,1,810.0,CALL,391.0
2026-08-21,1,815.0,CALL,88.0
2026-08-21,1,820.0,CALL,706.0
2026-08-21,1,825.0,CALL,72.0
2026-08-21,1,830.0,CALL,707.0
2026-08-21,1,835.0,CALL,150.0
2026-08-21,1,840.0,CALL,583.0
2026-08-21,1,845.0,CALL,144.0
2026-08-21,1,850.0,CALL,1758.0
2026-08-21,1,855.0,CALL,203.0
2026-08-21,1,860.0,CALL,483.0
2026-08-21,1,865.0,CALL,129.0
2026-08-21,1,870.0,CALL,1196.0
2026-08-21,1,875.0,CALL,200.0
2026-08-21,1,880.0,CALL,995.0
2026-08-21,1,885.0,CALL,181.0
2026-08-21,1,890.0,CALL,1775.0
2026-08-21,1,895.0,CALL,466.0
2026-08-21,1,900.0,CALL,3285.0
2026-08-21,1,905.0,CALL,401.0
2026-08-21,1,910.0,CALL,1417.0
2026-08-21,1,915.0,CALL,527.0
2026-08-21,1,920.0,CALL,1521.0
2026-08-21,1,925.0,CALL,796.0
2026-08-21,1,930.0,CALL,1573.0
2026-08-21,1,935.0,CALL,1826.0
2026-08-21,1,940.0,CALL,1888.0
2026-08-21,1,945.0,CALL,947.0
2026-08-21,1,950.0,CALL,6997.0
2026-08-21,1,955.0,CALL,1091.0
2026-08-21,1,957.5,CALL,214.0
2026-08-21,1,960.0,CALL,2192.0
2026-08-21,1,962.5,CALL,243.0
2026-08-21,1,965.0,CALL,1115.0
2026-08-21,1,970.0,CALL,2503.0
2026-08-21,1,975.0,CALL,1697.0
2026-08-21,1,980.0,CALL,6909.0
2026-08-21,1,985.0,CALL,1022.0
2026-08-21,1,990.0,CALL,9181.0
2026-08-21,1,995.0,CALL,978.0
2026-08-21,1,1000.0,CALL,13559.0
2026-08-21,1,1005.0,CALL,1044.0
2026-08-21,1,1010.0,CALL,2342.0
2026-08-21,1,1020.0,CALL,2703.0
2026-08-21,1,1030.0,CALL,2574.0
2026-08-21,1,1040.0,CALL,2267.0
2026-08-21,1,1050.0,CALL,5513.0
2026-08-21,1,1060.0,CALL,1576.0
2026-08-21,1,1070.0,CALL,1928.0
2026-08-21,1,1080.0,CALL,9329.0
2026-08-21,1,1090.0,CALL,1873.0
2026-08-21,1,1100.0,CALL,10901.0
2026-08-21,1,1110.0,CALL,1769.0
2026-08-21,1,1120.0,CALL,1562.0
2026-08-21,1,1130.0,CALL,3205.0
2026-08-21,1,1140.0,CALL,807.0
2026-08-21,1,1150.0,CALL,5666.0
2026-08-21,1,1160.0,CALL,597.0
2026-08-21,1,1170.0,CALL,1483.0
2026-08-21,1,1180.0,CALL,1391.0
2026-08-21,1,1190.0,CALL,7909.0
2026-08-21,1,1200.0,CALL,12058.0
2026-08-21,1,1210.0,CALL,987.0
2026-08-21,1,1220.0,CALL,738.0
2026-08-21,1,1230.0,CALL,635.0
2026-08-21,1,1240.0,CALL,432.0
2026-08-21,1,1250.0,CALL,2538.0
2026-08-21,1,1260.0,CALL,788.0
2026-08-21,1,1270.0,CALL,653.0
2026-08-21,1,1280.0,CALL,1606.0
2026-08-21,1,1290.0,CALL,459.0
2026-08-21,1,1300.0,CALL,3884.0
2026-08-21,1,1310.0,CALL,294.0
2026-08-21,1,1320.0,CALL,496.0
2026-08-21,1,1330.0,CALL,425.0
2026-08-21,1,1340.0,CALL,489.0
2026-08-21,1,1350.0,CALL,3870.0
2026-08-21,1,1360.0,CALL,425.0
2026-08-21,1,1370.0,CALL,368.0
2026-08-21,1,1380.0,CALL,277.0
2026-08-21,1,1390.0,CALL,386.0
2026-08-21,1,1400.0,CALL,3756.0
2026-08-21,1,1410.0,CALL,296.0
2026-08-21,1,1420.0,CALL,837.0
2026-08-21,1,1430.0,CALL,418.0
2026-08-21,1,1440.0,CALL,546.0
2026-08-21,1,1450.0,CALL,1189.0
2026-08-21,1,1460.0,CALL,191.0
2026-08-21,1,1470.0,CALL,511.0
2026-08-21,1,1480.0,CALL,417.0
2026-08-21,1,1490.0,CALL,841.0
2026-08-21,1,1500.0,CALL,7606.0
2026-08-21,1,1510.0,CALL,404.0
2026-08-21,1,1520.0,CALL,582.0
2026-08-21,1,1530.0,CALL,505.0
2026-08-21,1,1540.0,CALL,333.0
2026-08-21,1,1550.0,CALL,959.0
2026-08-21,1,1560.0,CALL,828.0
2026-08-21,1,1570.0,CALL,963.0
2026-08-21,1,1580.0,CALL,697.0
2026-08-21,1,1590.0,CALL,496.0
2026-08-21,1,1600.0,CALL,3648.0
2026-08-21,1,1610.0,CALL,986.0
2026-08-21,1,1620.0,CALL,893.0
2026-08-21,1,1630.0,CALL,542.0
2026-08-21,1,1640.0,CALL,872.0
2026-08-21,1,1650.0,CALL,821.0
2026-08-21,1,1660.0,CALL,669.0
2026-08-21,1,1670.0,CALL,653.0
2026-08-21,1,1680.0,CALL,1385.0
2026-08-21,1,1690.0,CALL,741.0
2026-08-21,1,1700.0,CALL,2925.0
2026-08-21,1,1710.0,CALL,781.0
2026-08-21,1,1720.0,CALL,506.0
2026-08-21,1,1730.0,CALL,483.0
2026-08-21,1,1740.0,CALL,876.0
2026-08-21,1,1750.0,CALL,1489.0
2026-08-21,1,1760.0,CALL,1572.0
2026-08-21,1,1770.0,CALL,1384.0
2026-08-21,1,1780.0,CALL,1153.0
2026-08-21,1,1790.0,CALL,1307.0
2026-08-21,1,1800.0,CALL,2898.0
2026-08-21,1,1810.0,CALL,852.0
2026-08-21,1,1820.0,CALL,662.0
2026-08-21,1,1830.0,CALL,1065.0
2026-08-21,1,1840.0,CALL,537.0
2026-08-21,1,1850.0,CALL,1303.0
2026-08-21,1,1860.0,CALL,966.0
2026-08-21,1,1870.0,CALL,741.0
2026-08-21,1,1880.0,CALL,845.0
2026-08-21,1,1890.0,CALL,968.0
2026-08-21,1,1900.0,CALL,1068.0
2026-08-21,1,1910.0,CALL,547.0
2026-08-21,1,1920.0,CALL,706.0
2026-08-21,1,1930.0,CALL,1163.0
2026-08-21,1,1940.0,CALL,504.0
2026-08-21,1,1950.0,CALL,546.0
2026-08-21,1,1960.0,CALL,142.0
2026-08-21,1,1970.0,CALL,320.0
2026-08-21,1,1980.0,CALL,455.0
2026-08-21,1,1990.0,CALL,132.0
2026-08-21,1,2000.0,CALL,4772.0
2026-08-21,1,2010.0,CALL,94.0
2026-08-21,1,2020.0,CALL,1243.0
2026-08-21,1,2030.0,CALL,803.0
2026-08-21,1,2040.0,CALL,739.0
2026-08-21,1,2050.0,CALL,565.0
2026-08-21,1,2060.0,CALL,490.0
2026-08-21,1,2070.0,CALL,182.0
2026-08-21,1,2080.0,CALL,164.0
2026-08-21,1,2090.0,CALL,144.0
2026-08-21,1,2100.0,CALL,226.0
2026-08-21,1,2110.0,CALL,320.0
2026-08-21,1,2120.0,CALL,792.0
2026-08-21,1,2130.0,CALL,142.0
2026-08-21,1,2140.0,CALL,238.0
2026-08-21,1,2150.0,CALL,245.0
2026-08-21,1,2160.0,CALL,180.0
2026-08-21,1,2170.0,CALL,923.0
2026-08-21,1,2180.0,CALL,271.0
2026-08-21,1,2190.0,CALL,138.0
2026-08-21,1,2200.0,CALL,1044.0
2026-08-21,1,2210.0,CALL,99.0
2026-08-21,1,2220.0,CALL,136.0
2026-08-21,1,2230.0,CALL,698.0
2026-08-21,1,2240.0,CALL,10.0
2026-08-21,1,2250.0,CALL,487.0
2026-08-21,1,2260.0,CALL,18.0
2026-08-21,1,2270.0,CALL,15.0
2026-08-21,1,2280.0,CALL,13.0
2026-08-21,1,2290.0,CALL,129.0
2026-08-21,1,2300.0,CALL,170.0
2026-08-21,1,2310.0,CALL,278.0
2026-08-21,1,2320.0,CALL,118.0
2026-08-21,1,2330.0,CALL,18.0
2026-08-21,1,2340.0,CALL,52.0
2026-08-21,1,2350.0,CALL,106.0
2026-08-21,1,2360.0,CALL,116.0
2026-08-21,1,2370.0,CALL,113.0
2026-08-21,1,2380.0,CALL,121.0
2026-08-21,1,2390.0,CALL,123.0
2026-08-21,1,2400.0,CALL,511.0
2026-08-21,1,2410.0,CALL,118.0
2026-08-21,1,2420.0,CALL,910.0
2026-08-21,1,2440.0,CALL,320.0
2026-08-21,1,2460.0,CALL,167.0
2026-08-21,1,2480.0,CALL,702.0
2026-08-21,1,2500.0,CALL,2322.0
2026-08-21,1,5.0,PUT,113.0
2026-08-21,1,10.0,PUT,119.0
2026-08-21,1,15.0,PUT,63.0
2026-08-21,1,20.0,PUT,171.0
2026-08-21,1,25.0,PUT,129.0
2026-08-21,1,30.0,PUT,392.0
2026-08-21,1,35.0,PUT,1171.0
2026-08-21,1,40.0,PUT,395.0
2026-08-21,1,45.0,PUT,1333.0
2026-08-21,1,50.0,PUT,667.0
2026-08-21,1,55.0,PUT,1051.0
2026-08-21,1,60.0,PUT,1627.0
2026-08-21,1,65.0,PUT,2809.0
2026-08-21,1,70.0,PUT,640.0
2026-08-21,1,75.0,PUT,864.0
2026-08-21,1,80.0,PUT,1150.0
2026-08-21,1,85.0,PUT,3062.0
2026-08-21,1,90.0,PUT,896.0
2026-08-21,1,95.0,PUT,816.0
2026-08-21,1,100.0,PUT,2341.0
2026-08-21,1,105.0,PUT,1640.0
2026-08-21,1,110.0,PUT,2955.0
2026-08-21,1,115.0,PUT,728.0
2026-08-21,1,120.0,PUT,1256.0
2026-08-21,1,125.0,PUT,1574.0
2026-08-21,1,130.0,PUT,1156.0
2026-08-21,1,135.0,PUT,559.0
2026-08-21,1,140.0,PUT,892.0
2026-08-21,1,145.0,PUT,8811.0
2026-08-21,1,150.0,PUT,10804.0
2026-08-21,1,155.0,PUT,12057.0
2026-08-21,1,160.0,PUT,11290.0
2026-08-21,1,165.0,PUT,2251.0
2026-08-21,1,170.0,PUT,2041.0
2026-08-21,1,175.0,PUT,705.0
2026-08-21,1,180.0,PUT,990.0
2026-08-21,1,185.0,PUT,1841.0
2026-08-21,1,190.0,PUT,1354.0
2026-08-21,1,195.0,PUT,1072.0
2026-08-21,1,200.0,PUT,2893.0
2026-08-21,1,210.0,PUT,497.0
2026-08-21,1,220.0,PUT,1655.0
2026-08-21,1,230.0,PUT,1960.0
2026-08-21,1,240.0,PUT,1595.0
2026-08-21,1,250.0,PUT,3491.0
2026-08-21,1,260.0,PUT,2446.0
2026-08-21,1,270.0,PUT,1993.0
2026-08-21,1,280.0,PUT,3195.0
2026-08-21,1,290.0,PUT,3208.0
2026-08-21,1,300.0,PUT,5407.0
2026-08-21,1,310.0,PUT,2176.0
2026-08-21,1,320.0,PUT,3479.0
2026-08-21,1,330.0,PUT,1222.0
2026-08-21,1,340.0,PUT,1117.0
2026-08-21,1,350.0,PUT,2383.0
2026-08-21,1,360.0,PUT,734.0
2026-08-21,1,370.0,PUT,1729.0
2026-08-21,1,380.0,PUT,1837.0
2026-08-21,1,390.0,PUT,1505.0
2026-08-21,1,400.0,PUT,2951.0
2026-08-21,1,410.0,PUT,1397.0
2026-08-21,1,420.0,PUT,1843.0
2026-08-21,1,430.0,PUT,905.0
2026-08-21,1,440.0,PUT,2351.0
2026-08-21,1,450.0,PUT,5341.0
2026-08-21,1,460.0,PUT,673.0
2026-08-21,1,470.0,PUT,1160.0
2026-08-21,1,480.0,PUT,736.0
2026-08-21,1,490.0,PUT,687.0
2026-08-21,1,500.0,PUT,4480.0
2026-08-21,1,510.0,PUT,851.0
2026-08-21,1,520.0,PUT,1281.0
2026-08-21,1,530.0,PUT,551.0
2026-08-21,1,540.0,PUT,1367.0
2026-08-21,1,550.0,PUT,19496.0
2026-08-21,1,560.0,PUT,542.0
2026-08-21,1,570.0,PUT,920.0
2026-08-21,1,580.0,PUT,621.0
2026-08-21,1,590.0,PUT,1193.0
2026-08-21,1,600.0,PUT,17858.0
2026-08-21,1,610.0,PUT,1903.0
2026-08-21,1,620.0,PUT,1860.0
2026-08-21,1,630.0,PUT,2645.0
2026-08-21,1,640.0,PUT,1735.0
2026-08-21,1,650.0,PUT,18534.0
2026-08-21,1,660.0,PUT,1140.0
2026-08-21,1,670.0,PUT,1750.0
2026-08-21,1,680.0,PUT,4756.0
2026-08-21,1,690.0,PUT,1338.0
2026-08-21,1,700.0,PUT,6662.0
2026-08-21,1,710.0,PUT,1360.0
2026-08-21,1,720.0,PUT,3271.0
2026-08-21,1,730.0,PUT,1846.0
2026-08-21,1,740.0,PUT,1375.0
2026-08-21,1,750.0,PUT,5766.0
2026-08-21,1,760.0,PUT,2497.0
2026-08-21,1,765.0,PUT,1045.0
2026-08-21,1,770.0,PUT,1872.0
2026-08-21,1,775.0,PUT,777.0
2026-08-21,1,780.0,PUT,1978.0
2026-08-21,1,785.0,PUT,175.0
2026-08-21,1,790.0,PUT,1385.0
2026-08-21,1,795.0,PUT,523.0
2026-08-21,1,800.0,PUT,7021.0
2026-08-21,1,805.0,PUT,409.0
2026-08-21,1,810.0,PUT,1258.0
2026-08-21,1,815.0,PUT,452.0
2026-08-21,1,820.0,PUT,1735.0
2026-08-21,1,825.0,PUT,1187.0
2026-08-21,1,830.0,PUT,3701.0
2026-08-21,1,835.0,PUT,1282.0
2026-08-21,1,840.0,PUT,2432.0
2026-08-21,1,845.0,PUT,1336.0
2026-08-21,1,850.0,PUT,7118.0
2026-08-21,1,855.0,PUT,1235.0
2026-08-21,1,860.0,PUT,2611.0
2026-08-21,1,865.0,PUT,596.0
2026-08-21,1,870.0,PUT,2572.0
2026-08-21,1,875.0,PUT,1228.0
2026-08-21,1,880.0,PUT,2762.0
2026-08-21,1,885.0,PUT,811.0
2026-08-21,1,890.0,PUT,2442.0
2026-08-21,1,895.0,PUT,1415.0
2026-08-21,1,900.0,PUT,6031.0
2026-08-21,1,905.0,PUT,576.0
2026-08-21,1,910.0,PUT,1929.0
2026-08-21,1,915.0,PUT,830.0
2026-08-21,1,920.0,PUT,2110.0
2026-08-21,1,925.0,PUT,931.0
2026-08-21,1,930.0,PUT,3659.0
2026-08-21,1,935.0,PUT,2273.0
2026-08-21,1,940.0,PUT,2564.0
2026-08-21,1,945.0,PUT,501.0
2026-08-21,1,950.0,PUT,4289.0
2026-08-21,1,955.0,PUT,418.0
2026-08-21,1,957.5,PUT,257.0
2026-08-21,1,960.0,PUT,901.0
2026-08-21,1,962.5,PUT,163.0
2026-08-21,1,965.0,PUT,564.0
2026-08-21,1,970.0,PUT,772.0
2026-08-21,1,975.0,PUT,340.0
2026-08-21,1,980.0,PUT,5024.0
2026-08-21,1,985.0,PUT,136.0
2026-08-21,1,990.0,PUT,6744.0
2026-08-21,1,995.0,PUT,233.0
2026-08-21,1,1000.0,PUT,4651.0
2026-08-21,1,1005.0,PUT,124.0
2026-08-21,1,1010.0,PUT,428.0
2026-08-21,1,1020.0,PUT,975.0
2026-08-21,1,1030.0,PUT,399.0
2026-08-21,1,1040.0,PUT,245.0
2026-08-21,1,1050.0,PUT,669.0
2026-08-21,1,1060.0,PUT,158.0
2026-08-21,1,1070.0,PUT,282.0
2026-08-21,1,1080.0,PUT,186.0
2026-08-21,1,1090.0,PUT,144.0
2026-08-21,1,1100.0,PUT,871.0
2026-08-21,1,1110.0,PUT,9.0
2026-08-21,1,1120.0,PUT,7.0
2026-08-21,1,1130.0,PUT,16.0
2026-08-21,1,1140.0,PUT,49.0
2026-08-21,1,1150.0,PUT,50.0
2026-08-21,1,1160.0,PUT,27.0
2026-08-21,1,1170.0,PUT,7.0
2026-08-21,1,1180.0,PUT,10.0
2026-08-21,1,1190.0,PUT,11307.0
2026-08-21,1,1200.0,PUT,256.0
2026-08-21,1,1210.0,PUT,10.0
2026-08-21,1,1220.0,PUT,7.0
2026-08-21,1,1230.0,PUT,2.0
2026-08-21,1,1240.0,PUT,0.0
2026-08-21,1,1250.0,PUT,9.0
2026-08-21,1,1260.0,PUT,6.0
2026-08-21,1,1270.0,PUT,3.0
2026-08-21,1,1280.0,PUT,1.0
2026-08-21,1,1290.0,PUT,0.0
2026-08-21,1,1300.0,PUT,0.0
2026-08-21,1,1310.0,PUT,0.0
2026-08-21,1,1320.0,PUT,16.0
2026-08-21,1,1330.0,PUT,0.0
2026-08-21,1,1340.0,PUT,0.0
2026-08-21,1,1350.0,PUT,0.0
2026-08-21,1,1360.0,PUT,0.0
2026-08-21,1,1370.0,PUT,0.0
2026-08-21,1,1380.0,PUT,15.0
2026-08-21,1,1390.0,PUT,0.0
2026-08-21,1,1400.0,PUT,0.0
2026-08-21,1,1410.0,PUT,0.0
2026-08-21,1,1420.0,PUT,0.0
2026-08-21,1,1430.0,PUT,17.0
2026-08-21,1,1440.0,PUT,0.0
2026-08-21,1,1450.0,PUT,0.0
2026-08-21,1,1460.0,PUT,0.0
2026-08-21,1,1470.0,PUT,16.0
2026-08-21,1,1480.0,PUT,10.0
2026-08-21,1,1490.0,PUT,0.0
2026-08-21,1,1500.0,PUT,1.0
2026-08-21,1,1510.0,PUT,0.0
2026-08-21,1,1520.0,PUT,0.0
2026-08-21,1,1530.0,PUT,0.0
2026-08-21,1,1540.0,PUT,4.0
2026-08-21,1,1550.0,PUT,0.0
2026-08-21,1,1560.0,PUT,8.0
2026-08-21,1,1570.0,PUT,1.0
2026-08-21,1,1580.0,PUT,0.0
2026-08-21,1,1590.0,PUT,4.0
2026-08-21,1,1600.0,PUT,0.0
2026-08-21,1,1610.0,PUT,0.0
2026-08-21,1,1620.0,PUT,0.0
2026-08-21,1,1630.0,PUT,0.0
2026-08-21,1,1640.0,PUT,0.0
2026-08-21,1,1650.0,PUT,0.0
2026-08-21,1,1660.0,PUT,1.0
2026-08-21,1,1670.0,PUT,1.0
2026-08-21,1,1680.0,PUT,0.0
2026-08-21,1,1690.0,PUT,0.0
2026-08-21,1,1700.0,PUT,0.0
2026-08-21,1,1710.0,PUT,0.0
2026-08-21,1,1720.0,PUT,0.0
2026-08-21,1,1730.0,PUT,0.0
2026-08-21,1,1740.0,PUT,0.0
2026-08-21,1,1750.0,PUT,0.0
2026-08-21,1,1760.0,PUT,0.0
2026-08-21,1,1770.0,PUT,0.0
2026-08-21,1,1780.0,PUT,0.0
2026-08-21,1,1790.0,PUT,0.0
2026-08-21,1,1800.0,PUT,0.0
2026-08-21,1,1810.0,PUT,0.0
2026-08-21,1,1820.0,PUT,0.0
2026-08-21,1,1830.0,PUT,0.0
2026-08-21,1,1840.0,PUT,0.0
2026-08-21,1,1850.0,PUT,0.0
2026-08-21,1,1860.0,PUT,0.0
2026-08-21,1,1870.0,PUT,0.0
2026-08-21,1,1880.0,PUT,0.0
2026-08-21,1,1890.0,PUT,0.0
2026-08-21,1,1900.0,PUT,0.0
2026-08-21,1,1910.0,PUT,0.0
2026-08-21,1,1920.0,PUT,0.0
2026-08-21,1,1930.0,PUT,0.0
2026-08-21,1,1940.0,PUT,0.0
2026-08-21,1,1950.0,PUT,0.0
2026-08-21,1,1960.0,PUT,0.0
2026-08-21,1,1990.0,PUT,0.0
2026-08-21,1,2000.0,PUT,0.0
2026-08-21,1,2050.0,PUT,0.0
2026-08-21,1,2100.0,PUT,0.0
2026-08-21,1,2120.0,PUT,0.0
2026-08-21,1,2150.0,PUT,0.0
2026-08-21,1,2170.0,PUT,0.0
2026-08-21,1,2220.0,PUT,0.0
2026-08-21,1,2300.0,PUT,0.0
2026-08-21,1,2340.0,PUT,0.0
2026-08-21,1,2350.0,PUT,0.0
2026-08-21,1,2360.0,PUT,0.0
2026-08-21,1,2390.0,PUT,0.0
2026-08-21,1,2400.0,PUT,0.0
2026-08-21,1,2420.0,PUT,0.0
2026-08-21,1,2500.0,PUT,0.0
2026-08-24,4,475.0,CALL,2.0
2026-08-24,4,785.0,CALL,6.0
2026-08-24,4,790.0,CALL,7.0
2026-08-24,4,795.0,CALL,3.0
2026-08-24,4,800.0,CALL,19.0
2026-08-24,4,805.0,CALL,1.0
2026-08-24,4,810.0,CALL,1.0
2026-08-24,4,815.0,CALL,2.0
2026-08-24,4,820.0,CALL,4.0
2026-08-24,4,835.0,CALL,1.0
2026-08-24,4,840.0,CALL,15.0
2026-08-24,4,845.0,CALL,1.0
2026-08-24,4,850.0,CALL,39.0
2026-08-24,4,855.0,CALL,11.0
2026-08-24,4,860.0,CALL,36.0
2026-08-24,4,865.0,CALL,17.0
2026-08-24,4,870.0,CALL,53.0
2026-08-24,4,875.0,CALL,22.0
2026-08-24,4,880.0,CALL,16.0
2026-08-24,4,885.0,CALL,64.0
2026-08-24,4,890.0,CALL,14.0
2026-08-24,4,895.0,CALL,43.0
2026-08-24,4,900.0,CALL,48.0
2026-08-24,4,905.0,CALL,24.0
2026-08-24,4,910.0,CALL,78.0
2026-08-24,4,915.0,CALL,55.0
2026-08-24,4,920.0,CALL,132.0
2026-08-24,4,925.0,CALL,104.0
2026-08-24,4,930.0,CALL,503.0
2026-08-24,4,935.0,CALL,102.0
2026-08-24,4,940.0,CALL,141.0
2026-08-24,4,945.0,CALL,110.0
2026-08-24,4,950.0,CALL,356.0
2026-08-24,4,955.0,CALL,127.0
2026-08-24,4,960.0,CALL,517.0
2026-08-24,4,965.0,CALL,93.0
2026-08-24,4,970.0,CALL,234.0
2026-08-24,4,975.0,CALL,392.0
2026-08-24,4,980.0,CALL,483.0
2026-08-24,4,985.0,CALL,50.0
2026-08-24,4,990.0,CALL,1396.0
2026-08-24,4,995.0,CALL,72.0
2026-08-24,4,1000.0,CALL,2557.0
2026-08-24,4,1005.0,CALL,182.0
2026-08-24,4,1010.0,CALL,297.0
2026-08-24,4,1015.0,CALL,693.0
2026-08-24,4,1020.0,CALL,507.0
2026-08-24,4,1025.0,CALL,281.0
2026-08-24,4,1030.0,CALL,355.0
2026-08-24,4,1035.0,CALL,81.0
2026-08-24,4,1040.0,CALL,259.0
2026-08-24,4,1045.0,CALL,280.0
2026-08-24,4,1050.0,CALL,711.0
2026-08-24,4,1055.0,CALL,44.0
2026-08-24,4,1060.0,CALL,97.0
2026-08-24,4,1065.0,CALL,36.0
2026-08-24,4,1070.0,CALL,174.0
2026-08-24,4,1075.0,CALL,59.0
2026-08-24,4,1080.0,CALL,64.0
2026-08-24,4,1085.0,CALL,128.0
2026-08-24,4,1090.0,CALL,166.0
2026-08-24,4,1095.0,CALL,19.0
2026-08-24,4,1100.0,CALL,958.0
2026-08-24,4,1105.0,CALL,34.0
2026-08-24,4,1110.0,CALL,115.0
2026-08-24,4,1115.0,CALL,28.0
2026-08-24,4,1120.0,CALL,37.0
2026-08-24,4,1125.0,CALL,39.0
2026-08-24,4,1130.0,CALL,54.0
2026-08-24,4,1135.0,CALL,44.0
2026-08-24,4,1140.0,CALL,509.0
2026-08-24,4,1145.0,CALL,24.0
2026-08-24,4,1150.0,CALL,968.0
2026-08-24,4,1155.0,CALL,48.0
2026-08-24,4,1160.0,CALL,41.0
2026-08-24,4,1165.0,CALL,42.0
2026-08-24,4,1170.0,CALL,32.0
2026-08-24,4,1175.0,CALL,13.0
2026-08-24,4,1180.0,CALL,379.0
2026-08-24,4,1185.0,CALL,29.0
2026-08-24,4,1190.0,CALL,21.0
2026-08-24,4,1195.0,CALL,99.0
2026-08-24,4,1200.0,CALL,471.0
2026-08-24,4,1205.0,CALL,190.0
2026-08-24,4,1210.0,CALL,60.0
2026-08-24,4,1215.0,CALL,32.0
2026-08-24,4,1220.0,CALL,42.0
2026-08-24,4,1225.0,CALL,52.0
2026-08-24,4,1230.0,CALL,41.0
2026-08-24,4,1235.0,CALL,23.0
2026-08-24,4,1240.0,CALL,52.0
2026-08-24,4,1250.0,CALL,212.0
2026-08-24,4,1260.0,CALL,45.0
2026-08-24,4,1270.0,CALL,9.0
2026-08-24,4,1280.0,CALL,14.0
2026-08-24,4,1300.0,CALL,56.0
2026-08-24,4,1310.0,CALL,34.0
2026-08-24,4,1320.0,CALL,16.0
2026-08-24,4,1330.0,CALL,1.0
2026-08-24,4,1340.0,CALL,4.0
2026-08-24,4,590.0,PUT,113.0
2026-08-24,4,605.0,PUT,2.0
2026-08-24,4,650.0,PUT,14.0
2026-08-24,4,660.0,PUT,93.0
2026-08-24,4,670.0,PUT,14.0
2026-08-24,4,675.0,PUT,13.0
2026-08-24,4,680.0,PUT,8.0
2026-08-24,4,685.0,PUT,10.0
2026-08-24,4,690.0,PUT,60.0
2026-08-24,4,692.5,PUT,45.0
2026-08-24,4,695.0,PUT,145.0
2026-08-24,4,700.0,PUT,51.0
2026-08-24,4,705.0,PUT,24.0
2026-08-24,4,707.5,PUT,47.0
2026-08-24,4,710.0,PUT,11.0
2026-08-24,4,720.0,PUT,26.0
2026-08-24,4,722.5,PUT,9.0
2026-08-24,4,725.0,PUT,13.0
2026-08-24,4,727.5,PUT,13.0
2026-08-24,4,730.0,PUT,13.0
2026-08-24,4,735.0,PUT,14.0
2026-08-24,4,737.5,PUT,74.0
2026-08-24,4,740.0,PUT,66.0
2026-08-24,4,742.5,PUT,7.0
2026-08-24,4,745.0,PUT,68.0
2026-08-24,4,747.5,PUT,29.0
2026-08-24,4,750.0,PUT,68.0
2026-08-24,4,755.0,PUT,22.0
2026-08-24,4,760.0,PUT,19.0
2026-08-24,4,765.0,PUT,28.0
2026-08-24,4,770.0,PUT,155.0
2026-08-24,4,775.0,PUT,41.0
2026-08-24,4,780.0,PUT,69.0
2026-08-24,4,785.0,PUT,153.0
2026-08-24,4,790.0,PUT,36.0
2026-08-24,4,795.0,PUT,28.0
2026-08-24,4,800.0,PUT,444.0
2026-08-24,4,805.0,PUT,141.0
2026-08-24,4,810.0,PUT,365.0
2026-08-24,4,815.0,PUT,41.0
2026-08-24,4,820.0,PUT,120.0
2026-08-24,4,825.0,PUT,135.0
2026-08-24,4,830.0,PUT,215.0
2026-08-24,4,835.0,PUT,84.0
2026-08-24,4,840.0,PUT,150.0
2026-08-24,4,845.0,PUT,226.0
2026-08-24,4,850.0,PUT,530.0
2026-08-24,4,855.0,PUT,81.0
2026-08-24,4,860.0,PUT,118.0
2026-08-24,4,865.0,PUT,51.0
2026-08-24,4,870.0,PUT,135.0
2026-08-24,4,875.0,PUT,251.0
2026-08-24,4,880.0,PUT,174.0
2026-08-24,4,885.0,PUT,163.0
2026-08-24,4,890.0,PUT,341.0
2026-08-24,4,895.0,PUT,218.0
2026-08-24,4,900.0,PUT,941.0
2026-08-24,4,905.0,PUT,169.0
2026-08-24,4,910.0,PUT,101.0
2026-08-24,4,915.0,PUT,225.0
2026-08-24,4,920.0,PUT,327.0
2026-08-24,4,925.0,PUT,205.0
2026-08-24,4,930.0,PUT,220.0
2026-08-24,4,935.0,PUT,120.0
2026-08-24,4,940.0,PUT,167.0
2026-08-24,4,945.0,PUT,48.0
2026-08-24,4,950.0,PUT,230.0
2026-08-24,4,955.0,PUT,108.0
2026-08-24,4,960.0,PUT,398.0
2026-08-24,4,965.0,PUT,62.0
2026-08-24,4,970.0,PUT,170.0
2026-08-24,4,975.0,PUT,59.0
2026-08-24,4,980.0,PUT,56.0
2026-08-24,4,990.0,PUT,45.0
2026-08-24,4,1000.0,PUT,103.0
2026-08-24,4,1005.0,PUT,20.0
2026-08-24,4,1020.0,PUT,80.0
2026-08-24,4,1025.0,PUT,27.0
2026-08-24,4,1030.0,PUT,18.0
2026-08-24,4,1040.0,PUT,4.0
2026-08-24,4,1050.0,PUT,17.0
2026-08-24,4,1060.0,PUT,20.0
2026-08-24,4,1080.0,PUT,1.0
2026-08-24,4,1100.0,PUT,7.0
2026-08-24,4,1165.0,PUT,0.0
2026-08-26,6,470.0,CALL,3.0
2026-08-26,6,750.0,CALL,7.0
2026-08-26,6,775.0,CALL,1.0
2026-08-26,6,785.0,CALL,13.0
2026-08-26,6,800.0,CALL,4.0
2026-08-26,6,805.0,CALL,1.0
2026-08-26,6,810.0,CALL,1.0
2026-08-26,6,815.0,CALL,2.0
2026-08-26,6,820.0,CALL,2.0
2026-08-26,6,830.0,CALL,2.0
2026-08-26,6,835.0,CALL,6.0
2026-08-26,6,845.0,CALL,2.0
2026-08-26,6,850.0,CALL,17.0
2026-08-26,6,855.0,CALL,5.0
2026-08-26,6,860.0,CALL,10.0
2026-08-26,6,865.0,CALL,3.0
2026-08-26,6,870.0,CALL,106.0
2026-08-26,6,875.0,CALL,7.0
2026-08-26,6,880.0,CALL,27.0
2026-08-26,6,885.0,CALL,3.0
2026-08-26,6,890.0,CALL,9.0
2026-08-26,6,900.0,CALL,76.0
2026-08-26,6,905.0,CALL,4.0
2026-08-26,6,910.0,CALL,8.0
2026-08-26,6,915.0,CALL,11.0
2026-08-26,6,920.0,CALL,66.0
2026-08-26,6,925.0,CALL,63.0
2026-08-26,6,930.0,CALL,109.0
2026-08-26,6,935.0,CALL,39.0
2026-08-26,6,940.0,CALL,60.0
2026-08-26,6,945.0,CALL,51.0
2026-08-26,6,950.0,CALL,228.0
2026-08-26,6,955.0,CALL,35.0
2026-08-26,6,960.0,CALL,78.0
2026-08-26,6,965.0,CALL,73.0
2026-08-26,6,970.0,CALL,96.0
2026-08-26,6,975.0,CALL,47.0
2026-08-26,6,980.0,CALL,124.0
2026-08-26,6,985.0,CALL,36.0
2026-08-26,6,990.0,CALL,52.0
2026-08-26,6,995.0,CALL,50.0
2026-08-26,6,1000.0,CALL,1396.0
2026-08-26,6,1005.0,CALL,30.0
2026-08-26,6,1010.0,CALL,67.0
2026-08-26,6,1015.0,CALL,35.0
2026-08-26,6,1020.0,CALL,181.0
2026-08-26,6,1025.0,CALL,82.0
2026-08-26,6,1030.0,CALL,43.0
2026-08-26,6,1035.0,CALL,15.0
2026-08-26,6,1040.0,CALL,63.0
2026-08-26,6,1045.0,CALL,39.0
2026-08-26,6,1050.0,CALL,204.0
2026-08-26,6,1055.0,CALL,18.0
2026-08-26,6,1060.0,CALL,53.0
2026-08-26,6,1065.0,CALL,51.0
2026-08-26,6,1070.0,CALL,54.0
2026-08-26,6,1075.0,CALL,36.0
2026-08-26,6,1080.0,CALL,40.0
2026-08-26,6,1085.0,CALL,35.0
2026-08-26,6,1090.0,CALL,52.0
2026-08-26,6,1095.0,CALL,41.0
2026-08-26,6,1100.0,CALL,205.0
2026-08-26,6,1105.0,CALL,25.0
2026-08-26,6,1110.0,CALL,62.0
2026-08-26,6,1115.0,CALL,15.0
2026-08-26,6,1120.0,CALL,66.0
2026-08-26,6,1125.0,CALL,24.0
2026-08-26,6,1130.0,CALL,40.0
2026-08-26,6,1135.0,CALL,34.0
2026-08-26,6,1140.0,CALL,29.0
2026-08-26,6,1145.0,CALL,66.0
2026-08-26,6,1150.0,CALL,154.0
2026-08-26,6,1155.0,CALL,9.0
2026-08-26,6,1165.0,CALL,29.0
2026-08-26,6,1170.0,CALL,27.0
2026-08-26,6,1175.0,CALL,31.0
2026-08-26,6,1180.0,CALL,181.0
2026-08-26,6,1185.0,CALL,25.0
2026-08-26,6,1190.0,CALL,4.0
2026-08-26,6,1195.0,CALL,12.0
2026-08-26,6,1200.0,CALL,176.0
2026-08-26,6,1205.0,CALL,43.0
2026-08-26,6,1210.0,CALL,12.0
2026-08-26,6,1215.0,CALL,9.0
2026-08-26,6,1220.0,CALL,9.0
2026-08-26,6,1225.0,CALL,18.0
2026-08-26,6,1230.0,CALL,54.0
2026-08-26,6,1235.0,CALL,10.0
2026-08-26,6,1240.0,CALL,16.0
2026-08-26,6,1250.0,CALL,120.0
2026-08-26,6,1280.0,CALL,7.0
2026-08-26,6,1300.0,CALL,27.0
2026-08-26,6,1310.0,CALL,73.0
2026-08-26,6,1320.0,CALL,43.0
2026-08-26,6,1330.0,CALL,25.0
2026-08-26,6,1340.0,CALL,30.0
2026-08-26,6,1360.0,CALL,4.0
2026-08-26,6,400.0,PUT,1.0
2026-08-26,6,435.0,PUT,3.0
2026-08-26,6,445.0,PUT,1.0
2026-08-26,6,600.0,PUT,5.0
2026-08-26,6,705.0,PUT,14.0
2026-08-26,6,710.0,PUT,3.0
2026-08-26,6,715.0,PUT,9.0
2026-08-26,6,725.0,PUT,92.0
2026-08-26,6,730.0,PUT,13.0
2026-08-26,6,735.0,PUT,19.0
2026-08-26,6,740.0,PUT,14.0
2026-08-26,6,750.0,PUT,47.0
2026-08-26,6,755.0,PUT,15.0
2026-08-26,6,760.0,PUT,16.0
2026-08-26,6,770.0,PUT,32.0
2026-08-26,6,775.0,PUT,14.0
2026-08-26,6,780.0,PUT,49.0
2026-08-26,6,785.0,PUT,42.0
2026-08-26,6,790.0,PUT,32.0
2026-08-26,6,795.0,PUT,74.0
2026-08-26,6,800.0,PUT,242.0
2026-08-26,6,805.0,PUT,41.0
2026-08-26,6,810.0,PUT,47.0
2026-08-26,6,815.0,PUT,21.0
2026-08-26,6,820.0,PUT,126.0
2026-08-26,6,825.0,PUT,28.0
2026-08-26,6,830.0,PUT,54.0
2026-08-26,6,835.0,PUT,58.0
2026-08-26,6,840.0,PUT,92.0
2026-08-26,6,845.0,PUT,42.0
2026-08-26,6,850.0,PUT,127.0
2026-08-26,6,855.0,PUT,50.0
2026-08-26,6,860.0,PUT,56.0
2026-08-26,6,865.0,PUT,93.0
2026-08-26,6,870.0,PUT,103.0
2026-08-26,6,875.0,PUT,75.0
2026-08-26,6,880.0,PUT,52.0
2026-08-26,6,885.0,PUT,28.0
2026-08-26,6,890.0,PUT,42.0
2026-08-26,6,895.0,PUT,41.0
2026-08-26,6,900.0,PUT,196.0
2026-08-26,6,905.0,PUT,22.0
2026-08-26,6,910.0,PUT,55.0
2026-08-26,6,915.0,PUT,42.0
2026-08-26,6,920.0,PUT,17.0
2026-08-26,6,925.0,PUT,131.0
2026-08-26,6,930.0,PUT,114.0
2026-08-26,6,935.0,PUT,71.0
2026-08-26,6,940.0,PUT,111.0
2026-08-26,6,945.0,PUT,46.0
2026-08-26,6,950.0,PUT,97.0
2026-08-26,6,955.0,PUT,111.0
2026-08-26,6,960.0,PUT,48.0
2026-08-26,6,965.0,PUT,7.0
2026-08-26,6,970.0,PUT,17.0
2026-08-26,6,975.0,PUT,9.0
2026-08-26,6,980.0,PUT,16.0
2026-08-26,6,990.0,PUT,29.0
2026-08-26,6,1000.0,PUT,25.0
2026-08-26,6,1040.0,PUT,6.0
2026-08-26,6,1075.0,PUT,29.0
2026-08-26,6,1085.0,PUT,1.0
2026-08-26,6,1180.0,PUT,1.0
2026-08-28,8,180.0,CALL,1.0
2026-08-28,8,240.0,CALL,2.0
2026-08-28,8,275.0,CALL,0.0
2026-08-28,8,290.0,CALL,0.0
2026-08-28,8,310.0,CALL,2.0
2026-08-28,8,315.0,CALL,1.0
2026-08-28,8,320.0,CALL,1.0
2026-08-28,8,335.0,CALL,1.0
2026-08-28,8,340.0,CALL,1.0
2026-08-28,8,350.0,CALL,1.0
2026-08-28,8,360.0,CALL,1.0
2026-08-28,8,365.0,CALL,1.0
2026-08-28,8,370.0,CALL,1.0
2026-08-28,8,380.0,CALL,1.0
2026-08-28,8,390.0,CALL,2.0
2026-08-28,8,400.0,CALL,21.0
2026-08-28,8,405.0,CALL,5.0
2026-08-28,8,430.0,CALL,0.0
2026-08-28,8,450.0,CALL,1.0
2026-08-28,8,455.0,CALL,4.0
2026-08-28,8,470.0,CALL,3.0
2026-08-28,8,480.0,CALL,5.0
2026-08-28,8,500.0,CALL,36.0
2026-08-28,8,510.0,CALL,1.0
2026-08-28,8,515.0,CALL,1.0
2026-08-28,8,520.0,CALL,17.0
2026-08-28,8,525.0,CALL,16.0
2026-08-28,8,530.0,CALL,6.0
2026-08-28,8,535.0,CALL,1.0
2026-08-28,8,540.0,CALL,10.0
2026-08-28,8,545.0,CALL,6.0
2026-08-28,8,550.0,CALL,15.0
2026-08-28,8,555.0,CALL,1.0
2026-08-28,8,560.0,CALL,4.0
2026-08-28,8,565.0,CALL,14.0
2026-08-28,8,575.0,CALL,1.0
2026-08-28,8,580.0,CALL,23.0
2026-08-28,8,585.0,CALL,11.0
2026-08-28,8,590.0,CALL,5.0
2026-08-28,8,595.0,CALL,5.0
2026-08-28,8,600.0,CALL,12.0
2026-08-28,8,605.0,CALL,1.0
2026-08-28,8,610.0,CALL,7.0
2026-08-28,8,615.0,CALL,33.0
2026-08-28,8,620.0,CALL,25.0
2026-08-28,8,625.0,CALL,3.0
2026-08-28,8,630.0,CALL,4.0
2026-08-28,8,640.0,CALL,15.0
2026-08-28,8,645.0,CALL,13.0
2026-08-28,8,650.0,CALL,19.0
2026-08-28,8,655.0,CALL,0.0
2026-08-28,8,660.0,CALL,5.0
2026-08-28,8,665.0,CALL,9.0
2026-08-28,8,670.0,CALL,6.0
2026-08-28,8,675.0,CALL,13.0
2026-08-28,8,680.0,CALL,12.0
2026-08-28,8,685.0,CALL,2.0
2026-08-28,8,690.0,CALL,1.0
2026-08-28,8,700.0,CALL,314.0
2026-08-28,8,705.0,CALL,3.0
2026-08-28,8,710.0,CALL,7.0
2026-08-28,8,715.0,CALL,17.0
2026-08-28,8,720.0,CALL,6.0
2026-08-28,8,725.0,CALL,32.0
2026-08-28,8,730.0,CALL,11.0
2026-08-28,8,735.0,CALL,12.0
2026-08-28,8,740.0,CALL,14.0
2026-08-28,8,745.0,CALL,13.0
2026-08-28,8,750.0,CALL,72.0
2026-08-28,8,755.0,CALL,16.0
2026-08-28,8,760.0,CALL,33.0
2026-08-28,8,765.0,CALL,44.0
2026-08-28,8,770.0,CALL,93.0
2026-08-28,8,775.0,CALL,38.0
2026-08-28,8,780.0,CALL,137.0
2026-08-28,8,785.0,CALL,26.0
2026-08-28,8,790.0,CALL,65.0
2026-08-28,8,795.0,CALL,36.0
2026-08-28,8,800.0,CALL,292.0
2026-08-28,8,805.0,CALL,36.0
2026-08-28,8,810.0,CALL,60.0
2026-08-28,8,815.0,CALL,44.0
2026-08-28,8,820.0,CALL,159.0
2026-08-28,8,825.0,CALL,160.0
2026-08-28,8,830.0,CALL,85.0
2026-08-28,8,835.0,CALL,47.0
2026-08-28,8,840.0,CALL,43.0
2026-08-28,8,845.0,CALL,36.0
2026-08-28,8,850.0,CALL,304.0
2026-08-28,8,855.0,CALL,268.0
2026-08-28,8,860.0,CALL,160.0
2026-08-28,8,865.0,CALL,356.0
2026-08-28,8,870.0,CALL,118.0
2026-08-28,8,875.0,CALL,99.0
2026-08-28,8,880.0,CALL,106.0
2026-08-28,8,885.0,CALL,163.0
2026-08-28,8,890.0,CALL,153.0
2026-08-28,8,895.0,CALL,85.0
2026-08-28,8,900.0,CALL,800.0
2026-08-28,8,905.0,CALL,141.0
2026-08-28,8,910.0,CALL,307.0
2026-08-28,8,915.0,CALL,85.0
2026-08-28,8,917.5,CALL,11.0
2026-08-28,8,920.0,CALL,490.0
2026-08-28,8,922.5,CALL,15.0
2026-08-28,8,925.0,CALL,156.0
2026-08-28,8,927.5,CALL,44.0
2026-08-28,8,930.0,CALL,574.0
2026-08-28,8,932.5,CALL,82.0
2026-08-28,8,935.0,CALL,1109.0
2026-08-28,8,937.5,CALL,116.0
2026-08-28,8,940.0,CALL,446.0
2026-08-28,8,942.5,CALL,60.0
2026-08-28,8,945.0,CALL,129.0
2026-08-28,8,950.0,CALL,835.0
2026-08-28,8,955.0,CALL,254.0
2026-08-28,8,960.0,CALL,307.0
2026-08-28,8,965.0,CALL,222.0
2026-08-28,8,970.0,CALL,872.0
2026-08-28,8,975.0,CALL,405.0
2026-08-28,8,980.0,CALL,748.0
2026-08-28,8,985.0,CALL,387.0
2026-08-28,8,990.0,CALL,406.0
2026-08-28,8,995.0,CALL,253.0
2026-08-28,8,1000.0,CALL,3409.0
2026-08-28,8,1005.0,CALL,678.0
2026-08-28,8,1010.0,CALL,495.0
2026-08-28,8,1015.0,CALL,250.0
2026-08-28,8,1020.0,CALL,949.0
2026-08-28,8,1025.0,CALL,279.0
2026-08-28,8,1030.0,CALL,892.0
2026-08-28,8,1035.0,CALL,320.0
2026-08-28,8,1040.0,CALL,440.0
2026-08-28,8,1045.0,CALL,147.0
2026-08-28,8,1050.0,CALL,1783.0
2026-08-28,8,1055.0,CALL,266.0
2026-08-28,8,1060.0,CALL,168.0
2026-08-28,8,1065.0,CALL,184.0
2026-08-28,8,1070.0,CALL,259.0
2026-08-28,8,1075.0,CALL,192.0
2026-08-28,8,1080.0,CALL,476.0
2026-08-28,8,1085.0,CALL,699.0
2026-08-28,8,1090.0,CALL,176.0
2026-08-28,8,1095.0,CALL,130.0
2026-08-28,8,1100.0,CALL,3397.0
2026-08-28,8,1105.0,CALL,143.0
2026-08-28,8,1110.0,CALL,424.0
2026-08-28,8,1115.0,CALL,178.0
2026-08-28,8,1120.0,CALL,236.0
2026-08-28,8,1125.0,CALL,126.0
2026-08-28,8,1130.0,CALL,1230.0
2026-08-28,8,1135.0,CALL,95.0
2026-08-28,8,1140.0,CALL,208.0
2026-08-28,8,1150.0,CALL,1566.0
2026-08-28,8,1160.0,CALL,289.0
2026-08-28,8,1170.0,CALL,270.0
2026-08-28,8,1180.0,CALL,417.0
2026-08-28,8,1190.0,CALL,196.0
2026-08-28,8,1200.0,CALL,2810.0
2026-08-28,8,1210.0,CALL,205.0
2026-08-28,8,1220.0,CALL,163.0
2026-08-28,8,1230.0,CALL,143.0
2026-08-28,8,1240.0,CALL,246.0
2026-08-28,8,1250.0,CALL,913.0
2026-08-28,8,1260.0,CALL,546.0
2026-08-28,8,1270.0,CALL,2095.0
2026-08-28,8,1280.0,CALL,134.0
2026-08-28,8,1290.0,CALL,159.0
2026-08-28,8,1300.0,CALL,736.0
2026-08-28,8,1310.0,CALL,160.0
2026-08-28,8,1320.0,CALL,606.0
2026-08-28,8,1330.0,CALL,45.0
2026-08-28,8,1340.0,CALL,340.0
2026-08-28,8,1350.0,CALL,171.0
2026-08-28,8,1360.0,CALL,211.0
2026-08-28,8,1370.0,CALL,556.0
2026-08-28,8,1380.0,CALL,69.0
2026-08-28,8,1390.0,CALL,68.0
2026-08-28,8,1400.0,CALL,1199.0
2026-08-28,8,1410.0,CALL,149.0
2026-08-28,8,1420.0,CALL,58.0
2026-08-28,8,1430.0,CALL,42.0
2026-08-28,8,1440.0,CALL,113.0
2026-08-28,8,1450.0,CALL,102.0
2026-08-28,8,1460.0,CALL,108.0
2026-08-28,8,1470.0,CALL,82.0
2026-08-28,8,1480.0,CALL,30.0
2026-08-28,8,1490.0,CALL,75.0
2026-08-28,8,1500.0,CALL,759.0
2026-08-28,8,1510.0,CALL,86.0
2026-08-28,8,1520.0,CALL,52.0
2026-08-28,8,1530.0,CALL,18.0
2026-08-28,8,1540.0,CALL,136.0
2026-08-28,8,1550.0,CALL,167.0
2026-08-28,8,1560.0,CALL,39.0
2026-08-28,8,1570.0,CALL,88.0
2026-08-28,8,1580.0,CALL,234.0
2026-08-28,8,1590.0,CALL,129.0
2026-08-28,8,1600.0,CALL,275.0
2026-08-28,8,1610.0,CALL,146.0
2026-08-28,8,1620.0,CALL,25.0
2026-08-28,8,1630.0,CALL,71.0
2026-08-28,8,1640.0,CALL,25.0
2026-08-28,8,1650.0,CALL,171.0
2026-08-28,8,1660.0,CALL,90.0
2026-08-28,8,1670.0,CALL,18.0
2026-08-28,8,1680.0,CALL,192.0
2026-08-28,8,1690.0,CALL,26.0
2026-08-28,8,1700.0,CALL,501.0
2026-08-28,8,1710.0,CALL,74.0
2026-08-28,8,1720.0,CALL,48.0
2026-08-28,8,1730.0,CALL,93.0
2026-08-28,8,1740.0,CALL,47.0
2026-08-28,8,1750.0,CALL,105.0
2026-08-28,8,1760.0,CALL,45.0
2026-08-28,8,1770.0,CALL,61.0
2026-08-28,8,1780.0,CALL,42.0
2026-08-28,8,1790.0,CALL,66.0
2026-08-28,8,1800.0,CALL,318.0
2026-08-28,8,1810.0,CALL,71.0
2026-08-28,8,1820.0,CALL,133.0
2026-08-28,8,1840.0,CALL,56.0
2026-08-28,8,1850.0,CALL,487.0
2026-08-28,8,1860.0,CALL,23.0
2026-08-28,8,1870.0,CALL,50.0
2026-08-28,8,1880.0,CALL,22.0
2026-08-28,8,1890.0,CALL,144.0
2026-08-28,8,1900.0,CALL,178.0
2026-08-28,8,1910.0,CALL,392.0
2026-08-28,8,1920.0,CALL,37.0
2026-08-28,8,1930.0,CALL,24.0
2026-08-28,8,1950.0,CALL,17.0
2026-08-28,8,1960.0,CALL,13.0
2026-08-28,8,1970.0,CALL,398.0
2026-08-28,8,1980.0,CALL,1.0
2026-08-28,8,1990.0,CALL,63.0
2026-08-28,8,2000.0,CALL,89.0
2026-08-28,8,2010.0,CALL,11.0
2026-08-28,8,2020.0,CALL,24.0
2026-08-28,8,2030.0,CALL,85.0
2026-08-28,8,2040.0,CALL,5.0
2026-08-28,8,2050.0,CALL,58.0
2026-08-28,8,2060.0,CALL,79.0
2026-08-28,8,2070.0,CALL,104.0
2026-08-28,8,100.0,PUT,109.0
2026-08-28,8,105.0,PUT,22.0
2026-08-28,8,110.0,PUT,43.0
2026-08-28,8,115.0,PUT,12.0
2026-08-28,8,120.0,PUT,46.0
2026-08-28,8,125.0,PUT,41.0
2026-08-28,8,130.0,PUT,29.0
2026-08-28,8,135.0,PUT,33.0
2026-08-28,8,140.0,PUT,20.0
2026-08-28,8,145.0,PUT,22.0
2026-08-28,8,150.0,PUT,10.0
2026-08-28,8,155.0,PUT,21.0
2026-08-28,8,160.0,PUT,19.0
2026-08-28,8,165.0,PUT,25.0
2026-08-28,8,170.0,PUT,19.0
2026-08-28,8,175.0,PUT,21.0
2026-08-28,8,180.0,PUT,6.0
2026-08-28,8,185.0,PUT,32.0
2026-08-28,8,190.0,PUT,243.0
2026-08-28,8,195.0,PUT,2.0
2026-08-28,8,200.0,PUT,152.0
2026-08-28,8,205.0,PUT,26.0
2026-08-28,8,210.0,PUT,47.0
2026-08-28,8,215.0,PUT,5.0
2026-08-28,8,220.0,PUT,97.0
2026-08-28,8,225.0,PUT,10.0
2026-08-28,8,230.0,PUT,61.0
2026-08-28,8,235.0,PUT,11.0
2026-08-28,8,240.0,PUT,54.0
2026-08-28,8,245.0,PUT,8.0
2026-08-28,8,250.0,PUT,54.0
2026-08-28,8,255.0,PUT,2.0
2026-08-28,8,260.0,PUT,3.0
2026-08-28,8,265.0,PUT,1.0
2026-08-28,8,270.0,PUT,1.0
2026-08-28,8,275.0,PUT,5.0
2026-08-28,8,280.0,PUT,675.0
2026-08-28,8,285.0,PUT,1.0
2026-08-28,8,290.0,PUT,8.0
2026-08-28,8,295.0,PUT,84.0
2026-08-28,8,300.0,PUT,503.0
2026-08-28,8,305.0,PUT,7.0
2026-08-28,8,310.0,PUT,8.0
2026-08-28,8,315.0,PUT,0.0
2026-08-28,8,320.0,PUT,35.0
2026-08-28,8,325.0,PUT,97.0
2026-08-28,8,330.0,PUT,59.0
2026-08-28,8,335.0,PUT,5.0
2026-08-28,8,340.0,PUT,7.0
2026-08-28,8,345.0,PUT,17.0
2026-08-28,8,350.0,PUT,264.0
2026-08-28,8,355.0,PUT,17.0
2026-08-28,8,360.0,PUT,16.0
2026-08-28,8,365.0,PUT,520.0
2026-08-28,8,370.0,PUT,318.0
2026-08-28,8,375.0,PUT,405.0
2026-08-28,8,380.0,PUT,197.0
2026-08-28,8,385.0,PUT,59.0
2026-08-28,8,390.0,PUT,101.0
2026-08-28,8,395.0,PUT,170.0
2026-08-28,8,400.0,PUT,284.0
2026-08-28,8,405.0,PUT,79.0
2026-08-28,8,410.0,PUT,37.0
2026-08-28,8,415.0,PUT,18.0
2026-08-28,8,420.0,PUT,53.0
2026-08-28,8,425.0,PUT,52.0
2026-08-28,8,430.0,PUT,39.0
2026-08-28,8,435.0,PUT,7.0
2026-08-28,8,440.0,PUT,175.0
2026-08-28,8,445.0,PUT,35.0
2026-08-28,8,450.0,PUT,429.0
2026-08-28,8,455.0,PUT,20.0
2026-08-28,8,460.0,PUT,70.0
2026-08-28,8,465.0,PUT,34.0
2026-08-28,8,470.0,PUT,68.0
2026-08-28,8,475.0,PUT,50.0
2026-08-28,8,480.0,PUT,632.0
2026-08-28,8,485.0,PUT,315.0
2026-08-28,8,490.0,PUT,94.0
2026-08-28,8,495.0,PUT,76.0
2026-08-28,8,500.0,PUT,730.0
2026-08-28,8,505.0,PUT,126.0
2026-08-28,8,510.0,PUT,137.0
2026-08-28,8,515.0,PUT,74.0
2026-08-28,8,520.0,PUT,265.0
2026-08-28,8,525.0,PUT,194.0
2026-08-28,8,530.0,PUT,105.0
2026-08-28,8,535.0,PUT,101.0
2026-08-28,8,540.0,PUT,152.0
2026-08-28,8,545.0,PUT,123.0
2026-08-28,8,550.0,PUT,951.0
2026-08-28,8,555.0,PUT,154.0
2026-08-28,8,560.0,PUT,171.0
2026-08-28,8,565.0,PUT,423.0
2026-08-28,8,570.0,PUT,3031.0
2026-08-28,8,575.0,PUT,211.0
2026-08-28,8,580.0,PUT,175.0
2026-08-28,8,585.0,PUT,125.0
2026-08-28,8,590.0,PUT,297.0
2026-08-28,8,595.0,PUT,315.0
2026-08-28,8,600.0,PUT,835.0
2026-08-28,8,605.0,PUT,150.0
2026-08-28,8,610.0,PUT,177.0
2026-08-28,8,615.0,PUT,61.0
2026-08-28,8,620.0,PUT,190.0
2026-08-28,8,625.0,PUT,226.0
2026-08-28,8,630.0,PUT,196.0
2026-08-28,8,635.0,PUT,130.0
2026-08-28,8,640.0,PUT,284.0
2026-08-28,8,645.0,PUT,101.0
2026-08-28,8,650.0,PUT,1405.0
2026-08-28,8,655.0,PUT,73.0
2026-08-28,8,660.0,PUT,344.0
2026-08-28,8,665.0,PUT,117.0
2026-08-28,8,670.0,PUT,237.0
2026-08-28,8,675.0,PUT,177.0
2026-08-28,8,680.0,PUT,232.0
2026-08-28,8,685.0,PUT,113.0
2026-08-28,8,690.0,PUT,413.0
2026-08-28,8,695.0,PUT,187.0
2026-08-28,8,700.0,PUT,1247.0
2026-08-28,8,705.0,PUT,120.0
2026-08-28,8,710.0,PUT,599.0
2026-08-28,8,715.0,PUT,127.0
2026-08-28,8,720.0,PUT,207.0
2026-08-28,8,725.0,PUT,204.0
2026-08-28,8,730.0,PUT,1296.0
2026-08-28,8,735.0,PUT,164.0
2026-08-28,8,740.0,PUT,282.0
2026-08-28,8,745.0,PUT,297.0
2026-08-28,8,750.0,PUT,1425.0
2026-08-28,8,755.0,PUT,197.0
2026-08-28,8,760.0,PUT,326.0
2026-08-28,8,765.0,PUT,218.0
2026-08-28,8,770.0,PUT,267.0
2026-08-28,8,775.0,PUT,447.0
2026-08-28,8,780.0,PUT,515.0
2026-08-28,8,785.0,PUT,194.0
2026-08-28,8,790.0,PUT,312.0
2026-08-28,8,795.0,PUT,266.0
2026-08-28,8,800.0,PUT,3403.0
2026-08-28,8,805.0,PUT,340.0
2026-08-28,8,810.0,PUT,624.0
2026-08-28,8,815.0,PUT,198.0
2026-08-28,8,820.0,PUT,1490.0
2026-08-28,8,825.0,PUT,723.0
2026-08-28,8,830.0,PUT,456.0
2026-08-28,8,835.0,PUT,370.0
2026-08-28,8,840.0,PUT,575.0
2026-08-28,8,845.0,PUT,298.0
2026-08-28,8,850.0,PUT,2264.0
2026-08-28,8,855.0,PUT,316.0
2026-08-28,8,860.0,PUT,562.0
2026-08-28,8,865.0,PUT,430.0
2026-08-28,8,870.0,PUT,356.0
2026-08-28,8,875.0,PUT,445.0
2026-08-28,8,880.0,PUT,753.0
2026-08-28,8,885.0,PUT,409.0
2026-08-28,8,890.0,PUT,748.0
2026-08-28,8,895.0,PUT,189.0
2026-08-28,8,900.0,PUT,2011.0
2026-08-28,8,905.0,PUT,257.0
2026-08-28,8,910.0,PUT,597.0
2026-08-28,8,915.0,PUT,144.0
2026-08-28,8,917.5,PUT,67.0
2026-08-28,8,920.0,PUT,755.0
2026-08-28,8,922.5,PUT,88.0
2026-08-28,8,925.0,PUT,792.0
2026-08-28,8,927.5,PUT,249.0
2026-08-28,8,930.0,PUT,772.0
2026-08-28,8,932.5,PUT,99.0
2026-08-28,8,935.0,PUT,690.0
2026-08-28,8,937.5,PUT,194.0
2026-08-28,8,940.0,PUT,778.0
2026-08-28,8,942.5,PUT,49.0
2026-08-28,8,945.0,PUT,150.0
2026-08-28,8,950.0,PUT,1609.0
2026-08-28,8,955.0,PUT,141.0
2026-08-28,8,960.0,PUT,226.0
2026-08-28,8,965.0,PUT,269.0
2026-08-28,8,970.0,PUT,378.0
2026-08-28,8,975.0,PUT,183.0
2026-08-28,8,980.0,PUT,139.0
2026-08-28,8,985.0,PUT,89.0
2026-08-28,8,990.0,PUT,132.0
2026-08-28,8,995.0,PUT,74.0
2026-08-28,8,1000.0,PUT,916.0
2026-08-28,8,1005.0,PUT,197.0
2026-08-28,8,1010.0,PUT,150.0
2026-08-28,8,1015.0,PUT,35.0
2026-08-28,8,1020.0,PUT,52.0
2026-08-28,8,1025.0,PUT,41.0
2026-08-28,8,1030.0,PUT,98.0
2026-08-28,8,1035.0,PUT,16.0
2026-08-28,8,1040.0,PUT,79.0
2026-08-28,8,1045.0,PUT,49.0
2026-08-28,8,1050.0,PUT,116.0
2026-08-28,8,1055.0,PUT,15.0
2026-08-28,8,1060.0,PUT,42.0
2026-08-28,8,1065.0,PUT,5.0
2026-08-28,8,1070.0,PUT,68.0
2026-08-28,8,1075.0,PUT,13.0
2026-08-28,8,1080.0,PUT,14.0
2026-08-28,8,1085.0,PUT,18.0
2026-08-28,8,1090.0,PUT,45.0
2026-08-28,8,1095.0,PUT,10.0
2026-08-28,8,1100.0,PUT,109.0
2026-08-28,8,1105.0,PUT,7.0
2026-08-28,8,1110.0,PUT,36.0
2026-08-28,8,1115.0,PUT,7.0
2026-08-28,8,1120.0,PUT,31.0
2026-08-28,8,1125.0,PUT,5.0
2026-08-28,8,1130.0,PUT,24.0
2026-08-28,8,1135.0,PUT,6.0
2026-08-28,8,1140.0,PUT,6.0
2026-08-28,8,1150.0,PUT,131.0
2026-08-28,8,1160.0,PUT,23.0
2026-08-28,8,1170.0,PUT,25.0
2026-08-28,8,1180.0,PUT,31.0
2026-08-28,8,1190.0,PUT,11.0
2026-08-28,8,1200.0,PUT,17.0
2026-08-28,8,1210.0,PUT,3.0
2026-08-28,8,1220.0,PUT,4.0
2026-08-28,8,1230.0,PUT,14.0
2026-08-28,8,1240.0,PUT,2.0
2026-08-28,8,1250.0,PUT,1.0
2026-08-28,8,1270.0,PUT,0.0
2026-08-28,8,1280.0,PUT,0.0
2026-08-28,8,1290.0,PUT,0.0
2026-08-28,8,1300.0,PUT,1.0
2026-08-28,8,1320.0,PUT,0.0
2026-08-28,8,1350.0,PUT,0.0
2026-08-28,8,1370.0,PUT,0.0
2026-08-28,8,1400.0,PUT,0.0
2026-08-28,8,1440.0,PUT,0.0
2026-08-28,8,1450.0,PUT,0.0
2026-08-28,8,1500.0,PUT,0.0
2026-08-28,8,1600.0,PUT,0.0
2026-08-28,8,1630.0,PUT,0.0
2026-08-28,8,1640.0,PUT,0.0
2026-08-28,8,1650.0,PUT,0.0
2026-08-28,8,1830.0,PUT,0.0
2026-08-28,8,1920.0,PUT,0.0
2026-09-04,15,140.0,CALL,1.0
2026-09-04,15,150.0,CALL,1.0
2026-09-04,15,225.0,CALL,1.0
2026-09-04,15,245.0,CALL,1.0
2026-09-04,15,250.0,CALL,2.0
2026-09-04,15,285.0,CALL,1.0
2026-09-04,15,330.0,CALL,0.0
2026-09-04,15,400.0,CALL,5.0
2026-09-04,15,405.0,CALL,1.0
2026-09-04,15,420.0,CALL,1.0
2026-09-04,15,430.0,CALL,2.0
2026-09-04,15,450.0,CALL,1.0
2026-09-04,15,475.0,CALL,4.0
2026-09-04,15,480.0,CALL,4.0
2026-09-04,15,490.0,CALL,10.0
2026-09-04,15,495.0,CALL,12.0
2026-09-04,15,500.0,CALL,5.0
2026-09-04,15,505.0,CALL,3.0
2026-09-04,15,510.0,CALL,25.0
2026-09-04,15,515.0,CALL,15.0
2026-09-04,15,520.0,CALL,16.0
2026-09-04,15,525.0,CALL,18.0
2026-09-04,15,530.0,CALL,18.0
2026-09-04,15,535.0,CALL,16.0
2026-09-04,15,540.0,CALL,22.0
2026-09-04,15,545.0,CALL,18.0
2026-09-04,15,550.0,CALL,25.0
2026-09-04,15,560.0,CALL,4.0
2026-09-04,15,570.0,CALL,12.0
2026-09-04,15,580.0,CALL,1.0
2026-09-04,15,590.0,CALL,8.0
2026-09-04,15,595.0,CALL,1.0
2026-09-04,15,600.0,CALL,23.0
2026-09-04,15,605.0,CALL,9.0
2026-09-04,15,610.0,CALL,0.0
2026-09-04,15,615.0,CALL,8.0
2026-09-04,15,620.0,CALL,7.0
2026-09-04,15,625.0,CALL,3.0
2026-09-04,15,630.0,CALL,14.0
2026-09-04,15,635.0,CALL,17.0
2026-09-04,15,640.0,CALL,10.0
2026-09-04,15,645.0,CALL,4.0
2026-09-04,15,650.0,CALL,10.0
2026-09-04,15,660.0,CALL,6.0
2026-09-04,15,665.0,CALL,1.0
2026-09-04,15,675.0,CALL,1.0
2026-09-04,15,680.0,CALL,5.0
2026-09-04,15,690.0,CALL,1.0
2026-09-04,15,695.0,CALL,7.0
2026-09-04,15,700.0,CALL,25.0
2026-09-04,15,705.0,CALL,42.0
2026-09-04,15,710.0,CALL,7.0
2026-09-04,15,715.0,CALL,3.0
2026-09-04,15,720.0,CALL,13.0
2026-09-04,15,725.0,CALL,6.0
2026-09-04,15,730.0,CALL,10.0
2026-09-04,15,735.0,CALL,3.0
2026-09-04,15,740.0,CALL,98.0
2026-09-04,15,745.0,CALL,19.0
2026-09-04,15,750.0,CALL,45.0
2026-09-04,15,755.0,CALL,16.0
2026-09-04,15,760.0,CALL,51.0
2026-09-04,15,765.0,CALL,17.0
2026-09-04,15,770.0,CALL,274.0
2026-09-04,15,775.0,CALL,125.0
2026-09-04,15,780.0,CALL,121.0
2026-09-04,15,785.0,CALL,92.0
2026-09-04,15,790.0,CALL,43.0
2026-09-04,15,795.0,CALL,49.0
2026-09-04,15,800.0,CALL,115.0
2026-09-04,15,805.0,CALL,15.0
2026-09-04,15,810.0,CALL,70.0
2026-09-04,15,815.0,CALL,125.0
2026-09-04,15,820.0,CALL,42.0
2026-09-04,15,825.0,CALL,53.0
2026-09-04,15,830.0,CALL,44.0
2026-09-04,15,835.0,CALL,54.0
2026-09-04,15,840.0,CALL,38.0
2026-09-04,15,845.0,CALL,20.0
2026-09-04,15,850.0,CALL,292.0
2026-09-04,15,855.0,CALL,27.0
2026-09-04,15,860.0,CALL,85.0
2026-09-04,15,865.0,CALL,34.0
2026-09-04,15,870.0,CALL,99.0
2026-09-04,15,875.0,CALL,66.0
2026-09-04,15,880.0,CALL,138.0
2026-09-04,15,885.0,CALL,97.0
2026-09-04,15,890.0,CALL,89.0
2026-09-04,15,895.0,CALL,29.0
2026-09-04,15,900.0,CALL,303.0
2026-09-04,15,905.0,CALL,86.0
2026-09-04,15,910.0,CALL,45.0
2026-09-04,15,915.0,CALL,50.0
2026-09-04,15,920.0,CALL,254.0
2026-09-04,15,925.0,CALL,61.0
2026-09-04,15,930.0,CALL,286.0
2026-09-04,15,935.0,CALL,126.0
2026-09-04,15,940.0,CALL,168.0
2026-09-04,15,945.0,CALL,409.0
2026-09-04,15,950.0,CALL,829.0
2026-09-04,15,955.0,CALL,335.0
2026-09-04,15,960.0,CALL,217.0
2026-09-04,15,965.0,CALL,93.0
2026-09-04,15,970.0,CALL,139.0
2026-09-04,15,975.0,CALL,121.0
2026-09-04,15,980.0,CALL,314.0
2026-09-04,15,985.0,CALL,105.0
2026-09-04,15,990.0,CALL,119.0
2026-09-04,15,995.0,CALL,79.0
2026-09-04,15,1000.0,CALL,1041.0
2026-09-04,15,1005.0,CALL,683.0
2026-09-04,15,1010.0,CALL,158.0
2026-09-04,15,1015.0,CALL,243.0
2026-09-04,15,1020.0,CALL,98.0
2026-09-04,15,1025.0,CALL,148.0
2026-09-04,15,1030.0,CALL,334.0
2026-09-04,15,1035.0,CALL,204.0
2026-09-04,15,1040.0,CALL,144.0
2026-09-04,15,1045.0,CALL,290.0
2026-09-04,15,1050.0,CALL,619.0
2026-09-04,15,1055.0,CALL,107.0
2026-09-04,15,1060.0,CALL,231.0
2026-09-04,15,1065.0,CALL,45.0
2026-09-04,15,1070.0,CALL,134.0
2026-09-04,15,1075.0,CALL,277.0
2026-09-04,15,1080.0,CALL,109.0
2026-09-04,15,1085.0,CALL,78.0
2026-09-04,15,1090.0,CALL,85.0
2026-09-04,15,1095.0,CALL,149.0
2026-09-04,15,1100.0,CALL,919.0
2026-09-04,15,1105.0,CALL,395.0
2026-09-04,15,1110.0,CALL,84.0
2026-09-04,15,1115.0,CALL,202.0
2026-09-04,15,1120.0,CALL,151.0
2026-09-04,15,1125.0,CALL,172.0
2026-09-04,15,1130.0,CALL,57.0
2026-09-04,15,1135.0,CALL,133.0
2026-09-04,15,1140.0,CALL,75.0
2026-09-04,15,1150.0,CALL,586.0
2026-09-04,15,1160.0,CALL,186.0
2026-09-04,15,1170.0,CALL,120.0
2026-09-04,15,1180.0,CALL,150.0
2026-09-04,15,1190.0,CALL,169.0
2026-09-04,15,1200.0,CALL,656.0
2026-09-04,15,1210.0,CALL,120.0
2026-09-04,15,1220.0,CALL,99.0
2026-09-04,15,1230.0,CALL,128.0
2026-09-04,15,1240.0,CALL,59.0
2026-09-04,15,1250.0,CALL,371.0
2026-09-04,15,1260.0,CALL,83.0
2026-09-04,15,1270.0,CALL,97.0
2026-09-04,15,1280.0,CALL,86.0
2026-09-04,15,1290.0,CALL,75.0
2026-09-04,15,1300.0,CALL,362.0
2026-09-04,15,1310.0,CALL,208.0
2026-09-04,15,1320.0,CALL,131.0
2026-09-04,15,1330.0,CALL,93.0
2026-09-04,15,1340.0,CALL,89.0
2026-09-04,15,1350.0,CALL,172.0
2026-09-04,15,1360.0,CALL,122.0
2026-09-04,15,1370.0,CALL,208.0
2026-09-04,15,1380.0,CALL,63.0
2026-09-04,15,1390.0,CALL,32.0
2026-09-04,15,1400.0,CALL,314.0
2026-09-04,15,1410.0,CALL,45.0
2026-09-04,15,1420.0,CALL,28.0
2026-09-04,15,1430.0,CALL,20.0
2026-09-04,15,1440.0,CALL,127.0
2026-09-04,15,1450.0,CALL,216.0
2026-09-04,15,1460.0,CALL,40.0
2026-09-04,15,1470.0,CALL,51.0
2026-09-04,15,1480.0,CALL,18.0
2026-09-04,15,1490.0,CALL,20.0
2026-09-04,15,1500.0,CALL,245.0
2026-09-04,15,1510.0,CALL,49.0
2026-09-04,15,1520.0,CALL,55.0
2026-09-04,15,1530.0,CALL,50.0
2026-09-04,15,1540.0,CALL,48.0
2026-09-04,15,1550.0,CALL,58.0
2026-09-04,15,1560.0,CALL,12.0
2026-09-04,15,1570.0,CALL,46.0
2026-09-04,15,1580.0,CALL,50.0
2026-09-04,15,1590.0,CALL,148.0
2026-09-04,15,1600.0,CALL,88.0
2026-09-04,15,1610.0,CALL,13.0
2026-09-04,15,1620.0,CALL,71.0
2026-09-04,15,1630.0,CALL,23.0
2026-09-04,15,1640.0,CALL,28.0
2026-09-04,15,1650.0,CALL,6.0
2026-09-04,15,1700.0,CALL,29.0
2026-09-04,15,1710.0,CALL,9.0
2026-09-04,15,1750.0,CALL,5.0
2026-09-04,15,1790.0,CALL,1.0
2026-09-04,15,1800.0,CALL,44.0
2026-09-04,15,1810.0,CALL,3.0
2026-09-04,15,1820.0,CALL,52.0
2026-09-04,15,1840.0,CALL,3.0
2026-09-04,15,1860.0,CALL,7.0
2026-09-04,15,1870.0,CALL,2.0
2026-09-04,15,1890.0,CALL,2.0
2026-09-04,15,1900.0,CALL,18.0
2026-09-04,15,1910.0,CALL,54.0
2026-09-04,15,1920.0,CALL,4.0
2026-09-04,15,1960.0,CALL,5.0
2026-09-04,15,1970.0,CALL,39.0
2026-09-04,15,1990.0,CALL,21.0
2026-09-04,15,2000.0,CALL,780.0
2026-09-04,15,100.0,PUT,26.0
2026-09-04,15,105.0,PUT,9.0
2026-09-04,15,110.0,PUT,2.0
2026-09-04,15,115.0,PUT,0.0
2026-09-04,15,120.0,PUT,2.0
2026-09-04,15,125.0,PUT,0.0
2026-09-04,15,130.0,PUT,21.0
2026-09-04,15,135.0,PUT,2.0
2026-09-04,15,140.0,PUT,7.0
2026-09-04,15,145.0,PUT,1.0
2026-09-04,15,150.0,PUT,2.0
2026-09-04,15,155.0,PUT,1.0
2026-09-04,15,160.0,PUT,2.0
2026-09-04,15,165.0,PUT,1.0
2026-09-04,15,170.0,PUT,1.0
2026-09-04,15,175.0,PUT,2.0
2026-09-04,15,180.0,PUT,4.0
2026-09-04,15,190.0,PUT,1.0
2026-09-04,15,195.0,PUT,1.0
2026-09-04,15,200.0,PUT,458.0
2026-09-04,15,205.0,PUT,1.0
2026-09-04,15,210.0,PUT,2.0
2026-09-04,15,225.0,PUT,1.0
2026-09-04,15,230.0,PUT,0.0
2026-09-04,15,240.0,PUT,16.0
2026-09-04,15,245.0,PUT,1.0
2026-09-04,15,250.0,PUT,29.0
2026-09-04,15,260.0,PUT,66.0
2026-09-04,15,270.0,PUT,161.0
2026-09-04,15,280.0,PUT,324.0
2026-09-04,15,285.0,PUT,3.0
2026-09-04,15,290.0,PUT,219.0
2026-09-04,15,300.0,PUT,1515.0
2026-09-04,15,310.0,PUT,81.0
2026-09-04,15,320.0,PUT,7.0
2026-09-04,15,325.0,PUT,2.0
2026-09-04,15,330.0,PUT,32.0
2026-09-04,15,335.0,PUT,3.0
2026-09-04,15,340.0,PUT,6.0
2026-09-04,15,345.0,PUT,4.0
2026-09-04,15,350.0,PUT,319.0
2026-09-04,15,355.0,PUT,2.0
2026-09-04,15,360.0,PUT,89.0
2026-09-04,15,365.0,PUT,15.0
2026-09-04,15,370.0,PUT,303.0
2026-09-04,15,375.0,PUT,34.0
2026-09-04,15,380.0,PUT,204.0
2026-09-04,15,385.0,PUT,45.0
2026-09-04,15,390.0,PUT,22.0
2026-09-04,15,395.0,PUT,37.0
2026-09-04,15,400.0,PUT,238.0
2026-09-04,15,405.0,PUT,116.0
2026-09-04,15,410.0,PUT,19.0
2026-09-04,15,415.0,PUT,13.0
2026-09-04,15,420.0,PUT,30.0
2026-09-04,15,425.0,PUT,17.0
2026-09-04,15,430.0,PUT,40.0
2026-09-04,15,435.0,PUT,25.0
2026-09-04,15,440.0,PUT,30.0
2026-09-04,15,445.0,PUT,40.0
2026-09-04,15,450.0,PUT,164.0
2026-09-04,15,455.0,PUT,24.0
2026-09-04,15,460.0,PUT,22.0
2026-09-04,15,465.0,PUT,69.0
2026-09-04,15,470.0,PUT,65.0
2026-09-04,15,475.0,PUT,82.0
2026-09-04,15,480.0,PUT,23.0
2026-09-04,15,485.0,PUT,68.0
2026-09-04,15,490.0,PUT,23.0
2026-09-04,15,495.0,PUT,253.0
2026-09-04,15,500.0,PUT,192.0
2026-09-04,15,505.0,PUT,30.0
2026-09-04,15,510.0,PUT,61.0
2026-09-04,15,515.0,PUT,36.0
2026-09-04,15,520.0,PUT,45.0
2026-09-04,15,525.0,PUT,48.0
2026-09-04,15,530.0,PUT,123.0
2026-09-04,15,535.0,PUT,56.0
2026-09-04,15,540.0,PUT,47.0
2026-09-04,15,545.0,PUT,53.0
2026-09-04,15,550.0,PUT,566.0
2026-09-04,15,555.0,PUT,42.0
2026-09-04,15,560.0,PUT,21.0
2026-09-04,15,565.0,PUT,104.0
2026-09-04,15,570.0,PUT,56.0
2026-09-04,15,575.0,PUT,140.0
2026-09-04,15,580.0,PUT,62.0
2026-09-04,15,585.0,PUT,107.0
2026-09-04,15,590.0,PUT,108.0
2026-09-04,15,595.0,PUT,138.0
2026-09-04,15,600.0,PUT,474.0
2026-09-04,15,605.0,PUT,54.0
2026-09-04,15,610.0,PUT,47.0
2026-09-04,15,615.0,PUT,49.0
2026-09-04,15,620.0,PUT,144.0
2026-09-04,15,625.0,PUT,149.0
2026-09-04,15,630.0,PUT,63.0
2026-09-04,15,635.0,PUT,108.0
2026-09-04,15,640.0,PUT,139.0
2026-09-04,15,645.0,PUT,119.0
2026-09-04,15,650.0,PUT,389.0
2026-09-04,15,655.0,PUT,53.0
2026-09-04,15,660.0,PUT,194.0
2026-09-04,15,665.0,PUT,66.0
2026-09-04,15,670.0,PUT,148.0
2026-09-04,15,675.0,PUT,63.0
2026-09-04,15,680.0,PUT,160.0
2026-09-04,15,685.0,PUT,63.0
2026-09-04,15,690.0,PUT,141.0
2026-09-04,15,695.0,PUT,140.0
2026-09-04,15,700.0,PUT,379.0
2026-09-04,15,705.0,PUT,51.0
2026-09-04,15,710.0,PUT,71.0
2026-09-04,15,715.0,PUT,87.0
2026-09-04,15,720.0,PUT,76.0
2026-09-04,15,725.0,PUT,160.0
2026-09-04,15,730.0,PUT,110.0
2026-09-04,15,735.0,PUT,51.0
2026-09-04,15,740.0,PUT,179.0
2026-09-04,15,745.0,PUT,49.0
2026-09-04,15,750.0,PUT,1320.0
2026-09-04,15,755.0,PUT,50.0
2026-09-04,15,760.0,PUT,230.0
2026-09-04,15,765.0,PUT,73.0
2026-09-04,15,770.0,PUT,264.0
2026-09-04,15,775.0,PUT,263.0
2026-09-04,15,780.0,PUT,167.0
2026-09-04,15,785.0,PUT,190.0
2026-09-04,15,790.0,PUT,140.0
2026-09-04,15,795.0,PUT,166.0
2026-09-04,15,800.0,PUT,1592.0
2026-09-04,15,805.0,PUT,70.0
2026-09-04,15,810.0,PUT,153.0
2026-09-04,15,815.0,PUT,92.0
2026-09-04,15,820.0,PUT,251.0
2026-09-04,15,825.0,PUT,201.0
2026-09-04,15,830.0,PUT,149.0
2026-09-04,15,835.0,PUT,230.0
2026-09-04,15,840.0,PUT,212.0
2026-09-04,15,845.0,PUT,130.0
2026-09-04,15,850.0,PUT,602.0
2026-09-04,15,855.0,PUT,577.0
2026-09-04,15,860.0,PUT,649.0
2026-09-04,15,865.0,PUT,67.0
2026-09-04,15,870.0,PUT,428.0
2026-09-04,15,875.0,PUT,341.0
2026-09-04,15,880.0,PUT,235.0
2026-09-04,15,885.0,PUT,137.0
2026-09-04,15,890.0,PUT,203.0
2026-09-04,15,895.0,PUT,123.0
2026-09-04,15,900.0,PUT,909.0
2026-09-04,15,905.0,PUT,344.0
2026-09-04,15,910.0,PUT,243.0
2026-09-04,15,915.0,PUT,311.0
2026-09-04,15,920.0,PUT,236.0
2026-09-04,15,925.0,PUT,298.0
2026-09-04,15,930.0,PUT,86.0
2026-09-04,15,935.0,PUT,42.0
2026-09-04,15,940.0,PUT,78.0
2026-09-04,15,945.0,PUT,35.0
2026-09-04,15,950.0,PUT,1106.0
2026-09-04,15,955.0,PUT,122.0
2026-09-04,15,960.0,PUT,74.0
2026-09-04,15,965.0,PUT,128.0
2026-09-04,15,970.0,PUT,142.0
2026-09-04,15,975.0,PUT,55.0
2026-09-04,15,980.0,PUT,124.0
2026-09-04,15,985.0,PUT,35.0
2026-09-04,15,990.0,PUT,34.0
2026-09-04,15,995.0,PUT,26.0
2026-09-04,15,1000.0,PUT,99.0
2026-09-04,15,1005.0,PUT,34.0
2026-09-04,15,1010.0,PUT,31.0
2026-09-04,15,1015.0,PUT,17.0
2026-09-04,15,1020.0,PUT,72.0
2026-09-04,15,1025.0,PUT,17.0
2026-09-04,15,1030.0,PUT,21.0
2026-09-04,15,1035.0,PUT,9.0
2026-09-04,15,1040.0,PUT,20.0
2026-09-04,15,1045.0,PUT,5.0
2026-09-04,15,1050.0,PUT,19.0
2026-09-04,15,1055.0,PUT,1.0
2026-09-04,15,1060.0,PUT,5.0
2026-09-04,15,1070.0,PUT,2.0
2026-09-04,15,1080.0,PUT,7.0
2026-09-04,15,1085.0,PUT,10.0
2026-09-04,15,1090.0,PUT,10.0
2026-09-04,15,1095.0,PUT,12.0
2026-09-04,15,1100.0,PUT,44.0
2026-09-04,15,1105.0,PUT,8.0
2026-09-04,15,1110.0,PUT,26.0
2026-09-04,15,1115.0,PUT,3.0
2026-09-04,15,1120.0,PUT,1.0
2026-09-04,15,1130.0,PUT,11.0
2026-09-04,15,1140.0,PUT,2.0
2026-09-04,15,1150.0,PUT,8.0
2026-09-04,15,1160.0,PUT,20.0
2026-09-04,15,1170.0,PUT,6.0
2026-09-04,15,1180.0,PUT,4.0
2026-09-04,15,1190.0,PUT,4.0
2026-09-04,15,1200.0,PUT,17.0
2026-09-04,15,1210.0,PUT,5.0
2026-09-04,15,1220.0,PUT,2.0
2026-09-04,15,1230.0,PUT,0.0
2026-09-04,15,1240.0,PUT,3.0
2026-09-04,15,1250.0,PUT,8.0
2026-09-04,15,1260.0,PUT,7.0
2026-09-04,15,1270.0,PUT,2.0
2026-09-04,15,1350.0,PUT,0.0
2026-09-04,15,1400.0,PUT,0.0
2026-09-04,15,1500.0,PUT,0.0
2026-09-04,15,1510.0,PUT,0.0
2026-09-04,15,1520.0,PUT,0.0
2026-09-04,15,1560.0,PUT,0.0
2026-09-04,15,2000.0,PUT,0.0
2026-09-11,22,185.0,CALL,1.0
2026-09-11,22,240.0,CALL,5.0
2026-09-11,22,275.0,CALL,1.0
2026-09-11,22,400.0,CALL,1.0
2026-09-11,22,430.0,CALL,1.0
2026-09-11,22,495.0,CALL,4.0
2026-09-11,22,500.0,CALL,13.0
2026-09-11,22,505.0,CALL,24.0
2026-09-11,22,520.0,CALL,4.0
2026-09-11,22,525.0,CALL,4.0
2026-09-11,22,550.0,CALL,1.0
2026-09-11,22,555.0,CALL,0.0
2026-09-11,22,560.0,CALL,8.0
2026-09-11,22,595.0,CALL,5.0
2026-09-11,22,600.0,CALL,4.0
2026-09-11,22,620.0,CALL,0.0
2026-09-11,22,630.0,CALL,1.0
2026-09-11,22,660.0,CALL,3.0
2026-09-11,22,675.0,CALL,5.0
2026-09-11,22,700.0,CALL,264.0
2026-09-11,22,705.0,CALL,2.0
2026-09-11,22,710.0,CALL,3.0
2026-09-11,22,715.0,CALL,27.0
2026-09-11,22,720.0,CALL,4.0
2026-09-11,22,725.0,CALL,3.0
2026-09-11,22,730.0,CALL,2.0
2026-09-11,22,735.0,CALL,3.0
2026-09-11,22,740.0,CALL,61.0
2026-09-11,22,745.0,CALL,8.0
2026-09-11,22,750.0,CALL,13.0
2026-09-11,22,755.0,CALL,12.0
2026-09-11,22,760.0,CALL,13.0
2026-09-11,22,765.0,CALL,13.0
2026-09-11,22,770.0,CALL,14.0
2026-09-11,22,775.0,CALL,16.0
2026-09-11,22,780.0,CALL,71.0
2026-09-11,22,785.0,CALL,8.0
2026-09-11,22,790.0,CALL,68.0
2026-09-11,22,795.0,CALL,10.0
2026-09-11,22,800.0,CALL,11.0
2026-09-11,22,805.0,CALL,18.0
2026-09-11,22,810.0,CALL,31.0
2026-09-11,22,815.0,CALL,27.0
2026-09-11,22,820.0,CALL,28.0
2026-09-11,22,825.0,CALL,15.0
2026-09-11,22,830.0,CALL,16.0
2026-09-11,22,835.0,CALL,93.0
2026-09-11,22,840.0,CALL,33.0
2026-09-11,22,845.0,CALL,36.0
2026-09-11,22,850.0,CALL,109.0
2026-09-11,22,855.0,CALL,24.0
2026-09-11,22,860.0,CALL,65.0
2026-09-11,22,865.0,CALL,41.0
2026-09-11,22,870.0,CALL,94.0
2026-09-11,22,875.0,CALL,53.0
2026-09-11,22,880.0,CALL,60.0
2026-09-11,22,885.0,CALL,59.0
2026-09-11,22,890.0,CALL,64.0
2026-09-11,22,895.0,CALL,68.0
2026-09-11,22,900.0,CALL,285.0
2026-09-11,22,905.0,CALL,47.0
2026-09-11,22,910.0,CALL,125.0
2026-09-11,22,915.0,CALL,120.0
2026-09-11,22,920.0,CALL,202.0
2026-09-11,22,925.0,CALL,156.0
2026-09-11,22,930.0,CALL,126.0
2026-09-11,22,935.0,CALL,49.0
2026-09-11,22,940.0,CALL,123.0
2026-09-11,22,945.0,CALL,34.0
2026-09-11,22,950.0,CALL,246.0
2026-09-11,22,955.0,CALL,41.0
2026-09-11,22,960.0,CALL,76.0
2026-09-11,22,965.0,CALL,61.0
2026-09-11,22,970.0,CALL,79.0
2026-09-11,22,975.0,CALL,218.0
2026-09-11,22,980.0,CALL,62.0
2026-09-11,22,985.0,CALL,152.0
2026-09-11,22,990.0,CALL,105.0
2026-09-11,22,995.0,CALL,37.0
2026-09-11,22,1000.0,CALL,357.0
2026-09-11,22,1005.0,CALL,29.0
2026-09-11,22,1010.0,CALL,119.0
2026-09-11,22,1015.0,CALL,76.0
2026-09-11,22,1020.0,CALL,93.0
2026-09-11,22,1025.0,CALL,106.0
2026-09-11,22,1030.0,CALL,139.0
2026-09-11,22,1035.0,CALL,162.0
2026-09-11,22,1040.0,CALL,143.0
2026-09-11,22,1045.0,CALL,64.0
2026-09-11,22,1050.0,CALL,314.0
2026-09-11,22,1055.0,CALL,43.0
2026-09-11,22,1060.0,CALL,51.0
2026-09-11,22,1065.0,CALL,68.0
2026-09-11,22,1070.0,CALL,30.0
2026-09-11,22,1075.0,CALL,16.0
2026-09-11,22,1080.0,CALL,101.0
2026-09-11,22,1085.0,CALL,28.0
2026-09-11,22,1090.0,CALL,38.0
2026-09-11,22,1095.0,CALL,38.0
2026-09-11,22,1100.0,CALL,467.0
2026-09-11,22,1105.0,CALL,78.0
2026-09-11,22,1110.0,CALL,191.0
2026-09-11,22,1115.0,CALL,95.0
2026-09-11,22,1120.0,CALL,41.0
2026-09-11,22,1125.0,CALL,265.0
2026-09-11,22,1130.0,CALL,104.0
2026-09-11,22,1135.0,CALL,57.0
2026-09-11,22,1140.0,CALL,139.0
2026-09-11,22,1150.0,CALL,305.0
2026-09-11,22,1160.0,CALL,236.0
2026-09-11,22,1170.0,CALL,214.0
2026-09-11,22,1180.0,CALL,100.0
2026-09-11,22,1190.0,CALL,71.0
2026-09-11,22,1200.0,CALL,292.0
2026-09-11,22,1210.0,CALL,134.0
2026-09-11,22,1220.0,CALL,112.0
2026-09-11,22,1230.0,CALL,134.0
2026-09-11,22,1240.0,CALL,80.0
2026-09-11,22,1250.0,CALL,342.0
2026-09-11,22,1260.0,CALL,88.0
2026-09-11,22,1270.0,CALL,50.0
2026-09-11,22,1280.0,CALL,22.0
2026-09-11,22,1290.0,CALL,40.0
2026-09-11,22,1300.0,CALL,216.0
2026-09-11,22,1310.0,CALL,69.0
2026-09-11,22,1320.0,CALL,62.0
2026-09-11,22,1330.0,CALL,129.0
2026-09-11,22,1340.0,CALL,16.0
2026-09-11,22,1350.0,CALL,70.0
2026-09-11,22,1360.0,CALL,66.0
2026-09-11,22,1370.0,CALL,20.0
2026-09-11,22,1380.0,CALL,146.0
2026-09-11,22,1390.0,CALL,42.0
2026-09-11,22,1400.0,CALL,285.0
2026-09-11,22,1410.0,CALL,110.0
2026-09-11,22,1420.0,CALL,10.0
2026-09-11,22,1430.0,CALL,38.0
2026-09-11,22,1440.0,CALL,64.0
2026-09-11,22,1450.0,CALL,146.0
2026-09-11,22,1460.0,CALL,106.0
2026-09-11,22,1470.0,CALL,60.0
2026-09-11,22,1480.0,CALL,69.0
2026-09-11,22,1490.0,CALL,188.0
2026-09-11,22,1500.0,CALL,688.0
2026-09-11,22,1510.0,CALL,141.0
2026-09-11,22,1520.0,CALL,4.0
2026-09-11,22,1530.0,CALL,104.0
2026-09-11,22,1540.0,CALL,38.0
2026-09-11,22,1550.0,CALL,229.0
2026-09-11,22,1560.0,CALL,203.0
2026-09-11,22,1570.0,CALL,127.0
2026-09-11,22,1580.0,CALL,125.0
2026-09-11,22,1590.0,CALL,109.0
2026-09-11,22,1600.0,CALL,164.0
2026-09-11,22,1610.0,CALL,86.0
2026-09-11,22,1620.0,CALL,105.0
2026-09-11,22,1630.0,CALL,34.0
2026-09-11,22,1650.0,CALL,24.0
2026-09-11,22,1660.0,CALL,21.0
2026-09-11,22,1680.0,CALL,40.0
2026-09-11,22,1690.0,CALL,10.0
2026-09-11,22,1700.0,CALL,298.0
2026-09-11,22,1710.0,CALL,4.0
2026-09-11,22,1720.0,CALL,15.0
2026-09-11,22,1730.0,CALL,79.0
2026-09-11,22,105.0,PUT,10.0
2026-09-11,22,110.0,PUT,21.0
2026-09-11,22,115.0,PUT,32.0
2026-09-11,22,120.0,PUT,5.0
2026-09-11,22,125.0,PUT,30.0
2026-09-11,22,130.0,PUT,31.0
2026-09-11,22,135.0,PUT,22.0
2026-09-11,22,140.0,PUT,0.0
2026-09-11,22,145.0,PUT,30.0
2026-09-11,22,150.0,PUT,50.0
2026-09-11,22,155.0,PUT,40.0
2026-09-11,22,160.0,PUT,11.0
2026-09-11,22,165.0,PUT,21.0
2026-09-11,22,170.0,PUT,12.0
2026-09-11,22,175.0,PUT,24.0
2026-09-11,22,180.0,PUT,12.0
2026-09-11,22,185.0,PUT,27.0
2026-09-11,22,190.0,PUT,17.0
2026-09-11,22,195.0,PUT,20.0
2026-09-11,22,200.0,PUT,20.0
2026-09-11,22,205.0,PUT,11.0
2026-09-11,22,210.0,PUT,12.0
2026-09-11,22,215.0,PUT,10.0
2026-09-11,22,220.0,PUT,1.0
2026-09-11,22,240.0,PUT,3.0
2026-09-11,22,245.0,PUT,4.0
2026-09-11,22,255.0,PUT,3.0
2026-09-11,22,265.0,PUT,0.0
2026-09-11,22,270.0,PUT,408.0
2026-09-11,22,275.0,PUT,2.0
2026-09-11,22,280.0,PUT,48.0
2026-09-11,22,290.0,PUT,193.0
2026-09-11,22,300.0,PUT,1658.0
2026-09-11,22,305.0,PUT,1.0
2026-09-11,22,310.0,PUT,81.0
2026-09-11,22,315.0,PUT,7.0
2026-09-11,22,320.0,PUT,7.0
2026-09-11,22,325.0,PUT,160.0
2026-09-11,22,330.0,PUT,8.0
2026-09-11,22,335.0,PUT,5.0
2026-09-11,22,345.0,PUT,11.0
2026-09-11,22,350.0,PUT,79.0
2026-09-11,22,355.0,PUT,20.0
2026-09-11,22,360.0,PUT,103.0
2026-09-11,22,365.0,PUT,5.0
2026-09-11,22,370.0,PUT,159.0
2026-09-11,22,375.0,PUT,13.0
2026-09-11,22,380.0,PUT,7.0
2026-09-11,22,385.0,PUT,2.0
2026-09-11,22,390.0,PUT,15.0
2026-09-11,22,395.0,PUT,74.0
2026-09-11,22,400.0,PUT,271.0
2026-09-11,22,405.0,PUT,3.0
2026-09-11,22,415.0,PUT,2.0
2026-09-11,22,420.0,PUT,1.0
2026-09-11,22,430.0,PUT,10.0
2026-09-11,22,435.0,PUT,4.0
2026-09-11,22,440.0,PUT,11.0
2026-09-11,22,445.0,PUT,25.0
2026-09-11,22,450.0,PUT,33.0
2026-09-11,22,455.0,PUT,1.0
2026-09-11,22,460.0,PUT,193.0
2026-09-11,22,465.0,PUT,2.0
2026-09-11,22,470.0,PUT,19.0
2026-09-11,22,475.0,PUT,31.0
2026-09-11,22,480.0,PUT,15.0
2026-09-11,22,485.0,PUT,28.0
2026-09-11,22,490.0,PUT,28.0
2026-09-11,22,495.0,PUT,28.0
2026-09-11,22,500.0,PUT,131.0
2026-09-11,22,505.0,PUT,15.0
2026-09-11,22,510.0,PUT,3.0
2026-09-11,22,515.0,PUT,3.0
2026-09-11,22,520.0,PUT,15.0
2026-09-11,22,525.0,PUT,29.0
2026-09-11,22,530.0,PUT,8.0
2026-09-11,22,540.0,PUT,94.0
2026-09-11,22,545.0,PUT,9.0
2026-09-11,22,550.0,PUT,264.0
2026-09-11,22,555.0,PUT,31.0
2026-09-11,22,560.0,PUT,22.0
2026-09-11,22,565.0,PUT,53.0
2026-09-11,22,570.0,PUT,36.0
2026-09-11,22,575.0,PUT,79.0
2026-09-11,22,580.0,PUT,101.0
2026-09-11,22,585.0,PUT,93.0
2026-09-11,22,590.0,PUT,85.0
2026-09-11,22,595.0,PUT,147.0
2026-09-11,22,600.0,PUT,284.0
2026-09-11,22,605.0,PUT,104.0
2026-09-11,22,610.0,PUT,211.0
2026-09-11,22,615.0,PUT,74.0
2026-09-11,22,620.0,PUT,135.0
2026-09-11,22,625.0,PUT,89.0
2026-09-11,22,630.0,PUT,164.0
2026-09-11,22,635.0,PUT,86.0
2026-09-11,22,640.0,PUT,110.0
2026-09-11,22,645.0,PUT,46.0
2026-09-11,22,650.0,PUT,237.0
2026-09-11,22,655.0,PUT,170.0
2026-09-11,22,660.0,PUT,139.0
2026-09-11,22,665.0,PUT,149.0
2026-09-11,22,670.0,PUT,77.0
2026-09-11,22,675.0,PUT,482.0
2026-09-11,22,680.0,PUT,1188.0
2026-09-11,22,685.0,PUT,118.0
2026-09-11,22,690.0,PUT,95.0
2026-09-11,22,695.0,PUT,53.0
2026-09-11,22,700.0,PUT,180.0
2026-09-11,22,705.0,PUT,61.0
2026-09-11,22,710.0,PUT,171.0
2026-09-11,22,715.0,PUT,121.0
2026-09-11,22,720.0,PUT,127.0
2026-09-11,22,725.0,PUT,97.0
2026-09-11,22,730.0,PUT,89.0
2026-09-11,22,735.0,PUT,88.0
2026-09-11,22,740.0,PUT,204.0
2026-09-11,22,745.0,PUT,79.0
2026-09-11,22,750.0,PUT,474.0
2026-09-11,22,755.0,PUT,90.0
2026-09-11,22,760.0,PUT,74.0
2026-09-11,22,765.0,PUT,70.0
2026-09-11,22,770.0,PUT,91.0
2026-09-11,22,775.0,PUT,207.0
2026-09-11,22,780.0,PUT,504.0
2026-09-11,22,785.0,PUT,162.0
2026-09-11,22,790.0,PUT,122.0
2026-09-11,22,795.0,PUT,108.0
2026-09-11,22,800.0,PUT,689.0
2026-09-11,22,805.0,PUT,58.0
2026-09-11,22,810.0,PUT,85.0
2026-09-11,22,815.0,PUT,46.0
2026-09-11,22,820.0,PUT,259.0
2026-09-11,22,825.0,PUT,85.0
2026-09-11,22,830.0,PUT,222.0
2026-09-11,22,835.0,PUT,87.0
2026-09-11,22,840.0,PUT,193.0
2026-09-11,22,845.0,PUT,72.0
2026-09-11,22,850.0,PUT,431.0
2026-09-11,22,855.0,PUT,64.0
2026-09-11,22,860.0,PUT,94.0
2026-09-11,22,865.0,PUT,79.0
2026-09-11,22,870.0,PUT,77.0
2026-09-11,22,875.0,PUT,49.0
2026-09-11,22,880.0,PUT,152.0
2026-09-11,22,885.0,PUT,40.0
2026-09-11,22,890.0,PUT,62.0
2026-09-11,22,895.0,PUT,107.0
2026-09-11,22,900.0,PUT,217.0
2026-09-11,22,905.0,PUT,34.0
2026-09-11,22,910.0,PUT,93.0
2026-09-11,22,915.0,PUT,355.0
2026-09-11,22,920.0,PUT,754.0
2026-09-11,22,925.0,PUT,54.0
2026-09-11,22,930.0,PUT,31.0
2026-09-11,22,935.0,PUT,42.0
2026-09-11,22,940.0,PUT,115.0
2026-09-11,22,945.0,PUT,25.0
2026-09-11,22,950.0,PUT,69.0
2026-09-11,22,955.0,PUT,24.0
2026-09-11,22,960.0,PUT,44.0
2026-09-11,22,965.0,PUT,49.0
2026-09-11,22,970.0,PUT,15.0
2026-09-11,22,975.0,PUT,25.0
2026-09-11,22,980.0,PUT,27.0
2026-09-11,22,985.0,PUT,47.0
2026-09-11,22,990.0,PUT,12.0
2026-09-11,22,995.0,PUT,51.0
2026-09-11,22,1000.0,PUT,59.0
2026-09-11,22,1005.0,PUT,11.0
2026-09-11,22,1010.0,PUT,31.0
2026-09-11,22,1015.0,PUT,42.0
2026-09-11,22,1020.0,PUT,43.0
2026-09-11,22,1025.0,PUT,7.0
2026-09-11,22,1030.0,PUT,13.0
2026-09-11,22,1035.0,PUT,9.0
2026-09-11,22,1040.0,PUT,11.0
2026-09-11,22,1045.0,PUT,1.0
2026-09-11,22,1050.0,PUT,13.0
2026-09-11,22,1055.0,PUT,1.0
2026-09-11,22,1060.0,PUT,10.0
2026-09-11,22,1075.0,PUT,1.0
2026-09-11,22,1090.0,PUT,8.0
2026-09-11,22,1095.0,PUT,3.0
2026-09-11,22,1100.0,PUT,3.0
2026-09-11,22,1110.0,PUT,3.0
2026-09-11,22,1140.0,PUT,2.0
2026-09-11,22,1150.0,PUT,3.0
2026-09-11,22,1160.0,PUT,5.0
2026-09-11,22,1200.0,PUT,3.0
2026-09-11,22,1210.0,PUT,2.0
2026-09-11,22,1220.0,PUT,2.0
2026-09-11,22,1240.0,PUT,1.0
2026-09-11,22,1250.0,PUT,1.0
2026-09-11,22,1260.0,PUT,1.0
2026-09-11,22,1310.0,PUT,1.0
2026-09-11,22,1500.0,PUT,0.0
2026-09-11,22,1510.0,PUT,0.0
2026-09-11,22,1520.0,PUT,0.0
2026-09-11,22,1630.0,PUT,0.0
2026-09-18,29,5.0,CALL,260.0
2026-09-18,29,10.0,CALL,4.0
2026-09-18,29,15.0,CALL,26.0
2026-09-18,29,20.0,CALL,7.0
2026-09-18,29,25.0,CALL,2.0
2026-09-18,29,50.0,CALL,89.0
2026-09-18,29,55.0,CALL,61.0
2026-09-18,29,60.0,CALL,20.0
2026-09-18,29,65.0,CALL,25.0
2026-09-18,29,70.0,CALL,19.0
2026-09-18,29,75.0,CALL,50.0
2026-09-18,29,80.0,CALL,611.0
2026-09-18,29,85.0,CALL,478.0
2026-09-18,29,90.0,CALL,339.0
2026-09-18,29,95.0,CALL,261.0
2026-09-18,29,100.0,CALL,169.0
2026-09-18,29,105.0,CALL,90.0
2026-09-18,29,110.0,CALL,176.0
2026-09-18,29,115.0,CALL,244.0
2026-09-18,29,120.0,CALL,545.0
2026-09-18,29,125.0,CALL,230.0
2026-09-18,29,130.0,CALL,1151.0
2026-09-18,29,135.0,CALL,179.0
2026-09-18,29,140.0,CALL,252.0
2026-09-18,29,145.0,CALL,136.0
2026-09-18,29,150.0,CALL,468.0
2026-09-18,29,155.0,CALL,190.0
2026-09-18,29,160.0,CALL,175.0
2026-09-18,29,165.0,CALL,188.0
2026-09-18,29,170.0,CALL,271.0
2026-09-18,29,175.0,CALL,140.0
2026-09-18,29,180.0,CALL,345.0
2026-09-18,29,185.0,CALL,1125.0
2026-09-18,29,190.0,CALL,539.0
2026-09-18,29,195.0,CALL,997.0
2026-09-18,29,200.0,CALL,559.0
2026-09-18,29,210.0,CALL,135.0
2026-09-18,29,220.0,CALL,191.0
2026-09-18,29,230.0,CALL,308.0
2026-09-18,29,240.0,CALL,386.0
2026-09-18,29,250.0,CALL,599.0
2026-09-18,29,260.0,CALL,305.0
2026-09-18,29,270.0,CALL,206.0
2026-09-18,29,280.0,CALL,231.0
2026-09-18,29,290.0,CALL,151.0
2026-09-18,29,300.0,CALL,549.0
2026-09-18,29,310.0,CALL,254.0
2026-09-18,29,320.0,CALL,853.0
2026-09-18,29,330.0,CALL,339.0
2026-09-18,29,340.0,CALL,320.0
2026-09-18,29,350.0,CALL,631.0
2026-09-18,29,360.0,CALL,783.0
2026-09-18,29,370.0,CALL,785.0
2026-09-18,29,380.0,CALL,532.0
2026-09-18,29,390.0,CALL,361.0
2026-09-18,29,400.0,CALL,2186.0
2026-09-18,29,410.0,CALL,1336.0
2026-09-18,29,420.0,CALL,552.0
2026-09-18,29,430.0,CALL,594.0
2026-09-18,29,440.0,CALL,846.0
2026-09-18,29,450.0,CALL,1394.0
2026-09-18,29,460.0,CALL,425.0
2026-09-18,29,470.0,CALL,225.0
2026-09-18,29,480.0,CALL,697.0
2026-09-18,29,490.0,CALL,466.0
2026-09-18,29,500.0,CALL,3575.0
2026-09-18,29,510.0,CALL,302.0
2026-09-18,29,520.0,CALL,870.0
2026-09-18,29,530.0,CALL,410.0
2026-09-18,29,540.0,CALL,303.0
2026-09-18,29,550.0,CALL,1857.0
2026-09-18,29,560.0,CALL,725.0
2026-09-18,29,570.0,CALL,772.0
2026-09-18,29,580.0,CALL,396.0
2026-09-18,29,590.0,CALL,439.0
2026-09-18,29,600.0,CALL,2507.0
2026-09-18,29,610.0,CALL,274.0
2026-09-18,29,620.0,CALL,664.0
2026-09-18,29,630.0,CALL,207.0
2026-09-18,29,640.0,CALL,286.0
2026-09-18,29,650.0,CALL,848.0
2026-09-18,29,660.0,CALL,421.0
2026-09-18,29,670.0,CALL,725.0
2026-09-18,29,680.0,CALL,744.0
2026-09-18,29,690.0,CALL,381.0
2026-09-18,29,700.0,CALL,3049.0
2026-09-18,29,710.0,CALL,346.0
2026-09-18,29,720.0,CALL,236.0
2026-09-18,29,730.0,CALL,340.0
2026-09-18,29,740.0,CALL,1452.0
2026-09-18,29,750.0,CALL,1449.0
2026-09-18,29,760.0,CALL,413.0
2026-09-18,29,770.0,CALL,405.0
2026-09-18,29,780.0,CALL,808.0
2026-09-18,29,790.0,CALL,412.0
2026-09-18,29,800.0,CALL,3674.0
2026-09-18,29,810.0,CALL,724.0
2026-09-18,29,820.0,CALL,693.0
2026-09-18,29,830.0,CALL,401.0
2026-09-18,29,840.0,CALL,354.0
2026-09-18,29,850.0,CALL,1791.0
2026-09-18,29,860.0,CALL,501.0
2026-09-18,29,870.0,CALL,547.0
2026-09-18,29,880.0,CALL,1057.0
2026-09-18,29,890.0,CALL,975.0
2026-09-18,29,900.0,CALL,5655.0
2026-09-18,29,910.0,CALL,3306.0
2026-09-18,29,920.0,CALL,926.0
2026-09-18,29,930.0,CALL,696.0
2026-09-18,29,940.0,CALL,859.0
2026-09-18,29,950.0,CALL,1750.0
2026-09-18,29,960.0,CALL,879.0
2026-09-18,29,970.0,CALL,960.0
2026-09-18,29,980.0,CALL,1047.0
2026-09-18,29,990.0,CALL,1820.0
2026-09-18,29,1000.0,CALL,10125.0
2026-09-18,29,1010.0,CALL,684.0
2026-09-18,29,1020.0,CALL,1526.0
2026-09-18,29,1030.0,CALL,865.0
2026-09-18,29,1040.0,CALL,550.0
2026-09-18,29,1050.0,CALL,3159.0
2026-09-18,29,1060.0,CALL,985.0
2026-09-18,29,1070.0,CALL,621.0
2026-09-18,29,1080.0,CALL,970.0
2026-09-18,29,1090.0,CALL,829.0
2026-09-18,29,1100.0,CALL,5797.0
2026-09-18,29,1110.0,CALL,701.0
2026-09-18,29,1120.0,CALL,394.0
2026-09-18,29,1130.0,CALL,958.0
2026-09-18,29,1140.0,CALL,282.0
2026-09-18,29,1150.0,CALL,2992.0
2026-09-18,29,1160.0,CALL,266.0
2026-09-18,29,1170.0,CALL,1010.0
2026-09-18,29,1180.0,CALL,679.0
2026-09-18,29,1190.0,CALL,390.0
2026-09-18,29,1200.0,CALL,6438.0
2026-09-18,29,1210.0,CALL,592.0
2026-09-18,29,1220.0,CALL,741.0
2026-09-18,29,1230.0,CALL,403.0
2026-09-18,29,1240.0,CALL,863.0
2026-09-18,29,1250.0,CALL,2312.0
2026-09-18,29,1260.0,CALL,485.0
2026-09-18,29,1270.0,CALL,577.0
2026-09-18,29,1280.0,CALL,300.0
2026-09-18,29,1290.0,CALL,336.0
2026-09-18,29,1300.0,CALL,4738.0
2026-09-18,29,1310.0,CALL,258.0
2026-09-18,29,1320.0,CALL,339.0
2026-09-18,29,1330.0,CALL,269.0
2026-09-18,29,1340.0,CALL,189.0
2026-09-18,29,1350.0,CALL,1201.0
2026-09-18,29,1360.0,CALL,309.0
2026-09-18,29,1370.0,CALL,208.0
2026-09-18,29,1380.0,CALL,322.0
2026-09-18,29,1390.0,CALL,318.0
2026-09-18,29,1400.0,CALL,1822.0
2026-09-18,29,1410.0,CALL,162.0
2026-09-18,29,1420.0,CALL,242.0
2026-09-18,29,1430.0,CALL,280.0
2026-09-18,29,1440.0,CALL,770.0
2026-09-18,29,1450.0,CALL,1639.0
2026-09-18,29,1460.0,CALL,517.0
2026-09-18,29,1470.0,CALL,411.0
2026-09-18,29,1480.0,CALL,427.0
2026-09-18,29,1490.0,CALL,321.0
2026-09-18,29,1500.0,CALL,6884.0
2026-09-18,29,1510.0,CALL,145.0
2026-09-18,29,1520.0,CALL,449.0
2026-09-18,29,1530.0,CALL,188.0
2026-09-18,29,1540.0,CALL,224.0
2026-09-18,29,1550.0,CALL,755.0
2026-09-18,29,1560.0,CALL,194.0
2026-09-18,29,1570.0,CALL,180.0
2026-09-18,29,1580.0,CALL,291.0
2026-09-18,29,1590.0,CALL,169.0
2026-09-18,29,1600.0,CALL,2483.0
2026-09-18,29,1610.0,CALL,242.0
2026-09-18,29,1620.0,CALL,170.0
2026-09-18,29,1630.0,CALL,622.0
2026-09-18,29,1640.0,CALL,331.0
2026-09-18,29,1650.0,CALL,342.0
2026-09-18,29,1660.0,CALL,300.0
2026-09-18,29,1670.0,CALL,101.0
2026-09-18,29,1680.0,CALL,86.0
2026-09-18,29,1690.0,CALL,115.0
2026-09-18,29,1700.0,CALL,933.0
2026-09-18,29,1710.0,CALL,136.0
2026-09-18,29,1720.0,CALL,125.0
2026-09-18,29,1730.0,CALL,121.0
2026-09-18,29,1740.0,CALL,48.0
2026-09-18,29,1750.0,CALL,251.0
2026-09-18,29,1760.0,CALL,197.0
2026-09-18,29,1770.0,CALL,206.0
2026-09-18,29,1780.0,CALL,138.0
2026-09-18,29,1790.0,CALL,191.0
2026-09-18,29,1800.0,CALL,807.0
2026-09-18,29,1810.0,CALL,106.0
2026-09-18,29,1820.0,CALL,257.0
2026-09-18,29,1830.0,CALL,365.0
2026-09-18,29,1840.0,CALL,26.0
2026-09-18,29,1850.0,CALL,169.0
2026-09-18,29,1860.0,CALL,320.0
2026-09-18,29,1870.0,CALL,111.0
2026-09-18,29,1880.0,CALL,36.0
2026-09-18,29,1890.0,CALL,91.0
2026-09-18,29,1900.0,CALL,575.0
2026-09-18,29,1910.0,CALL,398.0
2026-09-18,29,1920.0,CALL,230.0
2026-09-18,29,1930.0,CALL,204.0
2026-09-18,29,1940.0,CALL,48.0
2026-09-18,29,1950.0,CALL,267.0
2026-09-18,29,1960.0,CALL,161.0
2026-09-18,29,1970.0,CALL,255.0
2026-09-18,29,1980.0,CALL,289.0
2026-09-18,29,1990.0,CALL,794.0
2026-09-18,29,2000.0,CALL,1883.0
2026-09-18,29,2010.0,CALL,74.0
2026-09-18,29,2020.0,CALL,113.0
2026-09-18,29,2030.0,CALL,450.0
2026-09-18,29,2040.0,CALL,139.0
2026-09-18,29,2050.0,CALL,196.0
2026-09-18,29,2060.0,CALL,322.0
2026-09-18,29,2070.0,CALL,308.0
2026-09-18,29,2080.0,CALL,60.0
2026-09-18,29,2090.0,CALL,120.0
2026-09-18,29,2100.0,CALL,187.0
2026-09-18,29,2110.0,CALL,114.0
2026-09-18,29,2120.0,CALL,51.0
2026-09-18,29,2130.0,CALL,45.0
2026-09-18,29,2140.0,CALL,142.0
2026-09-18,29,2150.0,CALL,93.0
2026-09-18,29,2160.0,CALL,43.0
2026-09-18,29,2170.0,CALL,1035.0
2026-09-18,29,2180.0,CALL,191.0
2026-09-18,29,2190.0,CALL,222.0
2026-09-18,29,2200.0,CALL,610.0
2026-09-18,29,2210.0,CALL,209.0
2026-09-18,29,2220.0,CALL,290.0
2026-09-18,29,2230.0,CALL,153.0
2026-09-18,29,2240.0,CALL,40.0
2026-09-18,29,2250.0,CALL,97.0
2026-09-18,29,2260.0,CALL,169.0
2026-09-18,29,2270.0,CALL,81.0
2026-09-18,29,2280.0,CALL,51.0
2026-09-18,29,2290.0,CALL,205.0
2026-09-18,29,2300.0,CALL,274.0
2026-09-18,29,2310.0,CALL,79.0
2026-09-18,29,2320.0,CALL,53.0
2026-09-18,29,2330.0,CALL,139.0
2026-09-18,29,2340.0,CALL,92.0
2026-09-18,29,2350.0,CALL,110.0
2026-09-18,29,2360.0,CALL,108.0
2026-09-18,29,2370.0,CALL,103.0
2026-09-18,29,2380.0,CALL,78.0
2026-09-18,29,2390.0,CALL,74.0
2026-09-18,29,2400.0,CALL,324.0
2026-09-18,29,2410.0,CALL,72.0
2026-09-18,29,2420.0,CALL,337.0
2026-09-18,29,2440.0,CALL,179.0
2026-09-18,29,2460.0,CALL,198.0
2026-09-18,29,2480.0,CALL,211.0
2026-09-18,29,2500.0,CALL,5133.0
2026-09-18,29,5.0,PUT,403.0
2026-09-18,29,10.0,PUT,3.0
2026-09-18,29,15.0,PUT,160.0
2026-09-18,29,20.0,PUT,25.0
2026-09-18,29,25.0,PUT,18.0
2026-09-18,29,30.0,PUT,621.0
2026-09-18,29,35.0,PUT,1238.0
2026-09-18,29,40.0,PUT,1530.0
2026-09-18,29,45.0,PUT,10177.0
2026-09-18,29,50.0,PUT,3633.0
2026-09-18,29,55.0,PUT,298.0
2026-09-18,29,60.0,PUT,1239.0
2026-09-18,29,65.0,PUT,958.0
2026-09-18,29,70.0,PUT,651.0
2026-09-18,29,75.0,PUT,1695.0
2026-09-18,29,80.0,PUT,603.0
2026-09-18,29,85.0,PUT,2973.0
2026-09-18,29,90.0,PUT,2241.0
2026-09-18,29,95.0,PUT,703.0
2026-09-18,29,100.0,PUT,2390.0
2026-09-18,29,105.0,PUT,805.0
2026-09-18,29,110.0,PUT,1245.0
2026-09-18,29,115.0,PUT,683.0
2026-09-18,29,120.0,PUT,786.0
2026-09-18,29,125.0,PUT,593.0
2026-09-18,29,130.0,PUT,1701.0
2026-09-18,29,135.0,PUT,1688.0
2026-09-18,29,140.0,PUT,3709.0
2026-09-18,29,145.0,PUT,907.0
2026-09-18,29,150.0,PUT,2927.0
2026-09-18,29,155.0,PUT,482.0
2026-09-18,29,160.0,PUT,1389.0
2026-09-18,29,165.0,PUT,911.0
2026-09-18,29,170.0,PUT,827.0
2026-09-18,29,175.0,PUT,536.0
2026-09-18,29,180.0,PUT,3159.0
2026-09-18,29,185.0,PUT,830.0
2026-09-18,29,190.0,PUT,1624.0
2026-09-18,29,195.0,PUT,1167.0
2026-09-18,29,200.0,PUT,6857.0
2026-09-18,29,210.0,PUT,1522.0
2026-09-18,29,220.0,PUT,2133.0
2026-09-18,29,230.0,PUT,4495.0
2026-09-18,29,240.0,PUT,1377.0
2026-09-18,29,250.0,PUT,4395.0
2026-09-18,29,260.0,PUT,5164.0
2026-09-18,29,270.0,PUT,1948.0
2026-09-18,29,280.0,PUT,1612.0
2026-09-18,29,290.0,PUT,3259.0
2026-09-18,29,300.0,PUT,6827.0
2026-09-18,29,310.0,PUT,1628.0
2026-09-18,29,320.0,PUT,2124.0
2026-09-18,29,330.0,PUT,3738.0
2026-09-18,29,340.0,PUT,1566.0
2026-09-18,29,350.0,PUT,4269.0
2026-09-18,29,360.0,PUT,2073.0
2026-09-18,29,370.0,PUT,2257.0
2026-09-18,29,380.0,PUT,4768.0
2026-09-18,29,390.0,PUT,2187.0
2026-09-18,29,400.0,PUT,9705.0
2026-09-18,29,410.0,PUT,2642.0
2026-09-18,29,420.0,PUT,1865.0
2026-09-18,29,430.0,PUT,1448.0
2026-09-18,29,440.0,PUT,1668.0
2026-09-18,29,450.0,PUT,2015.0
2026-09-18,29,460.0,PUT,3466.0
2026-09-18,29,470.0,PUT,1472.0
2026-09-18,29,480.0,PUT,571.0
2026-09-18,29,490.0,PUT,380.0
2026-09-18,29,500.0,PUT,9461.0
2026-09-18,29,510.0,PUT,316.0
2026-09-18,29,520.0,PUT,1180.0
2026-09-18,29,530.0,PUT,410.0
2026-09-18,29,540.0,PUT,658.0
2026-09-18,29,550.0,PUT,2087.0
2026-09-18,29,560.0,PUT,824.0
2026-09-18,29,570.0,PUT,357.0
2026-09-18,29,580.0,PUT,635.0
2026-09-18,29,590.0,PUT,2035.0
2026-09-18,29,600.0,PUT,6583.0
2026-09-18,29,610.0,PUT,1187.0
2026-09-18,29,620.0,PUT,1316.0
2026-09-18,29,630.0,PUT,492.0
2026-09-18,29,640.0,PUT,1505.0
2026-09-18,29,650.0,PUT,4771.0
2026-09-18,29,660.0,PUT,1492.0
2026-09-18,29,670.0,PUT,767.0
2026-09-18,29,680.0,PUT,3859.0
2026-09-18,29,690.0,PUT,1006.0
2026-09-18,29,700.0,PUT,4755.0
2026-09-18,29,710.0,PUT,715.0
2026-09-18,29,720.0,PUT,1745.0
2026-09-18,29,730.0,PUT,995.0
2026-09-18,29,740.0,PUT,943.0
2026-09-18,29,750.0,PUT,4976.0
2026-09-18,29,760.0,PUT,1741.0
2026-09-18,29,770.0,PUT,1055.0
2026-09-18,29,780.0,PUT,2082.0
2026-09-18,29,790.0,PUT,1098.0
2026-09-18,29,800.0,PUT,7093.0
2026-09-18,29,810.0,PUT,1033.0
2026-09-18,29,820.0,PUT,1420.0
2026-09-18,29,830.0,PUT,2410.0
2026-09-18,29,840.0,PUT,1156.0
2026-09-18,29,850.0,PUT,3662.0
2026-09-18,29,860.0,PUT,1385.0
2026-09-18,29,870.0,PUT,1077.0
2026-09-18,29,880.0,PUT,976.0
2026-09-18,29,890.0,PUT,1170.0
2026-09-18,29,900.0,PUT,4120.0
2026-09-18,29,910.0,PUT,1172.0
2026-09-18,29,920.0,PUT,3134.0
2026-09-18,29,930.0,PUT,1033.0
2026-09-18,29,940.0,PUT,1015.0
2026-09-18,29,950.0,PUT,1677.0
2026-09-18,29,960.0,PUT,1301.0
2026-09-18,29,970.0,PUT,765.0
2026-09-18,29,980.0,PUT,813.0
2026-09-18,29,990.0,PUT,697.0
2026-09-18,29,1000.0,PUT,2391.0
2026-09-18,29,1010.0,PUT,530.0
2026-09-18,29,1020.0,PUT,345.0
2026-09-18,29,1030.0,PUT,311.0
2026-09-18,29,1040.0,PUT,102.0
2026-09-18,29,1050.0,PUT,1175.0
2026-09-18,29,1060.0,PUT,519.0
2026-09-18,29,1070.0,PUT,340.0
2026-09-18,29,1080.0,PUT,88.0
2026-09-18,29,1090.0,PUT,165.0
2026-09-18,29,1100.0,PUT,1165.0
2026-09-18,29,1110.0,PUT,141.0
2026-09-18,29,1120.0,PUT,276.0
2026-09-18,29,1130.0,PUT,88.0
2026-09-18,29,1140.0,PUT,91.0
2026-09-18,29,1150.0,PUT,449.0
2026-09-18,29,1160.0,PUT,32.0
2026-09-18,29,1170.0,PUT,72.0
2026-09-18,29,1180.0,PUT,48.0
2026-09-18,29,1190.0,PUT,67.0
2026-09-18,29,1200.0,PUT,1114.0
2026-09-18,29,1210.0,PUT,28.0
2026-09-18,29,1220.0,PUT,79.0
2026-09-18,29,1230.0,PUT,30.0
2026-09-18,29,1240.0,PUT,24.0
2026-09-18,29,1250.0,PUT,136.0
2026-09-18,29,1260.0,PUT,11.0
2026-09-18,29,1270.0,PUT,14.0
2026-09-18,29,1280.0,PUT,17.0
2026-09-18,29,1290.0,PUT,50.0
2026-09-18,29,1300.0,PUT,634.0
2026-09-18,29,1310.0,PUT,21.0
2026-09-18,29,1320.0,PUT,6.0
2026-09-18,29,1330.0,PUT,187.0
2026-09-18,29,1340.0,PUT,33.0
2026-09-18,29,1350.0,PUT,63.0
2026-09-18,29,1360.0,PUT,30.0
2026-09-18,29,1370.0,PUT,5.0
2026-09-18,29,1380.0,PUT,2.0
2026-09-18,29,1390.0,PUT,31.0
2026-09-18,29,1400.0,PUT,265.0
2026-09-18,29,1410.0,PUT,37.0
2026-09-18,29,1420.0,PUT,13.0
2026-09-18,29,1430.0,PUT,53.0
2026-09-18,29,1440.0,PUT,6.0
2026-09-18,29,1450.0,PUT,1.0
2026-09-18,29,1460.0,PUT,145.0
2026-09-18,29,1470.0,PUT,0.0
2026-09-18,29,1480.0,PUT,0.0
2026-09-18,29,1500.0,PUT,25.0
2026-09-18,29,1510.0,PUT,1.0
2026-09-18,29,1520.0,PUT,0.0
2026-09-18,29,1530.0,PUT,0.0
2026-09-18,29,1540.0,PUT,0.0
2026-09-18,29,1550.0,PUT,0.0
2026-09-18,29,1560.0,PUT,0.0
2026-09-18,29,1570.0,PUT,0.0
2026-09-18,29,1580.0,PUT,0.0
2026-09-18,29,1590.0,PUT,0.0
2026-09-18,29,1600.0,PUT,0.0
2026-09-18,29,1610.0,PUT,13.0
2026-09-18,29,1620.0,PUT,0.0
2026-09-18,29,1630.0,PUT,0.0
2026-09-18,29,1640.0,PUT,0.0
2026-09-18,29,1650.0,PUT,0.0
2026-09-18,29,1660.0,PUT,0.0
2026-09-18,29,1670.0,PUT,0.0
2026-09-18,29,1680.0,PUT,13.0
2026-09-18,29,1690.0,PUT,1.0
2026-09-18,29,1700.0,PUT,0.0
2026-09-18,29,1750.0,PUT,0.0
2026-09-18,29,1770.0,PUT,1.0
2026-09-18,29,1790.0,PUT,10.0
2026-09-18,29,1800.0,PUT,0.0
2026-09-18,29,1820.0,PUT,0.0
2026-09-18,29,1830.0,PUT,0.0
2026-09-18,29,1840.0,PUT,0.0
2026-09-18,29,1860.0,PUT,0.0
2026-09-18,29,1870.0,PUT,0.0
2026-09-18,29,1880.0,PUT,0.0
2026-09-18,29,1890.0,PUT,0.0
2026-09-18,29,1900.0,PUT,0.0
2026-09-18,29,1910.0,PUT,0.0
2026-09-18,29,1920.0,PUT,1.0
2026-09-18,29,1930.0,PUT,0.0
2026-09-18,29,1940.0,PUT,0.0
2026-09-18,29,1950.0,PUT,0.0
2026-09-18,29,1960.0,PUT,0.0
2026-09-18,29,1970.0,PUT,0.0
2026-09-18,29,1980.0,PUT,0.0
2026-09-18,29,1990.0,PUT,0.0
2026-09-18,29,2000.0,PUT,9.0
2026-09-18,29,2010.0,PUT,0.0
2026-09-18,29,2020.0,PUT,0.0
2026-09-18,29,2030.0,PUT,0.0
2026-09-18,29,2050.0,PUT,0.0
2026-09-18,29,2090.0,PUT,4.0
2026-09-18,29,2100.0,PUT,0.0
2026-09-18,29,2110.0,PUT,0.0
2026-09-18,29,2120.0,PUT,0.0
2026-09-18,29,2130.0,PUT,0.0
2026-09-18,29,2140.0,PUT,1.0
2026-09-18,29,2170.0,PUT,0.0
2026-09-18,29,2190.0,PUT,0.0
2026-09-18,29,2200.0,PUT,0.0
2026-09-18,29,2210.0,PUT,0.0
2026-09-18,29,2220.0,PUT,0.0
2026-09-18,29,2250.0,PUT,0.0
2026-09-18,29,2270.0,PUT,0.0
2026-09-18,29,2280.0,PUT,0.0
2026-09-18,29,2290.0,PUT,0.0
2026-09-18,29,2320.0,PUT,0.0
2026-09-18,29,2350.0,PUT,0.0
2026-09-18,29,2370.0,PUT,0.0
2026-09-18,29,2420.0,PUT,0.0
2026-09-18,29,2440.0,PUT,0.0
2026-09-25,36,275.0,CALL,3.0
2026-09-25,36,440.0,CALL,1.0
2026-09-25,36,480.0,CALL,1.0
2026-09-25,36,560.0,CALL,1.0
2026-09-25,36,580.0,CALL,4.0
2026-09-25,36,585.0,CALL,4.0
2026-09-25,36,595.0,CALL,4.0
2026-09-25,36,600.0,CALL,2.0
2026-09-25,36,605.0,CALL,5.0
2026-09-25,36,615.0,CALL,4.0
2026-09-25,36,620.0,CALL,4.0
2026-09-25,36,625.0,CALL,5.0
2026-09-25,36,630.0,CALL,5.0
2026-09-25,36,635.0,CALL,5.0
2026-09-25,36,640.0,CALL,1.0
2026-09-25,36,655.0,CALL,3.0
2026-09-25,36,695.0,CALL,2.0
2026-09-25,36,700.0,CALL,29.0
2026-09-25,36,745.0,CALL,7.0
2026-09-25,36,750.0,CALL,4.0
2026-09-25,36,755.0,CALL,4.0
2026-09-25,36,760.0,CALL,2.0
2026-09-25,36,765.0,CALL,24.0
2026-09-25,36,770.0,CALL,4.0
2026-09-25,36,775.0,CALL,11.0
2026-09-25,36,780.0,CALL,9.0
2026-09-25,36,785.0,CALL,1.0
2026-09-25,36,790.0,CALL,5.0
2026-09-25,36,795.0,CALL,6.0
2026-09-25,36,800.0,CALL,119.0
2026-09-25,36,805.0,CALL,6.0
2026-09-25,36,810.0,CALL,13.0
2026-09-25,36,815.0,CALL,17.0
2026-09-25,36,820.0,CALL,6.0
2026-09-25,36,825.0,CALL,14.0
2026-09-25,36,830.0,CALL,22.0
2026-09-25,36,835.0,CALL,3.0
2026-09-25,36,840.0,CALL,16.0
2026-09-25,36,845.0,CALL,12.0
2026-09-25,36,850.0,CALL,126.0
2026-09-25,36,855.0,CALL,11.0
2026-09-25,36,860.0,CALL,48.0
2026-09-25,36,865.0,CALL,11.0
2026-09-25,36,870.0,CALL,201.0
2026-09-25,36,875.0,CALL,18.0
2026-09-25,36,880.0,CALL,36.0
2026-09-25,36,885.0,CALL,13.0
2026-09-25,36,890.0,CALL,49.0
2026-09-25,36,895.0,CALL,15.0
2026-09-25,36,900.0,CALL,356.0
2026-09-25,36,905.0,CALL,19.0
2026-09-25,36,910.0,CALL,62.0
2026-09-25,36,915.0,CALL,32.0
2026-09-25,36,920.0,CALL,58.0
2026-09-25,36,925.0,CALL,31.0
2026-09-25,36,930.0,CALL,163.0
2026-09-25,36,935.0,CALL,54.0
2026-09-25,36,940.0,CALL,132.0
2026-09-25,36,945.0,CALL,33.0
2026-09-25,36,950.0,CALL,155.0
2026-09-25,36,955.0,CALL,27.0
2026-09-25,36,960.0,CALL,69.0
2026-09-25,36,965.0,CALL,65.0
2026-09-25,36,970.0,CALL,103.0
2026-09-25,36,975.0,CALL,41.0
2026-09-25,36,980.0,CALL,124.0
2026-09-25,36,985.0,CALL,41.0
2026-09-25,36,990.0,CALL,108.0
2026-09-25,36,995.0,CALL,69.0
2026-09-25,36,1000.0,CALL,1254.0
2026-09-25,36,1005.0,CALL,95.0
2026-09-25,36,1010.0,CALL,36.0
2026-09-25,36,1015.0,CALL,17.0
2026-09-25,36,1020.0,CALL,290.0
2026-09-25,36,1025.0,CALL,279.0
2026-09-25,36,1030.0,CALL,45.0
2026-09-25,36,1035.0,CALL,86.0
2026-09-25,36,1040.0,CALL,43.0
2026-09-25,36,1045.0,CALL,24.0
2026-09-25,36,1050.0,CALL,196.0
2026-09-25,36,1055.0,CALL,16.0
2026-09-25,36,1060.0,CALL,70.0
2026-09-25,36,1065.0,CALL,23.0
2026-09-25,36,1070.0,CALL,57.0
2026-09-25,36,1075.0,CALL,22.0
2026-09-25,36,1080.0,CALL,24.0
2026-09-25,36,1085.0,CALL,27.0
2026-09-25,36,1090.0,CALL,22.0
2026-09-25,36,1095.0,CALL,35.0
2026-09-25,36,1100.0,CALL,645.0
2026-09-25,36,1105.0,CALL,37.0
2026-09-25,36,1110.0,CALL,253.0
2026-09-25,36,1115.0,CALL,18.0
2026-09-25,36,1120.0,CALL,76.0
2026-09-25,36,1125.0,CALL,13.0
2026-09-25,36,1130.0,CALL,17.0
2026-09-25,36,1135.0,CALL,17.0
2026-09-25,36,1140.0,CALL,18.0
2026-09-25,36,1150.0,CALL,273.0
2026-09-25,36,1160.0,CALL,57.0
2026-09-25,36,1170.0,CALL,77.0
2026-09-25,36,1180.0,CALL,99.0
2026-09-25,36,1190.0,CALL,35.0
2026-09-25,36,1200.0,CALL,886.0
2026-09-25,36,1210.0,CALL,283.0
2026-09-25,36,1220.0,CALL,68.0
2026-09-25,36,1230.0,CALL,208.0
2026-09-25,36,1240.0,CALL,47.0
2026-09-25,36,1250.0,CALL,596.0
2026-09-25,36,1260.0,CALL,48.0
2026-09-25,36,1270.0,CALL,22.0
2026-09-25,36,1280.0,CALL,114.0
2026-09-25,36,1290.0,CALL,166.0
2026-09-25,36,1300.0,CALL,254.0
2026-09-25,36,1310.0,CALL,69.0
2026-09-25,36,1320.0,CALL,66.0
2026-09-25,36,1330.0,CALL,28.0
2026-09-25,36,1340.0,CALL,49.0
2026-09-25,36,1350.0,CALL,132.0
2026-09-25,36,1360.0,CALL,16.0
2026-09-25,36,1370.0,CALL,69.0
2026-09-25,36,1380.0,CALL,4.0
2026-09-25,36,1390.0,CALL,19.0
2026-09-25,36,1400.0,CALL,185.0
2026-09-25,36,1410.0,CALL,34.0
2026-09-25,36,1420.0,CALL,41.0
2026-09-25,36,1430.0,CALL,49.0
2026-09-25,36,1440.0,CALL,34.0
2026-09-25,36,1450.0,CALL,56.0
2026-09-25,36,1460.0,CALL,33.0
2026-09-25,36,1470.0,CALL,6.0
2026-09-25,36,1480.0,CALL,12.0
2026-09-25,36,1490.0,CALL,9.0
2026-09-25,36,1500.0,CALL,420.0
2026-09-25,36,1510.0,CALL,34.0
2026-09-25,36,1520.0,CALL,59.0
2026-09-25,36,1540.0,CALL,43.0
2026-09-25,36,1550.0,CALL,19.0
2026-09-25,36,1600.0,CALL,24.0
2026-09-25,36,1610.0,CALL,13.0
2026-09-25,36,1620.0,CALL,13.0
2026-09-25,36,1640.0,CALL,13.0
2026-09-25,36,1660.0,CALL,9.0
2026-09-25,36,1670.0,CALL,101.0
2026-09-25,36,1680.0,CALL,14.0
2026-09-25,36,1690.0,CALL,10.0
2026-09-25,36,1700.0,CALL,2.0
2026-09-25,36,1720.0,CALL,3.0
2026-09-25,36,1730.0,CALL,66.0
2026-09-25,36,115.0,PUT,1.0
2026-09-25,36,130.0,PUT,1.0
2026-09-25,36,145.0,PUT,1.0
2026-09-25,36,155.0,PUT,1.0
2026-09-25,36,160.0,PUT,1.0
2026-09-25,36,165.0,PUT,1.0
2026-09-25,36,170.0,PUT,1.0
2026-09-25,36,220.0,PUT,1.0
2026-09-25,36,225.0,PUT,74.0
2026-09-25,36,230.0,PUT,1690.0
2026-09-25,36,235.0,PUT,119.0
2026-09-25,36,240.0,PUT,141.0
2026-09-25,36,245.0,PUT,133.0
2026-09-25,36,250.0,PUT,81.0
2026-09-25,36,255.0,PUT,41.0
2026-09-25,36,260.0,PUT,359.0
2026-09-25,36,265.0,PUT,316.0
2026-09-25,36,270.0,PUT,395.0
2026-09-25,36,275.0,PUT,11.0
2026-09-25,36,280.0,PUT,72.0
2026-09-25,36,285.0,PUT,86.0
2026-09-25,36,290.0,PUT,149.0
2026-09-25,36,295.0,PUT,157.0
2026-09-25,36,300.0,PUT,449.0
2026-09-25,36,305.0,PUT,124.0
2026-09-25,36,310.0,PUT,10.0
2026-09-25,36,315.0,PUT,91.0
2026-09-25,36,320.0,PUT,90.0
2026-09-25,36,325.0,PUT,46.0
2026-09-25,36,345.0,PUT,1.0
2026-09-25,36,350.0,PUT,3.0
2026-09-25,36,355.0,PUT,1.0
2026-09-25,36,365.0,PUT,0.0
2026-09-25,36,370.0,PUT,5.0
2026-09-25,36,375.0,PUT,0.0
2026-09-25,36,380.0,PUT,150.0
2026-09-25,36,385.0,PUT,1.0
2026-09-25,36,390.0,PUT,51.0
2026-09-25,36,395.0,PUT,1.0
2026-09-25,36,400.0,PUT,12.0
2026-09-25,36,405.0,PUT,2.0
2026-09-25,36,415.0,PUT,1.0
2026-09-25,36,425.0,PUT,1.0
2026-09-25,36,440.0,PUT,2.0
2026-09-25,36,450.0,PUT,23.0
2026-09-25,36,460.0,PUT,14.0
2026-09-25,36,470.0,PUT,0.0
2026-09-25,36,475.0,PUT,2.0
2026-09-25,36,480.0,PUT,163.0
2026-09-25,36,490.0,PUT,1.0
2026-09-25,36,495.0,PUT,2.0
2026-09-25,36,500.0,PUT,41.0
2026-09-25,36,510.0,PUT,2.0
2026-09-25,36,520.0,PUT,2.0
2026-09-25,36,525.0,PUT,8.0
2026-09-25,36,530.0,PUT,9.0
2026-09-25,36,540.0,PUT,195.0
2026-09-25,36,545.0,PUT,186.0
2026-09-25,36,550.0,PUT,121.0
2026-09-25,36,560.0,PUT,19.0
2026-09-25,36,565.0,PUT,13.0
2026-09-25,36,570.0,PUT,23.0
2026-09-25,36,575.0,PUT,15.0
2026-09-25,36,580.0,PUT,12.0
2026-09-25,36,585.0,PUT,6.0
2026-09-25,36,590.0,PUT,126.0
2026-09-25,36,595.0,PUT,117.0
2026-09-25,36,600.0,PUT,187.0
2026-09-25,36,605.0,PUT,69.0
2026-09-25,36,610.0,PUT,14.0
2026-09-25,36,615.0,PUT,14.0
2026-09-25,36,620.0,PUT,19.0
2026-09-25,36,625.0,PUT,13.0
2026-09-25,36,630.0,PUT,29.0
2026-09-25,36,635.0,PUT,6.0
2026-09-25,36,640.0,PUT,108.0
2026-09-25,36,645.0,PUT,274.0
2026-09-25,36,650.0,PUT,163.0
2026-09-25,36,655.0,PUT,9.0
2026-09-25,36,660.0,PUT,37.0
2026-09-25,36,665.0,PUT,4.0
2026-09-25,36,670.0,PUT,48.0
2026-09-25,36,675.0,PUT,80.0
2026-09-25,36,680.0,PUT,123.0
2026-09-25,36,685.0,PUT,52.0
2026-09-25,36,690.0,PUT,97.0
2026-09-25,36,695.0,PUT,59.0
2026-09-25,36,700.0,PUT,383.0
2026-09-25,36,705.0,PUT,89.0
2026-09-25,36,710.0,PUT,44.0
2026-09-25,36,715.0,PUT,25.0
2026-09-25,36,720.0,PUT,235.0
2026-09-25,36,725.0,PUT,22.0
2026-09-25,36,730.0,PUT,119.0
2026-09-25,36,735.0,PUT,41.0
2026-09-25,36,740.0,PUT,89.0
2026-09-25,36,745.0,PUT,27.0
2026-09-25,36,750.0,PUT,217.0
2026-09-25,36,755.0,PUT,40.0
2026-09-25,36,760.0,PUT,84.0
2026-09-25,36,765.0,PUT,53.0
2026-09-25,36,770.0,PUT,84.0
2026-09-25,36,775.0,PUT,67.0
2026-09-25,36,780.0,PUT,109.0
2026-09-25,36,785.0,PUT,49.0
2026-09-25,36,790.0,PUT,75.0
2026-09-25,36,795.0,PUT,36.0
2026-09-25,36,800.0,PUT,383.0
2026-09-25,36,805.0,PUT,52.0
2026-09-25,36,810.0,PUT,273.0
2026-09-25,36,815.0,PUT,70.0
2026-09-25,36,820.0,PUT,153.0
2026-09-25,36,825.0,PUT,83.0
2026-09-25,36,830.0,PUT,71.0
2026-09-25,36,835.0,PUT,23.0
2026-09-25,36,840.0,PUT,75.0
2026-09-25,36,845.0,PUT,49.0
2026-09-25,36,850.0,PUT,440.0
2026-09-25,36,855.0,PUT,43.0
2026-09-25,36,860.0,PUT,464.0
2026-09-25,36,865.0,PUT,34.0
2026-09-25,36,870.0,PUT,86.0
2026-09-25,36,875.0,PUT,421.0
2026-09-25,36,880.0,PUT,409.0
2026-09-25,36,885.0,PUT,230.0
2026-09-25,36,890.0,PUT,59.0
2026-09-25,36,895.0,PUT,72.0
2026-09-25,36,900.0,PUT,270.0
2026-09-25,36,905.0,PUT,35.0
2026-09-25,36,910.0,PUT,89.0
2026-09-25,36,915.0,PUT,26.0
2026-09-25,36,920.0,PUT,278.0
2026-09-25,36,925.0,PUT,37.0
2026-09-25,36,930.0,PUT,1103.0
2026-09-25,36,935.0,PUT,215.0
2026-09-25,36,940.0,PUT,230.0
2026-09-25,36,945.0,PUT,35.0
2026-09-25,36,950.0,PUT,302.0
2026-09-25,36,955.0,PUT,42.0
2026-09-25,36,960.0,PUT,329.0
2026-09-25,36,965.0,PUT,38.0
2026-09-25,36,970.0,PUT,104.0
2026-09-25,36,975.0,PUT,47.0
2026-09-25,36,980.0,PUT,63.0
2026-09-25,36,985.0,PUT,44.0
2026-09-25,36,990.0,PUT,78.0
2026-09-25,36,995.0,PUT,10.0
2026-09-25,36,1000.0,PUT,100.0
2026-09-25,36,1005.0,PUT,12.0
2026-09-25,36,1010.0,PUT,4.0
2026-09-25,36,1015.0,PUT,49.0
2026-09-25,36,1020.0,PUT,19.0
2026-09-25,36,1025.0,PUT,12.0
2026-09-25,36,1030.0,PUT,22.0
2026-09-25,36,1035.0,PUT,39.0
2026-09-25,36,1040.0,PUT,7.0
2026-09-25,36,1045.0,PUT,5.0
2026-09-25,36,1050.0,PUT,8.0
2026-09-25,36,1055.0,PUT,4.0
2026-09-25,36,1060.0,PUT,1.0
2026-09-25,36,1065.0,PUT,2.0
2026-09-25,36,1070.0,PUT,1.0
2026-09-25,36,1075.0,PUT,2.0
2026-09-25,36,1080.0,PUT,1.0
2026-09-25,36,1085.0,PUT,1.0
2026-09-25,36,1090.0,PUT,13.0
2026-09-25,36,1095.0,PUT,2.0
2026-09-25,36,1100.0,PUT,6.0
2026-09-25,36,1105.0,PUT,1.0
2026-09-25,36,1110.0,PUT,7.0
2026-09-25,36,1115.0,PUT,8.0
2026-09-25,36,1120.0,PUT,203.0
2026-09-25,36,1125.0,PUT,2.0
2026-09-25,36,1130.0,PUT,200.0
2026-09-25,36,1135.0,PUT,1.0
2026-09-25,36,1140.0,PUT,2.0
2026-09-25,36,1150.0,PUT,24.0
2026-09-25,36,1160.0,PUT,7.0
2026-09-25,36,1170.0,PUT,12.0
2026-09-25,36,1180.0,PUT,3.0
2026-09-25,36,1190.0,PUT,4.0
2026-09-25,36,1200.0,PUT,6.0
2026-09-25,36,1210.0,PUT,5.0
2026-09-25,36,1220.0,PUT,11.0
2026-09-25,36,1230.0,PUT,8.0
2026-09-25,36,1240.0,PUT,4.0
2026-09-25,36,1250.0,PUT,20.0
2026-09-25,36,1260.0,PUT,1.0
2026-09-25,36,1270.0,PUT,6.0
2026-09-25,36,1300.0,PUT,4.0
2026-09-25,36,1310.0,PUT,1.0
2026-09-25,36,1340.0,PUT,1.0
2026-09-25,36,1350.0,PUT,1.0
2026-09-25,36,1360.0,PUT,1.0
2026-09-25,36,1400.0,PUT,0.0
2026-09-25,36,1540.0,PUT,1.0
2026-09-25,36,1560.0,PUT,1.0
2026-10-02,43,370.0,CALL,1.0
2026-10-02,43,475.0,CALL,1.0
2026-10-02,43,495.0,CALL,3.0
2026-10-02,43,500.0,CALL,4.0
2026-10-02,43,505.0,CALL,2.0
2026-10-02,43,510.0,CALL,3.0
2026-10-02,43,520.0,CALL,6.0
2026-10-02,43,530.0,CALL,1.0
2026-10-02,43,600.0,CALL,1.0
2026-10-02,43,800.0,CALL,6.0
2026-10-02,43,860.0,CALL,3.0
2026-10-02,43,865.0,CALL,2.0
2026-10-02,43,890.0,CALL,6.0
2026-10-02,43,900.0,CALL,70.0
2026-10-02,43,905.0,CALL,4.0
2026-10-02,43,910.0,CALL,43.0
2026-10-02,43,915.0,CALL,12.0
2026-10-02,43,920.0,CALL,38.0
2026-10-02,43,925.0,CALL,10.0
2026-10-02,43,930.0,CALL,24.0
2026-10-02,43,935.0,CALL,25.0
2026-10-02,43,940.0,CALL,288.0
2026-10-02,43,945.0,CALL,23.0
2026-10-02,43,950.0,CALL,111.0
2026-10-02,43,955.0,CALL,13.0
2026-10-02,43,960.0,CALL,9.0
2026-10-02,43,965.0,CALL,34.0
2026-10-02,43,970.0,CALL,34.0
2026-10-02,43,975.0,CALL,18.0
2026-10-02,43,980.0,CALL,151.0
2026-10-02,43,985.0,CALL,10.0
2026-10-02,43,990.0,CALL,64.0
2026-10-02,43,995.0,CALL,15.0
2026-10-02,43,1000.0,CALL,192.0
2026-10-02,43,1005.0,CALL,13.0
2026-10-02,43,1010.0,CALL,11.0
2026-10-02,43,1020.0,CALL,49.0
2026-10-02,43,1025.0,CALL,54.0
2026-10-02,43,1030.0,CALL,28.0
2026-10-02,43,1050.0,CALL,104.0
2026-10-02,43,1055.0,CALL,5.0
2026-10-02,43,1060.0,CALL,13.0
2026-10-02,43,1070.0,CALL,8.0
2026-10-02,43,1075.0,CALL,45.0
2026-10-02,43,1100.0,CALL,100.0
2026-10-02,43,1105.0,CALL,5.0
2026-10-02,43,1120.0,CALL,129.0
2026-10-02,43,1125.0,CALL,22.0
2026-10-02,43,1150.0,CALL,72.0
2026-10-02,43,1180.0,CALL,55.0
2026-10-02,43,1200.0,CALL,64.0
2026-10-02,43,1210.0,CALL,3.0
2026-10-02,43,1250.0,CALL,50.0
2026-10-02,43,1300.0,CALL,41.0
2026-10-02,43,1320.0,CALL,2.0
2026-10-02,43,1350.0,CALL,10.0
2026-10-02,43,1360.0,CALL,77.0
2026-10-02,43,1400.0,CALL,24.0
2026-10-02,43,1420.0,CALL,26.0
2026-10-02,43,1500.0,CALL,20.0
2026-10-02,43,1550.0,CALL,7.0
2026-10-02,43,1620.0,CALL,2.0
2026-10-02,43,1680.0,CALL,1.0
2026-10-02,43,1700.0,CALL,3.0
2026-10-02,43,100.0,PUT,2.0
2026-10-02,43,150.0,PUT,1.0
2026-10-02,43,200.0,PUT,101.0
2026-10-02,43,205.0,PUT,52.0
2026-10-02,43,210.0,PUT,453.0
2026-10-02,43,215.0,PUT,105.0
2026-10-02,43,230.0,PUT,50.0
2026-10-02,43,235.0,PUT,50.0
2026-10-02,43,240.0,PUT,100.0
2026-10-02,43,245.0,PUT,50.0
2026-10-02,43,250.0,PUT,1.0
2026-10-02,43,290.0,PUT,152.0
2026-10-02,43,295.0,PUT,159.0
2026-10-02,43,305.0,PUT,1130.0
2026-10-02,43,310.0,PUT,154.0
2026-10-02,43,315.0,PUT,10.0
2026-10-02,43,320.0,PUT,100.0
2026-10-02,43,325.0,PUT,54.0
2026-10-02,43,330.0,PUT,38.0
2026-10-02,43,335.0,PUT,26.0
2026-10-02,43,340.0,PUT,118.0
2026-10-02,43,345.0,PUT,52.0
2026-10-02,43,390.0,PUT,4.0
2026-10-02,43,400.0,PUT,8.0
2026-10-02,43,480.0,PUT,8.0
2026-10-02,43,485.0,PUT,1.0
2026-10-02,43,500.0,PUT,14.0
2026-10-02,43,555.0,PUT,11.0
2026-10-02,43,570.0,PUT,1.0
2026-10-02,43,585.0,PUT,8.0
2026-10-02,43,590.0,PUT,112.0
2026-10-02,43,600.0,PUT,58.0
2026-10-02,43,605.0,PUT,2.0
2026-10-02,43,645.0,PUT,5.0
2026-10-02,43,670.0,PUT,18.0
2026-10-02,43,680.0,PUT,22.0
2026-10-02,43,690.0,PUT,44.0
2026-10-02,43,700.0,PUT,84.0
2026-10-02,43,705.0,PUT,12.0
2026-10-02,43,710.0,PUT,21.0
2026-10-02,43,720.0,PUT,17.0
2026-10-02,43,725.0,PUT,19.0
2026-10-02,43,730.0,PUT,81.0
2026-10-02,43,735.0,PUT,40.0
2026-10-02,43,740.0,PUT,29.0
2026-10-02,43,750.0,PUT,73.0
2026-10-02,43,755.0,PUT,16.0
2026-10-02,43,760.0,PUT,22.0
2026-10-02,43,765.0,PUT,8.0
2026-10-02,43,770.0,PUT,38.0
2026-10-02,43,775.0,PUT,24.0
2026-10-02,43,780.0,PUT,72.0
2026-10-02,43,785.0,PUT,13.0
2026-10-02,43,790.0,PUT,68.0
2026-10-02,43,795.0,PUT,26.0
2026-10-02,43,800.0,PUT,313.0
2026-10-02,43,805.0,PUT,18.0
2026-10-02,43,810.0,PUT,28.0
2026-10-02,43,815.0,PUT,9.0
2026-10-02,43,820.0,PUT,38.0
2026-10-02,43,825.0,PUT,14.0
2026-10-02,43,830.0,PUT,26.0
2026-10-02,43,835.0,PUT,19.0
2026-10-02,43,840.0,PUT,26.0
2026-10-02,43,850.0,PUT,136.0
2026-10-02,43,855.0,PUT,6.0
2026-10-02,43,860.0,PUT,13.0
2026-10-02,43,865.0,PUT,20.0
2026-10-02,43,870.0,PUT,15.0
2026-10-02,43,875.0,PUT,31.0
2026-10-02,43,880.0,PUT,25.0
2026-10-02,43,885.0,PUT,10.0
2026-10-02,43,890.0,PUT,25.0
2026-10-02,43,895.0,PUT,11.0
2026-10-02,43,900.0,PUT,177.0
2026-10-02,43,910.0,PUT,10.0
2026-10-02,43,915.0,PUT,10.0
2026-10-02,43,920.0,PUT,12.0
2026-10-02,43,930.0,PUT,24.0
2026-10-02,43,940.0,PUT,47.0
2026-10-02,43,950.0,PUT,54.0
2026-10-02,43,955.0,PUT,10.0
2026-10-02,43,960.0,PUT,22.0
2026-10-02,43,965.0,PUT,41.0
2026-10-02,43,970.0,PUT,16.0
2026-10-02,43,975.0,PUT,8.0
2026-10-02,43,980.0,PUT,3.0
2026-10-02,43,985.0,PUT,1.0
2026-10-02,43,995.0,PUT,12.0
2026-10-02,43,1000.0,PUT,12.0
2026-10-02,43,1005.0,PUT,7.0
2026-10-02,43,1040.0,PUT,3.0
2026-10-02,43,1045.0,PUT,1.0
2026-10-02,43,1050.0,PUT,6.0
2026-10-02,43,1065.0,PUT,2.0
2026-10-02,43,1070.0,PUT,3.0
2026-10-02,43,1085.0,PUT,3.0
2026-10-02,43,1190.0,PUT,1.0
2026-10-02,43,1200.0,PUT,8.0
2026-10-16,57,5.0,CALL,645.0
2026-10-16,57,10.0,CALL,23.0
2026-10-16,57,15.0,CALL,10.0
2026-10-16,57,20.0,CALL,21.0
2026-10-16,57,25.0,CALL,52.0
2026-10-16,57,30.0,CALL,35.0
2026-10-16,57,35.0,CALL,6.0
2026-10-16,57,40.0,CALL,6.0
2026-10-16,57,45.0,CALL,21.0
2026-10-16,57,50.0,CALL,30.0
2026-10-16,57,60.0,CALL,1.0
2026-10-16,57,185.0,CALL,13.0
2026-10-16,57,190.0,CALL,17.0
2026-10-16,57,195.0,CALL,4.0
2026-10-16,57,200.0,CALL,49.0
2026-10-16,57,210.0,CALL,67.0
2026-10-16,57,220.0,CALL,21.0
2026-10-16,57,230.0,CALL,6.0
2026-10-16,57,240.0,CALL,25.0
2026-10-16,57,250.0,CALL,531.0
2026-10-16,57,260.0,CALL,59.0
2026-10-16,57,270.0,CALL,67.0
2026-10-16,57,280.0,CALL,315.0
2026-10-16,57,290.0,CALL,261.0
2026-10-16,57,300.0,CALL,246.0
2026-10-16,57,310.0,CALL,447.0
2026-10-16,57,320.0,CALL,227.0
2026-10-16,57,330.0,CALL,35.0
2026-10-16,57,340.0,CALL,285.0
2026-10-16,57,350.0,CALL,318.0
2026-10-16,57,360.0,CALL,185.0
2026-10-16,57,370.0,CALL,124.0
2026-10-16,57,380.0,CALL,149.0
2026-10-16,57,390.0,CALL,93.0
2026-10-16,57,400.0,CALL,735.0
2026-10-16,57,410.0,CALL,310.0
2026-10-16,57,420.0,CALL,342.0
2026-10-16,57,430.0,CALL,140.0
2026-10-16,57,440.0,CALL,170.0
2026-10-16,57,450.0,CALL,712.0
2026-10-16,57,460.0,CALL,448.0
2026-10-16,57,470.0,CALL,651.0
2026-10-16,57,480.0,CALL,449.0
2026-10-16,57,490.0,CALL,212.0
2026-10-16,57,500.0,CALL,630.0
2026-10-16,57,510.0,CALL,293.0
2026-10-16,57,520.0,CALL,355.0
2026-10-16,57,530.0,CALL,557.0
2026-10-16,57,540.0,CALL,500.0
2026-10-16,57,560.0,CALL,756.0
2026-10-16,57,580.0,CALL,192.0
2026-10-16,57,600.0,CALL,1472.0
2026-10-16,57,620.0,CALL,779.0
2026-10-16,57,640.0,CALL,1712.0
2026-10-16,57,660.0,CALL,347.0
2026-10-16,57,680.0,CALL,412.0
2026-10-16,57,700.0,CALL,1435.0
2026-10-16,57,720.0,CALL,683.0
2026-10-16,57,740.0,CALL,766.0
2026-10-16,57,760.0,CALL,424.0
2026-10-16,57,780.0,CALL,1211.0
2026-10-16,57,800.0,CALL,1365.0
2026-10-16,57,820.0,CALL,601.0
2026-10-16,57,840.0,CALL,1604.0
2026-10-16,57,860.0,CALL,838.0
2026-10-16,57,880.0,CALL,412.0
2026-10-16,57,900.0,CALL,2427.0
2026-10-16,57,910.0,CALL,610.0
2026-10-16,57,920.0,CALL,506.0
2026-10-16,57,930.0,CALL,476.0
2026-10-16,57,940.0,CALL,498.0
2026-10-16,57,950.0,CALL,2220.0
2026-10-16,57,960.0,CALL,630.0
2026-10-16,57,970.0,CALL,461.0
2026-10-16,57,980.0,CALL,455.0
2026-10-16,57,990.0,CALL,597.0
2026-10-16,57,1000.0,CALL,8165.0
2026-10-16,57,1010.0,CALL,358.0
2026-10-16,57,1020.0,CALL,465.0
2026-10-16,57,1030.0,CALL,307.0
2026-10-16,57,1040.0,CALL,165.0
2026-10-16,57,1050.0,CALL,1860.0
2026-10-16,57,1060.0,CALL,258.0
2026-10-16,57,1070.0,CALL,425.0
2026-10-16,57,1080.0,CALL,423.0
2026-10-16,57,1090.0,CALL,378.0
2026-10-16,57,1100.0,CALL,4861.0
2026-10-16,57,1110.0,CALL,297.0
2026-10-16,57,1120.0,CALL,308.0
2026-10-16,57,1130.0,CALL,209.0
2026-10-16,57,1140.0,CALL,177.0
2026-10-16,57,1150.0,CALL,1184.0
2026-10-16,57,1160.0,CALL,658.0
2026-10-16,57,1170.0,CALL,374.0
2026-10-16,57,1180.0,CALL,289.0
2026-10-16,57,1190.0,CALL,220.0
2026-10-16,57,1200.0,CALL,4317.0
2026-10-16,57,1210.0,CALL,500.0
2026-10-16,57,1220.0,CALL,1151.0
2026-10-16,57,1230.0,CALL,233.0
2026-10-16,57,1240.0,CALL,129.0
2026-10-16,57,1250.0,CALL,1062.0
2026-10-16,57,1260.0,CALL,367.0
2026-10-16,57,1270.0,CALL,396.0
2026-10-16,57,1280.0,CALL,376.0
2026-10-16,57,1290.0,CALL,350.0
2026-10-16,57,1300.0,CALL,2618.0
2026-10-16,57,1310.0,CALL,191.0
2026-10-16,57,1320.0,CALL,383.0
2026-10-16,57,1330.0,CALL,845.0
2026-10-16,57,1340.0,CALL,246.0
2026-10-16,57,1350.0,CALL,705.0
2026-10-16,57,1360.0,CALL,274.0
2026-10-16,57,1370.0,CALL,124.0
2026-10-16,57,1380.0,CALL,214.0
2026-10-16,57,1390.0,CALL,351.0
2026-10-16,57,1400.0,CALL,2826.0
2026-10-16,57,1410.0,CALL,260.0
2026-10-16,57,1420.0,CALL,357.0
2026-10-16,57,1430.0,CALL,693.0
2026-10-16,57,1440.0,CALL,256.0
2026-10-16,57,1450.0,CALL,228.0
2026-10-16,57,1460.0,CALL,326.0
2026-10-16,57,1470.0,CALL,375.0
2026-10-16,57,1480.0,CALL,302.0
2026-10-16,57,1490.0,CALL,246.0
2026-10-16,57,1500.0,CALL,3015.0
2026-10-16,57,1510.0,CALL,633.0
2026-10-16,57,1520.0,CALL,404.0
2026-10-16,57,1530.0,CALL,252.0
2026-10-16,57,1540.0,CALL,286.0
2026-10-16,57,1550.0,CALL,405.0
2026-10-16,57,1560.0,CALL,128.0
2026-10-16,57,1570.0,CALL,151.0
2026-10-16,57,1580.0,CALL,49.0
2026-10-16,57,1590.0,CALL,186.0
2026-10-16,57,1600.0,CALL,1438.0
2026-10-16,57,1610.0,CALL,302.0
2026-10-16,57,1620.0,CALL,222.0
2026-10-16,57,1630.0,CALL,337.0
2026-10-16,57,1640.0,CALL,94.0
2026-10-16,57,1650.0,CALL,145.0
2026-10-16,57,1660.0,CALL,683.0
2026-10-16,57,1670.0,CALL,239.0
2026-10-16,57,1680.0,CALL,331.0
2026-10-16,57,1690.0,CALL,832.0
2026-10-16,57,1700.0,CALL,671.0
2026-10-16,57,1710.0,CALL,92.0
2026-10-16,57,1720.0,CALL,161.0
2026-10-16,57,1730.0,CALL,273.0
2026-10-16,57,1740.0,CALL,286.0
2026-10-16,57,1750.0,CALL,186.0
2026-10-16,57,1760.0,CALL,238.0
2026-10-16,57,1770.0,CALL,285.0
2026-10-16,57,1780.0,CALL,88.0
2026-10-16,57,1790.0,CALL,365.0
2026-10-16,57,1800.0,CALL,704.0
2026-10-16,57,1810.0,CALL,221.0
2026-10-16,57,1820.0,CALL,981.0
2026-10-16,57,1830.0,CALL,1245.0
2026-10-16,57,1840.0,CALL,119.0
2026-10-16,57,1850.0,CALL,621.0
2026-10-16,57,1860.0,CALL,159.0
2026-10-16,57,1870.0,CALL,156.0
2026-10-16,57,1880.0,CALL,227.0
2026-10-16,57,1890.0,CALL,389.0
2026-10-16,57,1900.0,CALL,743.0
2026-10-16,57,1910.0,CALL,1039.0
2026-10-16,57,1920.0,CALL,100.0
2026-10-16,57,1930.0,CALL,203.0
2026-10-16,57,1940.0,CALL,297.0
2026-10-16,57,1950.0,CALL,289.0
2026-10-16,57,1960.0,CALL,407.0
2026-10-16,57,1970.0,CALL,89.0
2026-10-16,57,1980.0,CALL,140.0
2026-10-16,57,1990.0,CALL,90.0
2026-10-16,57,2000.0,CALL,2064.0
2026-10-16,57,2010.0,CALL,79.0
2026-10-16,57,2020.0,CALL,57.0
2026-10-16,57,2030.0,CALL,142.0
2026-10-16,57,2040.0,CALL,28.0
2026-10-16,57,2050.0,CALL,252.0
2026-10-16,57,2060.0,CALL,302.0
2026-10-16,57,2070.0,CALL,87.0
2026-10-16,57,2080.0,CALL,308.0
2026-10-16,57,2090.0,CALL,252.0
2026-10-16,57,2100.0,CALL,377.0
2026-10-16,57,2110.0,CALL,132.0
2026-10-16,57,2120.0,CALL,94.0
2026-10-16,57,2130.0,CALL,92.0
2026-10-16,57,2140.0,CALL,74.0
2026-10-16,57,2150.0,CALL,184.0
2026-10-16,57,2160.0,CALL,81.0
2026-10-16,57,2170.0,CALL,314.0
2026-10-16,57,2180.0,CALL,61.0
2026-10-16,57,2190.0,CALL,78.0
2026-10-16,57,2200.0,CALL,286.0
2026-10-16,57,2210.0,CALL,58.0
2026-10-16,57,2220.0,CALL,155.0
2026-10-16,57,2230.0,CALL,33.0
2026-10-16,57,2240.0,CALL,24.0
2026-10-16,57,2250.0,CALL,142.0
2026-10-16,57,2260.0,CALL,49.0
2026-10-16,57,2270.0,CALL,103.0
2026-10-16,57,2280.0,CALL,85.0
2026-10-16,57,2290.0,CALL,202.0
2026-10-16,57,2300.0,CALL,329.0
2026-10-16,57,2310.0,CALL,68.0
2026-10-16,57,2320.0,CALL,177.0
2026-10-16,57,2330.0,CALL,49.0
2026-10-16,57,2340.0,CALL,86.0
2026-10-16,57,2350.0,CALL,53.0
2026-10-16,57,2360.0,CALL,146.0
2026-10-16,57,2370.0,CALL,120.0
2026-10-16,57,2380.0,CALL,66.0
2026-10-16,57,2390.0,CALL,142.0
2026-10-16,57,2400.0,CALL,271.0
2026-10-16,57,2410.0,CALL,139.0
2026-10-16,57,2420.0,CALL,631.0
2026-10-16,57,2440.0,CALL,83.0
2026-10-16,57,2460.0,CALL,154.0
2026-10-16,57,2480.0,CALL,190.0
2026-10-16,57,2500.0,CALL,2671.0
2026-10-16,57,5.0,PUT,110.0
2026-10-16,57,10.0,PUT,85.0
2026-10-16,57,15.0,PUT,180.0
2026-10-16,57,20.0,PUT,138.0
2026-10-16,57,25.0,PUT,129.0
2026-10-16,57,30.0,PUT,206.0
2026-10-16,57,35.0,PUT,583.0
2026-10-16,57,40.0,PUT,699.0
2026-10-16,57,45.0,PUT,612.0
2026-10-16,57,50.0,PUT,1384.0
2026-10-16,57,55.0,PUT,5013.0
2026-10-16,57,60.0,PUT,14566.0
2026-10-16,57,185.0,PUT,205.0
2026-10-16,57,190.0,PUT,129.0
2026-10-16,57,195.0,PUT,1693.0
2026-10-16,57,200.0,PUT,1935.0
2026-10-16,57,210.0,PUT,999.0
2026-10-16,57,220.0,PUT,1903.0
2026-10-16,57,230.0,PUT,2646.0
2026-10-16,57,240.0,PUT,480.0
2026-10-16,57,250.0,PUT,746.0
2026-10-16,57,260.0,PUT,2337.0
2026-10-16,57,270.0,PUT,586.0
2026-10-16,57,280.0,PUT,731.0
2026-10-16,57,290.0,PUT,603.0
2026-10-16,57,300.0,PUT,2003.0
2026-10-16,57,310.0,PUT,415.0
2026-10-16,57,320.0,PUT,2067.0
2026-10-16,57,330.0,PUT,1737.0
2026-10-16,57,340.0,PUT,4939.0
2026-10-16,57,350.0,PUT,693.0
2026-10-16,57,360.0,PUT,3866.0
2026-10-16,57,370.0,PUT,867.0
2026-10-16,57,380.0,PUT,2174.0
2026-10-16,57,390.0,PUT,538.0
2026-10-16,57,400.0,PUT,2247.0
2026-10-16,57,410.0,PUT,822.0
2026-10-16,57,420.0,PUT,726.0
2026-10-16,57,430.0,PUT,458.0
2026-10-16,57,440.0,PUT,345.0
2026-10-16,57,450.0,PUT,3202.0
2026-10-16,57,460.0,PUT,829.0
2026-10-16,57,470.0,PUT,405.0
2026-10-16,57,480.0,PUT,557.0
2026-10-16,57,490.0,PUT,666.0
2026-10-16,57,500.0,PUT,3509.0
2026-10-16,57,510.0,PUT,395.0
2026-10-16,57,520.0,PUT,1076.0
2026-10-16,57,530.0,PUT,1061.0
2026-10-16,57,540.0,PUT,1066.0
2026-10-16,57,560.0,PUT,858.0
2026-10-16,57,580.0,PUT,1851.0
2026-10-16,57,600.0,PUT,4255.0
2026-10-16,57,620.0,PUT,1752.0
2026-10-16,57,640.0,PUT,4862.0
2026-10-16,57,660.0,PUT,1948.0
2026-10-16,57,680.0,PUT,2058.0
2026-10-16,57,700.0,PUT,6624.0
2026-10-16,57,720.0,PUT,549.0
2026-10-16,57,740.0,PUT,2021.0
2026-10-16,57,760.0,PUT,2036.0
2026-10-16,57,780.0,PUT,1462.0
2026-10-16,57,800.0,PUT,4913.0
2026-10-16,57,820.0,PUT,1707.0
2026-10-16,57,840.0,PUT,2410.0
2026-10-16,57,860.0,PUT,1701.0
2026-10-16,57,880.0,PUT,996.0
2026-10-16,57,900.0,PUT,3537.0
2026-10-16,57,910.0,PUT,671.0
2026-10-16,57,920.0,PUT,1615.0
2026-10-16,57,930.0,PUT,616.0
2026-10-16,57,940.0,PUT,1307.0
2026-10-16,57,950.0,PUT,1201.0
2026-10-16,57,960.0,PUT,724.0
2026-10-16,57,970.0,PUT,529.0
2026-10-16,57,980.0,PUT,410.0
2026-10-16,57,990.0,PUT,794.0
2026-10-16,57,1000.0,PUT,3420.0
2026-10-16,57,1010.0,PUT,153.0
2026-10-16,57,1020.0,PUT,317.0
2026-10-16,57,1030.0,PUT,156.0
2026-10-16,57,1040.0,PUT,363.0
2026-10-16,57,1050.0,PUT,412.0
2026-10-16,57,1060.0,PUT,190.0
2026-10-16,57,1070.0,PUT,78.0
2026-10-16,57,1080.0,PUT,296.0
2026-10-16,57,1090.0,PUT,287.0
2026-10-16,57,1100.0,PUT,3655.0
2026-10-16,57,1110.0,PUT,74.0
2026-10-16,57,1120.0,PUT,149.0
2026-10-16,57,1130.0,PUT,89.0
2026-10-16,57,1140.0,PUT,167.0
2026-10-16,57,1150.0,PUT,86.0
2026-10-16,57,1160.0,PUT,155.0
2026-10-16,57,1170.0,PUT,27.0
2026-10-16,57,1180.0,PUT,57.0
2026-10-16,57,1190.0,PUT,74.0
2026-10-16,57,1200.0,PUT,336.0
2026-10-16,57,1210.0,PUT,42.0
2026-10-16,57,1220.0,PUT,45.0
2026-10-16,57,1230.0,PUT,7.0
2026-10-16,57,1240.0,PUT,39.0
2026-10-16,57,1250.0,PUT,377.0
2026-10-16,57,1260.0,PUT,73.0
2026-10-16,57,1270.0,PUT,54.0
2026-10-16,57,1280.0,PUT,48.0
2026-10-16,57,1290.0,PUT,49.0
2026-10-16,57,1300.0,PUT,76.0
2026-10-16,57,1310.0,PUT,38.0
2026-10-16,57,1320.0,PUT,50.0
2026-10-16,57,1330.0,PUT,3.0
2026-10-16,57,1340.0,PUT,37.0
2026-10-16,57,1350.0,PUT,99.0
2026-10-16,57,1360.0,PUT,23.0
2026-10-16,57,1370.0,PUT,29.0
2026-10-16,57,1380.0,PUT,24.0
2026-10-16,57,1390.0,PUT,22.0
2026-10-16,57,1400.0,PUT,15.0
2026-10-16,57,1410.0,PUT,88.0
2026-10-16,57,1420.0,PUT,8.0
2026-10-16,57,1430.0,PUT,32.0
2026-10-16,57,1440.0,PUT,3.0
2026-10-16,57,1450.0,PUT,16.0
2026-10-16,57,1460.0,PUT,11.0
2026-10-16,57,1470.0,PUT,0.0
2026-10-16,57,1480.0,PUT,13.0
2026-10-16,57,1490.0,PUT,10.0
2026-10-16,57,1500.0,PUT,52.0
2026-10-16,57,1520.0,PUT,10.0
2026-10-16,57,1530.0,PUT,0.0
2026-10-16,57,1540.0,PUT,2.0
2026-10-16,57,1550.0,PUT,3.0
2026-10-16,57,1560.0,PUT,3.0
2026-10-16,57,1580.0,PUT,2.0
2026-10-16,57,1600.0,PUT,8.0
2026-10-16,57,1620.0,PUT,1.0
2026-10-16,57,1630.0,PUT,98.0
2026-10-16,57,1650.0,PUT,4.0
2026-10-16,57,1660.0,PUT,0.0
2026-10-16,57,1680.0,PUT,1.0
2026-10-16,57,1690.0,PUT,5.0
2026-10-16,57,1700.0,PUT,4.0
2026-10-16,57,1720.0,PUT,11.0
2026-10-16,57,1740.0,PUT,0.0
2026-10-16,57,1760.0,PUT,0.0
2026-10-16,57,1770.0,PUT,0.0
2026-10-16,57,1790.0,PUT,0.0
2026-10-16,57,1800.0,PUT,0.0
2026-10-16,57,1830.0,PUT,0.0
2026-10-16,57,1840.0,PUT,0.0
2026-10-16,57,1850.0,PUT,0.0
2026-10-16,57,1860.0,PUT,0.0
2026-10-16,57,1870.0,PUT,0.0
2026-10-16,57,1880.0,PUT,0.0
2026-10-16,57,1890.0,PUT,0.0
2026-10-16,57,1900.0,PUT,0.0
2026-10-16,57,1910.0,PUT,0.0
2026-10-16,57,1920.0,PUT,0.0
2026-10-16,57,1930.0,PUT,0.0
2026-10-16,57,1940.0,PUT,0.0
2026-10-16,57,1950.0,PUT,0.0
2026-10-16,57,1960.0,PUT,0.0
2026-10-16,57,1970.0,PUT,10.0
2026-10-16,57,1980.0,PUT,0.0
2026-10-16,57,1990.0,PUT,0.0
2026-10-16,57,2000.0,PUT,0.0
2026-10-16,57,2010.0,PUT,0.0
2026-10-16,57,2020.0,PUT,0.0
2026-10-16,57,2030.0,PUT,0.0
2026-10-16,57,2040.0,PUT,0.0
2026-10-16,57,2050.0,PUT,0.0
2026-10-16,57,2060.0,PUT,0.0
2026-10-16,57,2070.0,PUT,0.0
2026-10-16,57,2090.0,PUT,0.0
2026-10-16,57,2100.0,PUT,0.0
2026-10-16,57,2110.0,PUT,0.0
2026-10-16,57,2170.0,PUT,0.0
2026-10-16,57,2190.0,PUT,0.0
2026-10-16,57,2200.0,PUT,0.0
2026-10-16,57,2210.0,PUT,0.0
2026-10-16,57,2220.0,PUT,0.0
2026-10-16,57,2260.0,PUT,0.0
2026-10-16,57,2290.0,PUT,0.0
2026-10-16,57,2340.0,PUT,0.0
2026-10-16,57,2350.0,PUT,0.0
2026-10-16,57,2360.0,PUT,0.0
2026-10-16,57,2390.0,PUT,0.0
2026-10-16,57,2410.0,PUT,0.0
2026-10-16,57,2420.0,PUT,0.0
2026-11-20,92,5.0,CALL,9.0
2026-11-20,92,10.0,CALL,0.0
2026-11-20,92,20.0,CALL,2.0
2026-11-20,92,30.0,CALL,1.0
2026-11-20,92,35.0,CALL,9.0
2026-11-20,92,40.0,CALL,0.0
2026-11-20,92,45.0,CALL,1.0
2026-11-20,92,50.0,CALL,0.0
2026-11-20,92,55.0,CALL,8.0
2026-11-20,92,60.0,CALL,12.0
2026-11-20,92,65.0,CALL,3.0
2026-11-20,92,70.0,CALL,0.0
2026-11-20,92,75.0,CALL,2.0
2026-11-20,92,80.0,CALL,4.0
2026-11-20,92,85.0,CALL,1.0
2026-11-20,92,90.0,CALL,12.0
2026-11-20,92,95.0,CALL,0.0
2026-11-20,92,100.0,CALL,40.0
2026-11-20,92,105.0,CALL,2.0
2026-11-20,92,110.0,CALL,48.0
2026-11-20,92,115.0,CALL,5.0
2026-11-20,92,120.0,CALL,17.0
2026-11-20,92,125.0,CALL,3.0
2026-11-20,92,130.0,CALL,13.0
2026-11-20,92,135.0,CALL,10.0
2026-11-20,92,140.0,CALL,21.0
2026-11-20,92,145.0,CALL,5.0
2026-11-20,92,150.0,CALL,0.0
2026-11-20,92,155.0,CALL,16.0
2026-11-20,92,160.0,CALL,26.0
2026-11-20,92,165.0,CALL,30.0
2026-11-20,92,170.0,CALL,8.0
2026-11-20,92,175.0,CALL,19.0
2026-11-20,92,180.0,CALL,17.0
2026-11-20,92,185.0,CALL,0.0
2026-11-20,92,190.0,CALL,6.0
2026-11-20,92,195.0,CALL,116.0
2026-11-20,92,200.0,CALL,74.0
2026-11-20,92,210.0,CALL,39.0
2026-11-20,92,220.0,CALL,36.0
2026-11-20,92,230.0,CALL,0.0
2026-11-20,92,240.0,CALL,16.0
2026-11-20,92,250.0,CALL,100.0
2026-11-20,92,260.0,CALL,143.0
2026-11-20,92,270.0,CALL,33.0
2026-11-20,92,280.0,CALL,211.0
2026-11-20,92,290.0,CALL,47.0
2026-11-20,92,300.0,CALL,201.0
2026-11-20,92,310.0,CALL,13.0
2026-11-20,92,320.0,CALL,88.0
2026-11-20,92,330.0,CALL,201.0
2026-11-20,92,340.0,CALL,433.0
2026-11-20,92,350.0,CALL,170.0
2026-11-20,92,360.0,CALL,118.0
2026-11-20,92,370.0,CALL,86.0
2026-11-20,92,380.0,CALL,776.0
2026-11-20,92,390.0,CALL,193.0
2026-11-20,92,400.0,CALL,386.0
2026-11-20,92,410.0,CALL,203.0
2026-11-20,92,420.0,CALL,491.0
2026-11-20,92,430.0,CALL,809.0
2026-11-20,92,440.0,CALL,1216.0
2026-11-20,92,450.0,CALL,786.0
2026-11-20,92,460.0,CALL,385.0
2026-11-20,92,470.0,CALL,213.0
2026-11-20,92,480.0,CALL,276.0
2026-11-20,92,490.0,CALL,326.0
2026-11-20,92,500.0,CALL,1137.0
2026-11-20,92,510.0,CALL,175.0
2026-11-20,92,520.0,CALL,219.0
2026-11-20,92,530.0,CALL,308.0
2026-11-20,92,540.0,CALL,297.0
2026-11-20,92,550.0,CALL,232.0
2026-11-20,92,560.0,CALL,218.0
2026-11-20,92,570.0,CALL,1207.0
2026-11-20,92,580.0,CALL,117.0
2026-11-20,92,590.0,CALL,368.0
2026-11-20,92,600.0,CALL,519.0
2026-11-20,92,610.0,CALL,157.0
2026-11-20,92,620.0,CALL,367.0
2026-11-20,92,630.0,CALL,192.0
2026-11-20,92,640.0,CALL,306.0
2026-11-20,92,650.0,CALL,749.0
2026-11-20,92,660.0,CALL,310.0
2026-11-20,92,670.0,CALL,273.0
2026-11-20,92,680.0,CALL,142.0
2026-11-20,92,700.0,CALL,1003.0
2026-11-20,92,710.0,CALL,232.0
2026-11-20,92,720.0,CALL,261.0
2026-11-20,92,730.0,CALL,353.0
2026-11-20,92,740.0,CALL,178.0
2026-11-20,92,750.0,CALL,461.0
2026-11-20,92,760.0,CALL,347.0
2026-11-20,92,770.0,CALL,317.0
2026-11-20,92,780.0,CALL,270.0
2026-11-20,92,790.0,CALL,290.0
2026-11-20,92,800.0,CALL,1657.0
2026-11-20,92,810.0,CALL,605.0
2026-11-20,92,820.0,CALL,661.0
2026-11-20,92,830.0,CALL,306.0
2026-11-20,92,840.0,CALL,195.0
2026-11-20,92,850.0,CALL,556.0
2026-11-20,92,860.0,CALL,312.0
2026-11-20,92,870.0,CALL,267.0
2026-11-20,92,880.0,CALL,385.0
2026-11-20,92,890.0,CALL,366.0
2026-11-20,92,900.0,CALL,1973.0
2026-11-20,92,910.0,CALL,7144.0
2026-11-20,92,920.0,CALL,629.0
2026-11-20,92,930.0,CALL,254.0
2026-11-20,92,940.0,CALL,219.0
2026-11-20,92,950.0,CALL,443.0
2026-11-20,92,960.0,CALL,365.0
2026-11-20,92,970.0,CALL,159.0
2026-11-20,92,980.0,CALL,286.0
2026-11-20,92,990.0,CALL,194.0
2026-11-20,92,1000.0,CALL,2240.0
2026-11-20,92,1010.0,CALL,697.0
2026-11-20,92,1020.0,CALL,513.0
2026-11-20,92,1030.0,CALL,257.0
2026-11-20,92,1040.0,CALL,124.0
2026-11-20,92,1050.0,CALL,769.0
2026-11-20,92,1060.0,CALL,210.0
2026-11-20,92,1070.0,CALL,273.0
2026-11-20,92,1080.0,CALL,377.0
2026-11-20,92,1090.0,CALL,233.0
2026-11-20,92,1100.0,CALL,1406.0
2026-11-20,92,1110.0,CALL,157.0
2026-11-20,92,1120.0,CALL,279.0
2026-11-20,92,1130.0,CALL,183.0
2026-11-20,92,1140.0,CALL,275.0
2026-11-20,92,1150.0,CALL,561.0
2026-11-20,92,1160.0,CALL,440.0
2026-11-20,92,1170.0,CALL,403.0
2026-11-20,92,1180.0,CALL,279.0
2026-11-20,92,1190.0,CALL,860.0
2026-11-20,92,1200.0,CALL,1130.0
2026-11-20,92,1210.0,CALL,323.0
2026-11-20,92,1220.0,CALL,137.0
2026-11-20,92,1230.0,CALL,229.0
2026-11-20,92,1240.0,CALL,111.0
2026-11-20,92,1250.0,CALL,441.0
2026-11-20,92,1260.0,CALL,115.0
2026-11-20,92,1270.0,CALL,343.0
2026-11-20,92,1280.0,CALL,206.0
2026-11-20,92,1290.0,CALL,128.0
2026-11-20,92,1300.0,CALL,2137.0
2026-11-20,92,1310.0,CALL,534.0
2026-11-20,92,1320.0,CALL,283.0
2026-11-20,92,1330.0,CALL,364.0
2026-11-20,92,1340.0,CALL,176.0
2026-11-20,92,1350.0,CALL,991.0
2026-11-20,92,1360.0,CALL,186.0
2026-11-20,92,1370.0,CALL,129.0
2026-11-20,92,1380.0,CALL,388.0
2026-11-20,92,1390.0,CALL,69.0
2026-11-20,92,1400.0,CALL,648.0
2026-11-20,92,1410.0,CALL,271.0
2026-11-20,92,1420.0,CALL,189.0
2026-11-20,92,1430.0,CALL,84.0
2026-11-20,92,1440.0,CALL,238.0
2026-11-20,92,1450.0,CALL,166.0
2026-11-20,92,1460.0,CALL,131.0
2026-11-20,92,1470.0,CALL,340.0
2026-11-20,92,1480.0,CALL,487.0
2026-11-20,92,1490.0,CALL,166.0
2026-11-20,92,1500.0,CALL,1593.0
2026-11-20,92,1510.0,CALL,456.0
2026-11-20,92,1520.0,CALL,851.0
2026-11-20,92,1530.0,CALL,746.0
2026-11-20,92,1540.0,CALL,253.0
2026-11-20,92,1550.0,CALL,212.0
2026-11-20,92,1560.0,CALL,131.0
2026-11-20,92,1570.0,CALL,142.0
2026-11-20,92,1580.0,CALL,83.0
2026-11-20,92,1590.0,CALL,422.0
2026-11-20,92,1600.0,CALL,561.0
2026-11-20,92,1610.0,CALL,429.0
2026-11-20,92,1620.0,CALL,142.0
2026-11-20,92,1630.0,CALL,212.0
2026-11-20,92,1640.0,CALL,90.0
2026-11-20,92,1650.0,CALL,197.0
2026-11-20,92,1660.0,CALL,65.0
2026-11-20,92,1670.0,CALL,90.0
2026-11-20,92,1680.0,CALL,116.0
2026-11-20,92,1690.0,CALL,71.0
2026-11-20,92,1700.0,CALL,274.0
2026-11-20,92,1710.0,CALL,142.0
2026-11-20,92,1720.0,CALL,207.0
2026-11-20,92,1730.0,CALL,39.0
2026-11-20,92,1740.0,CALL,244.0
2026-11-20,92,1750.0,CALL,196.0
2026-11-20,92,1760.0,CALL,60.0
2026-11-20,92,1770.0,CALL,157.0
2026-11-20,92,1780.0,CALL,201.0
2026-11-20,92,1790.0,CALL,190.0
2026-11-20,92,1800.0,CALL,884.0
2026-11-20,92,1810.0,CALL,102.0
2026-11-20,92,1820.0,CALL,569.0
2026-11-20,92,1830.0,CALL,340.0
2026-11-20,92,1840.0,CALL,369.0
2026-11-20,92,1850.0,CALL,401.0
2026-11-20,92,1860.0,CALL,135.0
2026-11-20,92,1870.0,CALL,198.0
2026-11-20,92,1880.0,CALL,474.0
2026-11-20,92,1890.0,CALL,214.0
2026-11-20,92,1900.0,CALL,295.0
2026-11-20,92,1910.0,CALL,689.0
2026-11-20,92,1920.0,CALL,152.0
2026-11-20,92,1930.0,CALL,174.0
2026-11-20,92,1940.0,CALL,168.0
2026-11-20,92,1950.0,CALL,282.0
2026-11-20,92,1960.0,CALL,344.0
2026-11-20,92,1970.0,CALL,201.0
2026-11-20,92,1980.0,CALL,68.0
2026-11-20,92,1990.0,CALL,175.0
2026-11-20,92,2000.0,CALL,618.0
2026-11-20,92,2010.0,CALL,145.0
2026-11-20,92,2020.0,CALL,225.0
2026-11-20,92,2030.0,CALL,139.0
2026-11-20,92,2040.0,CALL,238.0
2026-11-20,92,2050.0,CALL,193.0
2026-11-20,92,2060.0,CALL,254.0
2026-11-20,92,2070.0,CALL,235.0
2026-11-20,92,2080.0,CALL,137.0
2026-11-20,92,2090.0,CALL,129.0
2026-11-20,92,2100.0,CALL,300.0
2026-11-20,92,2110.0,CALL,266.0
2026-11-20,92,2120.0,CALL,147.0
2026-11-20,92,2130.0,CALL,148.0
2026-11-20,92,2140.0,CALL,459.0
2026-11-20,92,2150.0,CALL,240.0
2026-11-20,92,2160.0,CALL,57.0
2026-11-20,92,2170.0,CALL,285.0
2026-11-20,92,2180.0,CALL,147.0
2026-11-20,92,2190.0,CALL,145.0
2026-11-20,92,2200.0,CALL,43.0
2026-11-20,92,2210.0,CALL,7.0
2026-11-20,92,2220.0,CALL,32.0
2026-11-20,92,2230.0,CALL,40.0
2026-11-20,92,2240.0,CALL,46.0
2026-11-20,92,2250.0,CALL,37.0
2026-11-20,92,2260.0,CALL,66.0
2026-11-20,92,2270.0,CALL,79.0
2026-11-20,92,2280.0,CALL,105.0
2026-11-20,92,2290.0,CALL,340.0
2026-11-20,92,2300.0,CALL,61.0
2026-11-20,92,2310.0,CALL,37.0
2026-11-20,92,2320.0,CALL,19.0
2026-11-20,92,2330.0,CALL,27.0
2026-11-20,92,2340.0,CALL,44.0
2026-11-20,92,2350.0,CALL,101.0
2026-11-20,92,2360.0,CALL,20.0
2026-11-20,92,2370.0,CALL,132.0
2026-11-20,92,2380.0,CALL,49.0
2026-11-20,92,2390.0,CALL,201.0
2026-11-20,92,2400.0,CALL,88.0
2026-11-20,92,2410.0,CALL,182.0
2026-11-20,92,2420.0,CALL,204.0
2026-11-20,92,2440.0,CALL,109.0
2026-11-20,92,2460.0,CALL,93.0
2026-11-20,92,2480.0,CALL,408.0
2026-11-20,92,2500.0,CALL,753.0
2026-11-20,92,5.0,PUT,86.0
2026-11-20,92,10.0,PUT,47.0
2026-11-20,92,15.0,PUT,635.0
2026-11-20,92,20.0,PUT,163.0
2026-11-20,92,25.0,PUT,139.0
2026-11-20,92,30.0,PUT,52.0
2026-11-20,92,35.0,PUT,783.0
2026-11-20,92,40.0,PUT,47.0
2026-11-20,92,45.0,PUT,88.0
2026-11-20,92,50.0,PUT,52.0
2026-11-20,92,55.0,PUT,194.0
2026-11-20,92,60.0,PUT,285.0
2026-11-20,92,65.0,PUT,549.0
2026-11-20,92,70.0,PUT,895.0
2026-11-20,92,75.0,PUT,52.0
2026-11-20,92,80.0,PUT,56.0
2026-11-20,92,85.0,PUT,36.0
2026-11-20,92,90.0,PUT,158.0
2026-11-20,92,95.0,PUT,724.0
2026-11-20,92,100.0,PUT,931.0
2026-11-20,92,105.0,PUT,170.0
2026-11-20,92,110.0,PUT,382.0
2026-11-20,92,115.0,PUT,187.0
2026-11-20,92,120.0,PUT,98.0
2026-11-20,92,125.0,PUT,468.0
2026-11-20,92,130.0,PUT,122.0
2026-11-20,92,135.0,PUT,3455.0
2026-11-20,92,140.0,PUT,53.0
2026-11-20,92,145.0,PUT,188.0
2026-11-20,92,150.0,PUT,707.0
2026-11-20,92,155.0,PUT,119.0
2026-11-20,92,160.0,PUT,239.0
2026-11-20,92,165.0,PUT,43.0
2026-11-20,92,170.0,PUT,51.0
2026-11-20,92,175.0,PUT,225.0
2026-11-20,92,180.0,PUT,37.0
2026-11-20,92,185.0,PUT,94.0
2026-11-20,92,190.0,PUT,171.0
2026-11-20,92,195.0,PUT,2732.0
2026-11-20,92,200.0,PUT,1810.0
2026-11-20,92,210.0,PUT,176.0
2026-11-20,92,220.0,PUT,408.0
2026-11-20,92,230.0,PUT,1670.0
2026-11-20,92,240.0,PUT,743.0
2026-11-20,92,250.0,PUT,952.0
2026-11-20,92,260.0,PUT,1567.0
2026-11-20,92,270.0,PUT,556.0
2026-11-20,92,280.0,PUT,1031.0
2026-11-20,92,290.0,PUT,1763.0
2026-11-20,92,300.0,PUT,1969.0
2026-11-20,92,310.0,PUT,413.0
2026-11-20,92,320.0,PUT,527.0
2026-11-20,92,330.0,PUT,640.0
2026-11-20,92,340.0,PUT,205.0
2026-11-20,92,350.0,PUT,4657.0
2026-11-20,92,360.0,PUT,6372.0
2026-11-20,92,370.0,PUT,721.0
2026-11-20,92,380.0,PUT,5754.0
2026-11-20,92,390.0,PUT,435.0
2026-11-20,92,400.0,PUT,1007.0
2026-11-20,92,410.0,PUT,535.0
2026-11-20,92,420.0,PUT,900.0
2026-11-20,92,430.0,PUT,967.0
2026-11-20,92,440.0,PUT,577.0
2026-11-20,92,450.0,PUT,993.0
2026-11-20,92,460.0,PUT,909.0
2026-11-20,92,470.0,PUT,281.0
2026-11-20,92,480.0,PUT,465.0
2026-11-20,92,490.0,PUT,612.0
2026-11-20,92,500.0,PUT,3228.0
2026-11-20,92,510.0,PUT,201.0
2026-11-20,92,520.0,PUT,956.0
2026-11-20,92,530.0,PUT,484.0
2026-11-20,92,540.0,PUT,603.0
2026-11-20,92,550.0,PUT,882.0
2026-11-20,92,560.0,PUT,263.0
2026-11-20,92,570.0,PUT,1604.0
2026-11-20,92,580.0,PUT,1148.0
2026-11-20,92,590.0,PUT,644.0
2026-11-20,92,600.0,PUT,3860.0
2026-11-20,92,610.0,PUT,487.0
2026-11-20,92,620.0,PUT,965.0
2026-11-20,92,630.0,PUT,1050.0
2026-11-20,92,640.0,PUT,801.0
2026-11-20,92,650.0,PUT,1890.0
2026-11-20,92,660.0,PUT,1241.0
2026-11-20,92,670.0,PUT,678.0
2026-11-20,92,680.0,PUT,432.0
2026-11-20,92,700.0,PUT,2517.0
2026-11-20,92,710.0,PUT,157.0
2026-11-20,92,720.0,PUT,477.0
2026-11-20,92,730.0,PUT,346.0
2026-11-20,92,740.0,PUT,2596.0
2026-11-20,92,750.0,PUT,1702.0
2026-11-20,92,760.0,PUT,705.0
2026-11-20,92,770.0,PUT,418.0
2026-11-20,92,780.0,PUT,373.0
2026-11-20,92,790.0,PUT,331.0
2026-11-20,92,800.0,PUT,1850.0
2026-11-20,92,810.0,PUT,415.0
2026-11-20,92,820.0,PUT,557.0
2026-11-20,92,830.0,PUT,412.0
2026-11-20,92,840.0,PUT,341.0
2026-11-20,92,850.0,PUT,615.0
2026-11-20,92,860.0,PUT,313.0
2026-11-20,92,870.0,PUT,180.0
2026-11-20,92,880.0,PUT,504.0
2026-11-20,92,890.0,PUT,452.0
2026-11-20,92,900.0,PUT,985.0
2026-11-20,92,910.0,PUT,871.0
2026-11-20,92,920.0,PUT,1290.0
2026-11-20,92,930.0,PUT,702.0
2026-11-20,92,940.0,PUT,359.0
2026-11-20,92,950.0,PUT,448.0
2026-11-20,92,960.0,PUT,156.0
2026-11-20,92,970.0,PUT,321.0
2026-11-20,92,980.0,PUT,570.0
2026-11-20,92,990.0,PUT,376.0
2026-11-20,92,1000.0,PUT,1023.0
2026-11-20,92,1010.0,PUT,129.0
2026-11-20,92,1020.0,PUT,252.0
2026-11-20,92,1030.0,PUT,163.0
2026-11-20,92,1040.0,PUT,252.0
2026-11-20,92,1050.0,PUT,35.0
2026-11-20,92,1060.0,PUT,81.0
2026-11-20,92,1070.0,PUT,110.0
2026-11-20,92,1080.0,PUT,80.0
2026-11-20,92,1090.0,PUT,246.0
2026-11-20,92,1100.0,PUT,392.0
2026-11-20,92,1110.0,PUT,89.0
2026-11-20,92,1120.0,PUT,55.0
2026-11-20,92,1130.0,PUT,32.0
2026-11-20,92,1140.0,PUT,77.0
2026-11-20,92,1150.0,PUT,244.0
2026-11-20,92,1160.0,PUT,77.0
2026-11-20,92,1170.0,PUT,32.0
2026-11-20,92,1180.0,PUT,26.0
2026-11-20,92,1190.0,PUT,41.0
2026-11-20,92,1200.0,PUT,138.0
2026-11-20,92,1210.0,PUT,121.0
2026-11-20,92,1220.0,PUT,35.0
2026-11-20,92,1230.0,PUT,8.0
2026-11-20,92,1240.0,PUT,11.0
2026-11-20,92,1250.0,PUT,20.0
2026-11-20,92,1260.0,PUT,56.0
2026-11-20,92,1270.0,PUT,58.0
2026-11-20,92,1280.0,PUT,81.0
2026-11-20,92,1290.0,PUT,43.0
2026-11-20,92,1300.0,PUT,1068.0
2026-11-20,92,1310.0,PUT,57.0
2026-11-20,92,1320.0,PUT,40.0
2026-11-20,92,1330.0,PUT,23.0
2026-11-20,92,1340.0,PUT,45.0
2026-11-20,92,1350.0,PUT,18.0
2026-11-20,92,1360.0,PUT,30.0
2026-11-20,92,1370.0,PUT,51.0
2026-11-20,92,1380.0,PUT,32.0
2026-11-20,92,1390.0,PUT,7.0
2026-11-20,92,1400.0,PUT,7.0
2026-11-20,92,1410.0,PUT,15.0
2026-11-20,92,1420.0,PUT,3.0
2026-11-20,92,1430.0,PUT,302.0
2026-11-20,92,1440.0,PUT,12.0
2026-11-20,92,1450.0,PUT,7.0
2026-11-20,92,1460.0,PUT,2.0
2026-11-20,92,1470.0,PUT,12.0
2026-11-20,92,1480.0,PUT,10.0
2026-11-20,92,1490.0,PUT,2.0
2026-11-20,92,1500.0,PUT,22.0
2026-11-20,92,1510.0,PUT,2.0
2026-11-20,92,1520.0,PUT,15.0
2026-11-20,92,1530.0,PUT,0.0
2026-11-20,92,1540.0,PUT,13.0
2026-11-20,92,1550.0,PUT,1.0
2026-11-20,92,1560.0,PUT,5.0
2026-11-20,92,1590.0,PUT,0.0
2026-11-20,92,1600.0,PUT,11.0
2026-11-20,92,1610.0,PUT,13.0
2026-11-20,92,1630.0,PUT,7.0
2026-11-20,92,1640.0,PUT,3.0
2026-11-20,92,1670.0,PUT,65.0
2026-11-20,92,1680.0,PUT,0.0
2026-11-20,92,1690.0,PUT,9.0
2026-11-20,92,1700.0,PUT,3.0
2026-11-20,92,1720.0,PUT,21.0
2026-11-20,92,1730.0,PUT,11.0
2026-11-20,92,1740.0,PUT,6.0
2026-11-20,92,1750.0,PUT,21.0
2026-11-20,92,1760.0,PUT,1.0
2026-11-20,92,1770.0,PUT,21.0
2026-11-20,92,1790.0,PUT,1.0
2026-11-20,92,1800.0,PUT,3.0
2026-11-20,92,1820.0,PUT,16.0
2026-11-20,92,1840.0,PUT,6.0
2026-11-20,92,1860.0,PUT,1.0
2026-11-20,92,1880.0,PUT,0.0
2026-11-20,92,1890.0,PUT,10.0
2026-11-20,92,1900.0,PUT,4.0
2026-11-20,92,1910.0,PUT,0.0
2026-11-20,92,1920.0,PUT,6.0
2026-11-20,92,1930.0,PUT,0.0
2026-11-20,92,1940.0,PUT,1.0
2026-11-20,92,1950.0,PUT,0.0
2026-11-20,92,1960.0,PUT,0.0
2026-11-20,92,1980.0,PUT,0.0
2026-11-20,92,1990.0,PUT,0.0
2026-11-20,92,2000.0,PUT,35.0
2026-11-20,92,2010.0,PUT,0.0
2026-11-20,92,2020.0,PUT,0.0
2026-11-20,92,2030.0,PUT,0.0
2026-11-20,92,2050.0,PUT,0.0
2026-11-20,92,2070.0,PUT,0.0
2026-11-20,92,2140.0,PUT,0.0
2026-11-20,92,2150.0,PUT,0.0
2026-11-20,92,2170.0,PUT,0.0
2026-11-20,92,2200.0,PUT,0.0
2026-11-20,92,2290.0,PUT,0.0
2026-11-20,92,2400.0,PUT,0.0
2026-11-20,92,2410.0,PUT,0.0
2026-11-20,92,2420.0,PUT,0.0
2026-11-20,92,2500.0,PUT,0.0
2026-12-18,120,5.0,CALL,29.0
2026-12-18,120,10.0,CALL,21.0
2026-12-18,120,15.0,CALL,31.0
2026-12-18,120,20.0,CALL,10.0
2026-12-18,120,25.0,CALL,33.0
2026-12-18,120,35.0,CALL,27.0
2026-12-18,120,40.0,CALL,43.0
2026-12-18,120,45.0,CALL,0.0
2026-12-18,120,47.5,CALL,162.0
2026-12-18,120,50.0,CALL,242.0
2026-12-18,120,55.0,CALL,102.0
2026-12-18,120,60.0,CALL,89.0
2026-12-18,120,65.0,CALL,157.0
2026-12-18,120,70.0,CALL,271.0
2026-12-18,120,75.0,CALL,267.0
2026-12-18,120,80.0,CALL,319.0
2026-12-18,120,85.0,CALL,470.0
2026-12-18,120,87.5,CALL,185.0
2026-12-18,120,90.0,CALL,991.0
2026-12-18,120,92.5,CALL,154.0
2026-12-18,120,95.0,CALL,620.0
2026-12-18,120,97.5,CALL,164.0
2026-12-18,120,100.0,CALL,782.0
2026-12-18,120,105.0,CALL,398.0
2026-12-18,120,110.0,CALL,929.0
2026-12-18,120,115.0,CALL,88.0
2026-12-18,120,120.0,CALL,425.0
2026-12-18,120,125.0,CALL,497.0
2026-12-18,120,130.0,CALL,441.0
2026-12-18,120,135.0,CALL,177.0
2026-12-18,120,140.0,CALL,1238.0
2026-12-18,120,145.0,CALL,249.0
2026-12-18,120,150.0,CALL,504.0
2026-12-18,120,155.0,CALL,183.0
2026-12-18,120,160.0,CALL,676.0
2026-12-18,120,165.0,CALL,863.0
2026-12-18,120,170.0,CALL,434.0
2026-12-18,120,175.0,CALL,338.0
2026-12-18,120,180.0,CALL,768.0
2026-12-18,120,185.0,CALL,167.0
2026-12-18,120,190.0,CALL,874.0
2026-12-18,120,195.0,CALL,135.0
2026-12-18,120,200.0,CALL,1393.0
2026-12-18,120,210.0,CALL,734.0
2026-12-18,120,220.0,CALL,2073.0
2026-12-18,120,230.0,CALL,599.0
2026-12-18,120,240.0,CALL,897.0
2026-12-18,120,250.0,CALL,1073.0
2026-12-18,120,260.0,CALL,525.0
2026-12-18,120,270.0,CALL,675.0
2026-12-18,120,280.0,CALL,2165.0
2026-12-18,120,290.0,CALL,250.0
2026-12-18,120,300.0,CALL,1284.0
2026-12-18,120,310.0,CALL,438.0
2026-12-18,120,320.0,CALL,402.0
2026-12-18,120,330.0,CALL,996.0
2026-12-18,120,340.0,CALL,1449.0
2026-12-18,120,350.0,CALL,649.0
2026-12-18,120,360.0,CALL,486.0
2026-12-18,120,370.0,CALL,207.0
2026-12-18,120,380.0,CALL,800.0
2026-12-18,120,390.0,CALL,500.0
2026-12-18,120,400.0,CALL,823.0
2026-12-18,120,410.0,CALL,366.0
2026-12-18,120,420.0,CALL,1469.0
2026-12-18,120,430.0,CALL,215.0
2026-12-18,120,440.0,CALL,250.0
2026-12-18,120,450.0,CALL,1260.0
2026-12-18,120,460.0,CALL,712.0
2026-12-18,120,470.0,CALL,467.0
2026-12-18,120,480.0,CALL,787.0
2026-12-18,120,490.0,CALL,580.0
2026-12-18,120,500.0,CALL,1480.0
2026-12-18,120,510.0,CALL,720.0
2026-12-18,120,520.0,CALL,871.0
2026-12-18,120,530.0,CALL,208.0
2026-12-18,120,540.0,CALL,288.0
2026-12-18,120,550.0,CALL,698.0
2026-12-18,120,560.0,CALL,169.0
2026-12-18,120,570.0,CALL,580.0
2026-12-18,120,580.0,CALL,2975.0
2026-12-18,120,590.0,CALL,374.0
2026-12-18,120,600.0,CALL,1377.0
2026-12-18,120,610.0,CALL,427.0
2026-12-18,120,620.0,CALL,915.0
2026-12-18,120,630.0,CALL,198.0
2026-12-18,120,640.0,CALL,358.0
2026-12-18,120,650.0,CALL,737.0
2026-12-18,120,660.0,CALL,320.0
2026-12-18,120,670.0,CALL,330.0
2026-12-18,120,680.0,CALL,406.0
2026-12-18,120,690.0,CALL,406.0
2026-12-18,120,700.0,CALL,4407.0
2026-12-18,120,710.0,CALL,439.0
2026-12-18,120,720.0,CALL,313.0
2026-12-18,120,730.0,CALL,288.0
2026-12-18,120,740.0,CALL,937.0
2026-12-18,120,750.0,CALL,597.0
2026-12-18,120,760.0,CALL,319.0
2026-12-18,120,770.0,CALL,518.0
2026-12-18,120,780.0,CALL,646.0
2026-12-18,120,790.0,CALL,237.0
2026-12-18,120,800.0,CALL,3666.0
2026-12-18,120,810.0,CALL,387.0
2026-12-18,120,820.0,CALL,424.0
2026-12-18,120,830.0,CALL,270.0
2026-12-18,120,840.0,CALL,1796.0
2026-12-18,120,850.0,CALL,913.0
2026-12-18,120,860.0,CALL,538.0
2026-12-18,120,870.0,CALL,480.0
2026-12-18,120,880.0,CALL,491.0
2026-12-18,120,890.0,CALL,346.0
2026-12-18,120,900.0,CALL,2278.0
2026-12-18,120,910.0,CALL,1030.0
2026-12-18,120,920.0,CALL,1228.0
2026-12-18,120,930.0,CALL,267.0
2026-12-18,120,940.0,CALL,227.0
2026-12-18,120,950.0,CALL,1542.0
2026-12-18,120,960.0,CALL,415.0
2026-12-18,120,970.0,CALL,297.0
2026-12-18,120,980.0,CALL,306.0
2026-12-18,120,990.0,CALL,152.0
2026-12-18,120,1000.0,CALL,2881.0
2026-12-18,120,1010.0,CALL,419.0
2026-12-18,120,1020.0,CALL,428.0
2026-12-18,120,1030.0,CALL,348.0
2026-12-18,120,1040.0,CALL,179.0
2026-12-18,120,1050.0,CALL,1337.0
2026-12-18,120,1060.0,CALL,429.0
2026-12-18,120,1070.0,CALL,479.0
2026-12-18,120,1080.0,CALL,320.0
2026-12-18,120,1090.0,CALL,266.0
2026-12-18,120,1100.0,CALL,1529.0
2026-12-18,120,1110.0,CALL,152.0
2026-12-18,120,1120.0,CALL,177.0
2026-12-18,120,1130.0,CALL,225.0
2026-12-18,120,1140.0,CALL,289.0
2026-12-18,120,1150.0,CALL,609.0
2026-12-18,120,1160.0,CALL,151.0
2026-12-18,120,1170.0,CALL,381.0
2026-12-18,120,1180.0,CALL,672.0
2026-12-18,120,1190.0,CALL,88.0
2026-12-18,120,1200.0,CALL,2777.0
2026-12-18,120,1210.0,CALL,202.0
2026-12-18,120,1220.0,CALL,588.0
2026-12-18,120,1230.0,CALL,234.0
2026-12-18,120,1240.0,CALL,162.0
2026-12-18,120,1250.0,CALL,892.0
2026-12-18,120,1260.0,CALL,563.0
2026-12-18,120,1270.0,CALL,389.0
2026-12-18,120,1280.0,CALL,248.0
2026-12-18,120,1290.0,CALL,258.0
2026-12-18,120,1300.0,CALL,1479.0
2026-12-18,120,1310.0,CALL,431.0
2026-12-18,120,1320.0,CALL,470.0
2026-12-18,120,1330.0,CALL,1024.0
2026-12-18,120,1340.0,CALL,712.0
2026-12-18,120,1350.0,CALL,356.0
2026-12-18,120,1360.0,CALL,498.0
2026-12-18,120,1370.0,CALL,110.0
2026-12-18,120,1380.0,CALL,308.0
2026-12-18,120,1390.0,CALL,462.0
2026-12-18,120,1400.0,CALL,1930.0
2026-12-18,120,1410.0,CALL,163.0
2026-12-18,120,1420.0,CALL,1825.0
2026-12-18,120,1430.0,CALL,74.0
2026-12-18,120,1440.0,CALL,184.0
2026-12-18,120,1450.0,CALL,607.0
2026-12-18,120,1460.0,CALL,584.0
2026-12-18,120,1470.0,CALL,163.0
2026-12-18,120,1480.0,CALL,319.0
2026-12-18,120,1490.0,CALL,196.0
2026-12-18,120,1500.0,CALL,1726.0
2026-12-18,120,1510.0,CALL,414.0
2026-12-18,120,1520.0,CALL,415.0
2026-12-18,120,1530.0,CALL,443.0
2026-12-18,120,1540.0,CALL,651.0
2026-12-18,120,1550.0,CALL,781.0
2026-12-18,120,1560.0,CALL,258.0
2026-12-18,120,1570.0,CALL,480.0
2026-12-18,120,1580.0,CALL,174.0
2026-12-18,120,1590.0,CALL,154.0
2026-12-18,120,1600.0,CALL,1594.0
2026-12-18,120,1610.0,CALL,981.0
2026-12-18,120,1620.0,CALL,617.0
2026-12-18,120,1630.0,CALL,581.0
2026-12-18,120,1640.0,CALL,131.0
2026-12-18,120,1650.0,CALL,157.0
2026-12-18,120,1660.0,CALL,165.0
2026-12-18,120,1670.0,CALL,88.0
2026-12-18,120,1680.0,CALL,239.0
2026-12-18,120,1690.0,CALL,127.0
2026-12-18,120,1700.0,CALL,460.0
2026-12-18,120,1710.0,CALL,226.0
2026-12-18,120,1720.0,CALL,41.0
2026-12-18,120,1730.0,CALL,223.0
2026-12-18,120,1740.0,CALL,134.0
2026-12-18,120,1750.0,CALL,496.0
2026-12-18,120,1760.0,CALL,190.0
2026-12-18,120,1770.0,CALL,154.0
2026-12-18,120,1780.0,CALL,91.0
2026-12-18,120,1790.0,CALL,282.0
2026-12-18,120,1800.0,CALL,474.0
2026-12-18,120,1810.0,CALL,235.0
2026-12-18,120,1820.0,CALL,878.0
2026-12-18,120,1830.0,CALL,1152.0
2026-12-18,120,1840.0,CALL,281.0
2026-12-18,120,1850.0,CALL,99.0
2026-12-18,120,1860.0,CALL,454.0
2026-12-18,120,1870.0,CALL,293.0
2026-12-18,120,1880.0,CALL,325.0
2026-12-18,120,1890.0,CALL,158.0
2026-12-18,120,1900.0,CALL,389.0
2026-12-18,120,1910.0,CALL,370.0
2026-12-18,120,1920.0,CALL,253.0
2026-12-18,120,1930.0,CALL,602.0
2026-12-18,120,1940.0,CALL,391.0
2026-12-18,120,1950.0,CALL,255.0
2026-12-18,120,1960.0,CALL,243.0
2026-12-18,120,1970.0,CALL,587.0
2026-12-18,120,1980.0,CALL,242.0
2026-12-18,120,1990.0,CALL,131.0
2026-12-18,120,2000.0,CALL,709.0
2026-12-18,120,2010.0,CALL,81.0
2026-12-18,120,2020.0,CALL,153.0
2026-12-18,120,2030.0,CALL,163.0
2026-12-18,120,2040.0,CALL,208.0
2026-12-18,120,2050.0,CALL,73.0
2026-12-18,120,2060.0,CALL,52.0
2026-12-18,120,2070.0,CALL,237.0
2026-12-18,120,2080.0,CALL,79.0
2026-12-18,120,2090.0,CALL,278.0
2026-12-18,120,2100.0,CALL,627.0
2026-12-18,120,2110.0,CALL,151.0
2026-12-18,120,2120.0,CALL,185.0
2026-12-18,120,2130.0,CALL,132.0
2026-12-18,120,2140.0,CALL,260.0
2026-12-18,120,2150.0,CALL,158.0
2026-12-18,120,2160.0,CALL,274.0
2026-12-18,120,2170.0,CALL,638.0
2026-12-18,120,2180.0,CALL,121.0
2026-12-18,120,2190.0,CALL,152.0
2026-12-18,120,2200.0,CALL,655.0
2026-12-18,120,2210.0,CALL,15.0
2026-12-18,120,2220.0,CALL,131.0
2026-12-18,120,2230.0,CALL,100.0
2026-12-18,120,2240.0,CALL,27.0
2026-12-18,120,2250.0,CALL,90.0
2026-12-18,120,2260.0,CALL,140.0
2026-12-18,120,2270.0,CALL,172.0
2026-12-18,120,2280.0,CALL,134.0
2026-12-18,120,2290.0,CALL,119.0
2026-12-18,120,2300.0,CALL,63.0
2026-12-18,120,2310.0,CALL,68.0
2026-12-18,120,2320.0,CALL,66.0
2026-12-18,120,2330.0,CALL,17.0
2026-12-18,120,2340.0,CALL,157.0
2026-12-18,120,2350.0,CALL,46.0
2026-12-18,120,2360.0,CALL,295.0
2026-12-18,120,2370.0,CALL,202.0
2026-12-18,120,2380.0,CALL,69.0
2026-12-18,120,2390.0,CALL,128.0
2026-12-18,120,2400.0,CALL,172.0
2026-12-18,120,2410.0,CALL,140.0
2026-12-18,120,2420.0,CALL,414.0
2026-12-18,120,2440.0,CALL,113.0
2026-12-18,120,2460.0,CALL,251.0
2026-12-18,120,2480.0,CALL,129.0
2026-12-18,120,2500.0,CALL,2925.0
2026-12-18,120,5.0,PUT,75.0
2026-12-18,120,10.0,PUT,141.0
2026-12-18,120,15.0,PUT,97.0
2026-12-18,120,20.0,PUT,27.0
2026-12-18,120,25.0,PUT,37.0
2026-12-18,120,30.0,PUT,1432.0
2026-12-18,120,35.0,PUT,3349.0
2026-12-18,120,40.0,PUT,1052.0
2026-12-18,120,45.0,PUT,3277.0
2026-12-18,120,47.5,PUT,2273.0
2026-12-18,120,50.0,PUT,1128.0
2026-12-18,120,55.0,PUT,3905.0
2026-12-18,120,60.0,PUT,4345.0
2026-12-18,120,65.0,PUT,1279.0
2026-12-18,120,70.0,PUT,4242.0
2026-12-18,120,75.0,PUT,3040.0
2026-12-18,120,80.0,PUT,4331.0
2026-12-18,120,85.0,PUT,4997.0
2026-12-18,120,87.5,PUT,2211.0
2026-12-18,120,90.0,PUT,2487.0
2026-12-18,120,92.5,PUT,276.0
2026-12-18,120,95.0,PUT,1177.0
2026-12-18,120,97.5,PUT,193.0
2026-12-18,120,100.0,PUT,2401.0
2026-12-18,120,105.0,PUT,754.0
2026-12-18,120,110.0,PUT,1213.0
2026-12-18,120,115.0,PUT,1150.0
2026-12-18,120,120.0,PUT,1063.0
2026-12-18,120,125.0,PUT,2188.0
2026-12-18,120,130.0,PUT,1252.0
2026-12-18,120,135.0,PUT,407.0
2026-12-18,120,140.0,PUT,906.0
2026-12-18,120,145.0,PUT,248.0
2026-12-18,120,150.0,PUT,1269.0
2026-12-18,120,155.0,PUT,315.0
2026-12-18,120,160.0,PUT,1124.0
2026-12-18,120,165.0,PUT,449.0
2026-12-18,120,170.0,PUT,812.0
2026-12-18,120,175.0,PUT,342.0
2026-12-18,120,180.0,PUT,780.0
2026-12-18,120,185.0,PUT,233.0
2026-12-18,120,190.0,PUT,1447.0
2026-12-18,120,195.0,PUT,1033.0
2026-12-18,120,200.0,PUT,2233.0
2026-12-18,120,210.0,PUT,2666.0
2026-12-18,120,220.0,PUT,1769.0
2026-12-18,120,230.0,PUT,625.0
2026-12-18,120,240.0,PUT,1554.0
2026-12-18,120,250.0,PUT,1914.0
2026-12-18,120,260.0,PUT,372.0
2026-12-18,120,270.0,PUT,1535.0
2026-12-18,120,280.0,PUT,3193.0
2026-12-18,120,290.0,PUT,635.0
2026-12-18,120,300.0,PUT,3105.0
2026-12-18,120,310.0,PUT,2713.0
2026-12-18,120,320.0,PUT,437.0
2026-12-18,120,330.0,PUT,757.0
2026-12-18,120,340.0,PUT,799.0
2026-12-18,120,350.0,PUT,2486.0
2026-12-18,120,360.0,PUT,10857.0
2026-12-18,120,370.0,PUT,5433.0
2026-12-18,120,380.0,PUT,6702.0
2026-12-18,120,390.0,PUT,2242.0
2026-12-18,120,400.0,PUT,5563.0
2026-12-18,120,410.0,PUT,1075.0
2026-12-18,120,420.0,PUT,4006.0
2026-12-18,120,430.0,PUT,611.0
2026-12-18,120,440.0,PUT,1117.0
2026-12-18,120,450.0,PUT,1158.0
2026-12-18,120,460.0,PUT,456.0
2026-12-18,120,470.0,PUT,652.0
2026-12-18,120,480.0,PUT,1596.0
2026-12-18,120,490.0,PUT,1517.0
2026-12-18,120,500.0,PUT,3577.0
2026-12-18,120,510.0,PUT,397.0
2026-12-18,120,520.0,PUT,347.0
2026-12-18,120,530.0,PUT,1194.0
2026-12-18,120,540.0,PUT,423.0
2026-12-18,120,550.0,PUT,4173.0
2026-12-18,120,560.0,PUT,708.0
2026-12-18,120,570.0,PUT,375.0
2026-12-18,120,580.0,PUT,3469.0
2026-12-18,120,590.0,PUT,408.0
2026-12-18,120,600.0,PUT,5191.0
2026-12-18,120,610.0,PUT,436.0
2026-12-18,120,620.0,PUT,761.0
2026-12-18,120,630.0,PUT,466.0
2026-12-18,120,640.0,PUT,388.0
2026-12-18,120,650.0,PUT,3176.0
2026-12-18,120,660.0,PUT,705.0
2026-12-18,120,670.0,PUT,296.0
2026-12-18,120,680.0,PUT,376.0
2026-12-18,120,690.0,PUT,234.0
2026-12-18,120,700.0,PUT,3357.0
2026-12-18,120,710.0,PUT,662.0
2026-12-18,120,720.0,PUT,402.0
2026-12-18,120,730.0,PUT,498.0
2026-12-18,120,740.0,PUT,439.0
2026-12-18,120,750.0,PUT,2333.0
2026-12-18,120,760.0,PUT,1061.0
2026-12-18,120,770.0,PUT,258.0
2026-12-18,120,780.0,PUT,492.0
2026-12-18,120,790.0,PUT,693.0
2026-12-18,120,800.0,PUT,3269.0
2026-12-18,120,810.0,PUT,278.0
2026-12-18,120,820.0,PUT,557.0
2026-12-18,120,830.0,PUT,296.0
2026-12-18,120,840.0,PUT,407.0
2026-12-18,120,850.0,PUT,1410.0
2026-12-18,120,860.0,PUT,588.0
2026-12-18,120,870.0,PUT,684.0
2026-12-18,120,880.0,PUT,446.0
2026-12-18,120,890.0,PUT,567.0
2026-12-18,120,900.0,PUT,1685.0
2026-12-18,120,910.0,PUT,526.0
2026-12-18,120,920.0,PUT,279.0
2026-12-18,120,930.0,PUT,977.0
2026-12-18,120,940.0,PUT,401.0
2026-12-18,120,950.0,PUT,834.0
2026-12-18,120,960.0,PUT,266.0
2026-12-18,120,970.0,PUT,111.0
2026-12-18,120,980.0,PUT,547.0
2026-12-18,120,990.0,PUT,197.0
2026-12-18,120,1000.0,PUT,881.0
2026-12-18,120,1010.0,PUT,157.0
2026-12-18,120,1020.0,PUT,127.0
2026-12-18,120,1030.0,PUT,135.0
2026-12-18,120,1040.0,PUT,82.0
2026-12-18,120,1050.0,PUT,207.0
2026-12-18,120,1060.0,PUT,159.0
2026-12-18,120,1070.0,PUT,141.0
2026-12-18,120,1080.0,PUT,122.0
2026-12-18,120,1090.0,PUT,202.0
2026-12-18,120,1100.0,PUT,290.0
2026-12-18,120,1110.0,PUT,113.0
2026-12-18,120,1120.0,PUT,47.0
2026-12-18,120,1130.0,PUT,36.0
2026-12-18,120,1140.0,PUT,35.0
2026-12-18,120,1150.0,PUT,293.0
2026-12-18,120,1160.0,PUT,48.0
2026-12-18,120,1170.0,PUT,56.0
2026-12-18,120,1180.0,PUT,117.0
2026-12-18,120,1190.0,PUT,46.0
2026-12-18,120,1200.0,PUT,229.0
2026-12-18,120,1210.0,PUT,27.0
2026-12-18,120,1220.0,PUT,36.0
2026-12-18,120,1230.0,PUT,13.0
2026-12-18,120,1240.0,PUT,10.0
2026-12-18,120,1250.0,PUT,46.0
2026-12-18,120,1260.0,PUT,17.0
2026-12-18,120,1270.0,PUT,111.0
2026-12-18,120,1280.0,PUT,85.0
2026-12-18,120,1290.0,PUT,75.0
2026-12-18,120,1300.0,PUT,101.0
2026-12-18,120,1310.0,PUT,9.0
2026-12-18,120,1320.0,PUT,115.0
2026-12-18,120,1330.0,PUT,57.0
2026-12-18,120,1340.0,PUT,113.0
2026-12-18,120,1350.0,PUT,118.0
2026-12-18,120,1360.0,PUT,68.0
2026-12-18,120,1370.0,PUT,9.0
2026-12-18,120,1380.0,PUT,24.0
2026-12-18,120,1390.0,PUT,24.0
2026-12-18,120,1400.0,PUT,41.0
2026-12-18,120,1410.0,PUT,6.0
2026-12-18,120,1420.0,PUT,15.0
2026-12-18,120,1430.0,PUT,9.0
2026-12-18,120,1440.0,PUT,10.0
2026-12-18,120,1450.0,PUT,7.0
2026-12-18,120,1460.0,PUT,6.0
2026-12-18,120,1470.0,PUT,5.0
2026-12-18,120,1480.0,PUT,5.0
2026-12-18,120,1490.0,PUT,32.0
2026-12-18,120,1500.0,PUT,62.0
2026-12-18,120,1510.0,PUT,9.0
2026-12-18,120,1520.0,PUT,1.0
2026-12-18,120,1530.0,PUT,69.0
2026-12-18,120,1540.0,PUT,2.0
2026-12-18,120,1550.0,PUT,70.0
2026-12-18,120,1560.0,PUT,7.0
2026-12-18,120,1580.0,PUT,1.0
2026-12-18,120,1600.0,PUT,18.0
2026-12-18,120,1610.0,PUT,17.0
2026-12-18,120,1620.0,PUT,72.0
2026-12-18,120,1630.0,PUT,11.0
2026-12-18,120,1640.0,PUT,41.0
2026-12-18,120,1660.0,PUT,6.0
2026-12-18,120,1680.0,PUT,2.0
2026-12-18,120,1700.0,PUT,5.0
2026-12-18,120,1710.0,PUT,2.0
2026-12-18,120,1720.0,PUT,1.0
2026-12-18,120,1750.0,PUT,2.0
2026-12-18,120,1760.0,PUT,1.0
2026-12-18,120,1770.0,PUT,11.0
2026-12-18,120,1780.0,PUT,2.0
2026-12-18,120,1790.0,PUT,0.0
2026-12-18,120,1800.0,PUT,8.0
2026-12-18,120,1820.0,PUT,0.0
2026-12-18,120,1830.0,PUT,144.0
2026-12-18,120,1840.0,PUT,7.0
2026-12-18,120,1850.0,PUT,24.0
2026-12-18,120,1860.0,PUT,3.0
2026-12-18,120,1880.0,PUT,11.0
2026-12-18,120,1890.0,PUT,60.0
2026-12-18,120,1900.0,PUT,20.0
2026-12-18,120,1910.0,PUT,0.0
2026-12-18,120,1920.0,PUT,10.0
2026-12-18,120,1930.0,PUT,2.0
2026-12-18,120,1940.0,PUT,1.0
2026-12-18,120,1950.0,PUT,8.0
2026-12-18,120,1960.0,PUT,1.0
2026-12-18,120,1980.0,PUT,1.0
2026-12-18,120,2000.0,PUT,19.0
2026-12-18,120,2010.0,PUT,0.0
2026-12-18,120,2030.0,PUT,0.0
2026-12-18,120,2070.0,PUT,0.0
2026-12-18,120,2090.0,PUT,1.0
2026-12-18,120,2100.0,PUT,0.0
2026-12-18,120,2120.0,PUT,0.0
2026-12-18,120,2150.0,PUT,1.0
2026-12-18,120,2170.0,PUT,0.0
2026-12-18,120,2180.0,PUT,0.0
2026-12-18,120,2220.0,PUT,5.0
2026-12-18,120,2240.0,PUT,0.0
2026-12-18,120,2260.0,PUT,1.0
2026-12-18,120,2270.0,PUT,1.0
2026-12-18,120,2320.0,PUT,0.0
2026-12-18,120,2380.0,PUT,0.0
2026-12-18,120,2400.0,PUT,0.0
2026-12-18,120,2410.0,PUT,0.0
2026-12-18,120,2420.0,PUT,0.0
2026-12-18,120,2480.0,PUT,0.0
2026-12-18,120,2500.0,PUT,0.0
2027-01-15,148,35.0,CALL,119.0
2027-01-15,148,40.0,CALL,116.0
2027-01-15,148,45.0,CALL,178.0
2027-01-15,148,50.0,CALL,333.0
2027-01-15,148,55.0,CALL,105.0
2027-01-15,148,60.0,CALL,241.0
2027-01-15,148,65.0,CALL,0.0
2027-01-15,148,70.0,CALL,351.0
2027-01-15,148,75.0,CALL,335.0
2027-01-15,148,80.0,CALL,1725.0
2027-01-15,148,85.0,CALL,1292.0
2027-01-15,148,90.0,CALL,4466.0
2027-01-15,148,95.0,CALL,587.0
2027-01-15,148,100.0,CALL,656.0
2027-01-15,148,105.0,CALL,395.0
2027-01-15,148,110.0,CALL,1833.0
2027-01-15,148,115.0,CALL,366.0
2027-01-15,148,120.0,CALL,600.0
2027-01-15,148,125.0,CALL,412.0
2027-01-15,148,130.0,CALL,636.0
2027-01-15,148,135.0,CALL,493.0
2027-01-15,148,140.0,CALL,2531.0
2027-01-15,148,145.0,CALL,370.0
2027-01-15,148,150.0,CALL,2084.0
2027-01-15,148,155.0,CALL,359.0
2027-01-15,148,160.0,CALL,2297.0
2027-01-15,148,165.0,CALL,873.0
2027-01-15,148,170.0,CALL,983.0
2027-01-15,148,175.0,CALL,637.0
2027-01-15,148,180.0,CALL,795.0
2027-01-15,148,185.0,CALL,316.0
2027-01-15,148,190.0,CALL,1292.0
2027-01-15,148,195.0,CALL,998.0
2027-01-15,148,200.0,CALL,1433.0
2027-01-15,148,210.0,CALL,541.0
2027-01-15,148,220.0,CALL,3882.0
2027-01-15,148,230.0,CALL,962.0
2027-01-15,148,240.0,CALL,1011.0
2027-01-15,148,250.0,CALL,532.0
2027-01-15,148,260.0,CALL,417.0
2027-01-15,148,270.0,CALL,426.0
2027-01-15,148,280.0,CALL,251.0
2027-01-15,148,290.0,CALL,348.0
2027-01-15,148,300.0,CALL,1384.0
2027-01-15,148,310.0,CALL,736.0
2027-01-15,148,320.0,CALL,1956.0
2027-01-15,148,330.0,CALL,1633.0
2027-01-15,148,340.0,CALL,784.0
2027-01-15,148,350.0,CALL,2282.0
2027-01-15,148,360.0,CALL,618.0
2027-01-15,148,370.0,CALL,347.0
2027-01-15,148,380.0,CALL,733.0
2027-01-15,148,390.0,CALL,410.0
2027-01-15,148,400.0,CALL,1683.0
2027-01-15,148,410.0,CALL,606.0
2027-01-15,148,420.0,CALL,770.0
2027-01-15,148,430.0,CALL,963.0
2027-01-15,148,440.0,CALL,946.0
2027-01-15,148,450.0,CALL,3909.0
2027-01-15,148,460.0,CALL,557.0
2027-01-15,148,470.0,CALL,484.0
2027-01-15,148,480.0,CALL,1444.0
2027-01-15,148,490.0,CALL,1360.0
2027-01-15,148,500.0,CALL,5848.0
2027-01-15,148,510.0,CALL,1166.0
2027-01-15,148,520.0,CALL,1316.0
2027-01-15,148,530.0,CALL,571.0
2027-01-15,148,540.0,CALL,514.0
2027-01-15,148,550.0,CALL,3501.0
2027-01-15,148,560.0,CALL,509.0
2027-01-15,148,570.0,CALL,578.0
2027-01-15,148,580.0,CALL,1371.0
2027-01-15,148,590.0,CALL,361.0
2027-01-15,148,600.0,CALL,4870.0
2027-01-15,148,610.0,CALL,986.0
2027-01-15,148,620.0,CALL,1190.0
2027-01-15,148,630.0,CALL,1584.0
2027-01-15,148,640.0,CALL,550.0
2027-01-15,148,650.0,CALL,3648.0
2027-01-15,148,660.0,CALL,1258.0
2027-01-15,148,670.0,CALL,293.0
2027-01-15,148,680.0,CALL,1330.0
2027-01-15,148,690.0,CALL,1491.0
2027-01-15,148,700.0,CALL,4925.0
2027-01-15,148,710.0,CALL,1224.0
2027-01-15,148,720.0,CALL,1135.0
2027-01-15,148,730.0,CALL,261.0
2027-01-15,148,740.0,CALL,3992.0
2027-01-15,148,750.0,CALL,3686.0
2027-01-15,148,760.0,CALL,387.0
2027-01-15,148,770.0,CALL,298.0
2027-01-15,148,780.0,CALL,790.0
2027-01-15,148,790.0,CALL,892.0
2027-01-15,148,800.0,CALL,4615.0
2027-01-15,148,810.0,CALL,571.0
2027-01-15,148,820.0,CALL,519.0
2027-01-15,148,830.0,CALL,676.0
2027-01-15,148,840.0,CALL,1286.0
2027-01-15,148,850.0,CALL,3042.0
2027-01-15,148,860.0,CALL,442.0
2027-01-15,148,870.0,CALL,659.0
2027-01-15,148,880.0,CALL,618.0
2027-01-15,148,890.0,CALL,373.0
2027-01-15,148,900.0,CALL,6485.0
2027-01-15,148,910.0,CALL,1975.0
2027-01-15,148,920.0,CALL,172.0
2027-01-15,148,930.0,CALL,250.0
2027-01-15,148,940.0,CALL,396.0
2027-01-15,148,950.0,CALL,4282.0
2027-01-15,148,960.0,CALL,484.0
2027-01-15,148,970.0,CALL,386.0
2027-01-15,148,980.0,CALL,367.0
2027-01-15,148,990.0,CALL,214.0
2027-01-15,148,1000.0,CALL,6182.0
2027-01-15,148,1010.0,CALL,411.0
2027-01-15,148,1020.0,CALL,469.0
2027-01-15,148,1030.0,CALL,503.0
2027-01-15,148,1040.0,CALL,767.0
2027-01-15,148,1050.0,CALL,1891.0
2027-01-15,148,1060.0,CALL,830.0
2027-01-15,148,1070.0,CALL,208.0
2027-01-15,148,1080.0,CALL,964.0
2027-01-15,148,1090.0,CALL,897.0
2027-01-15,148,1100.0,CALL,3014.0
2027-01-15,148,1110.0,CALL,473.0
2027-01-15,148,1120.0,CALL,438.0
2027-01-15,148,1130.0,CALL,292.0
2027-01-15,148,1140.0,CALL,337.0
2027-01-15,148,1150.0,CALL,4314.0
2027-01-15,148,1160.0,CALL,453.0
2027-01-15,148,1170.0,CALL,449.0
2027-01-15,148,1180.0,CALL,959.0
2027-01-15,148,1190.0,CALL,366.0
2027-01-15,148,1200.0,CALL,4245.0
2027-01-15,148,1210.0,CALL,465.0
2027-01-15,148,1220.0,CALL,782.0
2027-01-15,148,1230.0,CALL,292.0
2027-01-15,148,1240.0,CALL,450.0
2027-01-15,148,1250.0,CALL,1422.0
2027-01-15,148,1260.0,CALL,415.0
2027-01-15,148,1270.0,CALL,131.0
2027-01-15,148,1280.0,CALL,616.0
2027-01-15,148,1290.0,CALL,199.0
2027-01-15,148,1300.0,CALL,8107.0
2027-01-15,148,1310.0,CALL,314.0
2027-01-15,148,1320.0,CALL,443.0
2027-01-15,148,1330.0,CALL,194.0
2027-01-15,148,1340.0,CALL,1550.0
2027-01-15,148,1350.0,CALL,1302.0
2027-01-15,148,1360.0,CALL,687.0
2027-01-15,148,1370.0,CALL,277.0
2027-01-15,148,1380.0,CALL,783.0
2027-01-15,148,1390.0,CALL,359.0
2027-01-15,148,1400.0,CALL,4726.0
2027-01-15,148,1410.0,CALL,371.0
2027-01-15,148,1420.0,CALL,606.0
2027-01-15,148,1430.0,CALL,199.0
2027-01-15,148,1440.0,CALL,376.0
2027-01-15,148,1450.0,CALL,281.0
2027-01-15,148,1460.0,CALL,182.0
2027-01-15,148,1470.0,CALL,445.0
2027-01-15,148,1480.0,CALL,582.0
2027-01-15,148,1490.0,CALL,313.0
2027-01-15,148,1500.0,CALL,4356.0
2027-01-15,148,1510.0,CALL,136.0
2027-01-15,148,1520.0,CALL,275.0
2027-01-15,148,1530.0,CALL,117.0
2027-01-15,148,1540.0,CALL,367.0
2027-01-15,148,1550.0,CALL,711.0
2027-01-15,148,1560.0,CALL,547.0
2027-01-15,148,1570.0,CALL,512.0
2027-01-15,148,1580.0,CALL,347.0
2027-01-15,148,1590.0,CALL,465.0
2027-01-15,148,1600.0,CALL,1967.0
2027-01-15,148,1610.0,CALL,595.0
2027-01-15,148,1620.0,CALL,430.0
2027-01-15,148,1630.0,CALL,811.0
2027-01-15,148,1640.0,CALL,189.0
2027-01-15,148,1650.0,CALL,397.0
2027-01-15,148,1660.0,CALL,261.0
2027-01-15,148,1670.0,CALL,230.0
2027-01-15,148,1680.0,CALL,134.0
2027-01-15,148,1690.0,CALL,198.0
2027-01-15,148,1700.0,CALL,1402.0
2027-01-15,148,1710.0,CALL,312.0
2027-01-15,148,1720.0,CALL,98.0
2027-01-15,148,1730.0,CALL,202.0
2027-01-15,148,1740.0,CALL,164.0
2027-01-15,148,1750.0,CALL,960.0
2027-01-15,148,1760.0,CALL,183.0
2027-01-15,148,1770.0,CALL,306.0
2027-01-15,148,1780.0,CALL,136.0
2027-01-15,148,1790.0,CALL,241.0
2027-01-15,148,1800.0,CALL,695.0
2027-01-15,148,1810.0,CALL,592.0
2027-01-15,148,1820.0,CALL,247.0
2027-01-15,148,1830.0,CALL,1089.0
2027-01-15,148,1840.0,CALL,133.0
2027-01-15,148,1850.0,CALL,274.0
2027-01-15,148,1860.0,CALL,95.0
2027-01-15,148,1870.0,CALL,83.0
2027-01-15,148,1880.0,CALL,55.0
2027-01-15,148,1890.0,CALL,49.0
2027-01-15,148,1900.0,CALL,1387.0
2027-01-15,148,1910.0,CALL,693.0
2027-01-15,148,1920.0,CALL,223.0
2027-01-15,148,1930.0,CALL,107.0
2027-01-15,148,1940.0,CALL,100.0
2027-01-15,148,1950.0,CALL,940.0
2027-01-15,148,1960.0,CALL,241.0
2027-01-15,148,1970.0,CALL,126.0
2027-01-15,148,1980.0,CALL,240.0
2027-01-15,148,1990.0,CALL,210.0
2027-01-15,148,2000.0,CALL,2461.0
2027-01-15,148,2010.0,CALL,98.0
2027-01-15,148,2020.0,CALL,290.0
2027-01-15,148,2030.0,CALL,172.0
2027-01-15,148,2040.0,CALL,86.0
2027-01-15,148,2050.0,CALL,718.0
2027-01-15,148,2060.0,CALL,82.0
2027-01-15,148,2070.0,CALL,149.0
2027-01-15,148,2080.0,CALL,168.0
2027-01-15,148,2090.0,CALL,227.0
2027-01-15,148,2100.0,CALL,527.0
2027-01-15,148,2110.0,CALL,177.0
2027-01-15,148,2120.0,CALL,135.0
2027-01-15,148,2130.0,CALL,89.0
2027-01-15,148,2140.0,CALL,55.0
2027-01-15,148,2150.0,CALL,320.0
2027-01-15,148,2160.0,CALL,171.0
2027-01-15,148,2170.0,CALL,1480.0
2027-01-15,148,2180.0,CALL,69.0
2027-01-15,148,2190.0,CALL,91.0
2027-01-15,148,2200.0,CALL,401.0
2027-01-15,148,2210.0,CALL,125.0
2027-01-15,148,2220.0,CALL,86.0
2027-01-15,148,2230.0,CALL,9.0
2027-01-15,148,2240.0,CALL,39.0
2027-01-15,148,2250.0,CALL,228.0
2027-01-15,148,2260.0,CALL,86.0
2027-01-15,148,2270.0,CALL,93.0
2027-01-15,148,2280.0,CALL,27.0
2027-01-15,148,2290.0,CALL,178.0
2027-01-15,148,2300.0,CALL,92.0
2027-01-15,148,2310.0,CALL,83.0
2027-01-15,148,2320.0,CALL,108.0
2027-01-15,148,2330.0,CALL,29.0
2027-01-15,148,2340.0,CALL,25.0
2027-01-15,148,2350.0,CALL,66.0
2027-01-15,148,2360.0,CALL,71.0
2027-01-15,148,2370.0,CALL,99.0
2027-01-15,148,2380.0,CALL,162.0
2027-01-15,148,2390.0,CALL,236.0
2027-01-15,148,2400.0,CALL,801.0
2027-01-15,148,2410.0,CALL,108.0
2027-01-15,148,2420.0,CALL,391.0
2027-01-15,148,2440.0,CALL,222.0
2027-01-15,148,2460.0,CALL,183.0
2027-01-15,148,2480.0,CALL,213.0
2027-01-15,148,2500.0,CALL,2607.0
2027-01-15,148,35.0,PUT,2235.0
2027-01-15,148,40.0,PUT,3966.0
2027-01-15,148,45.0,PUT,3500.0
2027-01-15,148,50.0,PUT,2204.0
2027-01-15,148,55.0,PUT,2777.0
2027-01-15,148,60.0,PUT,6064.0
2027-01-15,148,65.0,PUT,3003.0
2027-01-15,148,70.0,PUT,5708.0
2027-01-15,148,75.0,PUT,6534.0
2027-01-15,148,80.0,PUT,7881.0
2027-01-15,148,85.0,PUT,2898.0
2027-01-15,148,90.0,PUT,4202.0
2027-01-15,148,95.0,PUT,2545.0
2027-01-15,148,100.0,PUT,2828.0
2027-01-15,148,105.0,PUT,1345.0
2027-01-15,148,110.0,PUT,3282.0
2027-01-15,148,115.0,PUT,1649.0
2027-01-15,148,120.0,PUT,1919.0
2027-01-15,148,125.0,PUT,1211.0
2027-01-15,148,130.0,PUT,6034.0
2027-01-15,148,135.0,PUT,721.0
2027-01-15,148,140.0,PUT,961.0
2027-01-15,148,145.0,PUT,580.0
2027-01-15,148,150.0,PUT,3863.0
2027-01-15,148,155.0,PUT,344.0
2027-01-15,148,160.0,PUT,2597.0
2027-01-15,148,165.0,PUT,286.0
2027-01-15,148,170.0,PUT,1017.0
2027-01-15,148,175.0,PUT,586.0
2027-01-15,148,180.0,PUT,1438.0
2027-01-15,148,185.0,PUT,438.0
2027-01-15,148,190.0,PUT,608.0
2027-01-15,148,195.0,PUT,469.0
2027-01-15,148,200.0,PUT,3486.0
2027-01-15,148,210.0,PUT,900.0
2027-01-15,148,220.0,PUT,1515.0
2027-01-15,148,230.0,PUT,1696.0
2027-01-15,148,240.0,PUT,1861.0
2027-01-15,148,250.0,PUT,3927.0
2027-01-15,148,260.0,PUT,1704.0
2027-01-15,148,270.0,PUT,1500.0
2027-01-15,148,280.0,PUT,1607.0
2027-01-15,148,290.0,PUT,924.0
2027-01-15,148,300.0,PUT,7753.0
2027-01-15,148,310.0,PUT,986.0
2027-01-15,148,320.0,PUT,2690.0
2027-01-15,148,330.0,PUT,2159.0
2027-01-15,148,340.0,PUT,1882.0
2027-01-15,148,350.0,PUT,3847.0
2027-01-15,148,360.0,PUT,4312.0
2027-01-15,148,370.0,PUT,1478.0
2027-01-15,148,380.0,PUT,2222.0
2027-01-15,148,390.0,PUT,1951.0
2027-01-15,148,400.0,PUT,4775.0
2027-01-15,148,410.0,PUT,947.0
2027-01-15,148,420.0,PUT,1063.0
2027-01-15,148,430.0,PUT,2412.0
2027-01-15,148,440.0,PUT,995.0
2027-01-15,148,450.0,PUT,2803.0
2027-01-15,148,460.0,PUT,1338.0
2027-01-15,148,470.0,PUT,1706.0
2027-01-15,148,480.0,PUT,1254.0
2027-01-15,148,490.0,PUT,1363.0
2027-01-15,148,500.0,PUT,4133.0
2027-01-15,148,510.0,PUT,1037.0
2027-01-15,148,520.0,PUT,987.0
2027-01-15,148,530.0,PUT,566.0
2027-01-15,148,540.0,PUT,770.0
2027-01-15,148,550.0,PUT,4319.0
2027-01-15,148,560.0,PUT,501.0
2027-01-15,148,570.0,PUT,441.0
2027-01-15,148,580.0,PUT,777.0
2027-01-15,148,590.0,PUT,931.0
2027-01-15,148,600.0,PUT,3584.0
2027-01-15,148,610.0,PUT,642.0
2027-01-15,148,620.0,PUT,1687.0
2027-01-15,148,630.0,PUT,489.0
2027-01-15,148,640.0,PUT,436.0
2027-01-15,148,650.0,PUT,4178.0
2027-01-15,148,660.0,PUT,303.0
2027-01-15,148,670.0,PUT,357.0
2027-01-15,148,680.0,PUT,703.0
2027-01-15,148,690.0,PUT,887.0
2027-01-15,148,700.0,PUT,5668.0
2027-01-15,148,710.0,PUT,556.0
2027-01-15,148,720.0,PUT,1977.0
2027-01-15,148,730.0,PUT,603.0
2027-01-15,148,740.0,PUT,237.0
2027-01-15,148,750.0,PUT,3325.0
2027-01-15,148,760.0,PUT,488.0
2027-01-15,148,770.0,PUT,445.0
2027-01-15,148,780.0,PUT,744.0
2027-01-15,148,790.0,PUT,594.0
2027-01-15,148,800.0,PUT,4022.0
2027-01-15,148,810.0,PUT,255.0
2027-01-15,148,820.0,PUT,328.0
2027-01-15,148,830.0,PUT,877.0
2027-01-15,148,840.0,PUT,491.0
2027-01-15,148,850.0,PUT,3468.0
2027-01-15,148,860.0,PUT,319.0
2027-01-15,148,870.0,PUT,1412.0
2027-01-15,148,880.0,PUT,245.0
2027-01-15,148,890.0,PUT,597.0
2027-01-15,148,900.0,PUT,2338.0
2027-01-15,148,910.0,PUT,231.0
2027-01-15,148,920.0,PUT,1258.0
2027-01-15,148,930.0,PUT,219.0
2027-01-15,148,940.0,PUT,446.0
2027-01-15,148,950.0,PUT,1869.0
2027-01-15,148,960.0,PUT,372.0
2027-01-15,148,970.0,PUT,235.0
2027-01-15,148,980.0,PUT,350.0
2027-01-15,148,990.0,PUT,279.0
2027-01-15,148,1000.0,PUT,3393.0
2027-01-15,148,1010.0,PUT,453.0
2027-01-15,148,1020.0,PUT,130.0
2027-01-15,148,1030.0,PUT,202.0
2027-01-15,148,1040.0,PUT,202.0
2027-01-15,148,1050.0,PUT,524.0
2027-01-15,148,1060.0,PUT,666.0
2027-01-15,148,1070.0,PUT,114.0
2027-01-15,148,1080.0,PUT,143.0
2027-01-15,148,1090.0,PUT,81.0
2027-01-15,148,1100.0,PUT,635.0
2027-01-15,148,1110.0,PUT,96.0
2027-01-15,148,1120.0,PUT,156.0
2027-01-15,148,1130.0,PUT,115.0
2027-01-15,148,1140.0,PUT,44.0
2027-01-15,148,1150.0,PUT,140.0
2027-01-15,148,1160.0,PUT,42.0
2027-01-15,148,1170.0,PUT,132.0
2027-01-15,148,1180.0,PUT,55.0
2027-01-15,148,1190.0,PUT,131.0
2027-01-15,148,1200.0,PUT,1041.0
2027-01-15,148,1210.0,PUT,29.0
2027-01-15,148,1220.0,PUT,31.0
2027-01-15,148,1230.0,PUT,23.0
2027-01-15,148,1240.0,PUT,445.0
2027-01-15,148,1250.0,PUT,48.0
2027-01-15,148,1260.0,PUT,70.0
2027-01-15,148,1270.0,PUT,50.0
2027-01-15,148,1280.0,PUT,99.0
2027-01-15,148,1290.0,PUT,24.0
2027-01-15,148,1300.0,PUT,145.0
2027-01-15,148,1310.0,PUT,24.0
2027-01-15,148,1320.0,PUT,42.0
2027-01-15,148,1330.0,PUT,72.0
2027-01-15,148,1340.0,PUT,28.0
2027-01-15,148,1350.0,PUT,20.0
2027-01-15,148,1360.0,PUT,51.0
2027-01-15,148,1370.0,PUT,20.0
2027-01-15,148,1380.0,PUT,79.0
2027-01-15,148,1390.0,PUT,65.0
2027-01-15,148,1400.0,PUT,270.0
2027-01-15,148,1410.0,PUT,94.0
2027-01-15,148,1420.0,PUT,38.0
2027-01-15,148,1430.0,PUT,13.0
2027-01-15,148,1440.0,PUT,71.0
2027-01-15,148,1450.0,PUT,59.0
2027-01-15,148,1460.0,PUT,25.0
2027-01-15,148,1470.0,PUT,57.0
2027-01-15,148,1480.0,PUT,142.0
2027-01-15,148,1490.0,PUT,13.0
2027-01-15,148,1500.0,PUT,401.0
2027-01-15,148,1510.0,PUT,10.0
2027-01-15,148,1520.0,PUT,7.0
2027-01-15,148,1530.0,PUT,2.0
2027-01-15,148,1540.0,PUT,11.0
2027-01-15,148,1550.0,PUT,2.0
2027-01-15,148,1560.0,PUT,3.0
2027-01-15,148,1570.0,PUT,2.0
2027-01-15,148,1580.0,PUT,1.0
2027-01-15,148,1590.0,PUT,2.0
2027-01-15,148,1600.0,PUT,18.0
2027-01-15,148,1610.0,PUT,4.0
2027-01-15,148,1620.0,PUT,6.0
2027-01-15,148,1630.0,PUT,91.0
2027-01-15,148,1640.0,PUT,25.0
2027-01-15,148,1650.0,PUT,2.0
2027-01-15,148,1660.0,PUT,6.0
2027-01-15,148,1670.0,PUT,0.0
2027-01-15,148,1680.0,PUT,14.0
2027-01-15,148,1690.0,PUT,0.0
2027-01-15,148,1700.0,PUT,24.0
2027-01-15,148,1710.0,PUT,0.0
2027-01-15,148,1720.0,PUT,7.0
2027-01-15,148,1730.0,PUT,1.0
2027-01-15,148,1740.0,PUT,3.0
2027-01-15,148,1750.0,PUT,4.0
2027-01-15,148,1760.0,PUT,33.0
2027-01-15,148,1770.0,PUT,1.0
2027-01-15,148,1780.0,PUT,1.0
2027-01-15,148,1790.0,PUT,7.0
2027-01-15,148,1800.0,PUT,12.0
2027-01-15,148,1810.0,PUT,4.0
2027-01-15,148,1820.0,PUT,5.0
2027-01-15,148,1830.0,PUT,52.0
2027-01-15,148,1840.0,PUT,10.0
2027-01-15,148,1850.0,PUT,1.0
2027-01-15,148,1880.0,PUT,1.0
2027-01-15,148,1900.0,PUT,6.0
2027-01-15,148,1910.0,PUT,7.0
2027-01-15,148,1920.0,PUT,2.0
2027-01-15,148,1930.0,PUT,2.0
2027-01-15,148,1940.0,PUT,3.0
2027-01-15,148,1950.0,PUT,2.0
2027-01-15,148,1960.0,PUT,11.0
2027-01-15,148,1970.0,PUT,1.0
2027-01-15,148,1980.0,PUT,1.0
2027-01-15,148,1990.0,PUT,3.0
2027-01-15,148,2000.0,PUT,15.0
2027-01-15,148,2010.0,PUT,4.0
2027-01-15,148,2020.0,PUT,3.0
2027-01-15,148,2030.0,PUT,1.0
2027-01-15,148,2050.0,PUT,3.0
2027-01-15,148,2060.0,PUT,1.0
2027-01-15,148,2080.0,PUT,1.0
2027-01-15,148,2090.0,PUT,4.0
2027-01-15,148,2100.0,PUT,13.0
2027-01-15,148,2110.0,PUT,1.0
2027-01-15,148,2120.0,PUT,4.0
2027-01-15,148,2130.0,PUT,0.0
2027-01-15,148,2140.0,PUT,17.0
2027-01-15,148,2150.0,PUT,2.0
2027-01-15,148,2160.0,PUT,39.0
2027-01-15,148,2170.0,PUT,21.0
2027-01-15,148,2190.0,PUT,10.0
2027-01-15,148,2200.0,PUT,2.0
2027-01-15,148,2210.0,PUT,6.0
2027-01-15,148,2220.0,PUT,1.0
2027-01-15,148,2230.0,PUT,0.0
2027-01-15,148,2270.0,PUT,0.0
2027-01-15,148,2280.0,PUT,0.0
2027-01-15,148,2290.0,PUT,8.0
2027-01-15,148,2300.0,PUT,7.0
2027-01-15,148,2310.0,PUT,0.0
2027-01-15,148,2320.0,PUT,0.0
2027-01-15,148,2350.0,PUT,0.0
2027-01-15,148,2360.0,PUT,0.0
2027-01-15,148,2370.0,PUT,0.0
2027-01-15,148,2380.0,PUT,0.0
2027-01-15,148,2390.0,PUT,0.0
2027-01-15,148,2400.0,PUT,0.0
2027-01-15,148,2410.0,PUT,0.0
2027-01-15,148,2420.0,PUT,0.0
2027-01-15,148,2440.0,PUT,0.0
2027-01-15,148,2460.0,PUT,0.0
2027-01-15,148,2480.0,PUT,0.0
2027-01-15,148,2500.0,PUT,0.0
