expiration,DTE,strike,option_type,openInterest
2026-08-17,0,470.0,CALL,2.0
2026-08-17,0,480.0,CALL,1.0
2026-08-17,0,500.0,CALL,37.0
2026-08-17,0,520.0,CALL,1.0
2026-08-17,0,525.0,CALL,1.0
2026-08-17,0,600.0,CALL,1.0
2026-08-17,0,610.0,CALL,1.0
2026-08-17,0,635.0,CALL,1.0
2026-08-17,0,650.0,CALL,2.0
2026-08-17,0,655.0,CALL,2.0
2026-08-17,0,700.0,CALL,6.0
2026-08-17,0,720.0,CALL,3.0
2026-08-17,0,722.5,CALL,2.0
2026-08-17,0,725.0,CALL,3.0
2026-08-17,0,747.5,CALL,1.0
2026-08-17,0,750.0,CALL,32.0
2026-08-17,0,755.0,CALL,2.0
2026-08-17,0,760.0,CALL,13.0
2026-08-17,0,765.0,CALL,2.0
2026-08-17,0,770.0,CALL,1.0
2026-08-17,0,780.0,CALL,3.0
2026-08-17,0,785.0,CALL,3.0
2026-08-17,0,790.0,CALL,19.0
2026-08-17,0,795.0,CALL,6.0
2026-08-17,0,800.0,CALL,125.0
2026-08-17,0,805.0,CALL,25.0
2026-08-17,0,810.0,CALL,28.0
2026-08-17,0,815.0,CALL,4.0
2026-08-17,0,820.0,CALL,18.0
2026-08-17,0,825.0,CALL,40.0
2026-08-17,0,830.0,CALL,25.0
2026-08-17,0,835.0,CALL,3.0
2026-08-17,0,840.0,CALL,23.0
2026-08-17,0,845.0,CALL,57.0
2026-08-17,0,850.0,CALL,225.0
2026-08-17,0,855.0,CALL,60.0
2026-08-17,0,860.0,CALL,325.0
2026-08-17,0,865.0,CALL,3943.0
2026-08-17,0,870.0,CALL,1577.0
2026-08-17,0,875.0,CALL,146.0
2026-08-17,0,880.0,CALL,81.0
2026-08-17,0,885.0,CALL,178.0
2026-08-17,0,890.0,CALL,208.0
2026-08-17,0,895.0,CALL,63.0
2026-08-17,0,900.0,CALL,654.0
2026-08-17,0,905.0,CALL,72.0
2026-08-17,0,910.0,CALL,265.0
2026-08-17,0,915.0,CALL,1394.0
2026-08-17,0,920.0,CALL,361.0
2026-08-17,0,925.0,CALL,187.0
2026-08-17,0,930.0,CALL,1200.0
2026-08-17,0,935.0,CALL,545.0
2026-08-17,0,940.0,CALL,629.0
2026-08-17,0,945.0,CALL,73.0
2026-08-17,0,950.0,CALL,1053.0
2026-08-17,0,955.0,CALL,1791.0
2026-08-17,0,960.0,CALL,1667.0
2026-08-17,0,965.0,CALL,405.0
2026-08-17,0,970.0,CALL,1006.0
2026-08-17,0,975.0,CALL,1014.0
2026-08-17,0,980.0,CALL,1476.0
2026-08-17,0,985.0,CALL,432.0
2026-08-17,0,990.0,CALL,784.0
2026-08-17,0,995.0,CALL,592.0
2026-08-17,0,1000.0,CALL,4614.0
2026-08-17,0,1005.0,CALL,2596.0
2026-08-17,0,1010.0,CALL,1226.0
2026-08-17,0,1015.0,CALL,1639.0
2026-08-17,0,1020.0,CALL,1608.0
2026-08-17,0,1025.0,CALL,1397.0
2026-08-17,0,1030.0,CALL,738.0
2026-08-17,0,1035.0,CALL,236.0
2026-08-17,0,1040.0,CALL,391.0
2026-08-17,0,1045.0,CALL,287.0
2026-08-17,0,1050.0,CALL,4897.0
2026-08-17,0,1055.0,CALL,295.0
2026-08-17,0,1060.0,CALL,394.0
2026-08-17,0,1065.0,CALL,343.0
2026-08-17,0,1070.0,CALL,390.0
2026-08-17,0,1075.0,CALL,315.0
2026-08-17,0,1080.0,CALL,234.0
2026-08-17,0,1085.0,CALL,88.0
2026-08-17,0,1090.0,CALL,112.0
2026-08-17,0,1095.0,CALL,47.0
2026-08-17,0,1100.0,CALL,2842.0
2026-08-17,0,1105.0,CALL,127.0
2026-08-17,0,1110.0,CALL,138.0
2026-08-17,0,1115.0,CALL,90.0
2026-08-17,0,1120.0,CALL,168.0
2026-08-17,0,1125.0,CALL,48.0
2026-08-17,0,1130.0,CALL,60.0
2026-08-17,0,1135.0,CALL,53.0
2026-08-17,0,1140.0,CALL,23.0
2026-08-17,0,1145.0,CALL,35.0
2026-08-17,0,1150.0,CALL,129.0
2026-08-17,0,1155.0,CALL,44.0
2026-08-17,0,1160.0,CALL,49.0
2026-08-17,0,1165.0,CALL,15.0
2026-08-17,0,1170.0,CALL,6.0
2026-08-17,0,1175.0,CALL,15.0
2026-08-17,0,1180.0,CALL,68.0
2026-08-17,0,1185.0,CALL,58.0
2026-08-17,0,1190.0,CALL,89.0
2026-08-17,0,1195.0,CALL,33.0
2026-08-17,0,1200.0,CALL,345.0
2026-08-17,0,1205.0,CALL,94.0
2026-08-17,0,1210.0,CALL,26.0
2026-08-17,0,1215.0,CALL,5.0
2026-08-17,0,1220.0,CALL,104.0
2026-08-17,0,1225.0,CALL,7.0
2026-08-17,0,1230.0,CALL,8.0
2026-08-17,0,1235.0,CALL,11.0
2026-08-17,0,1240.0,CALL,9.0
2026-08-17,0,1250.0,CALL,83.0
2026-08-17,0,1260.0,CALL,102.0
2026-08-17,0,1270.0,CALL,5.0
2026-08-17,0,1280.0,CALL,24.0
2026-08-17,0,1290.0,CALL,1.0
2026-08-17,0,1300.0,CALL,207.0
2026-08-17,0,1310.0,CALL,77.0
2026-08-17,0,1320.0,CALL,31.0
2026-08-17,0,1330.0,CALL,51.0
2026-08-17,0,1340.0,CALL,10.0
2026-08-17,0,1350.0,CALL,41.0
2026-08-17,0,1360.0,CALL,6.0
2026-08-17,0,1370.0,CALL,40.0
2026-08-17,0,450.0,PUT,22.0
2026-08-17,0,455.0,PUT,6.0
2026-08-17,0,460.0,PUT,10.0
2026-08-17,0,475.0,PUT,6.0
2026-08-17,0,480.0,PUT,6.0
2026-08-17,0,485.0,PUT,1.0
2026-08-17,0,500.0,PUT,3.0
2026-08-17,0,510.0,PUT,20.0
2026-08-17,0,515.0,PUT,1.0
2026-08-17,0,560.0,PUT,1.0
2026-08-17,0,570.0,PUT,12.0
2026-08-17,0,575.0,PUT,1.0
2026-08-17,0,585.0,PUT,25.0
2026-08-17,0,590.0,PUT,41.0
2026-08-17,0,600.0,PUT,297.0
2026-08-17,0,605.0,PUT,7.0
2026-08-17,0,615.0,PUT,1.0
2026-08-17,0,617.5,PUT,1.0
2026-08-17,0,622.5,PUT,1.0
2026-08-17,0,625.0,PUT,2.0
2026-08-17,0,627.5,PUT,6.0
2026-08-17,0,630.0,PUT,10.0
2026-08-17,0,635.0,PUT,11.0
2026-08-17,0,637.5,PUT,2.0
2026-08-17,0,640.0,PUT,13.0
2026-08-17,0,645.0,PUT,4.0
2026-08-17,0,647.5,PUT,47.0
2026-08-17,0,650.0,PUT,69.0
2026-08-17,0,652.5,PUT,38.0
2026-08-17,0,655.0,PUT,10.0
2026-08-17,0,657.5,PUT,12.0
2026-08-17,0,660.0,PUT,3.0
2026-08-17,0,662.5,PUT,46.0
2026-08-17,0,665.0,PUT,27.0
2026-08-17,0,667.5,PUT,1.0
2026-08-17,0,670.0,PUT,4.0
2026-08-17,0,672.5,PUT,1.0
2026-08-17,0,675.0,PUT,62.0
2026-08-17,0,677.5,PUT,3.0
2026-08-17,0,680.0,PUT,11.0
2026-08-17,0,682.5,PUT,15.0
2026-08-17,0,685.0,PUT,36.0
2026-08-17,0,687.5,PUT,12.0
2026-08-17,0,690.0,PUT,16.0
2026-08-17,0,692.5,PUT,6.0
2026-08-17,0,695.0,PUT,13.0
2026-08-17,0,697.5,PUT,16.0
2026-08-17,0,700.0,PUT,220.0
2026-08-17,0,702.5,PUT,12.0
2026-08-17,0,705.0,PUT,138.0
2026-08-17,0,707.5,PUT,44.0
2026-08-17,0,710.0,PUT,37.0
2026-08-17,0,712.5,PUT,8.0
2026-08-17,0,715.0,PUT,15.0
2026-08-17,0,717.5,PUT,8.0
2026-08-17,0,720.0,PUT,127.0
2026-08-17,0,722.5,PUT,23.0
2026-08-17,0,725.0,PUT,261.0
2026-08-17,0,727.5,PUT,9.0
2026-08-17,0,730.0,PUT,108.0
2026-08-17,0,732.5,PUT,46.0
2026-08-17,0,735.0,PUT,153.0
2026-08-17,0,737.5,PUT,9.0
2026-08-17,0,740.0,PUT,75.0
2026-08-17,0,742.5,PUT,57.0
2026-08-17,0,745.0,PUT,98.0
2026-08-17,0,747.5,PUT,28.0
2026-08-17,0,750.0,PUT,457.0
2026-08-17,0,755.0,PUT,593.0
2026-08-17,0,760.0,PUT,278.0
2026-08-17,0,765.0,PUT,46.0
2026-08-17,0,770.0,PUT,216.0
2026-08-17,0,775.0,PUT,341.0
2026-08-17,0,780.0,PUT,491.0
2026-08-17,0,785.0,PUT,186.0
2026-08-17,0,790.0,PUT,934.0
2026-08-17,0,795.0,PUT,167.0
2026-08-17,0,800.0,PUT,689.0
2026-08-17,0,805.0,PUT,110.0
2026-08-17,0,810.0,PUT,123.0
2026-08-17,0,815.0,PUT,239.0
2026-08-17,0,820.0,PUT,129.0
2026-08-17,0,825.0,PUT,586.0
2026-08-17,0,830.0,PUT,189.0
2026-08-17,0,835.0,PUT,438.0
2026-08-17,0,840.0,PUT,199.0
2026-08-17,0,845.0,PUT,226.0
2026-08-17,0,850.0,PUT,633.0
2026-08-17,0,855.0,PUT,287.0
2026-08-17,0,860.0,PUT,483.0
2026-08-17,0,865.0,PUT,543.0
2026-08-17,0,870.0,PUT,626.0
2026-08-17,0,875.0,PUT,641.0
2026-08-17,0,880.0,PUT,497.0
2026-08-17,0,885.0,PUT,560.0
2026-08-17,0,890.0,PUT,439.0
2026-08-17,0,895.0,PUT,497.0
2026-08-17,0,900.0,PUT,1873.0
2026-08-17,0,905.0,PUT,1097.0
2026-08-17,0,910.0,PUT,881.0
2026-08-17,0,915.0,PUT,478.0
2026-08-17,0,920.0,PUT,441.0
2026-08-17,0,925.0,PUT,1119.0
2026-08-17,0,930.0,PUT,1137.0
2026-08-17,0,935.0,PUT,852.0
2026-08-17,0,940.0,PUT,534.0
2026-08-17,0,945.0,PUT,214.0
2026-08-17,0,950.0,PUT,1453.0
2026-08-17,0,955.0,PUT,1163.0
2026-08-17,0,960.0,PUT,1039.0
2026-08-17,0,965.0,PUT,1614.0
2026-08-17,0,970.0,PUT,348.0
2026-08-17,0,975.0,PUT,254.0
2026-08-17,0,980.0,PUT,635.0
2026-08-17,0,985.0,PUT,125.0
2026-08-17,0,990.0,PUT,69.0
2026-08-17,0,995.0,PUT,7.0
2026-08-17,0,1000.0,PUT,50.0
2026-08-17,0,1005.0,PUT,25.0
2026-08-17,0,1010.0,PUT,14.0
2026-08-17,0,1015.0,PUT,27.0
2026-08-17,0,1020.0,PUT,8.0
2026-08-17,0,1025.0,PUT,8.0
2026-08-17,0,1040.0,PUT,2.0
2026-08-17,0,1050.0,PUT,19.0
2026-08-17,0,1055.0,PUT,2.0
2026-08-17,0,1070.0,PUT,3.0
2026-08-17,0,1075.0,PUT,1.0
2026-08-17,0,1085.0,PUT,2.0
2026-08-17,0,1090.0,PUT,3.0
2026-08-17,0,1100.0,PUT,2.0
2026-08-17,0,1115.0,PUT,0.0
2026-08-17,0,1130.0,PUT,1.0
2026-08-17,0,1370.0,PUT,0.0
2026-08-19,2,400.0,CALL,1.0
2026-08-19,2,610.0,CALL,2.0
2026-08-19,2,700.0,CALL,1.0
2026-08-19,2,710.0,CALL,2.0
2026-08-19,2,720.0,CALL,1.0
2026-08-19,2,725.0,CALL,6.0
2026-08-19,2,730.0,CALL,43.0
2026-08-19,2,742.5,CALL,1.0
2026-08-19,2,750.0,CALL,6.0
2026-08-19,2,755.0,CALL,1.0
2026-08-19,2,760.0,CALL,1.0
2026-08-19,2,770.0,CALL,3.0
2026-08-19,2,775.0,CALL,1.0
2026-08-19,2,785.0,CALL,1.0
2026-08-19,2,790.0,CALL,10.0
2026-08-19,2,795.0,CALL,30.0
2026-08-19,2,800.0,CALL,65.0
2026-08-19,2,805.0,CALL,6.0
2026-08-19,2,810.0,CALL,2.0
2026-08-19,2,820.0,CALL,4.0
2026-08-19,2,825.0,CALL,6.0
2026-08-19,2,830.0,CALL,3.0
2026-08-19,2,835.0,CALL,14.0
2026-08-19,2,840.0,CALL,8.0
2026-08-19,2,845.0,CALL,13.0
2026-08-19,2,850.0,CALL,55.0
2026-08-19,2,855.0,CALL,23.0
2026-08-19,2,860.0,CALL,41.0
2026-08-19,2,865.0,CALL,32.0
2026-08-19,2,870.0,CALL,61.0
2026-08-19,2,875.0,CALL,43.0
2026-08-19,2,880.0,CALL,78.0
2026-08-19,2,885.0,CALL,40.0
2026-08-19,2,890.0,CALL,45.0
2026-08-19,2,895.0,CALL,55.0
2026-08-19,2,900.0,CALL,174.0
2026-08-19,2,905.0,CALL,63.0
2026-08-19,2,910.0,CALL,87.0
2026-08-19,2,915.0,CALL,32.0
2026-08-19,2,920.0,CALL,85.0
2026-08-19,2,925.0,CALL,236.0
2026-08-19,2,930.0,CALL,122.0
2026-08-19,2,935.0,CALL,90.0
2026-08-19,2,940.0,CALL,68.0
2026-08-19,2,945.0,CALL,101.0
2026-08-19,2,950.0,CALL,265.0
2026-08-19,2,955.0,CALL,143.0
2026-08-19,2,960.0,CALL,199.0
2026-08-19,2,965.0,CALL,552.0
2026-08-19,2,970.0,CALL,497.0
2026-08-19,2,975.0,CALL,346.0
2026-08-19,2,980.0,CALL,1519.0
2026-08-19,2,985.0,CALL,119.0
2026-08-19,2,990.0,CALL,285.0
2026-08-19,2,995.0,CALL,172.0
2026-08-19,2,1000.0,CALL,1785.0
2026-08-19,2,1005.0,CALL,70.0
2026-08-19,2,1010.0,CALL,171.0
2026-08-19,2,1015.0,CALL,363.0
2026-08-19,2,1020.0,CALL,181.0
2026-08-19,2,1025.0,CALL,187.0
2026-08-19,2,1030.0,CALL,85.0
2026-08-19,2,1035.0,CALL,78.0
2026-08-19,2,1040.0,CALL,307.0
2026-08-19,2,1045.0,CALL,99.0
2026-08-19,2,1050.0,CALL,738.0
2026-08-19,2,1055.0,CALL,175.0
2026-08-19,2,1060.0,CALL,118.0
2026-08-19,2,1065.0,CALL,47.0
2026-08-19,2,1070.0,CALL,79.0
2026-08-19,2,1075.0,CALL,110.0
2026-08-19,2,1080.0,CALL,131.0
2026-08-19,2,1085.0,CALL,117.0
2026-08-19,2,1090.0,CALL,40.0
2026-08-19,2,1095.0,CALL,38.0
2026-08-19,2,1100.0,CALL,686.0
2026-08-19,2,1105.0,CALL,26.0
2026-08-19,2,1110.0,CALL,174.0
2026-08-19,2,1115.0,CALL,55.0
2026-08-19,2,1120.0,CALL,71.0
2026-08-19,2,1125.0,CALL,139.0
2026-08-19,2,1130.0,CALL,37.0
2026-08-19,2,1135.0,CALL,43.0
2026-08-19,2,1140.0,CALL,67.0
2026-08-19,2,1145.0,CALL,40.0
2026-08-19,2,1150.0,CALL,590.0
2026-08-19,2,1155.0,CALL,35.0
2026-08-19,2,1160.0,CALL,29.0
2026-08-19,2,1165.0,CALL,38.0
2026-08-19,2,1170.0,CALL,32.0
2026-08-19,2,1175.0,CALL,32.0
2026-08-19,2,1180.0,CALL,11.0
2026-08-19,2,1185.0,CALL,57.0
2026-08-19,2,1190.0,CALL,16.0
2026-08-19,2,1195.0,CALL,3.0
2026-08-19,2,1200.0,CALL,123.0
2026-08-19,2,1205.0,CALL,47.0
2026-08-19,2,1210.0,CALL,15.0
2026-08-19,2,1215.0,CALL,125.0
2026-08-19,2,1220.0,CALL,30.0
2026-08-19,2,1225.0,CALL,13.0
2026-08-19,2,1230.0,CALL,169.0
2026-08-19,2,1235.0,CALL,110.0
2026-08-19,2,1240.0,CALL,1.0
2026-08-19,2,1250.0,CALL,6.0
2026-08-19,2,1260.0,CALL,9.0
2026-08-19,2,1270.0,CALL,5.0
2026-08-19,2,1280.0,CALL,17.0
2026-08-19,2,1290.0,CALL,47.0
2026-08-19,2,1300.0,CALL,9.0
2026-08-19,2,1310.0,CALL,59.0
2026-08-19,2,1320.0,CALL,41.0
2026-08-19,2,1330.0,CALL,29.0
2026-08-19,2,1340.0,CALL,61.0
2026-08-19,2,1350.0,CALL,108.0
2026-08-19,2,1360.0,CALL,38.0
2026-08-19,2,1370.0,CALL,6.0
2026-08-19,2,400.0,PUT,13.0
2026-08-19,2,405.0,PUT,11.0
2026-08-19,2,440.0,PUT,6.0
2026-08-19,2,465.0,PUT,1.0
2026-08-19,2,500.0,PUT,11.0
2026-08-19,2,535.0,PUT,10.0
2026-08-19,2,560.0,PUT,1.0
2026-08-19,2,570.0,PUT,18.0
2026-08-19,2,580.0,PUT,11.0
2026-08-19,2,585.0,PUT,92.0
2026-08-19,2,590.0,PUT,18.0
2026-08-19,2,595.0,PUT,47.0
2026-08-19,2,600.0,PUT,55.0
2026-08-19,2,605.0,PUT,32.0
2026-08-19,2,610.0,PUT,102.0
2026-08-19,2,615.0,PUT,26.0
2026-08-19,2,620.0,PUT,28.0
2026-08-19,2,622.5,PUT,12.0
2026-08-19,2,625.0,PUT,22.0
2026-08-19,2,627.5,PUT,41.0
2026-08-19,2,630.0,PUT,10.0
2026-08-19,2,632.5,PUT,2.0
2026-08-19,2,637.5,PUT,11.0
2026-08-19,2,640.0,PUT,22.0
2026-08-19,2,642.5,PUT,2.0
2026-08-19,2,645.0,PUT,3.0
2026-08-19,2,647.5,PUT,1.0
2026-08-19,2,650.0,PUT,73.0
2026-08-19,2,652.5,PUT,2.0
2026-08-19,2,655.0,PUT,47.0
2026-08-19,2,657.5,PUT,50.0
2026-08-19,2,660.0,PUT,10.0
2026-08-19,2,662.5,PUT,5.0
2026-08-19,2,665.0,PUT,14.0
2026-08-19,2,667.5,PUT,5.0
2026-08-19,2,670.0,PUT,11.0
2026-08-19,2,672.5,PUT,6.0
2026-08-19,2,675.0,PUT,121.0
2026-08-19,2,677.5,PUT,128.0
2026-08-19,2,680.0,PUT,16.0
2026-08-19,2,682.5,PUT,2.0
2026-08-19,2,685.0,PUT,8.0
2026-08-19,2,687.5,PUT,23.0
2026-08-19,2,690.0,PUT,52.0
2026-08-19,2,692.5,PUT,24.0
2026-08-19,2,695.0,PUT,33.0
2026-08-19,2,697.5,PUT,23.0
2026-08-19,2,700.0,PUT,130.0
2026-08-19,2,702.5,PUT,13.0
2026-08-19,2,705.0,PUT,24.0
2026-08-19,2,707.5,PUT,30.0
2026-08-19,2,710.0,PUT,34.0
2026-08-19,2,712.5,PUT,110.0
2026-08-19,2,715.0,PUT,110.0
2026-08-19,2,717.5,PUT,3.0
2026-08-19,2,720.0,PUT,119.0
2026-08-19,2,722.5,PUT,42.0
2026-08-19,2,725.0,PUT,118.0
2026-08-19,2,727.5,PUT,41.0
2026-08-19,2,730.0,PUT,54.0
2026-08-19,2,732.5,PUT,27.0
2026-08-19,2,735.0,PUT,26.0
2026-08-19,2,737.5,PUT,21.0
2026-08-19,2,740.0,PUT,31.0
2026-08-19,2,742.5,PUT,44.0
2026-08-19,2,745.0,PUT,26.0
2026-08-19,2,747.5,PUT,44.0
2026-08-19,2,750.0,PUT,94.0
2026-08-19,2,755.0,PUT,28.0
2026-08-19,2,760.0,PUT,33.0
2026-08-19,2,765.0,PUT,82.0
2026-08-19,2,770.0,PUT,89.0
2026-08-19,2,775.0,PUT,80.0
2026-08-19,2,780.0,PUT,42.0
2026-08-19,2,785.0,PUT,28.0
2026-08-19,2,790.0,PUT,100.0
2026-08-19,2,795.0,PUT,52.0
2026-08-19,2,800.0,PUT,240.0
2026-08-19,2,805.0,PUT,74.0
2026-08-19,2,810.0,PUT,44.0
2026-08-19,2,815.0,PUT,153.0
2026-08-19,2,820.0,PUT,127.0
2026-08-19,2,825.0,PUT,188.0
2026-08-19,2,830.0,PUT,85.0
2026-08-19,2,835.0,PUT,846.0
2026-08-19,2,840.0,PUT,45.0
2026-08-19,2,845.0,PUT,51.0
2026-08-19,2,850.0,PUT,402.0
2026-08-19,2,855.0,PUT,42.0
2026-08-19,2,860.0,PUT,175.0
2026-08-19,2,865.0,PUT,96.0
2026-08-19,2,870.0,PUT,327.0
2026-08-19,2,875.0,PUT,167.0
2026-08-19,2,880.0,PUT,191.0
2026-08-19,2,885.0,PUT,79.0
2026-08-19,2,890.0,PUT,137.0
2026-08-19,2,895.0,PUT,474.0
2026-08-19,2,900.0,PUT,241.0
2026-08-19,2,905.0,PUT,88.0
2026-08-19,2,910.0,PUT,130.0
2026-08-19,2,915.0,PUT,242.0
2026-08-19,2,920.0,PUT,147.0
2026-08-19,2,925.0,PUT,150.0
2026-08-19,2,930.0,PUT,121.0
2026-08-19,2,935.0,PUT,247.0
2026-08-19,2,940.0,PUT,131.0
2026-08-19,2,945.0,PUT,89.0
2026-08-19,2,950.0,PUT,230.0
2026-08-19,2,955.0,PUT,94.0
2026-08-19,2,960.0,PUT,99.0
2026-08-19,2,965.0,PUT,46.0
2026-08-19,2,970.0,PUT,65.0
2026-08-19,2,975.0,PUT,352.0
2026-08-19,2,980.0,PUT,51.0
2026-08-19,2,985.0,PUT,18.0
2026-08-19,2,990.0,PUT,16.0
2026-08-19,2,995.0,PUT,3.0
2026-08-19,2,1000.0,PUT,24.0
2026-08-19,2,1005.0,PUT,6.0
2026-08-19,2,1010.0,PUT,4.0
2026-08-19,2,1015.0,PUT,2.0
2026-08-19,2,1020.0,PUT,1.0
2026-08-19,2,1030.0,PUT,3.0
2026-08-19,2,1040.0,PUT,0.0
2026-08-19,2,1050.0,PUT,5.0
2026-08-19,2,1065.0,PUT,1.0
2026-08-19,2,1070.0,PUT,1.0
2026-08-19,2,1100.0,PUT,3.0
2026-08-19,2,1115.0,PUT,1.0
2026-08-19,2,1120.0,PUT,15.0
2026-08-19,2,1140.0,PUT,1.0
2026-08-19,2,1175.0,PUT,0.0
2026-08-19,2,1370.0,PUT,1.0
2026-08-21,4,5.0,CALL,1360.0
2026-08-21,4,10.0,CALL,20.0
2026-08-21,4,15.0,CALL,4.0
2026-08-21,4,20.0,CALL,4.0
2026-08-21,4,25.0,CALL,9.0
2026-08-21,4,30.0,CALL,4.0
2026-08-21,4,35.0,CALL,3.0
2026-08-21,4,45.0,CALL,29.0
2026-08-21,4,50.0,CALL,1.0
2026-08-21,4,55.0,CALL,1.0
2026-08-21,4,60.0,CALL,143.0
2026-08-21,4,65.0,CALL,25.0
2026-08-21,4,70.0,CALL,9.0
2026-08-21,4,75.0,CALL,14.0
2026-08-21,4,80.0,CALL,18.0
2026-08-21,4,85.0,CALL,35.0
2026-08-21,4,90.0,CALL,22.0
2026-08-21,4,95.0,CALL,24.0
2026-08-21,4,100.0,CALL,47.0
2026-08-21,4,105.0,CALL,7.0
2026-08-21,4,110.0,CALL,61.0
2026-08-21,4,115.0,CALL,65.0
2026-08-21,4,120.0,CALL,845.0
2026-08-21,4,125.0,CALL,129.0
2026-08-21,4,130.0,CALL,87.0
2026-08-21,4,135.0,CALL,78.0
2026-08-21,4,140.0,CALL,56.0
2026-08-21,4,145.0,CALL,49.0
2026-08-21,4,150.0,CALL,82.0
2026-08-21,4,155.0,CALL,81.0
2026-08-21,4,160.0,CALL,100.0
2026-08-21,4,165.0,CALL,85.0
2026-08-21,4,170.0,CALL,123.0
2026-08-21,4,175.0,CALL,0.0
2026-08-21,4,180.0,CALL,257.0
2026-08-21,4,185.0,CALL,73.0
2026-08-21,4,190.0,CALL,108.0
2026-08-21,4,195.0,CALL,148.0
2026-08-21,4,200.0,CALL,137.0
2026-08-21,4,210.0,CALL,191.0
2026-08-21,4,220.0,CALL,138.0
2026-08-21,4,230.0,CALL,364.0
2026-08-21,4,240.0,CALL,215.0
2026-08-21,4,250.0,CALL,570.0
2026-08-21,4,260.0,CALL,673.0
2026-08-21,4,270.0,CALL,259.0
2026-08-21,4,280.0,CALL,374.0
2026-08-21,4,290.0,CALL,168.0
2026-08-21,4,300.0,CALL,439.0
2026-08-21,4,310.0,CALL,395.0
2026-08-21,4,320.0,CALL,218.0
2026-08-21,4,330.0,CALL,196.0
2026-08-21,4,340.0,CALL,273.0
2026-08-21,4,350.0,CALL,422.0
2026-08-21,4,360.0,CALL,1024.0
2026-08-21,4,370.0,CALL,512.0
2026-08-21,4,380.0,CALL,402.0
2026-08-21,4,390.0,CALL,242.0
2026-08-21,4,400.0,CALL,405.0
2026-08-21,4,410.0,CALL,292.0
2026-08-21,4,420.0,CALL,757.0
2026-08-21,4,430.0,CALL,413.0
2026-08-21,4,440.0,CALL,855.0
2026-08-21,4,450.0,CALL,504.0
2026-08-21,4,460.0,CALL,333.0
2026-08-21,4,470.0,CALL,609.0
2026-08-21,4,480.0,CALL,394.0
2026-08-21,4,490.0,CALL,587.0
2026-08-21,4,500.0,CALL,1571.0
2026-08-21,4,510.0,CALL,1004.0
2026-08-21,4,520.0,CALL,473.0
2026-08-21,4,530.0,CALL,499.0
2026-08-21,4,540.0,CALL,460.0
2026-08-21,4,550.0,CALL,612.0
2026-08-21,4,560.0,CALL,293.0
2026-08-21,4,570.0,CALL,304.0
2026-08-21,4,580.0,CALL,276.0
2026-08-21,4,590.0,CALL,242.0
2026-08-21,4,600.0,CALL,1811.0
2026-08-21,4,610.0,CALL,415.0
2026-08-21,4,620.0,CALL,467.0
2026-08-21,4,630.0,CALL,277.0
2026-08-21,4,640.0,CALL,598.0
2026-08-21,4,650.0,CALL,827.0
2026-08-21,4,660.0,CALL,220.0
2026-08-21,4,670.0,CALL,268.0
2026-08-21,4,680.0,CALL,209.0
2026-08-21,4,690.0,CALL,296.0
2026-08-21,4,700.0,CALL,961.0
2026-08-21,4,710.0,CALL,717.0
2026-08-21,4,720.0,CALL,354.0
2026-08-21,4,730.0,CALL,618.0
2026-08-21,4,740.0,CALL,409.0
2026-08-21,4,750.0,CALL,808.0
2026-08-21,4,760.0,CALL,372.0
2026-08-21,4,765.0,CALL,8.0
2026-08-21,4,770.0,CALL,208.0
2026-08-21,4,775.0,CALL,11.0
2026-08-21,4,780.0,CALL,480.0
2026-08-21,4,785.0,CALL,23.0
2026-08-21,4,790.0,CALL,206.0
2026-08-21,4,795.0,CALL,117.0
2026-08-21,4,800.0,CALL,1585.0
2026-08-21,4,805.0,CALL,144.0
2026-08-21,4,810.0,CALL,399.0
2026-08-21,4,815.0,CALL,104.0
2026-08-21,4,820.0,CALL,739.0
2026-08-21,4,825.0,CALL,68.0
2026-08-21,4,830.0,CALL,722.0
2026-08-21,4,835.0,CALL,173.0
2026-08-21,4,840.0,CALL,597.0
2026-08-21,4,845.0,CALL,146.0
2026-08-21,4,850.0,CALL,1878.0
2026-08-21,4,855.0,CALL,206.0
2026-08-21,4,860.0,CALL,518.0
2026-08-21,4,865.0,CALL,145.0
2026-08-21,4,870.0,CALL,1082.0
2026-08-21,4,875.0,CALL,233.0
2026-08-21,4,880.0,CALL,1473.0
2026-08-21,4,885.0,CALL,179.0
2026-08-21,4,890.0,CALL,1786.0
2026-08-21,4,895.0,CALL,431.0
2026-08-21,4,900.0,CALL,3404.0
2026-08-21,4,905.0,CALL,384.0
2026-08-21,4,910.0,CALL,1440.0
2026-08-21,4,915.0,CALL,517.0
2026-08-21,4,920.0,CALL,1361.0
2026-08-21,4,925.0,CALL,589.0
2026-08-21,4,930.0,CALL,1216.0
2026-08-21,4,935.0,CALL,425.0
2026-08-21,4,940.0,CALL,1139.0
2026-08-21,4,945.0,CALL,493.0
2026-08-21,4,950.0,CALL,5690.0
2026-08-21,4,955.0,CALL,336.0
2026-08-21,4,957.5,CALL,149.0
2026-08-21,4,960.0,CALL,1736.0
2026-08-21,4,962.5,CALL,248.0
2026-08-21,4,965.0,CALL,979.0
2026-08-21,4,970.0,CALL,1506.0
2026-08-21,4,975.0,CALL,727.0
2026-08-21,4,980.0,CALL,5575.0
2026-08-21,4,985.0,CALL,371.0
2026-08-21,4,990.0,CALL,7316.0
2026-08-21,4,995.0,CALL,515.0
2026-08-21,4,1000.0,CALL,10820.0
2026-08-21,4,1005.0,CALL,704.0
2026-08-21,4,1010.0,CALL,1755.0
2026-08-21,4,1020.0,CALL,1562.0
2026-08-21,4,1030.0,CALL,2715.0
2026-08-21,4,1040.0,CALL,1202.0
2026-08-21,4,1050.0,CALL,5129.0
2026-08-21,4,1060.0,CALL,1442.0
2026-08-21,4,1070.0,CALL,1300.0
2026-08-21,4,1080.0,CALL,4897.0
2026-08-21,4,1090.0,CALL,752.0
2026-08-21,4,1100.0,CALL,12106.0
2026-08-21,4,1110.0,CALL,1616.0
2026-08-21,4,1120.0,CALL,1096.0
2026-08-21,4,1130.0,CALL,729.0
2026-08-21,4,1140.0,CALL,659.0
2026-08-21,4,1150.0,CALL,3983.0
2026-08-21,4,1160.0,CALL,563.0
2026-08-21,4,1170.0,CALL,913.0
2026-08-21,4,1180.0,CALL,1016.0
2026-08-21,4,1190.0,CALL,7292.0
2026-08-21,4,1200.0,CALL,8910.0
2026-08-21,4,1210.0,CALL,905.0
2026-08-21,4,1220.0,CALL,634.0
2026-08-21,4,1230.0,CALL,477.0
2026-08-21,4,1240.0,CALL,361.0
2026-08-21,4,1250.0,CALL,2022.0
2026-08-21,4,1260.0,CALL,776.0
2026-08-21,4,1270.0,CALL,817.0
2026-08-21,4,1280.0,CALL,1833.0
2026-08-21,4,1290.0,CALL,387.0
2026-08-21,4,1300.0,CALL,3111.0
2026-08-21,4,1310.0,CALL,350.0
2026-08-21,4,1320.0,CALL,503.0
2026-08-21,4,1330.0,CALL,434.0
2026-08-21,4,1340.0,CALL,341.0
2026-08-21,4,1350.0,CALL,2125.0
2026-08-21,4,1360.0,CALL,417.0
2026-08-21,4,1370.0,CALL,279.0
2026-08-21,4,1380.0,CALL,264.0
2026-08-21,4,1390.0,CALL,228.0
2026-08-21,4,1400.0,CALL,3629.0
2026-08-21,4,1410.0,CALL,292.0
2026-08-21,4,1420.0,CALL,930.0
2026-08-21,4,1430.0,CALL,212.0
2026-08-21,4,1440.0,CALL,476.0
2026-08-21,4,1450.0,CALL,1218.0
2026-08-21,4,1460.0,CALL,190.0
2026-08-21,4,1470.0,CALL,318.0
2026-08-21,4,1480.0,CALL,372.0
2026-08-21,4,1490.0,CALL,467.0
2026-08-21,4,1500.0,CALL,7745.0
2026-08-21,4,1510.0,CALL,385.0
2026-08-21,4,1520.0,CALL,377.0
2026-08-21,4,1530.0,CALL,314.0
2026-08-21,4,1540.0,CALL,212.0
2026-08-21,4,1550.0,CALL,914.0
2026-08-21,4,1560.0,CALL,562.0
2026-08-21,4,1570.0,CALL,882.0
2026-08-21,4,1580.0,CALL,360.0
2026-08-21,4,1590.0,CALL,302.0
2026-08-21,4,1600.0,CALL,3386.0
2026-08-21,4,1610.0,CALL,657.0
2026-08-21,4,1620.0,CALL,391.0
2026-08-21,4,1630.0,CALL,491.0
2026-08-21,4,1640.0,CALL,590.0
2026-08-21,4,1650.0,CALL,627.0
2026-08-21,4,1660.0,CALL,362.0
2026-08-21,4,1670.0,CALL,410.0
2026-08-21,4,1680.0,CALL,1193.0
2026-08-21,4,1690.0,CALL,716.0
2026-08-21,4,1700.0,CALL,2611.0
2026-08-21,4,1710.0,CALL,546.0
2026-08-21,4,1720.0,CALL,289.0
2026-08-21,4,1730.0,CALL,292.0
2026-08-21,4,1740.0,CALL,727.0
2026-08-21,4,1750.0,CALL,1466.0
2026-08-21,4,1760.0,CALL,1468.0
2026-08-21,4,1770.0,CALL,1299.0
2026-08-21,4,1780.0,CALL,1056.0
2026-08-21,4,1790.0,CALL,1172.0
2026-08-21,4,1800.0,CALL,2898.0
2026-08-21,4,1810.0,CALL,762.0
2026-08-21,4,1820.0,CALL,649.0
2026-08-21,4,1830.0,CALL,859.0
2026-08-21,4,1840.0,CALL,468.0
2026-08-21,4,1850.0,CALL,898.0
2026-08-21,4,1860.0,CALL,941.0
2026-08-21,4,1870.0,CALL,723.0
2026-08-21,4,1880.0,CALL,833.0
2026-08-21,4,1890.0,CALL,944.0
2026-08-21,4,1900.0,CALL,1023.0
2026-08-21,4,1910.0,CALL,358.0
2026-08-21,4,1920.0,CALL,607.0
2026-08-21,4,1930.0,CALL,970.0
2026-08-21,4,1940.0,CALL,439.0
2026-08-21,4,1950.0,CALL,539.0
2026-08-21,4,1960.0,CALL,95.0
2026-08-21,4,1970.0,CALL,191.0
2026-08-21,4,1980.0,CALL,372.0
2026-08-21,4,1990.0,CALL,114.0
2026-08-21,4,2000.0,CALL,4793.0
2026-08-21,4,2010.0,CALL,93.0
2026-08-21,4,2020.0,CALL,1230.0
2026-08-21,4,2030.0,CALL,739.0
2026-08-21,4,2040.0,CALL,730.0
2026-08-21,4,2050.0,CALL,571.0
2026-08-21,4,2060.0,CALL,430.0
2026-08-21,4,2070.0,CALL,171.0
2026-08-21,4,2080.0,CALL,116.0
2026-08-21,4,2090.0,CALL,137.0
2026-08-21,4,2100.0,CALL,270.0
2026-08-21,4,2110.0,CALL,320.0
2026-08-21,4,2120.0,CALL,583.0
2026-08-21,4,2130.0,CALL,138.0
2026-08-21,4,2140.0,CALL,238.0
2026-08-21,4,2150.0,CALL,237.0
2026-08-21,4,2160.0,CALL,180.0
2026-08-21,4,2170.0,CALL,923.0
2026-08-21,4,2180.0,CALL,271.0
2026-08-21,4,2190.0,CALL,138.0
2026-08-21,4,2200.0,CALL,1044.0
2026-08-21,4,2210.0,CALL,99.0
2026-08-21,4,2220.0,CALL,136.0
2026-08-21,4,2230.0,CALL,713.0
2026-08-21,4,2240.0,CALL,10.0
2026-08-21,4,2250.0,CALL,488.0
2026-08-21,4,2260.0,CALL,18.0
2026-08-21,4,2270.0,CALL,15.0
2026-08-21,4,2280.0,CALL,13.0
2026-08-21,4,2290.0,CALL,129.0
2026-08-21,4,2300.0,CALL,170.0
2026-08-21,4,2310.0,CALL,278.0
2026-08-21,4,2320.0,CALL,118.0
2026-08-21,4,2330.0,CALL,18.0
2026-08-21,4,2340.0,CALL,52.0
2026-08-21,4,2350.0,CALL,106.0
2026-08-21,4,2360.0,CALL,116.0
2026-08-21,4,2370.0,CALL,113.0
2026-08-21,4,2380.0,CALL,121.0
2026-08-21,4,2390.0,CALL,123.0
2026-08-21,4,2400.0,CALL,511.0
2026-08-21,4,2410.0,CALL,118.0
2026-08-21,4,2420.0,CALL,910.0
2026-08-21,4,2440.0,CALL,320.0
2026-08-21,4,2460.0,CALL,167.0
2026-08-21,4,2480.0,CALL,703.0
2026-08-21,4,2500.0,CALL,2319.0
2026-08-21,4,5.0,PUT,102.0
2026-08-21,4,10.0,PUT,114.0
2026-08-21,4,15.0,PUT,60.0
2026-08-21,4,20.0,PUT,169.0
2026-08-21,4,25.0,PUT,129.0
2026-08-21,4,30.0,PUT,392.0
2026-08-21,4,35.0,PUT,1171.0
2026-08-21,4,40.0,PUT,395.0
2026-08-21,4,45.0,PUT,1333.0
2026-08-21,4,50.0,PUT,667.0
2026-08-21,4,55.0,PUT,1051.0
2026-08-21,4,60.0,PUT,1627.0
2026-08-21,4,65.0,PUT,2970.0
2026-08-21,4,70.0,PUT,640.0
2026-08-21,4,75.0,PUT,864.0
2026-08-21,4,80.0,PUT,1150.0
2026-08-21,4,85.0,PUT,3062.0
2026-08-21,4,90.0,PUT,896.0
2026-08-21,4,95.0,PUT,816.0
2026-08-21,4,100.0,PUT,2341.0
2026-08-21,4,105.0,PUT,1640.0
2026-08-21,4,110.0,PUT,2955.0
2026-08-21,4,115.0,PUT,728.0
2026-08-21,4,120.0,PUT,1256.0
2026-08-21,4,125.0,PUT,1574.0
2026-08-21,4,130.0,PUT,1156.0
2026-08-21,4,135.0,PUT,559.0
2026-08-21,4,140.0,PUT,892.0
2026-08-21,4,145.0,PUT,8811.0
2026-08-21,4,150.0,PUT,10804.0
2026-08-21,4,155.0,PUT,12057.0
2026-08-21,4,160.0,PUT,11293.0
2026-08-21,4,165.0,PUT,2251.0
2026-08-21,4,170.0,PUT,2041.0
2026-08-21,4,175.0,PUT,705.0
2026-08-21,4,180.0,PUT,990.0
2026-08-21,4,185.0,PUT,1848.0
2026-08-21,4,190.0,PUT,1354.0
2026-08-21,4,195.0,PUT,1072.0
2026-08-21,4,200.0,PUT,2896.0
2026-08-21,4,210.0,PUT,497.0
2026-08-21,4,220.0,PUT,1657.0
2026-08-21,4,230.0,PUT,1958.0
2026-08-21,4,240.0,PUT,1595.0
2026-08-21,4,250.0,PUT,3490.0
2026-08-21,4,260.0,PUT,2461.0
2026-08-21,4,270.0,PUT,1993.0
2026-08-21,4,280.0,PUT,3195.0
2026-08-21,4,290.0,PUT,3208.0
2026-08-21,4,300.0,PUT,5415.0
2026-08-21,4,310.0,PUT,2203.0
2026-08-21,4,320.0,PUT,3470.0
2026-08-21,4,330.0,PUT,1220.0
2026-08-21,4,340.0,PUT,1117.0
2026-08-21,4,350.0,PUT,2383.0
2026-08-21,4,360.0,PUT,739.0
2026-08-21,4,370.0,PUT,1758.0
2026-08-21,4,380.0,PUT,1850.0
2026-08-21,4,390.0,PUT,1486.0
2026-08-21,4,400.0,PUT,2964.0
2026-08-21,4,410.0,PUT,1410.0
2026-08-21,4,420.0,PUT,1910.0
2026-08-21,4,430.0,PUT,967.0
2026-08-21,4,440.0,PUT,2361.0
2026-08-21,4,450.0,PUT,5364.0
2026-08-21,4,460.0,PUT,656.0
2026-08-21,4,470.0,PUT,1130.0
2026-08-21,4,480.0,PUT,736.0
2026-08-21,4,490.0,PUT,666.0
2026-08-21,4,500.0,PUT,4368.0
2026-08-21,4,510.0,PUT,735.0
2026-08-21,4,520.0,PUT,1276.0
2026-08-21,4,530.0,PUT,581.0
2026-08-21,4,540.0,PUT,1362.0
2026-08-21,4,550.0,PUT,19507.0
2026-08-21,4,560.0,PUT,518.0
2026-08-21,4,570.0,PUT,769.0
2026-08-21,4,580.0,PUT,475.0
2026-08-21,4,590.0,PUT,995.0
2026-08-21,4,600.0,PUT,11708.0
2026-08-21,4,610.0,PUT,1862.0
2026-08-21,4,620.0,PUT,1927.0
2026-08-21,4,630.0,PUT,2631.0
2026-08-21,4,640.0,PUT,2030.0
2026-08-21,4,650.0,PUT,18683.0
2026-08-21,4,660.0,PUT,1264.0
2026-08-21,4,670.0,PUT,2166.0
2026-08-21,4,680.0,PUT,4620.0
2026-08-21,4,690.0,PUT,1219.0
2026-08-21,4,700.0,PUT,8915.0
2026-08-21,4,710.0,PUT,1157.0
2026-08-21,4,720.0,PUT,3261.0
2026-08-21,4,730.0,PUT,2300.0
2026-08-21,4,740.0,PUT,1396.0
2026-08-21,4,750.0,PUT,5364.0
2026-08-21,4,760.0,PUT,2374.0
2026-08-21,4,765.0,PUT,1057.0
2026-08-21,4,770.0,PUT,1750.0
2026-08-21,4,775.0,PUT,557.0
2026-08-21,4,780.0,PUT,1717.0
2026-08-21,4,785.0,PUT,143.0
2026-08-21,4,790.0,PUT,1187.0
2026-08-21,4,795.0,PUT,370.0
2026-08-21,4,800.0,PUT,7960.0
2026-08-21,4,805.0,PUT,306.0
2026-08-21,4,810.0,PUT,1044.0
2026-08-21,4,815.0,PUT,443.0
2026-08-21,4,820.0,PUT,2070.0
2026-08-21,4,825.0,PUT,1317.0
2026-08-21,4,830.0,PUT,3504.0
2026-08-21,4,835.0,PUT,366.0
2026-08-21,4,840.0,PUT,1931.0
2026-08-21,4,845.0,PUT,732.0
2026-08-21,4,850.0,PUT,5741.0
2026-08-21,4,855.0,PUT,824.0
2026-08-21,4,860.0,PUT,1584.0
2026-08-21,4,865.0,PUT,359.0
2026-08-21,4,870.0,PUT,2110.0
2026-08-21,4,875.0,PUT,793.0
2026-08-21,4,880.0,PUT,2075.0
2026-08-21,4,885.0,PUT,465.0
2026-08-21,4,890.0,PUT,2020.0
2026-08-21,4,895.0,PUT,454.0
2026-08-21,4,900.0,PUT,4722.0
2026-08-21,4,905.0,PUT,327.0
2026-08-21,4,910.0,PUT,1361.0
2026-08-21,4,915.0,PUT,496.0
2026-08-21,4,920.0,PUT,1291.0
2026-08-21,4,925.0,PUT,373.0
2026-08-21,4,930.0,PUT,2238.0
2026-08-21,4,935.0,PUT,310.0
2026-08-21,4,940.0,PUT,856.0
2026-08-21,4,945.0,PUT,188.0
2026-08-21,4,950.0,PUT,3460.0
2026-08-21,4,955.0,PUT,179.0
2026-08-21,4,957.5,PUT,86.0
2026-08-21,4,960.0,PUT,649.0
2026-08-21,4,962.5,PUT,67.0
2026-08-21,4,965.0,PUT,357.0
2026-08-21,4,970.0,PUT,562.0
2026-08-21,4,975.0,PUT,84.0
2026-08-21,4,980.0,PUT,4897.0
2026-08-21,4,985.0,PUT,18.0
2026-08-21,4,990.0,PUT,6709.0
2026-08-21,4,995.0,PUT,30.0
2026-08-21,4,1000.0,PUT,4678.0
2026-08-21,4,1005.0,PUT,33.0
2026-08-21,4,1010.0,PUT,331.0
2026-08-21,4,1020.0,PUT,662.0
2026-08-21,4,1030.0,PUT,433.0
2026-08-21,4,1040.0,PUT,236.0
2026-08-21,4,1050.0,PUT,668.0
2026-08-21,4,1060.0,PUT,139.0
2026-08-21,4,1070.0,PUT,293.0
2026-08-21,4,1080.0,PUT,299.0
2026-08-21,4,1090.0,PUT,329.0
2026-08-21,4,1100.0,PUT,1321.0
2026-08-21,4,1110.0,PUT,172.0
2026-08-21,4,1120.0,PUT,258.0
2026-08-21,4,1130.0,PUT,251.0
2026-08-21,4,1140.0,PUT,164.0
2026-08-21,4,1150.0,PUT,1086.0
2026-08-21,4,1160.0,PUT,176.0
2026-08-21,4,1170.0,PUT,200.0
2026-08-21,4,1180.0,PUT,130.0
2026-08-21,4,1190.0,PUT,11783.0
2026-08-21,4,1200.0,PUT,384.0
2026-08-21,4,1210.0,PUT,11.0
2026-08-21,4,1220.0,PUT,7.0
2026-08-21,4,1230.0,PUT,2.0
2026-08-21,4,1240.0,PUT,0.0
2026-08-21,4,1250.0,PUT,9.0
2026-08-21,4,1260.0,PUT,5.0
2026-08-21,4,1270.0,PUT,3.0
2026-08-21,4,1280.0,PUT,1.0
2026-08-21,4,1290.0,PUT,0.0
2026-08-21,4,1300.0,PUT,0.0
2026-08-21,4,1310.0,PUT,0.0
2026-08-21,4,1320.0,PUT,16.0
2026-08-21,4,1330.0,PUT,0.0
2026-08-21,4,1340.0,PUT,0.0
2026-08-21,4,1350.0,PUT,0.0
2026-08-21,4,1360.0,PUT,0.0
2026-08-21,4,1370.0,PUT,0.0
2026-08-21,4,1380.0,PUT,15.0
2026-08-21,4,1390.0,PUT,0.0
2026-08-21,4,1400.0,PUT,0.0
2026-08-21,4,1410.0,PUT,0.0
2026-08-21,4,1420.0,PUT,0.0
2026-08-21,4,1430.0,PUT,17.0
2026-08-21,4,1440.0,PUT,0.0
2026-08-21,4,1450.0,PUT,0.0
2026-08-21,4,1460.0,PUT,0.0
2026-08-21,4,1470.0,PUT,16.0
2026-08-21,4,1480.0,PUT,10.0
2026-08-21,4,1490.0,PUT,0.0
2026-08-21,4,1500.0,PUT,1.0
2026-08-21,4,1510.0,PUT,0.0
2026-08-21,4,1520.0,PUT,0.0
2026-08-21,4,1530.0,PUT,0.0
2026-08-21,4,1540.0,PUT,4.0
2026-08-21,4,1550.0,PUT,0.0
2026-08-21,4,1560.0,PUT,8.0
2026-08-21,4,1570.0,PUT,1.0
2026-08-21,4,1580.0,PUT,0.0
2026-08-21,4,1590.0,PUT,4.0
2026-08-21,4,1600.0,PUT,0.0
2026-08-21,4,1610.0,PUT,0.0
2026-08-21,4,1620.0,PUT,0.0
2026-08-21,4,1630.0,PUT,0.0
2026-08-21,4,1640.0,PUT,0.0
2026-08-21,4,1650.0,PUT,0.0
2026-08-21,4,1660.0,PUT,1.0
2026-08-21,4,1670.0,PUT,1.0
2026-08-21,4,1680.0,PUT,0.0
2026-08-21,4,1690.0,PUT,0.0
2026-08-21,4,1700.0,PUT,0.0
2026-08-21,4,1710.0,PUT,0.0
2026-08-21,4,1720.0,PUT,0.0
2026-08-21,4,1730.0,PUT,0.0
2026-08-21,4,1740.0,PUT,0.0
2026-08-21,4,1750.0,PUT,0.0
2026-08-21,4,1760.0,PUT,0.0
2026-08-21,4,1770.0,PUT,0.0
2026-08-21,4,1780.0,PUT,0.0
2026-08-21,4,1790.0,PUT,0.0
2026-08-21,4,1800.0,PUT,0.0
2026-08-21,4,1810.0,PUT,0.0
2026-08-21,4,1820.0,PUT,0.0
2026-08-21,4,1830.0,PUT,0.0
2026-08-21,4,1840.0,PUT,0.0
2026-08-21,4,1850.0,PUT,0.0
2026-08-21,4,1860.0,PUT,0.0
2026-08-21,4,1870.0,PUT,0.0
2026-08-21,4,1880.0,PUT,0.0
2026-08-21,4,1890.0,PUT,0.0
2026-08-21,4,1900.0,PUT,0.0
2026-08-21,4,1910.0,PUT,0.0
2026-08-21,4,1920.0,PUT,0.0
2026-08-21,4,1930.0,PUT,0.0
2026-08-21,4,1940.0,PUT,0.0
2026-08-21,4,1950.0,PUT,0.0
2026-08-21,4,1960.0,PUT,0.0
2026-08-21,4,1990.0,PUT,0.0
2026-08-21,4,2000.0,PUT,0.0
2026-08-21,4,2050.0,PUT,0.0
2026-08-21,4,2100.0,PUT,0.0
2026-08-21,4,2120.0,PUT,0.0
2026-08-21,4,2150.0,PUT,0.0
2026-08-21,4,2170.0,PUT,0.0
2026-08-21,4,2220.0,PUT,0.0
2026-08-21,4,2300.0,PUT,0.0
2026-08-21,4,2340.0,PUT,0.0
2026-08-21,4,2350.0,PUT,0.0
2026-08-21,4,2360.0,PUT,0.0
2026-08-21,4,2390.0,PUT,0.0
2026-08-21,4,2400.0,PUT,0.0
2026-08-21,4,2420.0,PUT,0.0
2026-08-21,4,2500.0,PUT,0.0
2026-08-24,7,475.0,CALL,2.0
2026-08-24,7,785.0,CALL,6.0
2026-08-24,7,790.0,CALL,7.0
2026-08-24,7,795.0,CALL,3.0
2026-08-24,7,800.0,CALL,19.0
2026-08-24,7,805.0,CALL,1.0
2026-08-24,7,810.0,CALL,1.0
2026-08-24,7,815.0,CALL,2.0
2026-08-24,7,820.0,CALL,4.0
2026-08-24,7,835.0,CALL,1.0
2026-08-24,7,840.0,CALL,6.0
2026-08-24,7,845.0,CALL,2.0
2026-08-24,7,850.0,CALL,25.0
2026-08-24,7,855.0,CALL,8.0
2026-08-24,7,860.0,CALL,26.0
2026-08-24,7,865.0,CALL,15.0
2026-08-24,7,870.0,CALL,51.0
2026-08-24,7,875.0,CALL,19.0
2026-08-24,7,880.0,CALL,15.0
2026-08-24,7,885.0,CALL,58.0
2026-08-24,7,890.0,CALL,10.0
2026-08-24,7,895.0,CALL,41.0
2026-08-24,7,900.0,CALL,41.0
2026-08-24,7,905.0,CALL,23.0
2026-08-24,7,910.0,CALL,78.0
2026-08-24,7,915.0,CALL,50.0
2026-08-24,7,920.0,CALL,93.0
2026-08-24,7,925.0,CALL,55.0
2026-08-24,7,930.0,CALL,90.0
2026-08-24,7,935.0,CALL,25.0
2026-08-24,7,940.0,CALL,75.0
2026-08-24,7,945.0,CALL,30.0
2026-08-24,7,950.0,CALL,140.0
2026-08-24,7,955.0,CALL,50.0
2026-08-24,7,960.0,CALL,69.0
2026-08-24,7,965.0,CALL,43.0
2026-08-24,7,970.0,CALL,265.0
2026-08-24,7,975.0,CALL,54.0
2026-08-24,7,980.0,CALL,88.0
2026-08-24,7,985.0,CALL,28.0
2026-08-24,7,990.0,CALL,63.0
2026-08-24,7,995.0,CALL,35.0
2026-08-24,7,1000.0,CALL,602.0
2026-08-24,7,1005.0,CALL,145.0
2026-08-24,7,1010.0,CALL,91.0
2026-08-24,7,1015.0,CALL,3.0
2026-08-24,7,1020.0,CALL,230.0
2026-08-24,7,1025.0,CALL,12.0
2026-08-24,7,1030.0,CALL,34.0
2026-08-24,7,1035.0,CALL,10.0
2026-08-24,7,1040.0,CALL,36.0
2026-08-24,7,1045.0,CALL,37.0
2026-08-24,7,1050.0,CALL,137.0
2026-08-24,7,1055.0,CALL,24.0
2026-08-24,7,1060.0,CALL,25.0
2026-08-24,7,1065.0,CALL,20.0
2026-08-24,7,1070.0,CALL,13.0
2026-08-24,7,1075.0,CALL,25.0
2026-08-24,7,1080.0,CALL,60.0
2026-08-24,7,1085.0,CALL,38.0
2026-08-24,7,1090.0,CALL,26.0
2026-08-24,7,1095.0,CALL,8.0
2026-08-24,7,1100.0,CALL,834.0
2026-08-24,7,1105.0,CALL,17.0
2026-08-24,7,1110.0,CALL,33.0
2026-08-24,7,1115.0,CALL,8.0
2026-08-24,7,1120.0,CALL,8.0
2026-08-24,7,1125.0,CALL,5.0
2026-08-24,7,1130.0,CALL,17.0
2026-08-24,7,1135.0,CALL,25.0
2026-08-24,7,1140.0,CALL,23.0
2026-08-24,7,1145.0,CALL,2.0
2026-08-24,7,1150.0,CALL,28.0
2026-08-24,7,1155.0,CALL,19.0
2026-08-24,7,1160.0,CALL,26.0
2026-08-24,7,1165.0,CALL,18.0
2026-08-24,7,1170.0,CALL,15.0
2026-08-24,7,1175.0,CALL,8.0
2026-08-24,7,1180.0,CALL,11.0
2026-08-24,7,1185.0,CALL,1.0
2026-08-24,7,1190.0,CALL,5.0
2026-08-24,7,1195.0,CALL,81.0
2026-08-24,7,1200.0,CALL,154.0
2026-08-24,7,1205.0,CALL,57.0
2026-08-24,7,1210.0,CALL,52.0
2026-08-24,7,1215.0,CALL,1.0
2026-08-24,7,1220.0,CALL,5.0
2026-08-24,7,1225.0,CALL,22.0
2026-08-24,7,1230.0,CALL,23.0
2026-08-24,7,1235.0,CALL,2.0
2026-08-24,7,1240.0,CALL,44.0
2026-08-24,7,1250.0,CALL,48.0
2026-08-24,7,1260.0,CALL,4.0
2026-08-24,7,1270.0,CALL,1.0
2026-08-24,7,1280.0,CALL,7.0
2026-08-24,7,1300.0,CALL,14.0
2026-08-24,7,1310.0,CALL,29.0
2026-08-24,7,1320.0,CALL,2.0
2026-08-24,7,1330.0,CALL,1.0
2026-08-24,7,1340.0,CALL,1.0
2026-08-24,7,590.0,PUT,100.0
2026-08-24,7,605.0,PUT,2.0
2026-08-24,7,650.0,PUT,14.0
2026-08-24,7,660.0,PUT,3.0
2026-08-24,7,670.0,PUT,10.0
2026-08-24,7,675.0,PUT,5.0
2026-08-24,7,680.0,PUT,3.0
2026-08-24,7,685.0,PUT,2.0
2026-08-24,7,690.0,PUT,2.0
2026-08-24,7,692.5,PUT,1.0
2026-08-24,7,695.0,PUT,3.0
2026-08-24,7,700.0,PUT,37.0
2026-08-24,7,705.0,PUT,3.0
2026-08-24,7,707.5,PUT,23.0
2026-08-24,7,710.0,PUT,1.0
2026-08-24,7,720.0,PUT,13.0
2026-08-24,7,722.5,PUT,2.0
2026-08-24,7,725.0,PUT,4.0
2026-08-24,7,727.5,PUT,1.0
2026-08-24,7,730.0,PUT,8.0
2026-08-24,7,735.0,PUT,16.0
2026-08-24,7,737.5,PUT,9.0
2026-08-24,7,740.0,PUT,11.0
2026-08-24,7,742.5,PUT,3.0
2026-08-24,7,745.0,PUT,17.0
2026-08-24,7,747.5,PUT,22.0
2026-08-24,7,750.0,PUT,23.0
2026-08-24,7,755.0,PUT,23.0
2026-08-24,7,760.0,PUT,13.0
2026-08-24,7,765.0,PUT,18.0
2026-08-24,7,770.0,PUT,67.0
2026-08-24,7,775.0,PUT,6.0
2026-08-24,7,780.0,PUT,3.0
2026-08-24,7,785.0,PUT,136.0
2026-08-24,7,790.0,PUT,20.0
2026-08-24,7,795.0,PUT,16.0
2026-08-24,7,800.0,PUT,134.0
2026-08-24,7,805.0,PUT,127.0
2026-08-24,7,810.0,PUT,32.0
2026-08-24,7,815.0,PUT,17.0
2026-08-24,7,820.0,PUT,30.0
2026-08-24,7,825.0,PUT,22.0
2026-08-24,7,830.0,PUT,21.0
2026-08-24,7,835.0,PUT,61.0
2026-08-24,7,840.0,PUT,127.0
2026-08-24,7,845.0,PUT,166.0
2026-08-24,7,850.0,PUT,403.0
2026-08-24,7,855.0,PUT,14.0
2026-08-24,7,860.0,PUT,76.0
2026-08-24,7,865.0,PUT,17.0
2026-08-24,7,870.0,PUT,33.0
2026-08-24,7,875.0,PUT,185.0
2026-08-24,7,880.0,PUT,48.0
2026-08-24,7,885.0,PUT,44.0
2026-08-24,7,890.0,PUT,74.0
2026-08-24,7,895.0,PUT,120.0
2026-08-24,7,900.0,PUT,157.0
2026-08-24,7,905.0,PUT,99.0
2026-08-24,7,910.0,PUT,21.0
2026-08-24,7,915.0,PUT,9.0
2026-08-24,7,920.0,PUT,112.0
2026-08-24,7,925.0,PUT,59.0
2026-08-24,7,930.0,PUT,32.0
2026-08-24,7,935.0,PUT,66.0
2026-08-24,7,940.0,PUT,13.0
2026-08-24,7,945.0,PUT,10.0
2026-08-24,7,950.0,PUT,173.0
2026-08-24,7,955.0,PUT,12.0
2026-08-24,7,960.0,PUT,44.0
2026-08-24,7,965.0,PUT,6.0
2026-08-24,7,970.0,PUT,21.0
2026-08-24,7,975.0,PUT,25.0
2026-08-24,7,980.0,PUT,8.0
2026-08-24,7,990.0,PUT,12.0
2026-08-24,7,1000.0,PUT,6.0
2026-08-24,7,1005.0,PUT,1.0
2026-08-24,7,1020.0,PUT,2.0
2026-08-24,7,1025.0,PUT,1.0
2026-08-24,7,1030.0,PUT,2.0
2026-08-24,7,1040.0,PUT,1.0
2026-08-24,7,1050.0,PUT,11.0
2026-08-24,7,1060.0,PUT,20.0
2026-08-24,7,1080.0,PUT,1.0
2026-08-24,7,1100.0,PUT,5.0
2026-08-24,7,1165.0,PUT,1.0
2026-08-26,9,470.0,CALL,1.0
2026-08-26,9,750.0,CALL,7.0
2026-08-26,9,775.0,CALL,1.0
2026-08-26,9,785.0,CALL,1.0
2026-08-26,9,800.0,CALL,1.0
2026-08-26,9,805.0,CALL,1.0
2026-08-26,9,810.0,CALL,1.0
2026-08-26,9,815.0,CALL,2.0
2026-08-26,9,820.0,CALL,2.0
2026-08-26,9,830.0,CALL,2.0
2026-08-26,9,835.0,CALL,5.0
2026-08-26,9,845.0,CALL,2.0
2026-08-26,9,850.0,CALL,16.0
2026-08-26,9,855.0,CALL,4.0
2026-08-26,9,860.0,CALL,9.0
2026-08-26,9,865.0,CALL,2.0
2026-08-26,9,870.0,CALL,103.0
2026-08-26,9,875.0,CALL,7.0
2026-08-26,9,880.0,CALL,7.0
2026-08-26,9,885.0,CALL,3.0
2026-08-26,9,890.0,CALL,11.0
2026-08-26,9,900.0,CALL,59.0
2026-08-26,9,905.0,CALL,3.0
2026-08-26,9,910.0,CALL,1.0
2026-08-26,9,915.0,CALL,10.0
2026-08-26,9,920.0,CALL,34.0
2026-08-26,9,925.0,CALL,15.0
2026-08-26,9,930.0,CALL,23.0
2026-08-26,9,935.0,CALL,15.0
2026-08-26,9,940.0,CALL,46.0
2026-08-26,9,945.0,CALL,17.0
2026-08-26,9,950.0,CALL,63.0
2026-08-26,9,955.0,CALL,13.0
2026-08-26,9,960.0,CALL,13.0
2026-08-26,9,965.0,CALL,42.0
2026-08-26,9,970.0,CALL,46.0
2026-08-26,9,975.0,CALL,25.0
2026-08-26,9,980.0,CALL,44.0
2026-08-26,9,985.0,CALL,6.0
2026-08-26,9,990.0,CALL,29.0
2026-08-26,9,995.0,CALL,44.0
2026-08-26,9,1000.0,CALL,123.0
2026-08-26,9,1005.0,CALL,12.0
2026-08-26,9,1010.0,CALL,59.0
2026-08-26,9,1015.0,CALL,19.0
2026-08-26,9,1020.0,CALL,30.0
2026-08-26,9,1025.0,CALL,3.0
2026-08-26,9,1030.0,CALL,11.0
2026-08-26,9,1035.0,CALL,2.0
2026-08-26,9,1040.0,CALL,7.0
2026-08-26,9,1045.0,CALL,38.0
2026-08-26,9,1050.0,CALL,75.0
2026-08-26,9,1055.0,CALL,4.0
2026-08-26,9,1060.0,CALL,7.0
2026-08-26,9,1065.0,CALL,2.0
2026-08-26,9,1070.0,CALL,22.0
2026-08-26,9,1075.0,CALL,2.0
2026-08-26,9,1080.0,CALL,16.0
2026-08-26,9,1085.0,CALL,2.0
2026-08-26,9,1090.0,CALL,6.0
2026-08-26,9,1095.0,CALL,10.0
2026-08-26,9,1100.0,CALL,32.0
2026-08-26,9,1105.0,CALL,7.0
2026-08-26,9,1110.0,CALL,8.0
2026-08-26,9,1115.0,CALL,11.0
2026-08-26,9,1120.0,CALL,18.0
2026-08-26,9,1125.0,CALL,1.0
2026-08-26,9,1130.0,CALL,29.0
2026-08-26,9,1135.0,CALL,27.0
2026-08-26,9,1140.0,CALL,23.0
2026-08-26,9,1145.0,CALL,34.0
2026-08-26,9,1150.0,CALL,48.0
2026-08-26,9,1155.0,CALL,2.0
2026-08-26,9,1165.0,CALL,18.0
2026-08-26,9,1170.0,CALL,20.0
2026-08-26,9,1175.0,CALL,16.0
2026-08-26,9,1180.0,CALL,29.0
2026-08-26,9,1185.0,CALL,21.0
2026-08-26,9,1190.0,CALL,5.0
2026-08-26,9,1195.0,CALL,1.0
2026-08-26,9,1200.0,CALL,62.0
2026-08-26,9,1205.0,CALL,11.0
2026-08-26,9,1210.0,CALL,10.0
2026-08-26,9,1215.0,CALL,4.0
2026-08-26,9,1220.0,CALL,7.0
2026-08-26,9,1225.0,CALL,10.0
2026-08-26,9,1230.0,CALL,5.0
2026-08-26,9,1235.0,CALL,2.0
2026-08-26,9,1240.0,CALL,1.0
2026-08-26,9,1250.0,CALL,1.0
2026-08-26,9,1280.0,CALL,2.0
2026-08-26,9,1300.0,CALL,10.0
2026-08-26,9,1310.0,CALL,1.0
2026-08-26,9,1320.0,CALL,4.0
2026-08-26,9,1330.0,CALL,15.0
2026-08-26,9,1340.0,CALL,12.0
2026-08-26,9,1360.0,CALL,1.0
2026-08-26,9,400.0,PUT,1.0
2026-08-26,9,435.0,PUT,3.0
2026-08-26,9,445.0,PUT,1.0
2026-08-26,9,600.0,PUT,2.0
2026-08-26,9,705.0,PUT,11.0
2026-08-26,9,710.0,PUT,1.0
2026-08-26,9,715.0,PUT,5.0
2026-08-26,9,725.0,PUT,5.0
2026-08-26,9,730.0,PUT,4.0
2026-08-26,9,735.0,PUT,3.0
2026-08-26,9,740.0,PUT,14.0
2026-08-26,9,750.0,PUT,28.0
2026-08-26,9,755.0,PUT,11.0
2026-08-26,9,760.0,PUT,4.0
2026-08-26,9,770.0,PUT,14.0
2026-08-26,9,775.0,PUT,7.0
2026-08-26,9,780.0,PUT,20.0
2026-08-26,9,785.0,PUT,5.0
2026-08-26,9,790.0,PUT,10.0
2026-08-26,9,795.0,PUT,6.0
2026-08-26,9,800.0,PUT,126.0
2026-08-26,9,805.0,PUT,34.0
2026-08-26,9,810.0,PUT,29.0
2026-08-26,9,815.0,PUT,17.0
2026-08-26,9,820.0,PUT,19.0
2026-08-26,9,825.0,PUT,16.0
2026-08-26,9,830.0,PUT,19.0
2026-08-26,9,835.0,PUT,35.0
2026-08-26,9,840.0,PUT,46.0
2026-08-26,9,845.0,PUT,15.0
2026-08-26,9,850.0,PUT,25.0
2026-08-26,9,855.0,PUT,34.0
2026-08-26,9,860.0,PUT,13.0
2026-08-26,9,865.0,PUT,3.0
2026-08-26,9,870.0,PUT,12.0
2026-08-26,9,875.0,PUT,14.0
2026-08-26,9,880.0,PUT,28.0
2026-08-26,9,885.0,PUT,2.0
2026-08-26,9,890.0,PUT,11.0
2026-08-26,9,895.0,PUT,12.0
2026-08-26,9,900.0,PUT,110.0
2026-08-26,9,905.0,PUT,12.0
2026-08-26,9,910.0,PUT,14.0
2026-08-26,9,915.0,PUT,9.0
2026-08-26,9,920.0,PUT,6.0
2026-08-26,9,925.0,PUT,12.0
2026-08-26,9,930.0,PUT,14.0
2026-08-26,9,935.0,PUT,8.0
2026-08-26,9,940.0,PUT,6.0
2026-08-26,9,945.0,PUT,29.0
2026-08-26,9,950.0,PUT,59.0
2026-08-26,9,955.0,PUT,8.0
2026-08-26,9,960.0,PUT,18.0
2026-08-26,9,965.0,PUT,1.0
2026-08-26,9,970.0,PUT,6.0
2026-08-26,9,975.0,PUT,4.0
2026-08-26,9,980.0,PUT,8.0
2026-08-26,9,990.0,PUT,10.0
2026-08-26,9,1000.0,PUT,3.0
2026-08-26,9,1040.0,PUT,1.0
2026-08-26,9,1075.0,PUT,29.0
2026-08-26,9,1085.0,PUT,1.0
2026-08-26,9,1180.0,PUT,1.0
2026-08-28,11,180.0,CALL,1.0
2026-08-28,11,240.0,CALL,2.0
2026-08-28,11,275.0,CALL,0.0
2026-08-28,11,290.0,CALL,1.0
2026-08-28,11,310.0,CALL,2.0
2026-08-28,11,315.0,CALL,1.0
2026-08-28,11,320.0,CALL,1.0
2026-08-28,11,335.0,CALL,1.0
2026-08-28,11,340.0,CALL,1.0
2026-08-28,11,350.0,CALL,1.0
2026-08-28,11,360.0,CALL,1.0
2026-08-28,11,365.0,CALL,1.0
2026-08-28,11,370.0,CALL,1.0
2026-08-28,11,380.0,CALL,0.0
2026-08-28,11,390.0,CALL,2.0
2026-08-28,11,400.0,CALL,21.0
2026-08-28,11,405.0,CALL,5.0
2026-08-28,11,430.0,CALL,1.0
2026-08-28,11,450.0,CALL,1.0
2026-08-28,11,455.0,CALL,4.0
2026-08-28,11,470.0,CALL,2.0
2026-08-28,11,480.0,CALL,5.0
2026-08-28,11,500.0,CALL,3.0
2026-08-28,11,510.0,CALL,1.0
2026-08-28,11,515.0,CALL,1.0
2026-08-28,11,520.0,CALL,24.0
2026-08-28,11,525.0,CALL,16.0
2026-08-28,11,530.0,CALL,6.0
2026-08-28,11,535.0,CALL,1.0
2026-08-28,11,540.0,CALL,10.0
2026-08-28,11,545.0,CALL,6.0
2026-08-28,11,550.0,CALL,9.0
2026-08-28,11,555.0,CALL,1.0
2026-08-28,11,560.0,CALL,4.0
2026-08-28,11,565.0,CALL,14.0
2026-08-28,11,575.0,CALL,1.0
2026-08-28,11,580.0,CALL,23.0
2026-08-28,11,585.0,CALL,11.0
2026-08-28,11,590.0,CALL,5.0
2026-08-28,11,595.0,CALL,5.0
2026-08-28,11,600.0,CALL,12.0
2026-08-28,11,605.0,CALL,1.0
2026-08-28,11,610.0,CALL,6.0
2026-08-28,11,615.0,CALL,33.0
2026-08-28,11,620.0,CALL,25.0
2026-08-28,11,625.0,CALL,3.0
2026-08-28,11,630.0,CALL,4.0
2026-08-28,11,640.0,CALL,15.0
2026-08-28,11,645.0,CALL,13.0
2026-08-28,11,650.0,CALL,19.0
2026-08-28,11,655.0,CALL,0.0
2026-08-28,11,660.0,CALL,5.0
2026-08-28,11,665.0,CALL,11.0
2026-08-28,11,670.0,CALL,6.0
2026-08-28,11,675.0,CALL,13.0
2026-08-28,11,680.0,CALL,12.0
2026-08-28,11,685.0,CALL,2.0
2026-08-28,11,690.0,CALL,1.0
2026-08-28,11,700.0,CALL,312.0
2026-08-28,11,705.0,CALL,5.0
2026-08-28,11,710.0,CALL,5.0
2026-08-28,11,715.0,CALL,5.0
2026-08-28,11,720.0,CALL,5.0
2026-08-28,11,725.0,CALL,33.0
2026-08-28,11,730.0,CALL,12.0
2026-08-28,11,735.0,CALL,12.0
2026-08-28,11,740.0,CALL,14.0
2026-08-28,11,745.0,CALL,13.0
2026-08-28,11,750.0,CALL,73.0
2026-08-28,11,755.0,CALL,16.0
2026-08-28,11,760.0,CALL,33.0
2026-08-28,11,765.0,CALL,44.0
2026-08-28,11,770.0,CALL,95.0
2026-08-28,11,775.0,CALL,40.0
2026-08-28,11,780.0,CALL,138.0
2026-08-28,11,785.0,CALL,27.0
2026-08-28,11,790.0,CALL,64.0
2026-08-28,11,795.0,CALL,36.0
2026-08-28,11,800.0,CALL,317.0
2026-08-28,11,805.0,CALL,37.0
2026-08-28,11,810.0,CALL,69.0
2026-08-28,11,815.0,CALL,43.0
2026-08-28,11,820.0,CALL,164.0
2026-08-28,11,825.0,CALL,164.0
2026-08-28,11,830.0,CALL,81.0
2026-08-28,11,835.0,CALL,49.0
2026-08-28,11,840.0,CALL,43.0
2026-08-28,11,845.0,CALL,39.0
2026-08-28,11,850.0,CALL,302.0
2026-08-28,11,855.0,CALL,268.0
2026-08-28,11,860.0,CALL,165.0
2026-08-28,11,865.0,CALL,351.0
2026-08-28,11,870.0,CALL,115.0
2026-08-28,11,875.0,CALL,102.0
2026-08-28,11,880.0,CALL,108.0
2026-08-28,11,885.0,CALL,175.0
2026-08-28,11,890.0,CALL,167.0
2026-08-28,11,895.0,CALL,89.0
2026-08-28,11,900.0,CALL,732.0
2026-08-28,11,905.0,CALL,143.0
2026-08-28,11,910.0,CALL,309.0
2026-08-28,11,915.0,CALL,82.0
2026-08-28,11,917.5,CALL,4.0
2026-08-28,11,920.0,CALL,388.0
2026-08-28,11,922.5,CALL,7.0
2026-08-28,11,925.0,CALL,138.0
2026-08-28,11,927.5,CALL,1.0
2026-08-28,11,930.0,CALL,310.0
2026-08-28,11,932.5,CALL,6.0
2026-08-28,11,935.0,CALL,236.0
2026-08-28,11,937.5,CALL,4.0
2026-08-28,11,940.0,CALL,186.0
2026-08-28,11,942.5,CALL,14.0
2026-08-28,11,945.0,CALL,88.0
2026-08-28,11,950.0,CALL,540.0
2026-08-28,11,955.0,CALL,193.0
2026-08-28,11,960.0,CALL,206.0
2026-08-28,11,965.0,CALL,239.0
2026-08-28,11,970.0,CALL,382.0
2026-08-28,11,975.0,CALL,257.0
2026-08-28,11,980.0,CALL,379.0
2026-08-28,11,985.0,CALL,132.0
2026-08-28,11,990.0,CALL,176.0
2026-08-28,11,995.0,CALL,189.0
2026-08-28,11,1000.0,CALL,1954.0
2026-08-28,11,1005.0,CALL,627.0
2026-08-28,11,1010.0,CALL,271.0
2026-08-28,11,1015.0,CALL,132.0
2026-08-28,11,1020.0,CALL,238.0
2026-08-28,11,1025.0,CALL,200.0
2026-08-28,11,1030.0,CALL,746.0
2026-08-28,11,1035.0,CALL,251.0
2026-08-28,11,1040.0,CALL,111.0
2026-08-28,11,1045.0,CALL,46.0
2026-08-28,11,1050.0,CALL,921.0
2026-08-28,11,1055.0,CALL,93.0
2026-08-28,11,1060.0,CALL,96.0
2026-08-28,11,1065.0,CALL,163.0
2026-08-28,11,1070.0,CALL,238.0
2026-08-28,11,1075.0,CALL,126.0
2026-08-28,11,1080.0,CALL,438.0
2026-08-28,11,1085.0,CALL,114.0
2026-08-28,11,1090.0,CALL,125.0
2026-08-28,11,1095.0,CALL,115.0
2026-08-28,11,1100.0,CALL,1831.0
2026-08-28,11,1105.0,CALL,86.0
2026-08-28,11,1110.0,CALL,259.0
2026-08-28,11,1115.0,CALL,117.0
2026-08-28,11,1120.0,CALL,204.0
2026-08-28,11,1125.0,CALL,66.0
2026-08-28,11,1130.0,CALL,1275.0
2026-08-28,11,1135.0,CALL,67.0
2026-08-28,11,1140.0,CALL,207.0
2026-08-28,11,1150.0,CALL,922.0
2026-08-28,11,1160.0,CALL,223.0
2026-08-28,11,1170.0,CALL,251.0
2026-08-28,11,1180.0,CALL,363.0
2026-08-28,11,1190.0,CALL,168.0
2026-08-28,11,1200.0,CALL,1567.0
2026-08-28,11,1210.0,CALL,201.0
2026-08-28,11,1220.0,CALL,111.0
2026-08-28,11,1230.0,CALL,128.0
2026-08-28,11,1240.0,CALL,159.0
2026-08-28,11,1250.0,CALL,503.0
2026-08-28,11,1260.0,CALL,190.0
2026-08-28,11,1270.0,CALL,104.0
2026-08-28,11,1280.0,CALL,167.0
2026-08-28,11,1290.0,CALL,46.0
2026-08-28,11,1300.0,CALL,586.0
2026-08-28,11,1310.0,CALL,147.0
2026-08-28,11,1320.0,CALL,500.0
2026-08-28,11,1330.0,CALL,47.0
2026-08-28,11,1340.0,CALL,332.0
2026-08-28,11,1350.0,CALL,113.0
2026-08-28,11,1360.0,CALL,83.0
2026-08-28,11,1370.0,CALL,554.0
2026-08-28,11,1380.0,CALL,59.0
2026-08-28,11,1390.0,CALL,65.0
2026-08-28,11,1400.0,CALL,705.0
2026-08-28,11,1410.0,CALL,132.0
2026-08-28,11,1420.0,CALL,65.0
2026-08-28,11,1430.0,CALL,42.0
2026-08-28,11,1440.0,CALL,114.0
2026-08-28,11,1450.0,CALL,64.0
2026-08-28,11,1460.0,CALL,102.0
2026-08-28,11,1470.0,CALL,70.0
2026-08-28,11,1480.0,CALL,26.0
2026-08-28,11,1490.0,CALL,47.0
2026-08-28,11,1500.0,CALL,453.0
2026-08-28,11,1510.0,CALL,86.0
2026-08-28,11,1520.0,CALL,52.0
2026-08-28,11,1530.0,CALL,9.0
2026-08-28,11,1540.0,CALL,94.0
2026-08-28,11,1550.0,CALL,150.0
2026-08-28,11,1560.0,CALL,38.0
2026-08-28,11,1570.0,CALL,79.0
2026-08-28,11,1580.0,CALL,90.0
2026-08-28,11,1590.0,CALL,20.0
2026-08-28,11,1600.0,CALL,209.0
2026-08-28,11,1610.0,CALL,47.0
2026-08-28,11,1620.0,CALL,13.0
2026-08-28,11,1630.0,CALL,67.0
2026-08-28,11,1640.0,CALL,18.0
2026-08-28,11,1650.0,CALL,92.0
2026-08-28,11,1660.0,CALL,15.0
2026-08-28,11,1670.0,CALL,13.0
2026-08-28,11,1680.0,CALL,32.0
2026-08-28,11,1690.0,CALL,15.0
2026-08-28,11,1700.0,CALL,289.0
2026-08-28,11,1710.0,CALL,42.0
2026-08-28,11,1720.0,CALL,3.0
2026-08-28,11,1730.0,CALL,32.0
2026-08-28,11,1740.0,CALL,13.0
2026-08-28,11,1750.0,CALL,86.0
2026-08-28,11,1760.0,CALL,9.0
2026-08-28,11,1770.0,CALL,46.0
2026-08-28,11,1780.0,CALL,6.0
2026-08-28,11,1790.0,CALL,36.0
2026-08-28,11,1800.0,CALL,122.0
2026-08-28,11,1810.0,CALL,53.0
2026-08-28,11,1820.0,CALL,104.0
2026-08-28,11,1840.0,CALL,41.0
2026-08-28,11,1850.0,CALL,86.0
2026-08-28,11,1860.0,CALL,3.0
2026-08-28,11,1870.0,CALL,0.0
2026-08-28,11,1880.0,CALL,1.0
2026-08-28,11,1890.0,CALL,3.0
2026-08-28,11,1900.0,CALL,61.0
2026-08-28,11,1910.0,CALL,14.0
2026-08-28,11,1920.0,CALL,1.0
2026-08-28,11,1930.0,CALL,1.0
2026-08-28,11,1950.0,CALL,20.0
2026-08-28,11,1960.0,CALL,2.0
2026-08-28,11,1970.0,CALL,6.0
2026-08-28,11,1980.0,CALL,1.0
2026-08-28,11,1990.0,CALL,61.0
2026-08-28,11,2000.0,CALL,88.0
2026-08-28,11,2010.0,CALL,11.0
2026-08-28,11,2020.0,CALL,23.0
2026-08-28,11,2030.0,CALL,83.0
2026-08-28,11,2040.0,CALL,1.0
2026-08-28,11,2050.0,CALL,7.0
2026-08-28,11,2060.0,CALL,4.0
2026-08-28,11,2070.0,CALL,30.0
2026-08-28,11,100.0,PUT,107.0
2026-08-28,11,105.0,PUT,22.0
2026-08-28,11,110.0,PUT,43.0
2026-08-28,11,115.0,PUT,12.0
2026-08-28,11,120.0,PUT,46.0
2026-08-28,11,125.0,PUT,41.0
2026-08-28,11,130.0,PUT,28.0
2026-08-28,11,135.0,PUT,33.0
2026-08-28,11,140.0,PUT,20.0
2026-08-28,11,145.0,PUT,22.0
2026-08-28,11,150.0,PUT,10.0
2026-08-28,11,155.0,PUT,21.0
2026-08-28,11,160.0,PUT,19.0
2026-08-28,11,165.0,PUT,24.0
2026-08-28,11,170.0,PUT,19.0
2026-08-28,11,175.0,PUT,21.0
2026-08-28,11,180.0,PUT,6.0
2026-08-28,11,185.0,PUT,32.0
2026-08-28,11,190.0,PUT,241.0
2026-08-28,11,195.0,PUT,2.0
2026-08-28,11,200.0,PUT,152.0
2026-08-28,11,205.0,PUT,26.0
2026-08-28,11,210.0,PUT,47.0
2026-08-28,11,215.0,PUT,5.0
2026-08-28,11,220.0,PUT,97.0
2026-08-28,11,225.0,PUT,10.0
2026-08-28,11,230.0,PUT,61.0
2026-08-28,11,235.0,PUT,11.0
2026-08-28,11,240.0,PUT,54.0
2026-08-28,11,245.0,PUT,8.0
2026-08-28,11,250.0,PUT,54.0
2026-08-28,11,255.0,PUT,2.0
2026-08-28,11,260.0,PUT,3.0
2026-08-28,11,265.0,PUT,1.0
2026-08-28,11,270.0,PUT,1.0
2026-08-28,11,275.0,PUT,5.0
2026-08-28,11,280.0,PUT,675.0
2026-08-28,11,285.0,PUT,1.0
2026-08-28,11,290.0,PUT,8.0
2026-08-28,11,295.0,PUT,84.0
2026-08-28,11,300.0,PUT,512.0
2026-08-28,11,305.0,PUT,7.0
2026-08-28,11,310.0,PUT,8.0
2026-08-28,11,315.0,PUT,0.0
2026-08-28,11,320.0,PUT,18.0
2026-08-28,11,325.0,PUT,97.0
2026-08-28,11,330.0,PUT,59.0
2026-08-28,11,335.0,PUT,5.0
2026-08-28,11,340.0,PUT,7.0
2026-08-28,11,345.0,PUT,17.0
2026-08-28,11,350.0,PUT,262.0
2026-08-28,11,355.0,PUT,25.0
2026-08-28,11,360.0,PUT,26.0
2026-08-28,11,365.0,PUT,520.0
2026-08-28,11,370.0,PUT,318.0
2026-08-28,11,375.0,PUT,404.0
2026-08-28,11,380.0,PUT,171.0
2026-08-28,11,385.0,PUT,59.0
2026-08-28,11,390.0,PUT,101.0
2026-08-28,11,395.0,PUT,157.0
2026-08-28,11,400.0,PUT,289.0
2026-08-28,11,405.0,PUT,79.0
2026-08-28,11,410.0,PUT,35.0
2026-08-28,11,415.0,PUT,18.0
2026-08-28,11,420.0,PUT,59.0
2026-08-28,11,425.0,PUT,52.0
2026-08-28,11,430.0,PUT,39.0
2026-08-28,11,435.0,PUT,7.0
2026-08-28,11,440.0,PUT,176.0
2026-08-28,11,445.0,PUT,35.0
2026-08-28,11,450.0,PUT,421.0
2026-08-28,11,455.0,PUT,20.0
2026-08-28,11,460.0,PUT,70.0
2026-08-28,11,465.0,PUT,28.0
2026-08-28,11,470.0,PUT,54.0
2026-08-28,11,475.0,PUT,26.0
2026-08-28,11,480.0,PUT,625.0
2026-08-28,11,485.0,PUT,311.0
2026-08-28,11,490.0,PUT,79.0
2026-08-28,11,495.0,PUT,60.0
2026-08-28,11,500.0,PUT,609.0
2026-08-28,11,505.0,PUT,74.0
2026-08-28,11,510.0,PUT,60.0
2026-08-28,11,515.0,PUT,43.0
2026-08-28,11,520.0,PUT,69.0
2026-08-28,11,525.0,PUT,178.0
2026-08-28,11,530.0,PUT,104.0
2026-08-28,11,535.0,PUT,82.0
2026-08-28,11,540.0,PUT,131.0
2026-08-28,11,545.0,PUT,120.0
2026-08-28,11,550.0,PUT,314.0
2026-08-28,11,555.0,PUT,136.0
2026-08-28,11,560.0,PUT,154.0
2026-08-28,11,565.0,PUT,414.0
2026-08-28,11,570.0,PUT,63.0
2026-08-28,11,575.0,PUT,183.0
2026-08-28,11,580.0,PUT,143.0
2026-08-28,11,585.0,PUT,115.0
2026-08-28,11,590.0,PUT,280.0
2026-08-28,11,595.0,PUT,309.0
2026-08-28,11,600.0,PUT,780.0
2026-08-28,11,605.0,PUT,150.0
2026-08-28,11,610.0,PUT,182.0
2026-08-28,11,615.0,PUT,51.0
2026-08-28,11,620.0,PUT,136.0
2026-08-28,11,625.0,PUT,238.0
2026-08-28,11,630.0,PUT,149.0
2026-08-28,11,635.0,PUT,90.0
2026-08-28,11,640.0,PUT,153.0
2026-08-28,11,645.0,PUT,100.0
2026-08-28,11,650.0,PUT,1047.0
2026-08-28,11,655.0,PUT,74.0
2026-08-28,11,660.0,PUT,361.0
2026-08-28,11,665.0,PUT,115.0
2026-08-28,11,670.0,PUT,177.0
2026-08-28,11,675.0,PUT,181.0
2026-08-28,11,680.0,PUT,180.0
2026-08-28,11,685.0,PUT,101.0
2026-08-28,11,690.0,PUT,257.0
2026-08-28,11,695.0,PUT,181.0
2026-08-28,11,700.0,PUT,1271.0
2026-08-28,11,705.0,PUT,121.0
2026-08-28,11,710.0,PUT,595.0
2026-08-28,11,715.0,PUT,114.0
2026-08-28,11,720.0,PUT,187.0
2026-08-28,11,725.0,PUT,157.0
2026-08-28,11,730.0,PUT,1208.0
2026-08-28,11,735.0,PUT,125.0
2026-08-28,11,740.0,PUT,259.0
2026-08-28,11,745.0,PUT,170.0
2026-08-28,11,750.0,PUT,868.0
2026-08-28,11,755.0,PUT,198.0
2026-08-28,11,760.0,PUT,310.0
2026-08-28,11,765.0,PUT,185.0
2026-08-28,11,770.0,PUT,209.0
2026-08-28,11,775.0,PUT,517.0
2026-08-28,11,780.0,PUT,445.0
2026-08-28,11,785.0,PUT,204.0
2026-08-28,11,790.0,PUT,227.0
2026-08-28,11,795.0,PUT,158.0
2026-08-28,11,800.0,PUT,3062.0
2026-08-28,11,805.0,PUT,325.0
2026-08-28,11,810.0,PUT,450.0
2026-08-28,11,815.0,PUT,103.0
2026-08-28,11,820.0,PUT,1472.0
2026-08-28,11,825.0,PUT,607.0
2026-08-28,11,830.0,PUT,331.0
2026-08-28,11,835.0,PUT,278.0
2026-08-28,11,840.0,PUT,258.0
2026-08-28,11,845.0,PUT,166.0
2026-08-28,11,850.0,PUT,1193.0
2026-08-28,11,855.0,PUT,111.0
2026-08-28,11,860.0,PUT,309.0
2026-08-28,11,865.0,PUT,292.0
2026-08-28,11,870.0,PUT,182.0
2026-08-28,11,875.0,PUT,218.0
2026-08-28,11,880.0,PUT,420.0
2026-08-28,11,885.0,PUT,340.0
2026-08-28,11,890.0,PUT,548.0
2026-08-28,11,895.0,PUT,148.0
2026-08-28,11,900.0,PUT,899.0
2026-08-28,11,905.0,PUT,186.0
2026-08-28,11,910.0,PUT,374.0
2026-08-28,11,915.0,PUT,59.0
2026-08-28,11,917.5,PUT,8.0
2026-08-28,11,920.0,PUT,453.0
2026-08-28,11,922.5,PUT,7.0
2026-08-28,11,925.0,PUT,201.0
2026-08-28,11,927.5,PUT,5.0
2026-08-28,11,930.0,PUT,178.0
2026-08-28,11,932.5,PUT,4.0
2026-08-28,11,935.0,PUT,115.0
2026-08-28,11,937.5,PUT,23.0
2026-08-28,11,940.0,PUT,267.0
2026-08-28,11,942.5,PUT,7.0
2026-08-28,11,945.0,PUT,92.0
2026-08-28,11,950.0,PUT,1071.0
2026-08-28,11,955.0,PUT,74.0
2026-08-28,11,960.0,PUT,193.0
2026-08-28,11,965.0,PUT,66.0
2026-08-28,11,970.0,PUT,297.0
2026-08-28,11,975.0,PUT,102.0
2026-08-28,11,980.0,PUT,96.0
2026-08-28,11,985.0,PUT,44.0
2026-08-28,11,990.0,PUT,79.0
2026-08-28,11,995.0,PUT,37.0
2026-08-28,11,1000.0,PUT,299.0
2026-08-28,11,1005.0,PUT,9.0
2026-08-28,11,1010.0,PUT,10.0
2026-08-28,11,1015.0,PUT,8.0
2026-08-28,11,1020.0,PUT,16.0
2026-08-28,11,1025.0,PUT,25.0
2026-08-28,11,1030.0,PUT,29.0
2026-08-28,11,1035.0,PUT,14.0
2026-08-28,11,1040.0,PUT,46.0
2026-08-28,11,1045.0,PUT,36.0
2026-08-28,11,1050.0,PUT,39.0
2026-08-28,11,1055.0,PUT,15.0
2026-08-28,11,1060.0,PUT,42.0
2026-08-28,11,1065.0,PUT,4.0
2026-08-28,11,1070.0,PUT,57.0
2026-08-28,11,1075.0,PUT,9.0
2026-08-28,11,1080.0,PUT,15.0
2026-08-28,11,1085.0,PUT,14.0
2026-08-28,11,1090.0,PUT,42.0
2026-08-28,11,1095.0,PUT,10.0
2026-08-28,11,1100.0,PUT,100.0
2026-08-28,11,1105.0,PUT,7.0
2026-08-28,11,1110.0,PUT,31.0
2026-08-28,11,1115.0,PUT,3.0
2026-08-28,11,1120.0,PUT,13.0
2026-08-28,11,1125.0,PUT,5.0
2026-08-28,11,1130.0,PUT,24.0
2026-08-28,11,1135.0,PUT,6.0
2026-08-28,11,1140.0,PUT,6.0
2026-08-28,11,1150.0,PUT,7.0
2026-08-28,11,1160.0,PUT,23.0
2026-08-28,11,1170.0,PUT,25.0
2026-08-28,11,1180.0,PUT,31.0
2026-08-28,11,1190.0,PUT,11.0
2026-08-28,11,1200.0,PUT,24.0
2026-08-28,11,1210.0,PUT,2.0
2026-08-28,11,1220.0,PUT,3.0
2026-08-28,11,1230.0,PUT,15.0
2026-08-28,11,1240.0,PUT,3.0
2026-08-28,11,1250.0,PUT,4.0
2026-08-28,11,1270.0,PUT,1.0
2026-08-28,11,1280.0,PUT,4.0
2026-08-28,11,1290.0,PUT,1.0
2026-08-28,11,1300.0,PUT,2.0
2026-08-28,11,1320.0,PUT,0.0
2026-08-28,11,1350.0,PUT,0.0
2026-08-28,11,1370.0,PUT,0.0
2026-08-28,11,1400.0,PUT,0.0
2026-08-28,11,1440.0,PUT,0.0
2026-08-28,11,1450.0,PUT,0.0
2026-08-28,11,1500.0,PUT,0.0
2026-08-28,11,1600.0,PUT,0.0
2026-08-28,11,1630.0,PUT,0.0
2026-08-28,11,1640.0,PUT,0.0
2026-08-28,11,1650.0,PUT,0.0
2026-08-28,11,1830.0,PUT,0.0
2026-08-28,11,1920.0,PUT,0.0
2026-09-04,18,140.0,CALL,1.0
2026-09-04,18,150.0,CALL,1.0
2026-09-04,18,225.0,CALL,1.0
2026-09-04,18,245.0,CALL,1.0
2026-09-04,18,250.0,CALL,2.0
2026-09-04,18,285.0,CALL,1.0
2026-09-04,18,330.0,CALL,0.0
2026-09-04,18,400.0,CALL,5.0
2026-09-04,18,405.0,CALL,1.0
2026-09-04,18,420.0,CALL,1.0
2026-09-04,18,430.0,CALL,2.0
2026-09-04,18,450.0,CALL,1.0
2026-09-04,18,475.0,CALL,4.0
2026-09-04,18,480.0,CALL,4.0
2026-09-04,18,490.0,CALL,10.0
2026-09-04,18,495.0,CALL,12.0
2026-09-04,18,500.0,CALL,4.0
2026-09-04,18,505.0,CALL,3.0
2026-09-04,18,510.0,CALL,25.0
2026-09-04,18,515.0,CALL,15.0
2026-09-04,18,520.0,CALL,16.0
2026-09-04,18,525.0,CALL,18.0
2026-09-04,18,530.0,CALL,18.0
2026-09-04,18,535.0,CALL,16.0
2026-09-04,18,540.0,CALL,23.0
2026-09-04,18,545.0,CALL,18.0
2026-09-04,18,550.0,CALL,17.0
2026-09-04,18,560.0,CALL,4.0
2026-09-04,18,570.0,CALL,12.0
2026-09-04,18,580.0,CALL,1.0
2026-09-04,18,590.0,CALL,8.0
2026-09-04,18,595.0,CALL,1.0
2026-09-04,18,600.0,CALL,23.0
2026-09-04,18,605.0,CALL,10.0
2026-09-04,18,610.0,CALL,0.0
2026-09-04,18,615.0,CALL,8.0
2026-09-04,18,620.0,CALL,7.0
2026-09-04,18,625.0,CALL,3.0
2026-09-04,18,630.0,CALL,14.0
2026-09-04,18,635.0,CALL,17.0
2026-09-04,18,640.0,CALL,11.0
2026-09-04,18,645.0,CALL,4.0
2026-09-04,18,650.0,CALL,9.0
2026-09-04,18,660.0,CALL,6.0
2026-09-04,18,665.0,CALL,1.0
2026-09-04,18,675.0,CALL,1.0
2026-09-04,18,680.0,CALL,5.0
2026-09-04,18,690.0,CALL,1.0
2026-09-04,18,695.0,CALL,7.0
2026-09-04,18,700.0,CALL,27.0
2026-09-04,18,705.0,CALL,42.0
2026-09-04,18,710.0,CALL,7.0
2026-09-04,18,715.0,CALL,3.0
2026-09-04,18,720.0,CALL,13.0
2026-09-04,18,725.0,CALL,6.0
2026-09-04,18,730.0,CALL,10.0
2026-09-04,18,735.0,CALL,3.0
2026-09-04,18,740.0,CALL,98.0
2026-09-04,18,745.0,CALL,17.0
2026-09-04,18,750.0,CALL,45.0
2026-09-04,18,755.0,CALL,15.0
2026-09-04,18,760.0,CALL,60.0
2026-09-04,18,765.0,CALL,15.0
2026-09-04,18,770.0,CALL,279.0
2026-09-04,18,775.0,CALL,125.0
2026-09-04,18,780.0,CALL,121.0
2026-09-04,18,785.0,CALL,92.0
2026-09-04,18,790.0,CALL,43.0
2026-09-04,18,795.0,CALL,49.0
2026-09-04,18,800.0,CALL,112.0
2026-09-04,18,805.0,CALL,15.0
2026-09-04,18,810.0,CALL,73.0
2026-09-04,18,815.0,CALL,125.0
2026-09-04,18,820.0,CALL,41.0
2026-09-04,18,825.0,CALL,53.0
2026-09-04,18,830.0,CALL,45.0
2026-09-04,18,835.0,CALL,54.0
2026-09-04,18,840.0,CALL,42.0
2026-09-04,18,845.0,CALL,21.0
2026-09-04,18,850.0,CALL,297.0
2026-09-04,18,855.0,CALL,27.0
2026-09-04,18,860.0,CALL,84.0
2026-09-04,18,865.0,CALL,34.0
2026-09-04,18,870.0,CALL,100.0
2026-09-04,18,875.0,CALL,60.0
2026-09-04,18,880.0,CALL,161.0
2026-09-04,18,885.0,CALL,113.0
2026-09-04,18,890.0,CALL,96.0
2026-09-04,18,895.0,CALL,33.0
2026-09-04,18,900.0,CALL,332.0
2026-09-04,18,905.0,CALL,84.0
2026-09-04,18,910.0,CALL,47.0
2026-09-04,18,915.0,CALL,53.0
2026-09-04,18,920.0,CALL,233.0
2026-09-04,18,925.0,CALL,59.0
2026-09-04,18,930.0,CALL,212.0
2026-09-04,18,935.0,CALL,74.0
2026-09-04,18,940.0,CALL,92.0
2026-09-04,18,945.0,CALL,235.0
2026-09-04,18,950.0,CALL,847.0
2026-09-04,18,955.0,CALL,312.0
2026-09-04,18,960.0,CALL,189.0
2026-09-04,18,965.0,CALL,61.0
2026-09-04,18,970.0,CALL,89.0
2026-09-04,18,975.0,CALL,116.0
2026-09-04,18,980.0,CALL,101.0
2026-09-04,18,985.0,CALL,106.0
2026-09-04,18,990.0,CALL,114.0
2026-09-04,18,995.0,CALL,75.0
2026-09-04,18,1000.0,CALL,1095.0
2026-09-04,18,1005.0,CALL,681.0
2026-09-04,18,1010.0,CALL,110.0
2026-09-04,18,1015.0,CALL,100.0
2026-09-04,18,1020.0,CALL,72.0
2026-09-04,18,1025.0,CALL,72.0
2026-09-04,18,1030.0,CALL,116.0
2026-09-04,18,1035.0,CALL,66.0
2026-09-04,18,1040.0,CALL,110.0
2026-09-04,18,1045.0,CALL,60.0
2026-09-04,18,1050.0,CALL,347.0
2026-09-04,18,1055.0,CALL,49.0
2026-09-04,18,1060.0,CALL,89.0
2026-09-04,18,1065.0,CALL,45.0
2026-09-04,18,1070.0,CALL,84.0
2026-09-04,18,1075.0,CALL,305.0
2026-09-04,18,1080.0,CALL,101.0
2026-09-04,18,1085.0,CALL,64.0
2026-09-04,18,1090.0,CALL,56.0
2026-09-04,18,1095.0,CALL,149.0
2026-09-04,18,1100.0,CALL,826.0
2026-09-04,18,1105.0,CALL,286.0
2026-09-04,18,1110.0,CALL,76.0
2026-09-04,18,1115.0,CALL,202.0
2026-09-04,18,1120.0,CALL,134.0
2026-09-04,18,1125.0,CALL,166.0
2026-09-04,18,1130.0,CALL,56.0
2026-09-04,18,1135.0,CALL,114.0
2026-09-04,18,1140.0,CALL,59.0
2026-09-04,18,1150.0,CALL,378.0
2026-09-04,18,1160.0,CALL,191.0
2026-09-04,18,1170.0,CALL,128.0
2026-09-04,18,1180.0,CALL,147.0
2026-09-04,18,1190.0,CALL,138.0
2026-09-04,18,1200.0,CALL,554.0
2026-09-04,18,1210.0,CALL,118.0
2026-09-04,18,1220.0,CALL,73.0
2026-09-04,18,1230.0,CALL,67.0
2026-09-04,18,1240.0,CALL,26.0
2026-09-04,18,1250.0,CALL,281.0
2026-09-04,18,1260.0,CALL,78.0
2026-09-04,18,1270.0,CALL,51.0
2026-09-04,18,1280.0,CALL,84.0
2026-09-04,18,1290.0,CALL,63.0
2026-09-04,18,1300.0,CALL,295.0
2026-09-04,18,1310.0,CALL,199.0
2026-09-04,18,1320.0,CALL,121.0
2026-09-04,18,1330.0,CALL,96.0
2026-09-04,18,1340.0,CALL,87.0
2026-09-04,18,1350.0,CALL,49.0
2026-09-04,18,1360.0,CALL,85.0
2026-09-04,18,1370.0,CALL,75.0
2026-09-04,18,1380.0,CALL,57.0
2026-09-04,18,1390.0,CALL,25.0
2026-09-04,18,1400.0,CALL,219.0
2026-09-04,18,1410.0,CALL,29.0
2026-09-04,18,1420.0,CALL,23.0
2026-09-04,18,1430.0,CALL,11.0
2026-09-04,18,1440.0,CALL,118.0
2026-09-04,18,1450.0,CALL,42.0
2026-09-04,18,1460.0,CALL,12.0
2026-09-04,18,1470.0,CALL,45.0
2026-09-04,18,1480.0,CALL,16.0
2026-09-04,18,1490.0,CALL,19.0
2026-09-04,18,1500.0,CALL,223.0
2026-09-04,18,1510.0,CALL,6.0
2026-09-04,18,1520.0,CALL,37.0
2026-09-04,18,1530.0,CALL,46.0
2026-09-04,18,1540.0,CALL,40.0
2026-09-04,18,1550.0,CALL,44.0
2026-09-04,18,1560.0,CALL,1.0
2026-09-04,18,1570.0,CALL,41.0
2026-09-04,18,1580.0,CALL,32.0
2026-09-04,18,1590.0,CALL,105.0
2026-09-04,18,1600.0,CALL,66.0
2026-09-04,18,1610.0,CALL,10.0
2026-09-04,18,1620.0,CALL,1.0
2026-09-04,18,1630.0,CALL,1.0
2026-09-04,18,1640.0,CALL,12.0
2026-09-04,18,1650.0,CALL,3.0
2026-09-04,18,1700.0,CALL,15.0
2026-09-04,18,1710.0,CALL,9.0
2026-09-04,18,1750.0,CALL,5.0
2026-09-04,18,1790.0,CALL,1.0
2026-09-04,18,1800.0,CALL,44.0
2026-09-04,18,1810.0,CALL,1.0
2026-09-04,18,1820.0,CALL,52.0
2026-09-04,18,1840.0,CALL,2.0
2026-09-04,18,1860.0,CALL,1.0
2026-09-04,18,1870.0,CALL,1.0
2026-09-04,18,1890.0,CALL,2.0
2026-09-04,18,1900.0,CALL,17.0
2026-09-04,18,1910.0,CALL,54.0
2026-09-04,18,1920.0,CALL,3.0
2026-09-04,18,1960.0,CALL,1.0
2026-09-04,18,1970.0,CALL,1.0
2026-09-04,18,1990.0,CALL,2.0
2026-09-04,18,2000.0,CALL,189.0
2026-09-04,18,100.0,PUT,26.0
2026-09-04,18,105.0,PUT,9.0
2026-09-04,18,110.0,PUT,1.0
2026-09-04,18,115.0,PUT,0.0
2026-09-04,18,120.0,PUT,2.0
2026-09-04,18,125.0,PUT,0.0
2026-09-04,18,130.0,PUT,21.0
2026-09-04,18,135.0,PUT,2.0
2026-09-04,18,140.0,PUT,7.0
2026-09-04,18,145.0,PUT,1.0
2026-09-04,18,150.0,PUT,2.0
2026-09-04,18,155.0,PUT,1.0
2026-09-04,18,160.0,PUT,2.0
2026-09-04,18,165.0,PUT,1.0
2026-09-04,18,170.0,PUT,1.0
2026-09-04,18,175.0,PUT,2.0
2026-09-04,18,180.0,PUT,4.0
2026-09-04,18,190.0,PUT,1.0
2026-09-04,18,195.0,PUT,1.0
2026-09-04,18,200.0,PUT,458.0
2026-09-04,18,205.0,PUT,1.0
2026-09-04,18,210.0,PUT,2.0
2026-09-04,18,225.0,PUT,1.0
2026-09-04,18,230.0,PUT,0.0
2026-09-04,18,240.0,PUT,16.0
2026-09-04,18,245.0,PUT,1.0
2026-09-04,18,250.0,PUT,29.0
2026-09-04,18,260.0,PUT,66.0
2026-09-04,18,270.0,PUT,161.0
2026-09-04,18,280.0,PUT,324.0
2026-09-04,18,285.0,PUT,3.0
2026-09-04,18,290.0,PUT,226.0
2026-09-04,18,300.0,PUT,1522.0
2026-09-04,18,310.0,PUT,81.0
2026-09-04,18,320.0,PUT,7.0
2026-09-04,18,325.0,PUT,2.0
2026-09-04,18,330.0,PUT,12.0
2026-09-04,18,335.0,PUT,3.0
2026-09-04,18,340.0,PUT,6.0
2026-09-04,18,345.0,PUT,4.0
2026-09-04,18,350.0,PUT,321.0
2026-09-04,18,355.0,PUT,2.0
2026-09-04,18,360.0,PUT,34.0
2026-09-04,18,365.0,PUT,15.0
2026-09-04,18,370.0,PUT,195.0
2026-09-04,18,375.0,PUT,34.0
2026-09-04,18,380.0,PUT,203.0
2026-09-04,18,385.0,PUT,40.0
2026-09-04,18,390.0,PUT,13.0
2026-09-04,18,395.0,PUT,18.0
2026-09-04,18,400.0,PUT,176.0
2026-09-04,18,405.0,PUT,109.0
2026-09-04,18,410.0,PUT,7.0
2026-09-04,18,415.0,PUT,12.0
2026-09-04,18,420.0,PUT,15.0
2026-09-04,18,425.0,PUT,8.0
2026-09-04,18,430.0,PUT,12.0
2026-09-04,18,435.0,PUT,2.0
2026-09-04,18,440.0,PUT,10.0
2026-09-04,18,445.0,PUT,14.0
2026-09-04,18,450.0,PUT,147.0
2026-09-04,18,455.0,PUT,15.0
2026-09-04,18,460.0,PUT,15.0
2026-09-04,18,465.0,PUT,63.0
2026-09-04,18,470.0,PUT,26.0
2026-09-04,18,475.0,PUT,81.0
2026-09-04,18,480.0,PUT,13.0
2026-09-04,18,485.0,PUT,51.0
2026-09-04,18,490.0,PUT,23.0
2026-09-04,18,495.0,PUT,246.0
2026-09-04,18,500.0,PUT,140.0
2026-09-04,18,505.0,PUT,30.0
2026-09-04,18,510.0,PUT,60.0
2026-09-04,18,515.0,PUT,30.0
2026-09-04,18,520.0,PUT,46.0
2026-09-04,18,525.0,PUT,49.0
2026-09-04,18,530.0,PUT,122.0
2026-09-04,18,535.0,PUT,56.0
2026-09-04,18,540.0,PUT,50.0
2026-09-04,18,545.0,PUT,45.0
2026-09-04,18,550.0,PUT,575.0
2026-09-04,18,555.0,PUT,41.0
2026-09-04,18,560.0,PUT,24.0
2026-09-04,18,565.0,PUT,57.0
2026-09-04,18,570.0,PUT,60.0
2026-09-04,18,575.0,PUT,138.0
2026-09-04,18,580.0,PUT,62.0
2026-09-04,18,585.0,PUT,108.0
2026-09-04,18,590.0,PUT,111.0
2026-09-04,18,595.0,PUT,137.0
2026-09-04,18,600.0,PUT,299.0
2026-09-04,18,605.0,PUT,53.0
2026-09-04,18,610.0,PUT,48.0
2026-09-04,18,615.0,PUT,49.0
2026-09-04,18,620.0,PUT,124.0
2026-09-04,18,625.0,PUT,155.0
2026-09-04,18,630.0,PUT,56.0
2026-09-04,18,635.0,PUT,92.0
2026-09-04,18,640.0,PUT,143.0
2026-09-04,18,645.0,PUT,122.0
2026-09-04,18,650.0,PUT,388.0
2026-09-04,18,655.0,PUT,50.0
2026-09-04,18,660.0,PUT,225.0
2026-09-04,18,665.0,PUT,37.0
2026-09-04,18,670.0,PUT,139.0
2026-09-04,18,675.0,PUT,64.0
2026-09-04,18,680.0,PUT,149.0
2026-09-04,18,685.0,PUT,55.0
2026-09-04,18,690.0,PUT,159.0
2026-09-04,18,695.0,PUT,143.0
2026-09-04,18,700.0,PUT,335.0
2026-09-04,18,705.0,PUT,45.0
2026-09-04,18,710.0,PUT,70.0
2026-09-04,18,715.0,PUT,79.0
2026-09-04,18,720.0,PUT,73.0
2026-09-04,18,725.0,PUT,132.0
2026-09-04,18,730.0,PUT,94.0
2026-09-04,18,735.0,PUT,26.0
2026-09-04,18,740.0,PUT,178.0
2026-09-04,18,745.0,PUT,50.0
2026-09-04,18,750.0,PUT,1138.0
2026-09-04,18,755.0,PUT,41.0
2026-09-04,18,760.0,PUT,218.0
2026-09-04,18,765.0,PUT,85.0
2026-09-04,18,770.0,PUT,246.0
2026-09-04,18,775.0,PUT,247.0
2026-09-04,18,780.0,PUT,158.0
2026-09-04,18,785.0,PUT,198.0
2026-09-04,18,790.0,PUT,123.0
2026-09-04,18,795.0,PUT,121.0
2026-09-04,18,800.0,PUT,1225.0
2026-09-04,18,805.0,PUT,70.0
2026-09-04,18,810.0,PUT,121.0
2026-09-04,18,815.0,PUT,76.0
2026-09-04,18,820.0,PUT,275.0
2026-09-04,18,825.0,PUT,90.0
2026-09-04,18,830.0,PUT,98.0
2026-09-04,18,835.0,PUT,70.0
2026-09-04,18,840.0,PUT,181.0
2026-09-04,18,845.0,PUT,83.0
2026-09-04,18,850.0,PUT,304.0
2026-09-04,18,855.0,PUT,75.0
2026-09-04,18,860.0,PUT,74.0
2026-09-04,18,865.0,PUT,45.0
2026-09-04,18,870.0,PUT,66.0
2026-09-04,18,875.0,PUT,270.0
2026-09-04,18,880.0,PUT,168.0
2026-09-04,18,885.0,PUT,59.0
2026-09-04,18,890.0,PUT,146.0
2026-09-04,18,895.0,PUT,97.0
2026-09-04,18,900.0,PUT,730.0
2026-09-04,18,905.0,PUT,217.0
2026-09-04,18,910.0,PUT,222.0
2026-09-04,18,915.0,PUT,224.0
2026-09-04,18,920.0,PUT,51.0
2026-09-04,18,925.0,PUT,105.0
2026-09-04,18,930.0,PUT,54.0
2026-09-04,18,935.0,PUT,27.0
2026-09-04,18,940.0,PUT,47.0
2026-09-04,18,945.0,PUT,10.0
2026-09-04,18,950.0,PUT,1028.0
2026-09-04,18,955.0,PUT,60.0
2026-09-04,18,960.0,PUT,29.0
2026-09-04,18,965.0,PUT,15.0
2026-09-04,18,970.0,PUT,119.0
2026-09-04,18,975.0,PUT,64.0
2026-09-04,18,980.0,PUT,43.0
2026-09-04,18,985.0,PUT,40.0
2026-09-04,18,990.0,PUT,27.0
2026-09-04,18,995.0,PUT,14.0
2026-09-04,18,1000.0,PUT,42.0
2026-09-04,18,1005.0,PUT,2.0
2026-09-04,18,1010.0,PUT,16.0
2026-09-04,18,1015.0,PUT,3.0
2026-09-04,18,1020.0,PUT,16.0
2026-09-04,18,1025.0,PUT,6.0
2026-09-04,18,1030.0,PUT,8.0
2026-09-04,18,1035.0,PUT,6.0
2026-09-04,18,1040.0,PUT,14.0
2026-09-04,18,1045.0,PUT,3.0
2026-09-04,18,1050.0,PUT,14.0
2026-09-04,18,1055.0,PUT,1.0
2026-09-04,18,1060.0,PUT,3.0
2026-09-04,18,1070.0,PUT,3.0
2026-09-04,18,1080.0,PUT,6.0
2026-09-04,18,1085.0,PUT,10.0
2026-09-04,18,1090.0,PUT,10.0
2026-09-04,18,1095.0,PUT,11.0
2026-09-04,18,1100.0,PUT,32.0
2026-09-04,18,1105.0,PUT,8.0
2026-09-04,18,1110.0,PUT,26.0
2026-09-04,18,1115.0,PUT,3.0
2026-09-04,18,1120.0,PUT,1.0
2026-09-04,18,1130.0,PUT,6.0
2026-09-04,18,1140.0,PUT,2.0
2026-09-04,18,1150.0,PUT,7.0
2026-09-04,18,1160.0,PUT,19.0
2026-09-04,18,1170.0,PUT,3.0
2026-09-04,18,1180.0,PUT,4.0
2026-09-04,18,1190.0,PUT,4.0
2026-09-04,18,1200.0,PUT,7.0
2026-09-04,18,1210.0,PUT,5.0
2026-09-04,18,1220.0,PUT,0.0
2026-09-04,18,1230.0,PUT,0.0
2026-09-04,18,1240.0,PUT,3.0
2026-09-04,18,1250.0,PUT,10.0
2026-09-04,18,1260.0,PUT,7.0
2026-09-04,18,1270.0,PUT,1.0
2026-09-04,18,1350.0,PUT,5.0
2026-09-04,18,1400.0,PUT,0.0
2026-09-04,18,1500.0,PUT,0.0
2026-09-04,18,1510.0,PUT,0.0
2026-09-04,18,1520.0,PUT,0.0
2026-09-04,18,1560.0,PUT,0.0
2026-09-04,18,2000.0,PUT,0.0
2026-09-11,25,185.0,CALL,1.0
2026-09-11,25,240.0,CALL,5.0
2026-09-11,25,275.0,CALL,1.0
2026-09-11,25,400.0,CALL,1.0
2026-09-11,25,430.0,CALL,1.0
2026-09-11,25,495.0,CALL,4.0
2026-09-11,25,500.0,CALL,13.0
2026-09-11,25,505.0,CALL,24.0
2026-09-11,25,520.0,CALL,4.0
2026-09-11,25,525.0,CALL,4.0
2026-09-11,25,550.0,CALL,1.0
2026-09-11,25,555.0,CALL,0.0
2026-09-11,25,560.0,CALL,8.0
2026-09-11,25,595.0,CALL,5.0
2026-09-11,25,600.0,CALL,2.0
2026-09-11,25,620.0,CALL,1.0
2026-09-11,25,630.0,CALL,1.0
2026-09-11,25,660.0,CALL,2.0
2026-09-11,25,675.0,CALL,5.0
2026-09-11,25,700.0,CALL,262.0
2026-09-11,25,705.0,CALL,2.0
2026-09-11,25,710.0,CALL,3.0
2026-09-11,25,715.0,CALL,27.0
2026-09-11,25,720.0,CALL,4.0
2026-09-11,25,725.0,CALL,2.0
2026-09-11,25,730.0,CALL,2.0
2026-09-11,25,735.0,CALL,3.0
2026-09-11,25,740.0,CALL,61.0
2026-09-11,25,745.0,CALL,8.0
2026-09-11,25,750.0,CALL,13.0
2026-09-11,25,755.0,CALL,12.0
2026-09-11,25,760.0,CALL,13.0
2026-09-11,25,765.0,CALL,14.0
2026-09-11,25,770.0,CALL,14.0
2026-09-11,25,775.0,CALL,15.0
2026-09-11,25,780.0,CALL,71.0
2026-09-11,25,785.0,CALL,8.0
2026-09-11,25,790.0,CALL,69.0
2026-09-11,25,795.0,CALL,10.0
2026-09-11,25,800.0,CALL,11.0
2026-09-11,25,805.0,CALL,18.0
2026-09-11,25,810.0,CALL,30.0
2026-09-11,25,815.0,CALL,28.0
2026-09-11,25,820.0,CALL,28.0
2026-09-11,25,825.0,CALL,15.0
2026-09-11,25,830.0,CALL,16.0
2026-09-11,25,835.0,CALL,93.0
2026-09-11,25,840.0,CALL,39.0
2026-09-11,25,845.0,CALL,36.0
2026-09-11,25,850.0,CALL,105.0
2026-09-11,25,855.0,CALL,24.0
2026-09-11,25,860.0,CALL,65.0
2026-09-11,25,865.0,CALL,47.0
2026-09-11,25,870.0,CALL,94.0
2026-09-11,25,875.0,CALL,55.0
2026-09-11,25,880.0,CALL,60.0
2026-09-11,25,885.0,CALL,59.0
2026-09-11,25,890.0,CALL,66.0
2026-09-11,25,895.0,CALL,67.0
2026-09-11,25,900.0,CALL,162.0
2026-09-11,25,905.0,CALL,44.0
2026-09-11,25,910.0,CALL,127.0
2026-09-11,25,915.0,CALL,124.0
2026-09-11,25,920.0,CALL,208.0
2026-09-11,25,925.0,CALL,148.0
2026-09-11,25,930.0,CALL,128.0
2026-09-11,25,935.0,CALL,47.0
2026-09-11,25,940.0,CALL,58.0
2026-09-11,25,945.0,CALL,22.0
2026-09-11,25,950.0,CALL,227.0
2026-09-11,25,955.0,CALL,35.0
2026-09-11,25,960.0,CALL,52.0
2026-09-11,25,965.0,CALL,81.0
2026-09-11,25,970.0,CALL,64.0
2026-09-11,25,975.0,CALL,178.0
2026-09-11,25,980.0,CALL,49.0
2026-09-11,25,985.0,CALL,153.0
2026-09-11,25,990.0,CALL,44.0
2026-09-11,25,995.0,CALL,23.0
2026-09-11,25,1000.0,CALL,284.0
2026-09-11,25,1005.0,CALL,26.0
2026-09-11,25,1010.0,CALL,62.0
2026-09-11,25,1015.0,CALL,45.0
2026-09-11,25,1020.0,CALL,49.0
2026-09-11,25,1025.0,CALL,67.0
2026-09-11,25,1030.0,CALL,45.0
2026-09-11,25,1035.0,CALL,156.0
2026-09-11,25,1040.0,CALL,120.0
2026-09-11,25,1045.0,CALL,57.0
2026-09-11,25,1050.0,CALL,211.0
2026-09-11,25,1055.0,CALL,43.0
2026-09-11,25,1060.0,CALL,45.0
2026-09-11,25,1065.0,CALL,83.0
2026-09-11,25,1070.0,CALL,29.0
2026-09-11,25,1075.0,CALL,16.0
2026-09-11,25,1080.0,CALL,91.0
2026-09-11,25,1085.0,CALL,28.0
2026-09-11,25,1090.0,CALL,36.0
2026-09-11,25,1095.0,CALL,24.0
2026-09-11,25,1100.0,CALL,274.0
2026-09-11,25,1105.0,CALL,72.0
2026-09-11,25,1110.0,CALL,187.0
2026-09-11,25,1115.0,CALL,90.0
2026-09-11,25,1120.0,CALL,37.0
2026-09-11,25,1125.0,CALL,269.0
2026-09-11,25,1130.0,CALL,98.0
2026-09-11,25,1135.0,CALL,59.0
2026-09-11,25,1140.0,CALL,130.0
2026-09-11,25,1150.0,CALL,279.0
2026-09-11,25,1160.0,CALL,239.0
2026-09-11,25,1170.0,CALL,207.0
2026-09-11,25,1180.0,CALL,103.0
2026-09-11,25,1190.0,CALL,56.0
2026-09-11,25,1200.0,CALL,250.0
2026-09-11,25,1210.0,CALL,134.0
2026-09-11,25,1220.0,CALL,114.0
2026-09-11,25,1230.0,CALL,134.0
2026-09-11,25,1240.0,CALL,40.0
2026-09-11,25,1250.0,CALL,326.0
2026-09-11,25,1260.0,CALL,73.0
2026-09-11,25,1270.0,CALL,44.0
2026-09-11,25,1280.0,CALL,16.0
2026-09-11,25,1290.0,CALL,39.0
2026-09-11,25,1300.0,CALL,173.0
2026-09-11,25,1310.0,CALL,43.0
2026-09-11,25,1320.0,CALL,34.0
2026-09-11,25,1330.0,CALL,127.0
2026-09-11,25,1340.0,CALL,16.0
2026-09-11,25,1350.0,CALL,70.0
2026-09-11,25,1360.0,CALL,64.0
2026-09-11,25,1370.0,CALL,20.0
2026-09-11,25,1380.0,CALL,145.0
2026-09-11,25,1390.0,CALL,41.0
2026-09-11,25,1400.0,CALL,238.0
2026-09-11,25,1410.0,CALL,115.0
2026-09-11,25,1420.0,CALL,5.0
2026-09-11,25,1430.0,CALL,37.0
2026-09-11,25,1440.0,CALL,52.0
2026-09-11,25,1450.0,CALL,149.0
2026-09-11,25,1460.0,CALL,104.0
2026-09-11,25,1470.0,CALL,58.0
2026-09-11,25,1480.0,CALL,60.0
2026-09-11,25,1490.0,CALL,187.0
2026-09-11,25,1500.0,CALL,375.0
2026-09-11,25,1510.0,CALL,143.0
2026-09-11,25,1520.0,CALL,4.0
2026-09-11,25,1530.0,CALL,103.0
2026-09-11,25,1540.0,CALL,37.0
2026-09-11,25,1550.0,CALL,177.0
2026-09-11,25,1560.0,CALL,185.0
2026-09-11,25,1570.0,CALL,127.0
2026-09-11,25,1580.0,CALL,126.0
2026-09-11,25,1590.0,CALL,110.0
2026-09-11,25,1600.0,CALL,160.0
2026-09-11,25,1610.0,CALL,102.0
2026-09-11,25,1620.0,CALL,117.0
2026-09-11,25,1630.0,CALL,8.0
2026-09-11,25,1650.0,CALL,13.0
2026-09-11,25,1660.0,CALL,1.0
2026-09-11,25,1680.0,CALL,3.0
2026-09-11,25,1690.0,CALL,1.0
2026-09-11,25,1700.0,CALL,196.0
2026-09-11,25,1710.0,CALL,4.0
2026-09-11,25,1720.0,CALL,1.0
2026-09-11,25,1730.0,CALL,100.0
2026-09-11,25,105.0,PUT,10.0
2026-09-11,25,110.0,PUT,21.0
2026-09-11,25,115.0,PUT,32.0
2026-09-11,25,120.0,PUT,5.0
2026-09-11,25,125.0,PUT,30.0
2026-09-11,25,130.0,PUT,31.0
2026-09-11,25,135.0,PUT,22.0
2026-09-11,25,140.0,PUT,0.0
2026-09-11,25,145.0,PUT,30.0
2026-09-11,25,150.0,PUT,50.0
2026-09-11,25,155.0,PUT,40.0
2026-09-11,25,160.0,PUT,11.0
2026-09-11,25,165.0,PUT,21.0
2026-09-11,25,170.0,PUT,12.0
2026-09-11,25,175.0,PUT,24.0
2026-09-11,25,180.0,PUT,12.0
2026-09-11,25,185.0,PUT,27.0
2026-09-11,25,190.0,PUT,17.0
2026-09-11,25,195.0,PUT,20.0
2026-09-11,25,200.0,PUT,20.0
2026-09-11,25,205.0,PUT,11.0
2026-09-11,25,210.0,PUT,12.0
2026-09-11,25,215.0,PUT,10.0
2026-09-11,25,220.0,PUT,1.0
2026-09-11,25,240.0,PUT,3.0
2026-09-11,25,245.0,PUT,4.0
2026-09-11,25,255.0,PUT,3.0
2026-09-11,25,265.0,PUT,0.0
2026-09-11,25,270.0,PUT,408.0
2026-09-11,25,275.0,PUT,2.0
2026-09-11,25,280.0,PUT,48.0
2026-09-11,25,290.0,PUT,193.0
2026-09-11,25,300.0,PUT,1404.0
2026-09-11,25,305.0,PUT,1.0
2026-09-11,25,310.0,PUT,81.0
2026-09-11,25,315.0,PUT,7.0
2026-09-11,25,320.0,PUT,7.0
2026-09-11,25,325.0,PUT,160.0
2026-09-11,25,330.0,PUT,8.0
2026-09-11,25,335.0,PUT,5.0
2026-09-11,25,345.0,PUT,11.0
2026-09-11,25,350.0,PUT,79.0
2026-09-11,25,355.0,PUT,20.0
2026-09-11,25,360.0,PUT,103.0
2026-09-11,25,365.0,PUT,5.0
2026-09-11,25,370.0,PUT,58.0
2026-09-11,25,375.0,PUT,12.0
2026-09-11,25,380.0,PUT,9.0
2026-09-11,25,385.0,PUT,1.0
2026-09-11,25,390.0,PUT,14.0
2026-09-11,25,395.0,PUT,74.0
2026-09-11,25,400.0,PUT,260.0
2026-09-11,25,405.0,PUT,3.0
2026-09-11,25,415.0,PUT,2.0
2026-09-11,25,420.0,PUT,1.0
2026-09-11,25,430.0,PUT,10.0
2026-09-11,25,435.0,PUT,3.0
2026-09-11,25,440.0,PUT,11.0
2026-09-11,25,445.0,PUT,25.0
2026-09-11,25,450.0,PUT,36.0
2026-09-11,25,455.0,PUT,1.0
2026-09-11,25,460.0,PUT,193.0
2026-09-11,25,465.0,PUT,1.0
2026-09-11,25,470.0,PUT,20.0
2026-09-11,25,475.0,PUT,31.0
2026-09-11,25,480.0,PUT,15.0
2026-09-11,25,485.0,PUT,28.0
2026-09-11,25,490.0,PUT,28.0
2026-09-11,25,495.0,PUT,29.0
2026-09-11,25,500.0,PUT,93.0
2026-09-11,25,505.0,PUT,14.0
2026-09-11,25,510.0,PUT,4.0
2026-09-11,25,515.0,PUT,3.0
2026-09-11,25,520.0,PUT,18.0
2026-09-11,25,525.0,PUT,30.0
2026-09-11,25,530.0,PUT,8.0
2026-09-11,25,540.0,PUT,22.0
2026-09-11,25,545.0,PUT,6.0
2026-09-11,25,550.0,PUT,215.0
2026-09-11,25,555.0,PUT,30.0
2026-09-11,25,560.0,PUT,22.0
2026-09-11,25,565.0,PUT,52.0
2026-09-11,25,570.0,PUT,36.0
2026-09-11,25,575.0,PUT,78.0
2026-09-11,25,580.0,PUT,109.0
2026-09-11,25,585.0,PUT,94.0
2026-09-11,25,590.0,PUT,86.0
2026-09-11,25,595.0,PUT,148.0
2026-09-11,25,600.0,PUT,123.0
2026-09-11,25,605.0,PUT,103.0
2026-09-11,25,610.0,PUT,212.0
2026-09-11,25,615.0,PUT,70.0
2026-09-11,25,620.0,PUT,134.0
2026-09-11,25,625.0,PUT,75.0
2026-09-11,25,630.0,PUT,62.0
2026-09-11,25,635.0,PUT,40.0
2026-09-11,25,640.0,PUT,56.0
2026-09-11,25,645.0,PUT,37.0
2026-09-11,25,650.0,PUT,166.0
2026-09-11,25,655.0,PUT,31.0
2026-09-11,25,660.0,PUT,114.0
2026-09-11,25,665.0,PUT,140.0
2026-09-11,25,670.0,PUT,62.0
2026-09-11,25,675.0,PUT,256.0
2026-09-11,25,680.0,PUT,1163.0
2026-09-11,25,685.0,PUT,91.0
2026-09-11,25,690.0,PUT,95.0
2026-09-11,25,695.0,PUT,50.0
2026-09-11,25,700.0,PUT,192.0
2026-09-11,25,705.0,PUT,67.0
2026-09-11,25,710.0,PUT,159.0
2026-09-11,25,715.0,PUT,51.0
2026-09-11,25,720.0,PUT,64.0
2026-09-11,25,725.0,PUT,45.0
2026-09-11,25,730.0,PUT,74.0
2026-09-11,25,735.0,PUT,49.0
2026-09-11,25,740.0,PUT,145.0
2026-09-11,25,745.0,PUT,61.0
2026-09-11,25,750.0,PUT,191.0
2026-09-11,25,755.0,PUT,56.0
2026-09-11,25,760.0,PUT,58.0
2026-09-11,25,765.0,PUT,50.0
2026-09-11,25,770.0,PUT,68.0
2026-09-11,25,775.0,PUT,180.0
2026-09-11,25,780.0,PUT,479.0
2026-09-11,25,785.0,PUT,159.0
2026-09-11,25,790.0,PUT,101.0
2026-09-11,25,795.0,PUT,86.0
2026-09-11,25,800.0,PUT,603.0
2026-09-11,25,805.0,PUT,32.0
2026-09-11,25,810.0,PUT,82.0
2026-09-11,25,815.0,PUT,33.0
2026-09-11,25,820.0,PUT,231.0
2026-09-11,25,825.0,PUT,57.0
2026-09-11,25,830.0,PUT,201.0
2026-09-11,25,835.0,PUT,45.0
2026-09-11,25,840.0,PUT,130.0
2026-09-11,25,845.0,PUT,87.0
2026-09-11,25,850.0,PUT,154.0
2026-09-11,25,855.0,PUT,61.0
2026-09-11,25,860.0,PUT,72.0
2026-09-11,25,865.0,PUT,49.0
2026-09-11,25,870.0,PUT,47.0
2026-09-11,25,875.0,PUT,23.0
2026-09-11,25,880.0,PUT,81.0
2026-09-11,25,885.0,PUT,28.0
2026-09-11,25,890.0,PUT,40.0
2026-09-11,25,895.0,PUT,122.0
2026-09-11,25,900.0,PUT,116.0
2026-09-11,25,905.0,PUT,28.0
2026-09-11,25,910.0,PUT,66.0
2026-09-11,25,915.0,PUT,31.0
2026-09-11,25,920.0,PUT,694.0
2026-09-11,25,925.0,PUT,32.0
2026-09-11,25,930.0,PUT,12.0
2026-09-11,25,935.0,PUT,11.0
2026-09-11,25,940.0,PUT,43.0
2026-09-11,25,945.0,PUT,20.0
2026-09-11,25,950.0,PUT,17.0
2026-09-11,25,955.0,PUT,23.0
2026-09-11,25,960.0,PUT,33.0
2026-09-11,25,965.0,PUT,46.0
2026-09-11,25,970.0,PUT,8.0
2026-09-11,25,975.0,PUT,25.0
2026-09-11,25,980.0,PUT,22.0
2026-09-11,25,985.0,PUT,4.0
2026-09-11,25,990.0,PUT,6.0
2026-09-11,25,995.0,PUT,4.0
2026-09-11,25,1000.0,PUT,16.0
2026-09-11,25,1005.0,PUT,7.0
2026-09-11,25,1010.0,PUT,17.0
2026-09-11,25,1015.0,PUT,2.0
2026-09-11,25,1020.0,PUT,4.0
2026-09-11,25,1025.0,PUT,3.0
2026-09-11,25,1030.0,PUT,8.0
2026-09-11,25,1035.0,PUT,6.0
2026-09-11,25,1040.0,PUT,6.0
2026-09-11,25,1045.0,PUT,1.0
2026-09-11,25,1050.0,PUT,3.0
2026-09-11,25,1055.0,PUT,1.0
2026-09-11,25,1060.0,PUT,9.0
2026-09-11,25,1075.0,PUT,1.0
2026-09-11,25,1090.0,PUT,1.0
2026-09-11,25,1095.0,PUT,3.0
2026-09-11,25,1100.0,PUT,2.0
2026-09-11,25,1110.0,PUT,2.0
2026-09-11,25,1140.0,PUT,2.0
2026-09-11,25,1150.0,PUT,2.0
2026-09-11,25,1160.0,PUT,5.0
2026-09-11,25,1200.0,PUT,4.0
2026-09-11,25,1210.0,PUT,2.0
2026-09-11,25,1220.0,PUT,2.0
2026-09-11,25,1240.0,PUT,1.0
2026-09-11,25,1250.0,PUT,1.0
2026-09-11,25,1260.0,PUT,1.0
2026-09-11,25,1310.0,PUT,1.0
2026-09-11,25,1500.0,PUT,0.0
2026-09-11,25,1510.0,PUT,0.0
2026-09-11,25,1520.0,PUT,0.0
2026-09-11,25,1630.0,PUT,0.0
2026-09-18,32,5.0,CALL,190.0
2026-09-18,32,10.0,CALL,4.0
2026-09-18,32,15.0,CALL,26.0
2026-09-18,32,20.0,CALL,6.0
2026-09-18,32,25.0,CALL,2.0
2026-09-18,32,50.0,CALL,89.0
2026-09-18,32,55.0,CALL,61.0
2026-09-18,32,60.0,CALL,20.0
2026-09-18,32,65.0,CALL,25.0
2026-09-18,32,70.0,CALL,19.0
2026-09-18,32,75.0,CALL,51.0
2026-09-18,32,80.0,CALL,611.0
2026-09-18,32,85.0,CALL,478.0
2026-09-18,32,90.0,CALL,339.0
2026-09-18,32,95.0,CALL,261.0
2026-09-18,32,100.0,CALL,169.0
2026-09-18,32,105.0,CALL,90.0
2026-09-18,32,110.0,CALL,176.0
2026-09-18,32,115.0,CALL,244.0
2026-09-18,32,120.0,CALL,545.0
2026-09-18,32,125.0,CALL,230.0
2026-09-18,32,130.0,CALL,1151.0
2026-09-18,32,135.0,CALL,179.0
2026-09-18,32,140.0,CALL,254.0
2026-09-18,32,145.0,CALL,136.0
2026-09-18,32,150.0,CALL,469.0
2026-09-18,32,155.0,CALL,190.0
2026-09-18,32,160.0,CALL,176.0
2026-09-18,32,165.0,CALL,186.0
2026-09-18,32,170.0,CALL,270.0
2026-09-18,32,175.0,CALL,140.0
2026-09-18,32,180.0,CALL,346.0
2026-09-18,32,185.0,CALL,1125.0
2026-09-18,32,190.0,CALL,539.0
2026-09-18,32,195.0,CALL,997.0
2026-09-18,32,200.0,CALL,559.0
2026-09-18,32,210.0,CALL,135.0
2026-09-18,32,220.0,CALL,191.0
2026-09-18,32,230.0,CALL,307.0
2026-09-18,32,240.0,CALL,386.0
2026-09-18,32,250.0,CALL,599.0
2026-09-18,32,260.0,CALL,306.0
2026-09-18,32,270.0,CALL,206.0
2026-09-18,32,280.0,CALL,241.0
2026-09-18,32,290.0,CALL,151.0
2026-09-18,32,300.0,CALL,550.0
2026-09-18,32,310.0,CALL,254.0
2026-09-18,32,320.0,CALL,853.0
2026-09-18,32,330.0,CALL,339.0
2026-09-18,32,340.0,CALL,320.0
2026-09-18,32,350.0,CALL,631.0
2026-09-18,32,360.0,CALL,783.0
2026-09-18,32,370.0,CALL,785.0
2026-09-18,32,380.0,CALL,530.0
2026-09-18,32,390.0,CALL,361.0
2026-09-18,32,400.0,CALL,2200.0
2026-09-18,32,410.0,CALL,1327.0
2026-09-18,32,420.0,CALL,559.0
2026-09-18,32,430.0,CALL,595.0
2026-09-18,32,440.0,CALL,857.0
2026-09-18,32,450.0,CALL,1403.0
2026-09-18,32,460.0,CALL,425.0
2026-09-18,32,470.0,CALL,224.0
2026-09-18,32,480.0,CALL,697.0
2026-09-18,32,490.0,CALL,466.0
2026-09-18,32,500.0,CALL,3575.0
2026-09-18,32,510.0,CALL,302.0
2026-09-18,32,520.0,CALL,870.0
2026-09-18,32,530.0,CALL,409.0
2026-09-18,32,540.0,CALL,303.0
2026-09-18,32,550.0,CALL,1870.0
2026-09-18,32,560.0,CALL,725.0
2026-09-18,32,570.0,CALL,774.0
2026-09-18,32,580.0,CALL,396.0
2026-09-18,32,590.0,CALL,439.0
2026-09-18,32,600.0,CALL,2518.0
2026-09-18,32,610.0,CALL,274.0
2026-09-18,32,620.0,CALL,672.0
2026-09-18,32,630.0,CALL,207.0
2026-09-18,32,640.0,CALL,286.0
2026-09-18,32,650.0,CALL,851.0
2026-09-18,32,660.0,CALL,430.0
2026-09-18,32,670.0,CALL,725.0
2026-09-18,32,680.0,CALL,745.0
2026-09-18,32,690.0,CALL,382.0
2026-09-18,32,700.0,CALL,3030.0
2026-09-18,32,710.0,CALL,331.0
2026-09-18,32,720.0,CALL,241.0
2026-09-18,32,730.0,CALL,340.0
2026-09-18,32,740.0,CALL,1572.0
2026-09-18,32,750.0,CALL,1444.0
2026-09-18,32,760.0,CALL,412.0
2026-09-18,32,770.0,CALL,406.0
2026-09-18,32,780.0,CALL,808.0
2026-09-18,32,790.0,CALL,397.0
2026-09-18,32,800.0,CALL,3517.0
2026-09-18,32,810.0,CALL,712.0
2026-09-18,32,820.0,CALL,645.0
2026-09-18,32,830.0,CALL,402.0
2026-09-18,32,840.0,CALL,346.0
2026-09-18,32,850.0,CALL,1757.0
2026-09-18,32,860.0,CALL,504.0
2026-09-18,32,870.0,CALL,550.0
2026-09-18,32,880.0,CALL,1575.0
2026-09-18,32,890.0,CALL,983.0
2026-09-18,32,900.0,CALL,5742.0
2026-09-18,32,910.0,CALL,3385.0
2026-09-18,32,920.0,CALL,918.0
2026-09-18,32,930.0,CALL,629.0
2026-09-18,32,940.0,CALL,674.0
2026-09-18,32,950.0,CALL,1471.0
2026-09-18,32,960.0,CALL,823.0
2026-09-18,32,970.0,CALL,823.0
2026-09-18,32,980.0,CALL,1049.0
2026-09-18,32,990.0,CALL,1959.0
2026-09-18,32,1000.0,CALL,10240.0
2026-09-18,32,1010.0,CALL,586.0
2026-09-18,32,1020.0,CALL,1654.0
2026-09-18,32,1030.0,CALL,660.0
2026-09-18,32,1040.0,CALL,397.0
2026-09-18,32,1050.0,CALL,2578.0
2026-09-18,32,1060.0,CALL,828.0
2026-09-18,32,1070.0,CALL,412.0
2026-09-18,32,1080.0,CALL,952.0
2026-09-18,32,1090.0,CALL,864.0
2026-09-18,32,1100.0,CALL,5012.0
2026-09-18,32,1110.0,CALL,713.0
2026-09-18,32,1120.0,CALL,327.0
2026-09-18,32,1130.0,CALL,1251.0
2026-09-18,32,1140.0,CALL,272.0
2026-09-18,32,1150.0,CALL,2456.0
2026-09-18,32,1160.0,CALL,240.0
2026-09-18,32,1170.0,CALL,469.0
2026-09-18,32,1180.0,CALL,549.0
2026-09-18,32,1190.0,CALL,326.0
2026-09-18,32,1200.0,CALL,5575.0
2026-09-18,32,1210.0,CALL,634.0
2026-09-18,32,1220.0,CALL,702.0
2026-09-18,32,1230.0,CALL,369.0
2026-09-18,32,1240.0,CALL,823.0
2026-09-18,32,1250.0,CALL,1622.0
2026-09-18,32,1260.0,CALL,431.0
2026-09-18,32,1270.0,CALL,555.0
2026-09-18,32,1280.0,CALL,287.0
2026-09-18,32,1290.0,CALL,332.0
2026-09-18,32,1300.0,CALL,4379.0
2026-09-18,32,1310.0,CALL,236.0
2026-09-18,32,1320.0,CALL,341.0
2026-09-18,32,1330.0,CALL,268.0
2026-09-18,32,1340.0,CALL,149.0
2026-09-18,32,1350.0,CALL,1154.0
2026-09-18,32,1360.0,CALL,250.0
2026-09-18,32,1370.0,CALL,184.0
2026-09-18,32,1380.0,CALL,295.0
2026-09-18,32,1390.0,CALL,227.0
2026-09-18,32,1400.0,CALL,2037.0
2026-09-18,32,1410.0,CALL,96.0
2026-09-18,32,1420.0,CALL,194.0
2026-09-18,32,1430.0,CALL,279.0
2026-09-18,32,1440.0,CALL,212.0
2026-09-18,32,1450.0,CALL,1649.0
2026-09-18,32,1460.0,CALL,463.0
2026-09-18,32,1470.0,CALL,318.0
2026-09-18,32,1480.0,CALL,460.0
2026-09-18,32,1490.0,CALL,325.0
2026-09-18,32,1500.0,CALL,6031.0
2026-09-18,32,1510.0,CALL,148.0
2026-09-18,32,1520.0,CALL,403.0
2026-09-18,32,1530.0,CALL,176.0
2026-09-18,32,1540.0,CALL,218.0
2026-09-18,32,1550.0,CALL,678.0
2026-09-18,32,1560.0,CALL,189.0
2026-09-18,32,1570.0,CALL,151.0
2026-09-18,32,1580.0,CALL,293.0
2026-09-18,32,1590.0,CALL,170.0
2026-09-18,32,1600.0,CALL,2548.0
2026-09-18,32,1610.0,CALL,303.0
2026-09-18,32,1620.0,CALL,164.0
2026-09-18,32,1630.0,CALL,615.0
2026-09-18,32,1640.0,CALL,265.0
2026-09-18,32,1650.0,CALL,391.0
2026-09-18,32,1660.0,CALL,201.0
2026-09-18,32,1670.0,CALL,87.0
2026-09-18,32,1680.0,CALL,87.0
2026-09-18,32,1690.0,CALL,96.0
2026-09-18,32,1700.0,CALL,839.0
2026-09-18,32,1710.0,CALL,158.0
2026-09-18,32,1720.0,CALL,117.0
2026-09-18,32,1730.0,CALL,121.0
2026-09-18,32,1740.0,CALL,48.0
2026-09-18,32,1750.0,CALL,245.0
2026-09-18,32,1760.0,CALL,197.0
2026-09-18,32,1770.0,CALL,205.0
2026-09-18,32,1780.0,CALL,142.0
2026-09-18,32,1790.0,CALL,190.0
2026-09-18,32,1800.0,CALL,795.0
2026-09-18,32,1810.0,CALL,105.0
2026-09-18,32,1820.0,CALL,237.0
2026-09-18,32,1830.0,CALL,365.0
2026-09-18,32,1840.0,CALL,23.0
2026-09-18,32,1850.0,CALL,161.0
2026-09-18,32,1860.0,CALL,317.0
2026-09-18,32,1870.0,CALL,111.0
2026-09-18,32,1880.0,CALL,36.0
2026-09-18,32,1890.0,CALL,89.0
2026-09-18,32,1900.0,CALL,550.0
2026-09-18,32,1910.0,CALL,398.0
2026-09-18,32,1920.0,CALL,230.0
2026-09-18,32,1930.0,CALL,204.0
2026-09-18,32,1940.0,CALL,48.0
2026-09-18,32,1950.0,CALL,266.0
2026-09-18,32,1960.0,CALL,159.0
2026-09-18,32,1970.0,CALL,255.0
2026-09-18,32,1980.0,CALL,289.0
2026-09-18,32,1990.0,CALL,794.0
2026-09-18,32,2000.0,CALL,1895.0
2026-09-18,32,2010.0,CALL,74.0
2026-09-18,32,2020.0,CALL,111.0
2026-09-18,32,2030.0,CALL,440.0
2026-09-18,32,2040.0,CALL,139.0
2026-09-18,32,2050.0,CALL,294.0
2026-09-18,32,2060.0,CALL,321.0
2026-09-18,32,2070.0,CALL,308.0
2026-09-18,32,2080.0,CALL,57.0
2026-09-18,32,2090.0,CALL,119.0
2026-09-18,32,2100.0,CALL,169.0
2026-09-18,32,2110.0,CALL,110.0
2026-09-18,32,2120.0,CALL,49.0
2026-09-18,32,2130.0,CALL,40.0
2026-09-18,32,2140.0,CALL,135.0
2026-09-18,32,2150.0,CALL,124.0
2026-09-18,32,2160.0,CALL,41.0
2026-09-18,32,2170.0,CALL,1007.0
2026-09-18,32,2180.0,CALL,188.0
2026-09-18,32,2190.0,CALL,221.0
2026-09-18,32,2200.0,CALL,602.0
2026-09-18,32,2210.0,CALL,243.0
2026-09-18,32,2220.0,CALL,287.0
2026-09-18,32,2230.0,CALL,151.0
2026-09-18,32,2240.0,CALL,40.0
2026-09-18,32,2250.0,CALL,95.0
2026-09-18,32,2260.0,CALL,169.0
2026-09-18,32,2270.0,CALL,78.0
2026-09-18,32,2280.0,CALL,29.0
2026-09-18,32,2290.0,CALL,199.0
2026-09-18,32,2300.0,CALL,253.0
2026-09-18,32,2310.0,CALL,69.0
2026-09-18,32,2320.0,CALL,39.0
2026-09-18,32,2330.0,CALL,132.0
2026-09-18,32,2340.0,CALL,84.0
2026-09-18,32,2350.0,CALL,109.0
2026-09-18,32,2360.0,CALL,97.0
2026-09-18,32,2370.0,CALL,93.0
2026-09-18,32,2380.0,CALL,77.0
2026-09-18,32,2390.0,CALL,62.0
2026-09-18,32,2400.0,CALL,273.0
2026-09-18,32,2410.0,CALL,60.0
2026-09-18,32,2420.0,CALL,428.0
2026-09-18,32,2440.0,CALL,144.0
2026-09-18,32,2460.0,CALL,176.0
2026-09-18,32,2480.0,CALL,208.0
2026-09-18,32,2500.0,CALL,4974.0
2026-09-18,32,5.0,PUT,403.0
2026-09-18,32,10.0,PUT,3.0
2026-09-18,32,15.0,PUT,160.0
2026-09-18,32,20.0,PUT,25.0
2026-09-18,32,25.0,PUT,18.0
2026-09-18,32,30.0,PUT,621.0
2026-09-18,32,35.0,PUT,1238.0
2026-09-18,32,40.0,PUT,1530.0
2026-09-18,32,45.0,PUT,10177.0
2026-09-18,32,50.0,PUT,3633.0
2026-09-18,32,55.0,PUT,298.0
2026-09-18,32,60.0,PUT,1239.0
2026-09-18,32,65.0,PUT,958.0
2026-09-18,32,70.0,PUT,651.0
2026-09-18,32,75.0,PUT,1690.0
2026-09-18,32,80.0,PUT,603.0
2026-09-18,32,85.0,PUT,2972.0
2026-09-18,32,90.0,PUT,2241.0
2026-09-18,32,95.0,PUT,704.0
2026-09-18,32,100.0,PUT,2395.0
2026-09-18,32,105.0,PUT,805.0
2026-09-18,32,110.0,PUT,1245.0
2026-09-18,32,115.0,PUT,683.0
2026-09-18,32,120.0,PUT,787.0
2026-09-18,32,125.0,PUT,593.0
2026-09-18,32,130.0,PUT,1702.0
2026-09-18,32,135.0,PUT,1688.0
2026-09-18,32,140.0,PUT,3707.0
2026-09-18,32,145.0,PUT,898.0
2026-09-18,32,150.0,PUT,2927.0
2026-09-18,32,155.0,PUT,482.0
2026-09-18,32,160.0,PUT,1389.0
2026-09-18,32,165.0,PUT,911.0
2026-09-18,32,170.0,PUT,827.0
2026-09-18,32,175.0,PUT,536.0
2026-09-18,32,180.0,PUT,3159.0
2026-09-18,32,185.0,PUT,831.0
2026-09-18,32,190.0,PUT,1618.0
2026-09-18,32,195.0,PUT,1168.0
2026-09-18,32,200.0,PUT,6843.0
2026-09-18,32,210.0,PUT,1522.0
2026-09-18,32,220.0,PUT,2005.0
2026-09-18,32,230.0,PUT,4494.0
2026-09-18,32,240.0,PUT,1372.0
2026-09-18,32,250.0,PUT,4418.0
2026-09-18,32,260.0,PUT,4696.0
2026-09-18,32,270.0,PUT,1947.0
2026-09-18,32,280.0,PUT,1612.0
2026-09-18,32,290.0,PUT,3258.0
2026-09-18,32,300.0,PUT,7242.0
2026-09-18,32,310.0,PUT,1666.0
2026-09-18,32,320.0,PUT,2129.0
2026-09-18,32,330.0,PUT,3721.0
2026-09-18,32,340.0,PUT,1551.0
2026-09-18,32,350.0,PUT,4268.0
2026-09-18,32,360.0,PUT,2078.0
2026-09-18,32,370.0,PUT,2258.0
2026-09-18,32,380.0,PUT,4761.0
2026-09-18,32,390.0,PUT,2180.0
2026-09-18,32,400.0,PUT,9682.0
2026-09-18,32,410.0,PUT,2641.0
2026-09-18,32,420.0,PUT,1873.0
2026-09-18,32,430.0,PUT,1489.0
2026-09-18,32,440.0,PUT,1701.0
2026-09-18,32,450.0,PUT,1835.0
2026-09-18,32,460.0,PUT,3442.0
2026-09-18,32,470.0,PUT,1474.0
2026-09-18,32,480.0,PUT,600.0
2026-09-18,32,490.0,PUT,339.0
2026-09-18,32,500.0,PUT,9405.0
2026-09-18,32,510.0,PUT,289.0
2026-09-18,32,520.0,PUT,1160.0
2026-09-18,32,530.0,PUT,416.0
2026-09-18,32,540.0,PUT,655.0
2026-09-18,32,550.0,PUT,2150.0
2026-09-18,32,560.0,PUT,874.0
2026-09-18,32,570.0,PUT,343.0
2026-09-18,32,580.0,PUT,669.0
2026-09-18,32,590.0,PUT,1863.0
2026-09-18,32,600.0,PUT,6631.0
2026-09-18,32,610.0,PUT,1198.0
2026-09-18,32,620.0,PUT,1334.0
2026-09-18,32,630.0,PUT,461.0
2026-09-18,32,640.0,PUT,1388.0
2026-09-18,32,650.0,PUT,4867.0
2026-09-18,32,660.0,PUT,1492.0
2026-09-18,32,670.0,PUT,727.0
2026-09-18,32,680.0,PUT,3951.0
2026-09-18,32,690.0,PUT,1025.0
2026-09-18,32,700.0,PUT,4596.0
2026-09-18,32,710.0,PUT,702.0
2026-09-18,32,720.0,PUT,1747.0
2026-09-18,32,730.0,PUT,787.0
2026-09-18,32,740.0,PUT,959.0
2026-09-18,32,750.0,PUT,4724.0
2026-09-18,32,760.0,PUT,1539.0
2026-09-18,32,770.0,PUT,828.0
2026-09-18,32,780.0,PUT,1947.0
2026-09-18,32,790.0,PUT,1094.0
2026-09-18,32,800.0,PUT,6498.0
2026-09-18,32,810.0,PUT,874.0
2026-09-18,32,820.0,PUT,1228.0
2026-09-18,32,830.0,PUT,2297.0
2026-09-18,32,840.0,PUT,894.0
2026-09-18,32,850.0,PUT,3199.0
2026-09-18,32,860.0,PUT,1041.0
2026-09-18,32,870.0,PUT,916.0
2026-09-18,32,880.0,PUT,780.0
2026-09-18,32,890.0,PUT,984.0
2026-09-18,32,900.0,PUT,3537.0
2026-09-18,32,910.0,PUT,867.0
2026-09-18,32,920.0,PUT,1894.0
2026-09-18,32,930.0,PUT,787.0
2026-09-18,32,940.0,PUT,846.0
2026-09-18,32,950.0,PUT,1482.0
2026-09-18,32,960.0,PUT,1209.0
2026-09-18,32,970.0,PUT,702.0
2026-09-18,32,980.0,PUT,696.0
2026-09-18,32,990.0,PUT,508.0
2026-09-18,32,1000.0,PUT,1931.0
2026-09-18,32,1010.0,PUT,514.0
2026-09-18,32,1020.0,PUT,267.0
2026-09-18,32,1030.0,PUT,232.0
2026-09-18,32,1040.0,PUT,91.0
2026-09-18,32,1050.0,PUT,974.0
2026-09-18,32,1060.0,PUT,524.0
2026-09-18,32,1070.0,PUT,337.0
2026-09-18,32,1080.0,PUT,88.0
2026-09-18,32,1090.0,PUT,161.0
2026-09-18,32,1100.0,PUT,1174.0
2026-09-18,32,1110.0,PUT,112.0
2026-09-18,32,1120.0,PUT,262.0
2026-09-18,32,1130.0,PUT,41.0
2026-09-18,32,1140.0,PUT,42.0
2026-09-18,32,1150.0,PUT,447.0
2026-09-18,32,1160.0,PUT,32.0
2026-09-18,32,1170.0,PUT,73.0
2026-09-18,32,1180.0,PUT,49.0
2026-09-18,32,1190.0,PUT,67.0
2026-09-18,32,1200.0,PUT,1079.0
2026-09-18,32,1210.0,PUT,28.0
2026-09-18,32,1220.0,PUT,74.0
2026-09-18,32,1230.0,PUT,28.0
2026-09-18,32,1240.0,PUT,24.0
2026-09-18,32,1250.0,PUT,134.0
2026-09-18,32,1260.0,PUT,11.0
2026-09-18,32,1270.0,PUT,14.0
2026-09-18,32,1280.0,PUT,17.0
2026-09-18,32,1290.0,PUT,49.0
2026-09-18,32,1300.0,PUT,600.0
2026-09-18,32,1310.0,PUT,21.0
2026-09-18,32,1320.0,PUT,6.0
2026-09-18,32,1330.0,PUT,171.0
2026-09-18,32,1340.0,PUT,33.0
2026-09-18,32,1350.0,PUT,63.0
2026-09-18,32,1360.0,PUT,30.0
2026-09-18,32,1370.0,PUT,5.0
2026-09-18,32,1380.0,PUT,2.0
2026-09-18,32,1390.0,PUT,31.0
2026-09-18,32,1400.0,PUT,178.0
2026-09-18,32,1410.0,PUT,37.0
2026-09-18,32,1420.0,PUT,13.0
2026-09-18,32,1430.0,PUT,53.0
2026-09-18,32,1440.0,PUT,6.0
2026-09-18,32,1450.0,PUT,1.0
2026-09-18,32,1460.0,PUT,146.0
2026-09-18,32,1470.0,PUT,1.0
2026-09-18,32,1480.0,PUT,0.0
2026-09-18,32,1500.0,PUT,460.0
2026-09-18,32,1510.0,PUT,1.0
2026-09-18,32,1520.0,PUT,0.0
2026-09-18,32,1530.0,PUT,0.0
2026-09-18,32,1540.0,PUT,0.0
2026-09-18,32,1550.0,PUT,0.0
2026-09-18,32,1560.0,PUT,0.0
2026-09-18,32,1570.0,PUT,0.0
2026-09-18,32,1580.0,PUT,0.0
2026-09-18,32,1590.0,PUT,0.0
2026-09-18,32,1600.0,PUT,0.0
2026-09-18,32,1610.0,PUT,13.0
2026-09-18,32,1620.0,PUT,0.0
2026-09-18,32,1630.0,PUT,0.0
2026-09-18,32,1640.0,PUT,0.0
2026-09-18,32,1650.0,PUT,0.0
2026-09-18,32,1660.0,PUT,0.0
2026-09-18,32,1670.0,PUT,0.0
2026-09-18,32,1680.0,PUT,13.0
2026-09-18,32,1690.0,PUT,1.0
2026-09-18,32,1700.0,PUT,0.0
2026-09-18,32,1750.0,PUT,0.0
2026-09-18,32,1770.0,PUT,1.0
2026-09-18,32,1790.0,PUT,10.0
2026-09-18,32,1800.0,PUT,0.0
2026-09-18,32,1820.0,PUT,0.0
2026-09-18,32,1830.0,PUT,1.0
2026-09-18,32,1840.0,PUT,0.0
2026-09-18,32,1860.0,PUT,0.0
2026-09-18,32,1870.0,PUT,0.0
2026-09-18,32,1880.0,PUT,0.0
2026-09-18,32,1890.0,PUT,0.0
2026-09-18,32,1900.0,PUT,0.0
2026-09-18,32,1910.0,PUT,0.0
2026-09-18,32,1920.0,PUT,1.0
2026-09-18,32,1930.0,PUT,0.0
2026-09-18,32,1940.0,PUT,0.0
2026-09-18,32,1950.0,PUT,0.0
2026-09-18,32,1960.0,PUT,0.0
2026-09-18,32,1970.0,PUT,0.0
2026-09-18,32,1980.0,PUT,0.0
2026-09-18,32,1990.0,PUT,0.0
2026-09-18,32,2000.0,PUT,9.0
2026-09-18,32,2010.0,PUT,0.0
2026-09-18,32,2020.0,PUT,0.0
2026-09-18,32,2030.0,PUT,0.0
2026-09-18,32,2050.0,PUT,0.0
2026-09-18,32,2090.0,PUT,4.0
2026-09-18,32,2100.0,PUT,0.0
2026-09-18,32,2110.0,PUT,0.0
2026-09-18,32,2120.0,PUT,0.0
2026-09-18,32,2130.0,PUT,0.0
2026-09-18,32,2140.0,PUT,1.0
2026-09-18,32,2170.0,PUT,0.0
2026-09-18,32,2190.0,PUT,0.0
2026-09-18,32,2200.0,PUT,0.0
2026-09-18,32,2210.0,PUT,0.0
2026-09-18,32,2220.0,PUT,0.0
2026-09-18,32,2250.0,PUT,0.0
2026-09-18,32,2270.0,PUT,0.0
2026-09-18,32,2280.0,PUT,0.0
2026-09-18,32,2290.0,PUT,0.0
2026-09-18,32,2320.0,PUT,0.0
2026-09-18,32,2350.0,PUT,0.0
2026-09-18,32,2370.0,PUT,0.0
2026-09-18,32,2420.0,PUT,0.0
2026-09-18,32,2440.0,PUT,0.0
2026-09-25,39,275.0,CALL,3.0
2026-09-25,39,440.0,CALL,1.0
2026-09-25,39,480.0,CALL,1.0
2026-09-25,39,560.0,CALL,1.0
2026-09-25,39,580.0,CALL,4.0
2026-09-25,39,585.0,CALL,4.0
2026-09-25,39,595.0,CALL,4.0
2026-09-25,39,600.0,CALL,1.0
2026-09-25,39,605.0,CALL,4.0
2026-09-25,39,615.0,CALL,4.0
2026-09-25,39,620.0,CALL,4.0
2026-09-25,39,625.0,CALL,4.0
2026-09-25,39,630.0,CALL,5.0
2026-09-25,39,635.0,CALL,5.0
2026-09-25,39,640.0,CALL,1.0
2026-09-25,39,655.0,CALL,3.0
2026-09-25,39,695.0,CALL,2.0
2026-09-25,39,700.0,CALL,5.0
2026-09-25,39,745.0,CALL,1.0
2026-09-25,39,750.0,CALL,4.0
2026-09-25,39,755.0,CALL,3.0
2026-09-25,39,760.0,CALL,2.0
2026-09-25,39,765.0,CALL,24.0
2026-09-25,39,770.0,CALL,9.0
2026-09-25,39,775.0,CALL,11.0
2026-09-25,39,780.0,CALL,9.0
2026-09-25,39,785.0,CALL,1.0
2026-09-25,39,790.0,CALL,5.0
2026-09-25,39,795.0,CALL,6.0
2026-09-25,39,800.0,CALL,112.0
2026-09-25,39,805.0,CALL,6.0
2026-09-25,39,810.0,CALL,14.0
2026-09-25,39,815.0,CALL,17.0
2026-09-25,39,820.0,CALL,6.0
2026-09-25,39,825.0,CALL,13.0
2026-09-25,39,830.0,CALL,5.0
2026-09-25,39,835.0,CALL,3.0
2026-09-25,39,840.0,CALL,15.0
2026-09-25,39,845.0,CALL,11.0
2026-09-25,39,850.0,CALL,53.0
2026-09-25,39,855.0,CALL,11.0
2026-09-25,39,860.0,CALL,44.0
2026-09-25,39,865.0,CALL,10.0
2026-09-25,39,870.0,CALL,128.0
2026-09-25,39,875.0,CALL,18.0
2026-09-25,39,880.0,CALL,43.0
2026-09-25,39,885.0,CALL,12.0
2026-09-25,39,890.0,CALL,27.0
2026-09-25,39,895.0,CALL,16.0
2026-09-25,39,900.0,CALL,233.0
2026-09-25,39,905.0,CALL,22.0
2026-09-25,39,910.0,CALL,53.0
2026-09-25,39,915.0,CALL,23.0
2026-09-25,39,920.0,CALL,47.0
2026-09-25,39,925.0,CALL,29.0
2026-09-25,39,930.0,CALL,130.0
2026-09-25,39,935.0,CALL,13.0
2026-09-25,39,940.0,CALL,19.0
2026-09-25,39,945.0,CALL,15.0
2026-09-25,39,950.0,CALL,214.0
2026-09-25,39,955.0,CALL,12.0
2026-09-25,39,960.0,CALL,67.0
2026-09-25,39,965.0,CALL,62.0
2026-09-25,39,970.0,CALL,78.0
2026-09-25,39,975.0,CALL,36.0
2026-09-25,39,980.0,CALL,129.0
2026-09-25,39,985.0,CALL,40.0
2026-09-25,39,990.0,CALL,110.0
2026-09-25,39,995.0,CALL,17.0
2026-09-25,39,1000.0,CALL,480.0
2026-09-25,39,1005.0,CALL,37.0
2026-09-25,39,1010.0,CALL,23.0
2026-09-25,39,1015.0,CALL,9.0
2026-09-25,39,1020.0,CALL,39.0
2026-09-25,39,1025.0,CALL,24.0
2026-09-25,39,1030.0,CALL,45.0
2026-09-25,39,1035.0,CALL,50.0
2026-09-25,39,1040.0,CALL,17.0
2026-09-25,39,1045.0,CALL,15.0
2026-09-25,39,1050.0,CALL,146.0
2026-09-25,39,1055.0,CALL,13.0
2026-09-25,39,1060.0,CALL,56.0
2026-09-25,39,1065.0,CALL,19.0
2026-09-25,39,1070.0,CALL,51.0
2026-09-25,39,1075.0,CALL,15.0
2026-09-25,39,1080.0,CALL,18.0
2026-09-25,39,1085.0,CALL,12.0
2026-09-25,39,1090.0,CALL,8.0
2026-09-25,39,1095.0,CALL,15.0
2026-09-25,39,1100.0,CALL,443.0
2026-09-25,39,1105.0,CALL,34.0
2026-09-25,39,1110.0,CALL,418.0
2026-09-25,39,1115.0,CALL,22.0
2026-09-25,39,1120.0,CALL,10.0
2026-09-25,39,1125.0,CALL,10.0
2026-09-25,39,1130.0,CALL,4.0
2026-09-25,39,1135.0,CALL,4.0
2026-09-25,39,1140.0,CALL,9.0
2026-09-25,39,1150.0,CALL,159.0
2026-09-25,39,1160.0,CALL,43.0
2026-09-25,39,1170.0,CALL,62.0
2026-09-25,39,1180.0,CALL,127.0
2026-09-25,39,1190.0,CALL,32.0
2026-09-25,39,1200.0,CALL,630.0
2026-09-25,39,1210.0,CALL,441.0
2026-09-25,39,1220.0,CALL,78.0
2026-09-25,39,1230.0,CALL,107.0
2026-09-25,39,1240.0,CALL,46.0
2026-09-25,39,1250.0,CALL,544.0
2026-09-25,39,1260.0,CALL,43.0
2026-09-25,39,1270.0,CALL,21.0
2026-09-25,39,1280.0,CALL,24.0
2026-09-25,39,1290.0,CALL,12.0
2026-09-25,39,1300.0,CALL,90.0
2026-09-25,39,1310.0,CALL,49.0
2026-09-25,39,1320.0,CALL,16.0
2026-09-25,39,1330.0,CALL,14.0
2026-09-25,39,1340.0,CALL,19.0
2026-09-25,39,1350.0,CALL,95.0
2026-09-25,39,1360.0,CALL,14.0
2026-09-25,39,1370.0,CALL,9.0
2026-09-25,39,1380.0,CALL,4.0
2026-09-25,39,1390.0,CALL,9.0
2026-09-25,39,1400.0,CALL,107.0
2026-09-25,39,1410.0,CALL,33.0
2026-09-25,39,1420.0,CALL,40.0
2026-09-25,39,1430.0,CALL,40.0
2026-09-25,39,1440.0,CALL,30.0
2026-09-25,39,1450.0,CALL,58.0
2026-09-25,39,1460.0,CALL,2.0
2026-09-25,39,1470.0,CALL,2.0
2026-09-25,39,1480.0,CALL,1.0
2026-09-25,39,1490.0,CALL,3.0
2026-09-25,39,1500.0,CALL,38.0
2026-09-25,39,1510.0,CALL,8.0
2026-09-25,39,1520.0,CALL,1.0
2026-09-25,39,1540.0,CALL,43.0
2026-09-25,39,1550.0,CALL,9.0
2026-09-25,39,1600.0,CALL,3.0
2026-09-25,39,1610.0,CALL,1.0
2026-09-25,39,1620.0,CALL,2.0
2026-09-25,39,1640.0,CALL,1.0
2026-09-25,39,1660.0,CALL,7.0
2026-09-25,39,1670.0,CALL,100.0
2026-09-25,39,1680.0,CALL,13.0
2026-09-25,39,1690.0,CALL,10.0
2026-09-25,39,1700.0,CALL,2.0
2026-09-25,39,1720.0,CALL,1.0
2026-09-25,39,1730.0,CALL,53.0
2026-09-25,39,115.0,PUT,1.0
2026-09-25,39,130.0,PUT,1.0
2026-09-25,39,145.0,PUT,1.0
2026-09-25,39,155.0,PUT,1.0
2026-09-25,39,160.0,PUT,1.0
2026-09-25,39,165.0,PUT,1.0
2026-09-25,39,170.0,PUT,1.0
2026-09-25,39,220.0,PUT,1.0
2026-09-25,39,225.0,PUT,74.0
2026-09-25,39,230.0,PUT,1694.0
2026-09-25,39,235.0,PUT,121.0
2026-09-25,39,240.0,PUT,141.0
2026-09-25,39,245.0,PUT,133.0
2026-09-25,39,250.0,PUT,83.0
2026-09-25,39,255.0,PUT,41.0
2026-09-25,39,260.0,PUT,241.0
2026-09-25,39,265.0,PUT,262.0
2026-09-25,39,270.0,PUT,387.0
2026-09-25,39,275.0,PUT,19.0
2026-09-25,39,280.0,PUT,60.0
2026-09-25,39,285.0,PUT,75.0
2026-09-25,39,290.0,PUT,142.0
2026-09-25,39,295.0,PUT,150.0
2026-09-25,39,300.0,PUT,395.0
2026-09-25,39,305.0,PUT,124.0
2026-09-25,39,310.0,PUT,10.0
2026-09-25,39,315.0,PUT,91.0
2026-09-25,39,320.0,PUT,90.0
2026-09-25,39,325.0,PUT,46.0
2026-09-25,39,345.0,PUT,1.0
2026-09-25,39,350.0,PUT,1.0
2026-09-25,39,355.0,PUT,1.0
2026-09-25,39,365.0,PUT,0.0
2026-09-25,39,370.0,PUT,2.0
2026-09-25,39,375.0,PUT,0.0
2026-09-25,39,380.0,PUT,150.0
2026-09-25,39,385.0,PUT,1.0
2026-09-25,39,390.0,PUT,51.0
2026-09-25,39,395.0,PUT,1.0
2026-09-25,39,400.0,PUT,9.0
2026-09-25,39,405.0,PUT,2.0
2026-09-25,39,415.0,PUT,1.0
2026-09-25,39,425.0,PUT,1.0
2026-09-25,39,440.0,PUT,2.0
2026-09-25,39,450.0,PUT,2.0
2026-09-25,39,460.0,PUT,14.0
2026-09-25,39,470.0,PUT,0.0
2026-09-25,39,475.0,PUT,2.0
2026-09-25,39,480.0,PUT,163.0
2026-09-25,39,490.0,PUT,1.0
2026-09-25,39,495.0,PUT,2.0
2026-09-25,39,500.0,PUT,28.0
2026-09-25,39,510.0,PUT,2.0
2026-09-25,39,520.0,PUT,2.0
2026-09-25,39,525.0,PUT,7.0
2026-09-25,39,530.0,PUT,9.0
2026-09-25,39,540.0,PUT,4.0
2026-09-25,39,545.0,PUT,9.0
2026-09-25,39,550.0,PUT,122.0
2026-09-25,39,560.0,PUT,13.0
2026-09-25,39,565.0,PUT,2.0
2026-09-25,39,570.0,PUT,10.0
2026-09-25,39,575.0,PUT,11.0
2026-09-25,39,580.0,PUT,7.0
2026-09-25,39,585.0,PUT,5.0
2026-09-25,39,590.0,PUT,6.0
2026-09-25,39,595.0,PUT,7.0
2026-09-25,39,600.0,PUT,97.0
2026-09-25,39,605.0,PUT,3.0
2026-09-25,39,610.0,PUT,14.0
2026-09-25,39,615.0,PUT,8.0
2026-09-25,39,620.0,PUT,19.0
2026-09-25,39,625.0,PUT,14.0
2026-09-25,39,630.0,PUT,31.0
2026-09-25,39,635.0,PUT,5.0
2026-09-25,39,640.0,PUT,105.0
2026-09-25,39,645.0,PUT,7.0
2026-09-25,39,650.0,PUT,159.0
2026-09-25,39,655.0,PUT,8.0
2026-09-25,39,660.0,PUT,35.0
2026-09-25,39,665.0,PUT,2.0
2026-09-25,39,670.0,PUT,52.0
2026-09-25,39,675.0,PUT,79.0
2026-09-25,39,680.0,PUT,97.0
2026-09-25,39,685.0,PUT,48.0
2026-09-25,39,690.0,PUT,76.0
2026-09-25,39,695.0,PUT,34.0
2026-09-25,39,700.0,PUT,236.0
2026-09-25,39,705.0,PUT,46.0
2026-09-25,39,710.0,PUT,37.0
2026-09-25,39,715.0,PUT,29.0
2026-09-25,39,720.0,PUT,139.0
2026-09-25,39,725.0,PUT,21.0
2026-09-25,39,730.0,PUT,48.0
2026-09-25,39,735.0,PUT,18.0
2026-09-25,39,740.0,PUT,57.0
2026-09-25,39,745.0,PUT,17.0
2026-09-25,39,750.0,PUT,141.0
2026-09-25,39,755.0,PUT,22.0
2026-09-25,39,760.0,PUT,50.0
2026-09-25,39,765.0,PUT,47.0
2026-09-25,39,770.0,PUT,49.0
2026-09-25,39,775.0,PUT,53.0
2026-09-25,39,780.0,PUT,77.0
2026-09-25,39,785.0,PUT,20.0
2026-09-25,39,790.0,PUT,50.0
2026-09-25,39,795.0,PUT,27.0
2026-09-25,39,800.0,PUT,329.0
2026-09-25,39,805.0,PUT,46.0
2026-09-25,39,810.0,PUT,240.0
2026-09-25,39,815.0,PUT,24.0
2026-09-25,39,820.0,PUT,56.0
2026-09-25,39,825.0,PUT,37.0
2026-09-25,39,830.0,PUT,35.0
2026-09-25,39,835.0,PUT,11.0
2026-09-25,39,840.0,PUT,30.0
2026-09-25,39,845.0,PUT,28.0
2026-09-25,39,850.0,PUT,344.0
2026-09-25,39,855.0,PUT,39.0
2026-09-25,39,860.0,PUT,266.0
2026-09-25,39,865.0,PUT,25.0
2026-09-25,39,870.0,PUT,57.0
2026-09-25,39,875.0,PUT,219.0
2026-09-25,39,880.0,PUT,301.0
2026-09-25,39,885.0,PUT,232.0
2026-09-25,39,890.0,PUT,50.0
2026-09-25,39,895.0,PUT,66.0
2026-09-25,39,900.0,PUT,170.0
2026-09-25,39,905.0,PUT,17.0
2026-09-25,39,910.0,PUT,54.0
2026-09-25,39,915.0,PUT,15.0
2026-09-25,39,920.0,PUT,270.0
2026-09-25,39,925.0,PUT,28.0
2026-09-25,39,930.0,PUT,82.0
2026-09-25,39,935.0,PUT,27.0
2026-09-25,39,940.0,PUT,218.0
2026-09-25,39,945.0,PUT,23.0
2026-09-25,39,950.0,PUT,238.0
2026-09-25,39,955.0,PUT,43.0
2026-09-25,39,960.0,PUT,66.0
2026-09-25,39,965.0,PUT,26.0
2026-09-25,39,970.0,PUT,105.0
2026-09-25,39,975.0,PUT,42.0
2026-09-25,39,980.0,PUT,21.0
2026-09-25,39,985.0,PUT,44.0
2026-09-25,39,990.0,PUT,22.0
2026-09-25,39,995.0,PUT,6.0
2026-09-25,39,1000.0,PUT,13.0
2026-09-25,39,1005.0,PUT,4.0
2026-09-25,39,1010.0,PUT,3.0
2026-09-25,39,1015.0,PUT,3.0
2026-09-25,39,1020.0,PUT,12.0
2026-09-25,39,1025.0,PUT,2.0
2026-09-25,39,1030.0,PUT,9.0
2026-09-25,39,1035.0,PUT,3.0
2026-09-25,39,1040.0,PUT,5.0
2026-09-25,39,1045.0,PUT,5.0
2026-09-25,39,1050.0,PUT,4.0
2026-09-25,39,1055.0,PUT,3.0
2026-09-25,39,1060.0,PUT,1.0
2026-09-25,39,1065.0,PUT,2.0
2026-09-25,39,1070.0,PUT,1.0
2026-09-25,39,1075.0,PUT,1.0
2026-09-25,39,1080.0,PUT,1.0
2026-09-25,39,1085.0,PUT,1.0
2026-09-25,39,1090.0,PUT,13.0
2026-09-25,39,1095.0,PUT,2.0
2026-09-25,39,1100.0,PUT,5.0
2026-09-25,39,1105.0,PUT,1.0
2026-09-25,39,1110.0,PUT,6.0
2026-09-25,39,1115.0,PUT,8.0
2026-09-25,39,1120.0,PUT,202.0
2026-09-25,39,1125.0,PUT,2.0
2026-09-25,39,1130.0,PUT,200.0
2026-09-25,39,1135.0,PUT,1.0
2026-09-25,39,1140.0,PUT,2.0
2026-09-25,39,1150.0,PUT,6.0
2026-09-25,39,1160.0,PUT,7.0
2026-09-25,39,1170.0,PUT,12.0
2026-09-25,39,1180.0,PUT,3.0
2026-09-25,39,1190.0,PUT,4.0
2026-09-25,39,1200.0,PUT,4.0
2026-09-25,39,1210.0,PUT,2.0
2026-09-25,39,1220.0,PUT,11.0
2026-09-25,39,1230.0,PUT,8.0
2026-09-25,39,1240.0,PUT,4.0
2026-09-25,39,1250.0,PUT,5.0
2026-09-25,39,1260.0,PUT,1.0
2026-09-25,39,1270.0,PUT,6.0
2026-09-25,39,1300.0,PUT,2.0
2026-09-25,39,1310.0,PUT,1.0
2026-09-25,39,1340.0,PUT,1.0
2026-09-25,39,1350.0,PUT,1.0
2026-09-25,39,1360.0,PUT,1.0
2026-09-25,39,1400.0,PUT,0.0
2026-09-25,39,1540.0,PUT,1.0
2026-09-25,39,1560.0,PUT,1.0
2026-10-02,46,370.0,CALL,1.0
2026-10-02,46,475.0,CALL,1.0
2026-10-02,46,495.0,CALL,3.0
2026-10-02,46,500.0,CALL,2.0
2026-10-02,46,505.0,CALL,2.0
2026-10-02,46,510.0,CALL,3.0
2026-10-02,46,520.0,CALL,6.0
2026-10-02,46,530.0,CALL,1.0
2026-10-02,46,600.0,CALL,1.0
2026-10-02,46,800.0,CALL,1.0
2026-10-02,46,860.0,CALL,2.0
2026-10-02,46,865.0,CALL,1.0
2026-10-02,46,890.0,CALL,1.0
2026-10-02,46,900.0,CALL,23.0
2026-10-02,46,905.0,CALL,1.0
2026-10-02,46,910.0,CALL,37.0
2026-10-02,46,915.0,CALL,8.0
2026-10-02,46,920.0,CALL,0.0
2026-10-02,46,925.0,CALL,2.0
2026-10-02,46,930.0,CALL,11.0
2026-10-02,46,935.0,CALL,3.0
2026-10-02,46,940.0,CALL,8.0
2026-10-02,46,945.0,CALL,6.0
2026-10-02,46,950.0,CALL,10.0
2026-10-02,46,955.0,CALL,1.0
2026-10-02,46,960.0,CALL,6.0
2026-10-02,46,965.0,CALL,22.0
2026-10-02,46,970.0,CALL,20.0
2026-10-02,46,975.0,CALL,4.0
2026-10-02,46,980.0,CALL,93.0
2026-10-02,46,985.0,CALL,3.0
2026-10-02,46,990.0,CALL,62.0
2026-10-02,46,995.0,CALL,4.0
2026-10-02,46,1000.0,CALL,97.0
2026-10-02,46,1005.0,CALL,14.0
2026-10-02,46,1010.0,CALL,3.0
2026-10-02,46,1020.0,CALL,6.0
2026-10-02,46,1025.0,CALL,5.0
2026-10-02,46,1030.0,CALL,4.0
2026-10-02,46,1050.0,CALL,40.0
2026-10-02,46,1055.0,CALL,1.0
2026-10-02,46,1060.0,CALL,3.0
2026-10-02,46,1070.0,CALL,1.0
2026-10-02,46,1075.0,CALL,1.0
2026-10-02,46,1100.0,CALL,10.0
2026-10-02,46,1105.0,CALL,1.0
2026-10-02,46,1120.0,CALL,1.0
2026-10-02,46,1125.0,CALL,0.0
2026-10-02,46,1150.0,CALL,42.0
2026-10-02,46,1180.0,CALL,1.0
2026-10-02,46,1200.0,CALL,10.0
2026-10-02,46,1210.0,CALL,2.0
2026-10-02,46,1250.0,CALL,5.0
2026-10-02,46,1300.0,CALL,4.0
2026-10-02,46,1320.0,CALL,1.0
2026-10-02,46,1350.0,CALL,1.0
2026-10-02,46,1360.0,CALL,1.0
2026-10-02,46,1400.0,CALL,2.0
2026-10-02,46,1420.0,CALL,1.0
2026-10-02,46,1500.0,CALL,1.0
2026-10-02,46,1550.0,CALL,1.0
2026-10-02,46,1620.0,CALL,1.0
2026-10-02,46,1680.0,CALL,1.0
2026-10-02,46,1700.0,CALL,1.0
2026-10-02,46,100.0,PUT,2.0
2026-10-02,46,150.0,PUT,1.0
2026-10-02,46,200.0,PUT,101.0
2026-10-02,46,205.0,PUT,52.0
2026-10-02,46,210.0,PUT,450.0
2026-10-02,46,215.0,PUT,105.0
2026-10-02,46,230.0,PUT,50.0
2026-10-02,46,235.0,PUT,50.0
2026-10-02,46,240.0,PUT,100.0
2026-10-02,46,245.0,PUT,50.0
2026-10-02,46,250.0,PUT,1.0
2026-10-02,46,290.0,PUT,1.0
2026-10-02,46,295.0,PUT,1.0
2026-10-02,46,305.0,PUT,1.0
2026-10-02,46,310.0,PUT,1.0
2026-10-02,46,315.0,PUT,2.0
2026-10-02,46,320.0,PUT,2.0
2026-10-02,46,325.0,PUT,1.0
2026-10-02,46,330.0,PUT,1.0
2026-10-02,46,335.0,PUT,1.0
2026-10-02,46,340.0,PUT,1.0
2026-10-02,46,345.0,PUT,1.0
2026-10-02,46,390.0,PUT,1.0
2026-10-02,46,400.0,PUT,2.0
2026-10-02,46,480.0,PUT,7.0
2026-10-02,46,485.0,PUT,1.0
2026-10-02,46,500.0,PUT,1.0
2026-10-02,46,555.0,PUT,1.0
2026-10-02,46,570.0,PUT,1.0
2026-10-02,46,585.0,PUT,1.0
2026-10-02,46,590.0,PUT,1.0
2026-10-02,46,600.0,PUT,6.0
2026-10-02,46,605.0,PUT,1.0
2026-10-02,46,645.0,PUT,4.0
2026-10-02,46,670.0,PUT,4.0
2026-10-02,46,680.0,PUT,2.0
2026-10-02,46,690.0,PUT,6.0
2026-10-02,46,700.0,PUT,5.0
2026-10-02,46,705.0,PUT,1.0
2026-10-02,46,710.0,PUT,2.0
2026-10-02,46,720.0,PUT,2.0
2026-10-02,46,725.0,PUT,2.0
2026-10-02,46,730.0,PUT,1.0
2026-10-02,46,735.0,PUT,2.0
2026-10-02,46,740.0,PUT,3.0
2026-10-02,46,750.0,PUT,5.0
2026-10-02,46,755.0,PUT,3.0
2026-10-02,46,760.0,PUT,1.0
2026-10-02,46,765.0,PUT,3.0
2026-10-02,46,770.0,PUT,13.0
2026-10-02,46,775.0,PUT,2.0
2026-10-02,46,780.0,PUT,2.0
2026-10-02,46,785.0,PUT,1.0
2026-10-02,46,790.0,PUT,8.0
2026-10-02,46,795.0,PUT,12.0
2026-10-02,46,800.0,PUT,106.0
2026-10-02,46,805.0,PUT,2.0
2026-10-02,46,810.0,PUT,2.0
2026-10-02,46,815.0,PUT,2.0
2026-10-02,46,820.0,PUT,3.0
2026-10-02,46,825.0,PUT,3.0
2026-10-02,46,830.0,PUT,5.0
2026-10-02,46,835.0,PUT,9.0
2026-10-02,46,840.0,PUT,8.0
2026-10-02,46,850.0,PUT,5.0
2026-10-02,46,855.0,PUT,1.0
2026-10-02,46,860.0,PUT,3.0
2026-10-02,46,865.0,PUT,8.0
2026-10-02,46,870.0,PUT,2.0
2026-10-02,46,875.0,PUT,18.0
2026-10-02,46,880.0,PUT,2.0
2026-10-02,46,885.0,PUT,1.0
2026-10-02,46,890.0,PUT,6.0
2026-10-02,46,895.0,PUT,5.0
2026-10-02,46,900.0,PUT,75.0
2026-10-02,46,910.0,PUT,1.0
2026-10-02,46,915.0,PUT,6.0
2026-10-02,46,920.0,PUT,2.0
2026-10-02,46,930.0,PUT,5.0
2026-10-02,46,940.0,PUT,5.0
2026-10-02,46,950.0,PUT,8.0
2026-10-02,46,955.0,PUT,2.0
2026-10-02,46,960.0,PUT,12.0
2026-10-02,46,965.0,PUT,8.0
2026-10-02,46,970.0,PUT,13.0
2026-10-02,46,975.0,PUT,7.0
2026-10-02,46,980.0,PUT,1.0
2026-10-02,46,985.0,PUT,1.0
2026-10-02,46,995.0,PUT,12.0
2026-10-02,46,1000.0,PUT,6.0
2026-10-02,46,1005.0,PUT,2.0
2026-10-02,46,1040.0,PUT,2.0
2026-10-02,46,1045.0,PUT,1.0
2026-10-02,46,1050.0,PUT,1.0
2026-10-02,46,1065.0,PUT,1.0
2026-10-02,46,1070.0,PUT,2.0
2026-10-02,46,1085.0,PUT,1.0
2026-10-02,46,1190.0,PUT,1.0
2026-10-02,46,1200.0,PUT,1.0
2026-10-16,60,5.0,CALL,644.0
2026-10-16,60,10.0,CALL,22.0
2026-10-16,60,15.0,CALL,10.0
2026-10-16,60,20.0,CALL,16.0
2026-10-16,60,25.0,CALL,52.0
2026-10-16,60,30.0,CALL,35.0
2026-10-16,60,35.0,CALL,6.0
2026-10-16,60,40.0,CALL,6.0
2026-10-16,60,45.0,CALL,21.0
2026-10-16,60,50.0,CALL,29.0
2026-10-16,60,60.0,CALL,1.0
2026-10-16,60,185.0,CALL,13.0
2026-10-16,60,190.0,CALL,17.0
2026-10-16,60,195.0,CALL,4.0
2026-10-16,60,200.0,CALL,49.0
2026-10-16,60,210.0,CALL,67.0
2026-10-16,60,220.0,CALL,21.0
2026-10-16,60,230.0,CALL,6.0
2026-10-16,60,240.0,CALL,25.0
2026-10-16,60,250.0,CALL,531.0
2026-10-16,60,260.0,CALL,59.0
2026-10-16,60,270.0,CALL,67.0
2026-10-16,60,280.0,CALL,315.0
2026-10-16,60,290.0,CALL,261.0
2026-10-16,60,300.0,CALL,246.0
2026-10-16,60,310.0,CALL,448.0
2026-10-16,60,320.0,CALL,227.0
2026-10-16,60,330.0,CALL,35.0
2026-10-16,60,340.0,CALL,285.0
2026-10-16,60,350.0,CALL,318.0
2026-10-16,60,360.0,CALL,185.0
2026-10-16,60,370.0,CALL,124.0
2026-10-16,60,380.0,CALL,149.0
2026-10-16,60,390.0,CALL,86.0
2026-10-16,60,400.0,CALL,735.0
2026-10-16,60,410.0,CALL,310.0
2026-10-16,60,420.0,CALL,343.0
2026-10-16,60,430.0,CALL,140.0
2026-10-16,60,440.0,CALL,170.0
2026-10-16,60,450.0,CALL,712.0
2026-10-16,60,460.0,CALL,448.0
2026-10-16,60,470.0,CALL,650.0
2026-10-16,60,480.0,CALL,449.0
2026-10-16,60,490.0,CALL,212.0
2026-10-16,60,500.0,CALL,645.0
2026-10-16,60,510.0,CALL,293.0
2026-10-16,60,520.0,CALL,355.0
2026-10-16,60,530.0,CALL,555.0
2026-10-16,60,540.0,CALL,501.0
2026-10-16,60,560.0,CALL,756.0
2026-10-16,60,580.0,CALL,192.0
2026-10-16,60,600.0,CALL,1460.0
2026-10-16,60,620.0,CALL,772.0
2026-10-16,60,640.0,CALL,1714.0
2026-10-16,60,660.0,CALL,347.0
2026-10-16,60,680.0,CALL,411.0
2026-10-16,60,700.0,CALL,1471.0
2026-10-16,60,720.0,CALL,688.0
2026-10-16,60,740.0,CALL,765.0
2026-10-16,60,760.0,CALL,429.0
2026-10-16,60,780.0,CALL,1211.0
2026-10-16,60,800.0,CALL,1238.0
2026-10-16,60,820.0,CALL,601.0
2026-10-16,60,840.0,CALL,1607.0
2026-10-16,60,860.0,CALL,856.0
2026-10-16,60,880.0,CALL,469.0
2026-10-16,60,900.0,CALL,2293.0
2026-10-16,60,910.0,CALL,527.0
2026-10-16,60,920.0,CALL,501.0
2026-10-16,60,930.0,CALL,497.0
2026-10-16,60,940.0,CALL,410.0
2026-10-16,60,950.0,CALL,1742.0
2026-10-16,60,960.0,CALL,559.0
2026-10-16,60,970.0,CALL,470.0
2026-10-16,60,980.0,CALL,426.0
2026-10-16,60,990.0,CALL,578.0
2026-10-16,60,1000.0,CALL,7435.0
2026-10-16,60,1010.0,CALL,279.0
2026-10-16,60,1020.0,CALL,405.0
2026-10-16,60,1030.0,CALL,281.0
2026-10-16,60,1040.0,CALL,161.0
2026-10-16,60,1050.0,CALL,1633.0
2026-10-16,60,1060.0,CALL,235.0
2026-10-16,60,1070.0,CALL,414.0
2026-10-16,60,1080.0,CALL,393.0
2026-10-16,60,1090.0,CALL,329.0
2026-10-16,60,1100.0,CALL,4731.0
2026-10-16,60,1110.0,CALL,256.0
2026-10-16,60,1120.0,CALL,285.0
2026-10-16,60,1130.0,CALL,201.0
2026-10-16,60,1140.0,CALL,190.0
2026-10-16,60,1150.0,CALL,673.0
2026-10-16,60,1160.0,CALL,655.0
2026-10-16,60,1170.0,CALL,370.0
2026-10-16,60,1180.0,CALL,317.0
2026-10-16,60,1190.0,CALL,223.0
2026-10-16,60,1200.0,CALL,3458.0
2026-10-16,60,1210.0,CALL,490.0
2026-10-16,60,1220.0,CALL,314.0
2026-10-16,60,1230.0,CALL,216.0
2026-10-16,60,1240.0,CALL,128.0
2026-10-16,60,1250.0,CALL,945.0
2026-10-16,60,1260.0,CALL,363.0
2026-10-16,60,1270.0,CALL,370.0
2026-10-16,60,1280.0,CALL,355.0
2026-10-16,60,1290.0,CALL,336.0
2026-10-16,60,1300.0,CALL,2487.0
2026-10-16,60,1310.0,CALL,194.0
2026-10-16,60,1320.0,CALL,379.0
2026-10-16,60,1330.0,CALL,840.0
2026-10-16,60,1340.0,CALL,246.0
2026-10-16,60,1350.0,CALL,712.0
2026-10-16,60,1360.0,CALL,254.0
2026-10-16,60,1370.0,CALL,126.0
2026-10-16,60,1380.0,CALL,214.0
2026-10-16,60,1390.0,CALL,351.0
2026-10-16,60,1400.0,CALL,2872.0
2026-10-16,60,1410.0,CALL,262.0
2026-10-16,60,1420.0,CALL,359.0
2026-10-16,60,1430.0,CALL,693.0
2026-10-16,60,1440.0,CALL,236.0
2026-10-16,60,1450.0,CALL,192.0
2026-10-16,60,1460.0,CALL,322.0
2026-10-16,60,1470.0,CALL,376.0
2026-10-16,60,1480.0,CALL,301.0
2026-10-16,60,1490.0,CALL,249.0
2026-10-16,60,1500.0,CALL,2984.0
2026-10-16,60,1510.0,CALL,625.0
2026-10-16,60,1520.0,CALL,402.0
2026-10-16,60,1530.0,CALL,257.0
2026-10-16,60,1540.0,CALL,252.0
2026-10-16,60,1550.0,CALL,376.0
2026-10-16,60,1560.0,CALL,115.0
2026-10-16,60,1570.0,CALL,151.0
2026-10-16,60,1580.0,CALL,49.0
2026-10-16,60,1590.0,CALL,186.0
2026-10-16,60,1600.0,CALL,1366.0
2026-10-16,60,1610.0,CALL,283.0
2026-10-16,60,1620.0,CALL,218.0
2026-10-16,60,1630.0,CALL,336.0
2026-10-16,60,1640.0,CALL,106.0
2026-10-16,60,1650.0,CALL,156.0
2026-10-16,60,1660.0,CALL,681.0
2026-10-16,60,1670.0,CALL,241.0
2026-10-16,60,1680.0,CALL,330.0
2026-10-16,60,1690.0,CALL,834.0
2026-10-16,60,1700.0,CALL,622.0
2026-10-16,60,1710.0,CALL,97.0
2026-10-16,60,1720.0,CALL,149.0
2026-10-16,60,1730.0,CALL,192.0
2026-10-16,60,1740.0,CALL,285.0
2026-10-16,60,1750.0,CALL,159.0
2026-10-16,60,1760.0,CALL,233.0
2026-10-16,60,1770.0,CALL,280.0
2026-10-16,60,1780.0,CALL,88.0
2026-10-16,60,1790.0,CALL,366.0
2026-10-16,60,1800.0,CALL,713.0
2026-10-16,60,1810.0,CALL,221.0
2026-10-16,60,1820.0,CALL,956.0
2026-10-16,60,1830.0,CALL,1206.0
2026-10-16,60,1840.0,CALL,119.0
2026-10-16,60,1850.0,CALL,611.0
2026-10-16,60,1860.0,CALL,158.0
2026-10-16,60,1870.0,CALL,156.0
2026-10-16,60,1880.0,CALL,227.0
2026-10-16,60,1890.0,CALL,389.0
2026-10-16,60,1900.0,CALL,596.0
2026-10-16,60,1910.0,CALL,1037.0
2026-10-16,60,1920.0,CALL,88.0
2026-10-16,60,1930.0,CALL,203.0
2026-10-16,60,1940.0,CALL,296.0
2026-10-16,60,1950.0,CALL,289.0
2026-10-16,60,1960.0,CALL,407.0
2026-10-16,60,1970.0,CALL,89.0
2026-10-16,60,1980.0,CALL,140.0
2026-10-16,60,1990.0,CALL,90.0
2026-10-16,60,2000.0,CALL,1920.0
2026-10-16,60,2010.0,CALL,81.0
2026-10-16,60,2020.0,CALL,57.0
2026-10-16,60,2030.0,CALL,142.0
2026-10-16,60,2040.0,CALL,29.0
2026-10-16,60,2050.0,CALL,250.0
2026-10-16,60,2060.0,CALL,248.0
2026-10-16,60,2070.0,CALL,87.0
2026-10-16,60,2080.0,CALL,308.0
2026-10-16,60,2090.0,CALL,251.0
2026-10-16,60,2100.0,CALL,367.0
2026-10-16,60,2110.0,CALL,132.0
2026-10-16,60,2120.0,CALL,94.0
2026-10-16,60,2130.0,CALL,92.0
2026-10-16,60,2140.0,CALL,61.0
2026-10-16,60,2150.0,CALL,187.0
2026-10-16,60,2160.0,CALL,84.0
2026-10-16,60,2170.0,CALL,312.0
2026-10-16,60,2180.0,CALL,61.0
2026-10-16,60,2190.0,CALL,78.0
2026-10-16,60,2200.0,CALL,227.0
2026-10-16,60,2210.0,CALL,63.0
2026-10-16,60,2220.0,CALL,155.0
2026-10-16,60,2230.0,CALL,33.0
2026-10-16,60,2240.0,CALL,25.0
2026-10-16,60,2250.0,CALL,146.0
2026-10-16,60,2260.0,CALL,49.0
2026-10-16,60,2270.0,CALL,102.0
2026-10-16,60,2280.0,CALL,84.0
2026-10-16,60,2290.0,CALL,185.0
2026-10-16,60,2300.0,CALL,289.0
2026-10-16,60,2310.0,CALL,65.0
2026-10-16,60,2320.0,CALL,174.0
2026-10-16,60,2330.0,CALL,49.0
2026-10-16,60,2340.0,CALL,86.0
2026-10-16,60,2350.0,CALL,55.0
2026-10-16,60,2360.0,CALL,138.0
2026-10-16,60,2370.0,CALL,124.0
2026-10-16,60,2380.0,CALL,28.0
2026-10-16,60,2390.0,CALL,106.0
2026-10-16,60,2400.0,CALL,276.0
2026-10-16,60,2410.0,CALL,136.0
2026-10-16,60,2420.0,CALL,630.0
2026-10-16,60,2440.0,CALL,85.0
2026-10-16,60,2460.0,CALL,156.0
2026-10-16,60,2480.0,CALL,191.0
2026-10-16,60,2500.0,CALL,1457.0
2026-10-16,60,5.0,PUT,117.0
2026-10-16,60,10.0,PUT,85.0
2026-10-16,60,15.0,PUT,180.0
2026-10-16,60,20.0,PUT,138.0
2026-10-16,60,25.0,PUT,129.0
2026-10-16,60,30.0,PUT,206.0
2026-10-16,60,35.0,PUT,583.0
2026-10-16,60,40.0,PUT,699.0
2026-10-16,60,45.0,PUT,612.0
2026-10-16,60,50.0,PUT,1384.0
2026-10-16,60,55.0,PUT,5013.0
2026-10-16,60,60.0,PUT,14565.0
2026-10-16,60,185.0,PUT,237.0
2026-10-16,60,190.0,PUT,129.0
2026-10-16,60,195.0,PUT,1691.0
2026-10-16,60,200.0,PUT,1935.0
2026-10-16,60,210.0,PUT,999.0
2026-10-16,60,220.0,PUT,1904.0
2026-10-16,60,230.0,PUT,2638.0
2026-10-16,60,240.0,PUT,479.0
2026-10-16,60,250.0,PUT,711.0
2026-10-16,60,260.0,PUT,2234.0
2026-10-16,60,270.0,PUT,586.0
2026-10-16,60,280.0,PUT,731.0
2026-10-16,60,290.0,PUT,614.0
2026-10-16,60,300.0,PUT,1989.0
2026-10-16,60,310.0,PUT,416.0
2026-10-16,60,320.0,PUT,2065.0
2026-10-16,60,330.0,PUT,1731.0
2026-10-16,60,340.0,PUT,4949.0
2026-10-16,60,350.0,PUT,742.0
2026-10-16,60,360.0,PUT,3990.0
2026-10-16,60,370.0,PUT,864.0
2026-10-16,60,380.0,PUT,2176.0
2026-10-16,60,390.0,PUT,536.0
2026-10-16,60,400.0,PUT,2265.0
2026-10-16,60,410.0,PUT,826.0
2026-10-16,60,420.0,PUT,721.0
2026-10-16,60,430.0,PUT,441.0
2026-10-16,60,440.0,PUT,344.0
2026-10-16,60,450.0,PUT,2991.0
2026-10-16,60,460.0,PUT,811.0
2026-10-16,60,470.0,PUT,402.0
2026-10-16,60,480.0,PUT,564.0
2026-10-16,60,490.0,PUT,667.0
2026-10-16,60,500.0,PUT,3476.0
2026-10-16,60,510.0,PUT,381.0
2026-10-16,60,520.0,PUT,1045.0
2026-10-16,60,530.0,PUT,1044.0
2026-10-16,60,540.0,PUT,1089.0
2026-10-16,60,560.0,PUT,977.0
2026-10-16,60,580.0,PUT,1789.0
2026-10-16,60,600.0,PUT,3661.0
2026-10-16,60,620.0,PUT,1734.0
2026-10-16,60,640.0,PUT,4559.0
2026-10-16,60,660.0,PUT,1749.0
2026-10-16,60,680.0,PUT,1968.0
2026-10-16,60,700.0,PUT,6570.0
2026-10-16,60,720.0,PUT,548.0
2026-10-16,60,740.0,PUT,1597.0
2026-10-16,60,760.0,PUT,1977.0
2026-10-16,60,780.0,PUT,1369.0
2026-10-16,60,800.0,PUT,4621.0
2026-10-16,60,820.0,PUT,1630.0
2026-10-16,60,840.0,PUT,2993.0
2026-10-16,60,860.0,PUT,1657.0
2026-10-16,60,880.0,PUT,900.0
2026-10-16,60,900.0,PUT,2969.0
2026-10-16,60,910.0,PUT,648.0
2026-10-16,60,920.0,PUT,1596.0
2026-10-16,60,930.0,PUT,475.0
2026-10-16,60,940.0,PUT,1183.0
2026-10-16,60,950.0,PUT,1064.0
2026-10-16,60,960.0,PUT,460.0
2026-10-16,60,970.0,PUT,514.0
2026-10-16,60,980.0,PUT,283.0
2026-10-16,60,990.0,PUT,617.0
2026-10-16,60,1000.0,PUT,3299.0
2026-10-16,60,1010.0,PUT,147.0
2026-10-16,60,1020.0,PUT,316.0
2026-10-16,60,1030.0,PUT,138.0
2026-10-16,60,1040.0,PUT,353.0
2026-10-16,60,1050.0,PUT,396.0
2026-10-16,60,1060.0,PUT,189.0
2026-10-16,60,1070.0,PUT,76.0
2026-10-16,60,1080.0,PUT,292.0
2026-10-16,60,1090.0,PUT,286.0
2026-10-16,60,1100.0,PUT,3002.0
2026-10-16,60,1110.0,PUT,74.0
2026-10-16,60,1120.0,PUT,149.0
2026-10-16,60,1130.0,PUT,70.0
2026-10-16,60,1140.0,PUT,167.0
2026-10-16,60,1150.0,PUT,86.0
2026-10-16,60,1160.0,PUT,155.0
2026-10-16,60,1170.0,PUT,27.0
2026-10-16,60,1180.0,PUT,57.0
2026-10-16,60,1190.0,PUT,74.0
2026-10-16,60,1200.0,PUT,216.0
2026-10-16,60,1210.0,PUT,42.0
2026-10-16,60,1220.0,PUT,42.0
2026-10-16,60,1230.0,PUT,7.0
2026-10-16,60,1240.0,PUT,39.0
2026-10-16,60,1250.0,PUT,111.0
2026-10-16,60,1260.0,PUT,73.0
2026-10-16,60,1270.0,PUT,54.0
2026-10-16,60,1280.0,PUT,48.0
2026-10-16,60,1290.0,PUT,49.0
2026-10-16,60,1300.0,PUT,75.0
2026-10-16,60,1310.0,PUT,38.0
2026-10-16,60,1320.0,PUT,50.0
2026-10-16,60,1330.0,PUT,2.0
2026-10-16,60,1340.0,PUT,37.0
2026-10-16,60,1350.0,PUT,99.0
2026-10-16,60,1360.0,PUT,23.0
2026-10-16,60,1370.0,PUT,29.0
2026-10-16,60,1380.0,PUT,24.0
2026-10-16,60,1390.0,PUT,22.0
2026-10-16,60,1400.0,PUT,15.0
2026-10-16,60,1410.0,PUT,75.0
2026-10-16,60,1420.0,PUT,1.0
2026-10-16,60,1430.0,PUT,32.0
2026-10-16,60,1440.0,PUT,3.0
2026-10-16,60,1450.0,PUT,16.0
2026-10-16,60,1460.0,PUT,11.0
2026-10-16,60,1470.0,PUT,0.0
2026-10-16,60,1480.0,PUT,13.0
2026-10-16,60,1490.0,PUT,10.0
2026-10-16,60,1500.0,PUT,51.0
2026-10-16,60,1520.0,PUT,10.0
2026-10-16,60,1530.0,PUT,0.0
2026-10-16,60,1540.0,PUT,2.0
2026-10-16,60,1550.0,PUT,3.0
2026-10-16,60,1560.0,PUT,3.0
2026-10-16,60,1580.0,PUT,2.0
2026-10-16,60,1600.0,PUT,8.0
2026-10-16,60,1620.0,PUT,1.0
2026-10-16,60,1630.0,PUT,98.0
2026-10-16,60,1650.0,PUT,4.0
2026-10-16,60,1660.0,PUT,0.0
2026-10-16,60,1680.0,PUT,1.0
2026-10-16,60,1690.0,PUT,5.0
2026-10-16,60,1700.0,PUT,4.0
2026-10-16,60,1720.0,PUT,11.0
2026-10-16,60,1740.0,PUT,0.0
2026-10-16,60,1760.0,PUT,0.0
2026-10-16,60,1770.0,PUT,0.0
2026-10-16,60,1790.0,PUT,0.0
2026-10-16,60,1800.0,PUT,2.0
2026-10-16,60,1830.0,PUT,0.0
2026-10-16,60,1840.0,PUT,0.0
2026-10-16,60,1850.0,PUT,0.0
2026-10-16,60,1860.0,PUT,0.0
2026-10-16,60,1870.0,PUT,0.0
2026-10-16,60,1880.0,PUT,0.0
2026-10-16,60,1890.0,PUT,0.0
2026-10-16,60,1900.0,PUT,3.0
2026-10-16,60,1910.0,PUT,0.0
2026-10-16,60,1920.0,PUT,0.0
2026-10-16,60,1930.0,PUT,0.0
2026-10-16,60,1940.0,PUT,0.0
2026-10-16,60,1950.0,PUT,0.0
2026-10-16,60,1960.0,PUT,0.0
2026-10-16,60,1970.0,PUT,10.0
2026-10-16,60,1980.0,PUT,0.0
2026-10-16,60,1990.0,PUT,0.0
2026-10-16,60,2000.0,PUT,0.0
2026-10-16,60,2010.0,PUT,0.0
2026-10-16,60,2020.0,PUT,0.0
2026-10-16,60,2030.0,PUT,0.0
2026-10-16,60,2040.0,PUT,0.0
2026-10-16,60,2050.0,PUT,0.0
2026-10-16,60,2060.0,PUT,0.0
2026-10-16,60,2070.0,PUT,0.0
2026-10-16,60,2090.0,PUT,0.0
2026-10-16,60,2100.0,PUT,0.0
2026-10-16,60,2110.0,PUT,0.0
2026-10-16,60,2170.0,PUT,0.0
2026-10-16,60,2190.0,PUT,0.0
2026-10-16,60,2200.0,PUT,0.0
2026-10-16,60,2210.0,PUT,0.0
2026-10-16,60,2220.0,PUT,0.0
2026-10-16,60,2260.0,PUT,0.0
2026-10-16,60,2290.0,PUT,0.0
2026-10-16,60,2340.0,PUT,0.0
2026-10-16,60,2350.0,PUT,0.0
2026-10-16,60,2360.0,PUT,0.0
2026-10-16,60,2390.0,PUT,0.0
2026-10-16,60,2410.0,PUT,0.0
2026-10-16,60,2420.0,PUT,0.0
2026-11-20,95,5.0,CALL,9.0
2026-11-20,95,10.0,CALL,0.0
2026-11-20,95,20.0,CALL,2.0
2026-11-20,95,30.0,CALL,1.0
2026-11-20,95,35.0,CALL,9.0
2026-11-20,95,40.0,CALL,0.0
2026-11-20,95,45.0,CALL,1.0
2026-11-20,95,50.0,CALL,0.0
2026-11-20,95,55.0,CALL,8.0
2026-11-20,95,60.0,CALL,12.0
2026-11-20,95,65.0,CALL,3.0
2026-11-20,95,70.0,CALL,0.0
2026-11-20,95,75.0,CALL,2.0
2026-11-20,95,80.0,CALL,4.0
2026-11-20,95,85.0,CALL,1.0
2026-11-20,95,90.0,CALL,12.0
2026-11-20,95,95.0,CALL,0.0
2026-11-20,95,100.0,CALL,40.0
2026-11-20,95,105.0,CALL,2.0
2026-11-20,95,110.0,CALL,48.0
2026-11-20,95,115.0,CALL,5.0
2026-11-20,95,120.0,CALL,17.0
2026-11-20,95,125.0,CALL,3.0
2026-11-20,95,130.0,CALL,13.0
2026-11-20,95,135.0,CALL,10.0
2026-11-20,95,140.0,CALL,21.0
2026-11-20,95,145.0,CALL,5.0
2026-11-20,95,150.0,CALL,0.0
2026-11-20,95,155.0,CALL,16.0
2026-11-20,95,160.0,CALL,24.0
2026-11-20,95,165.0,CALL,30.0
2026-11-20,95,170.0,CALL,8.0
2026-11-20,95,175.0,CALL,19.0
2026-11-20,95,180.0,CALL,17.0
2026-11-20,95,185.0,CALL,0.0
2026-11-20,95,190.0,CALL,0.0
2026-11-20,95,195.0,CALL,116.0
2026-11-20,95,200.0,CALL,74.0
2026-11-20,95,210.0,CALL,39.0
2026-11-20,95,220.0,CALL,36.0
2026-11-20,95,230.0,CALL,0.0
2026-11-20,95,240.0,CALL,16.0
2026-11-20,95,250.0,CALL,100.0
2026-11-20,95,260.0,CALL,143.0
2026-11-20,95,270.0,CALL,33.0
2026-11-20,95,280.0,CALL,211.0
2026-11-20,95,290.0,CALL,47.0
2026-11-20,95,300.0,CALL,201.0
2026-11-20,95,310.0,CALL,13.0
2026-11-20,95,320.0,CALL,88.0
2026-11-20,95,330.0,CALL,201.0
2026-11-20,95,340.0,CALL,434.0
2026-11-20,95,350.0,CALL,170.0
2026-11-20,95,360.0,CALL,119.0
2026-11-20,95,370.0,CALL,86.0
2026-11-20,95,380.0,CALL,778.0
2026-11-20,95,390.0,CALL,193.0
2026-11-20,95,400.0,CALL,389.0
2026-11-20,95,410.0,CALL,203.0
2026-11-20,95,420.0,CALL,492.0
2026-11-20,95,430.0,CALL,809.0
2026-11-20,95,440.0,CALL,1217.0
2026-11-20,95,450.0,CALL,786.0
2026-11-20,95,460.0,CALL,385.0
2026-11-20,95,470.0,CALL,213.0
2026-11-20,95,480.0,CALL,276.0
2026-11-20,95,490.0,CALL,326.0
2026-11-20,95,500.0,CALL,1133.0
2026-11-20,95,510.0,CALL,175.0
2026-11-20,95,520.0,CALL,219.0
2026-11-20,95,530.0,CALL,306.0
2026-11-20,95,540.0,CALL,296.0
2026-11-20,95,550.0,CALL,233.0
2026-11-20,95,560.0,CALL,218.0
2026-11-20,95,570.0,CALL,1207.0
2026-11-20,95,580.0,CALL,117.0
2026-11-20,95,590.0,CALL,368.0
2026-11-20,95,600.0,CALL,512.0
2026-11-20,95,610.0,CALL,154.0
2026-11-20,95,620.0,CALL,368.0
2026-11-20,95,630.0,CALL,192.0
2026-11-20,95,640.0,CALL,306.0
2026-11-20,95,650.0,CALL,749.0
2026-11-20,95,660.0,CALL,310.0
2026-11-20,95,670.0,CALL,273.0
2026-11-20,95,680.0,CALL,140.0
2026-11-20,95,700.0,CALL,991.0
2026-11-20,95,710.0,CALL,230.0
2026-11-20,95,720.0,CALL,245.0
2026-11-20,95,730.0,CALL,347.0
2026-11-20,95,740.0,CALL,178.0
2026-11-20,95,750.0,CALL,502.0
2026-11-20,95,760.0,CALL,341.0
2026-11-20,95,770.0,CALL,312.0
2026-11-20,95,780.0,CALL,269.0
2026-11-20,95,790.0,CALL,288.0
2026-11-20,95,800.0,CALL,1632.0
2026-11-20,95,810.0,CALL,600.0
2026-11-20,95,820.0,CALL,695.0
2026-11-20,95,830.0,CALL,319.0
2026-11-20,95,840.0,CALL,201.0
2026-11-20,95,850.0,CALL,567.0
2026-11-20,95,860.0,CALL,309.0
2026-11-20,95,870.0,CALL,269.0
2026-11-20,95,880.0,CALL,384.0
2026-11-20,95,890.0,CALL,363.0
2026-11-20,95,900.0,CALL,2046.0
2026-11-20,95,910.0,CALL,7191.0
2026-11-20,95,920.0,CALL,626.0
2026-11-20,95,930.0,CALL,242.0
2026-11-20,95,940.0,CALL,193.0
2026-11-20,95,950.0,CALL,341.0
2026-11-20,95,960.0,CALL,377.0
2026-11-20,95,970.0,CALL,157.0
2026-11-20,95,980.0,CALL,275.0
2026-11-20,95,990.0,CALL,180.0
2026-11-20,95,1000.0,CALL,2078.0
2026-11-20,95,1010.0,CALL,732.0
2026-11-20,95,1020.0,CALL,491.0
2026-11-20,95,1030.0,CALL,199.0
2026-11-20,95,1040.0,CALL,142.0
2026-11-20,95,1050.0,CALL,637.0
2026-11-20,95,1060.0,CALL,230.0
2026-11-20,95,1070.0,CALL,278.0
2026-11-20,95,1080.0,CALL,362.0
2026-11-20,95,1090.0,CALL,228.0
2026-11-20,95,1100.0,CALL,1258.0
2026-11-20,95,1110.0,CALL,131.0
2026-11-20,95,1120.0,CALL,270.0
2026-11-20,95,1130.0,CALL,145.0
2026-11-20,95,1140.0,CALL,268.0
2026-11-20,95,1150.0,CALL,567.0
2026-11-20,95,1160.0,CALL,438.0
2026-11-20,95,1170.0,CALL,404.0
2026-11-20,95,1180.0,CALL,279.0
2026-11-20,95,1190.0,CALL,910.0
2026-11-20,95,1200.0,CALL,967.0
2026-11-20,95,1210.0,CALL,291.0
2026-11-20,95,1220.0,CALL,127.0
2026-11-20,95,1230.0,CALL,240.0
2026-11-20,95,1240.0,CALL,112.0
2026-11-20,95,1250.0,CALL,442.0
2026-11-20,95,1260.0,CALL,72.0
2026-11-20,95,1270.0,CALL,359.0
2026-11-20,95,1280.0,CALL,181.0
2026-11-20,95,1290.0,CALL,123.0
2026-11-20,95,1300.0,CALL,2099.0
2026-11-20,95,1310.0,CALL,514.0
2026-11-20,95,1320.0,CALL,262.0
2026-11-20,95,1330.0,CALL,371.0
2026-11-20,95,1340.0,CALL,176.0
2026-11-20,95,1350.0,CALL,975.0
2026-11-20,95,1360.0,CALL,187.0
2026-11-20,95,1370.0,CALL,89.0
2026-11-20,95,1380.0,CALL,388.0
2026-11-20,95,1390.0,CALL,67.0
2026-11-20,95,1400.0,CALL,665.0
2026-11-20,95,1410.0,CALL,286.0
2026-11-20,95,1420.0,CALL,177.0
2026-11-20,95,1430.0,CALL,55.0
2026-11-20,95,1440.0,CALL,224.0
2026-11-20,95,1450.0,CALL,155.0
2026-11-20,95,1460.0,CALL,123.0
2026-11-20,95,1470.0,CALL,340.0
2026-11-20,95,1480.0,CALL,480.0
2026-11-20,95,1490.0,CALL,168.0
2026-11-20,95,1500.0,CALL,1572.0
2026-11-20,95,1510.0,CALL,457.0
2026-11-20,95,1520.0,CALL,849.0
2026-11-20,95,1530.0,CALL,745.0
2026-11-20,95,1540.0,CALL,254.0
2026-11-20,95,1550.0,CALL,210.0
2026-11-20,95,1560.0,CALL,132.0
2026-11-20,95,1570.0,CALL,142.0
2026-11-20,95,1580.0,CALL,84.0
2026-11-20,95,1590.0,CALL,422.0
2026-11-20,95,1600.0,CALL,572.0
2026-11-20,95,1610.0,CALL,430.0
2026-11-20,95,1620.0,CALL,141.0
2026-11-20,95,1630.0,CALL,213.0
2026-11-20,95,1640.0,CALL,90.0
2026-11-20,95,1650.0,CALL,197.0
2026-11-20,95,1660.0,CALL,65.0
2026-11-20,95,1670.0,CALL,90.0
2026-11-20,95,1680.0,CALL,116.0
2026-11-20,95,1690.0,CALL,65.0
2026-11-20,95,1700.0,CALL,304.0
2026-11-20,95,1710.0,CALL,144.0
2026-11-20,95,1720.0,CALL,207.0
2026-11-20,95,1730.0,CALL,39.0
2026-11-20,95,1740.0,CALL,244.0
2026-11-20,95,1750.0,CALL,195.0
2026-11-20,95,1760.0,CALL,60.0
2026-11-20,95,1770.0,CALL,155.0
2026-11-20,95,1780.0,CALL,201.0
2026-11-20,95,1790.0,CALL,189.0
2026-11-20,95,1800.0,CALL,892.0
2026-11-20,95,1810.0,CALL,102.0
2026-11-20,95,1820.0,CALL,574.0
2026-11-20,95,1830.0,CALL,340.0
2026-11-20,95,1840.0,CALL,369.0
2026-11-20,95,1850.0,CALL,399.0
2026-11-20,95,1860.0,CALL,134.0
2026-11-20,95,1870.0,CALL,203.0
2026-11-20,95,1880.0,CALL,474.0
2026-11-20,95,1890.0,CALL,214.0
2026-11-20,95,1900.0,CALL,293.0
2026-11-20,95,1910.0,CALL,687.0
2026-11-20,95,1920.0,CALL,152.0
2026-11-20,95,1930.0,CALL,174.0
2026-11-20,95,1940.0,CALL,168.0
2026-11-20,95,1950.0,CALL,282.0
2026-11-20,95,1960.0,CALL,344.0
2026-11-20,95,1970.0,CALL,222.0
2026-11-20,95,1980.0,CALL,68.0
2026-11-20,95,1990.0,CALL,173.0
2026-11-20,95,2000.0,CALL,581.0
2026-11-20,95,2010.0,CALL,145.0
2026-11-20,95,2020.0,CALL,225.0
2026-11-20,95,2030.0,CALL,137.0
2026-11-20,95,2040.0,CALL,238.0
2026-11-20,95,2050.0,CALL,192.0
2026-11-20,95,2060.0,CALL,254.0
2026-11-20,95,2070.0,CALL,235.0
2026-11-20,95,2080.0,CALL,137.0
2026-11-20,95,2090.0,CALL,129.0
2026-11-20,95,2100.0,CALL,299.0
2026-11-20,95,2110.0,CALL,266.0
2026-11-20,95,2120.0,CALL,147.0
2026-11-20,95,2130.0,CALL,150.0
2026-11-20,95,2140.0,CALL,460.0
2026-11-20,95,2150.0,CALL,240.0
2026-11-20,95,2160.0,CALL,57.0
2026-11-20,95,2170.0,CALL,285.0
2026-11-20,95,2180.0,CALL,147.0
2026-11-20,95,2190.0,CALL,144.0
2026-11-20,95,2200.0,CALL,44.0
2026-11-20,95,2210.0,CALL,7.0
2026-11-20,95,2220.0,CALL,28.0
2026-11-20,95,2230.0,CALL,40.0
2026-11-20,95,2240.0,CALL,46.0
2026-11-20,95,2250.0,CALL,31.0
2026-11-20,95,2260.0,CALL,66.0
2026-11-20,95,2270.0,CALL,78.0
2026-11-20,95,2280.0,CALL,105.0
2026-11-20,95,2290.0,CALL,153.0
2026-11-20,95,2300.0,CALL,61.0
2026-11-20,95,2310.0,CALL,36.0
2026-11-20,95,2320.0,CALL,20.0
2026-11-20,95,2330.0,CALL,26.0
2026-11-20,95,2340.0,CALL,44.0
2026-11-20,95,2350.0,CALL,101.0
2026-11-20,95,2360.0,CALL,20.0
2026-11-20,95,2370.0,CALL,132.0
2026-11-20,95,2380.0,CALL,49.0
2026-11-20,95,2390.0,CALL,187.0
2026-11-20,95,2400.0,CALL,92.0
2026-11-20,95,2410.0,CALL,177.0
2026-11-20,95,2420.0,CALL,200.0
2026-11-20,95,2440.0,CALL,101.0
2026-11-20,95,2460.0,CALL,84.0
2026-11-20,95,2480.0,CALL,398.0
2026-11-20,95,2500.0,CALL,616.0
2026-11-20,95,5.0,PUT,86.0
2026-11-20,95,10.0,PUT,47.0
2026-11-20,95,15.0,PUT,635.0
2026-11-20,95,20.0,PUT,163.0
2026-11-20,95,25.0,PUT,139.0
2026-11-20,95,30.0,PUT,52.0
2026-11-20,95,35.0,PUT,783.0
2026-11-20,95,40.0,PUT,47.0
2026-11-20,95,45.0,PUT,88.0
2026-11-20,95,50.0,PUT,52.0
2026-11-20,95,55.0,PUT,194.0
2026-11-20,95,60.0,PUT,285.0
2026-11-20,95,65.0,PUT,549.0
2026-11-20,95,70.0,PUT,895.0
2026-11-20,95,75.0,PUT,52.0
2026-11-20,95,80.0,PUT,56.0
2026-11-20,95,85.0,PUT,36.0
2026-11-20,95,90.0,PUT,158.0
2026-11-20,95,95.0,PUT,724.0
2026-11-20,95,100.0,PUT,923.0
2026-11-20,95,105.0,PUT,170.0
2026-11-20,95,110.0,PUT,390.0
2026-11-20,95,115.0,PUT,187.0
2026-11-20,95,120.0,PUT,110.0
2026-11-20,95,125.0,PUT,468.0
2026-11-20,95,130.0,PUT,122.0
2026-11-20,95,135.0,PUT,3102.0
2026-11-20,95,140.0,PUT,53.0
2026-11-20,95,145.0,PUT,188.0
2026-11-20,95,150.0,PUT,492.0
2026-11-20,95,155.0,PUT,119.0
2026-11-20,95,160.0,PUT,239.0
2026-11-20,95,165.0,PUT,43.0
2026-11-20,95,170.0,PUT,51.0
2026-11-20,95,175.0,PUT,225.0
2026-11-20,95,180.0,PUT,36.0
2026-11-20,95,185.0,PUT,94.0
2026-11-20,95,190.0,PUT,171.0
2026-11-20,95,195.0,PUT,2749.0
2026-11-20,95,200.0,PUT,1838.0
2026-11-20,95,210.0,PUT,178.0
2026-11-20,95,220.0,PUT,406.0
2026-11-20,95,230.0,PUT,1666.0
2026-11-20,95,240.0,PUT,742.0
2026-11-20,95,250.0,PUT,953.0
2026-11-20,95,260.0,PUT,1567.0
2026-11-20,95,270.0,PUT,556.0
2026-11-20,95,280.0,PUT,1045.0
2026-11-20,95,290.0,PUT,1755.0
2026-11-20,95,300.0,PUT,1953.0
2026-11-20,95,310.0,PUT,414.0
2026-11-20,95,320.0,PUT,565.0
2026-11-20,95,330.0,PUT,639.0
2026-11-20,95,340.0,PUT,204.0
2026-11-20,95,350.0,PUT,4601.0
2026-11-20,95,360.0,PUT,6373.0
2026-11-20,95,370.0,PUT,723.0
2026-11-20,95,380.0,PUT,5603.0
2026-11-20,95,390.0,PUT,432.0
2026-11-20,95,400.0,PUT,1001.0
2026-11-20,95,410.0,PUT,611.0
2026-11-20,95,420.0,PUT,904.0
2026-11-20,95,430.0,PUT,968.0
2026-11-20,95,440.0,PUT,580.0
2026-11-20,95,450.0,PUT,985.0
2026-11-20,95,460.0,PUT,908.0
2026-11-20,95,470.0,PUT,282.0
2026-11-20,95,480.0,PUT,459.0
2026-11-20,95,490.0,PUT,625.0
2026-11-20,95,500.0,PUT,3176.0
2026-11-20,95,510.0,PUT,201.0
2026-11-20,95,520.0,PUT,957.0
2026-11-20,95,530.0,PUT,481.0
2026-11-20,95,540.0,PUT,598.0
2026-11-20,95,550.0,PUT,856.0
2026-11-20,95,560.0,PUT,258.0
2026-11-20,95,570.0,PUT,1505.0
2026-11-20,95,580.0,PUT,1147.0
2026-11-20,95,590.0,PUT,653.0
2026-11-20,95,600.0,PUT,3808.0
2026-11-20,95,610.0,PUT,485.0
2026-11-20,95,620.0,PUT,965.0
2026-11-20,95,630.0,PUT,1035.0
2026-11-20,95,640.0,PUT,770.0
2026-11-20,95,650.0,PUT,1822.0
2026-11-20,95,660.0,PUT,1179.0
2026-11-20,95,670.0,PUT,649.0
2026-11-20,95,680.0,PUT,441.0
2026-11-20,95,700.0,PUT,2391.0
2026-11-20,95,710.0,PUT,153.0
2026-11-20,95,720.0,PUT,470.0
2026-11-20,95,730.0,PUT,346.0
2026-11-20,95,740.0,PUT,2573.0
2026-11-20,95,750.0,PUT,1668.0
2026-11-20,95,760.0,PUT,592.0
2026-11-20,95,770.0,PUT,346.0
2026-11-20,95,780.0,PUT,306.0
2026-11-20,95,790.0,PUT,326.0
2026-11-20,95,800.0,PUT,1680.0
2026-11-20,95,810.0,PUT,340.0
2026-11-20,95,820.0,PUT,524.0
2026-11-20,95,830.0,PUT,399.0
2026-11-20,95,840.0,PUT,286.0
2026-11-20,95,850.0,PUT,562.0
2026-11-20,95,860.0,PUT,325.0
2026-11-20,95,870.0,PUT,175.0
2026-11-20,95,880.0,PUT,293.0
2026-11-20,95,890.0,PUT,459.0
2026-11-20,95,900.0,PUT,821.0
2026-11-20,95,910.0,PUT,915.0
2026-11-20,95,920.0,PUT,1192.0
2026-11-20,95,930.0,PUT,668.0
2026-11-20,95,940.0,PUT,302.0
2026-11-20,95,950.0,PUT,322.0
2026-11-20,95,960.0,PUT,148.0
2026-11-20,95,970.0,PUT,314.0
2026-11-20,95,980.0,PUT,572.0
2026-11-20,95,990.0,PUT,347.0
2026-11-20,95,1000.0,PUT,983.0
2026-11-20,95,1010.0,PUT,129.0
2026-11-20,95,1020.0,PUT,251.0
2026-11-20,95,1030.0,PUT,171.0
2026-11-20,95,1040.0,PUT,230.0
2026-11-20,95,1050.0,PUT,47.0
2026-11-20,95,1060.0,PUT,81.0
2026-11-20,95,1070.0,PUT,109.0
2026-11-20,95,1080.0,PUT,80.0
2026-11-20,95,1090.0,PUT,246.0
2026-11-20,95,1100.0,PUT,389.0
2026-11-20,95,1110.0,PUT,89.0
2026-11-20,95,1120.0,PUT,52.0
2026-11-20,95,1130.0,PUT,32.0
2026-11-20,95,1140.0,PUT,78.0
2026-11-20,95,1150.0,PUT,244.0
2026-11-20,95,1160.0,PUT,78.0
2026-11-20,95,1170.0,PUT,32.0
2026-11-20,95,1180.0,PUT,26.0
2026-11-20,95,1190.0,PUT,40.0
2026-11-20,95,1200.0,PUT,137.0
2026-11-20,95,1210.0,PUT,121.0
2026-11-20,95,1220.0,PUT,35.0
2026-11-20,95,1230.0,PUT,8.0
2026-11-20,95,1240.0,PUT,11.0
2026-11-20,95,1250.0,PUT,18.0
2026-11-20,95,1260.0,PUT,56.0
2026-11-20,95,1270.0,PUT,58.0
2026-11-20,95,1280.0,PUT,82.0
2026-11-20,95,1290.0,PUT,43.0
2026-11-20,95,1300.0,PUT,1038.0
2026-11-20,95,1310.0,PUT,73.0
2026-11-20,95,1320.0,PUT,40.0
2026-11-20,95,1330.0,PUT,23.0
2026-11-20,95,1340.0,PUT,14.0
2026-11-20,95,1350.0,PUT,18.0
2026-11-20,95,1360.0,PUT,30.0
2026-11-20,95,1370.0,PUT,51.0
2026-11-20,95,1380.0,PUT,32.0
2026-11-20,95,1390.0,PUT,7.0
2026-11-20,95,1400.0,PUT,7.0
2026-11-20,95,1410.0,PUT,15.0
2026-11-20,95,1420.0,PUT,3.0
2026-11-20,95,1430.0,PUT,302.0
2026-11-20,95,1440.0,PUT,12.0
2026-11-20,95,1450.0,PUT,7.0
2026-11-20,95,1460.0,PUT,1.0
2026-11-20,95,1470.0,PUT,12.0
2026-11-20,95,1480.0,PUT,10.0
2026-11-20,95,1490.0,PUT,2.0
2026-11-20,95,1500.0,PUT,22.0
2026-11-20,95,1510.0,PUT,2.0
2026-11-20,95,1520.0,PUT,15.0
2026-11-20,95,1530.0,PUT,0.0
2026-11-20,95,1540.0,PUT,13.0
2026-11-20,95,1550.0,PUT,1.0
2026-11-20,95,1560.0,PUT,5.0
2026-11-20,95,1590.0,PUT,0.0
2026-11-20,95,1600.0,PUT,11.0
2026-11-20,95,1610.0,PUT,13.0
2026-11-20,95,1630.0,PUT,7.0
2026-11-20,95,1640.0,PUT,3.0
2026-11-20,95,1670.0,PUT,65.0
2026-11-20,95,1680.0,PUT,0.0
2026-11-20,95,1690.0,PUT,9.0
2026-11-20,95,1700.0,PUT,3.0
2026-11-20,95,1720.0,PUT,21.0
2026-11-20,95,1730.0,PUT,11.0
2026-11-20,95,1740.0,PUT,6.0
2026-11-20,95,1750.0,PUT,21.0
2026-11-20,95,1760.0,PUT,1.0
2026-11-20,95,1770.0,PUT,21.0
2026-11-20,95,1790.0,PUT,1.0
2026-11-20,95,1800.0,PUT,3.0
2026-11-20,95,1820.0,PUT,15.0
2026-11-20,95,1840.0,PUT,6.0
2026-11-20,95,1860.0,PUT,1.0
2026-11-20,95,1880.0,PUT,0.0
2026-11-20,95,1890.0,PUT,10.0
2026-11-20,95,1900.0,PUT,4.0
2026-11-20,95,1910.0,PUT,0.0
2026-11-20,95,1920.0,PUT,6.0
2026-11-20,95,1930.0,PUT,0.0
2026-11-20,95,1940.0,PUT,1.0
2026-11-20,95,1950.0,PUT,0.0
2026-11-20,95,1960.0,PUT,0.0
2026-11-20,95,1980.0,PUT,0.0
2026-11-20,95,1990.0,PUT,0.0
2026-11-20,95,2000.0,PUT,35.0
2026-11-20,95,2010.0,PUT,0.0
2026-11-20,95,2020.0,PUT,0.0
2026-11-20,95,2030.0,PUT,0.0
2026-11-20,95,2050.0,PUT,0.0
2026-11-20,95,2070.0,PUT,0.0
2026-11-20,95,2140.0,PUT,0.0
2026-11-20,95,2150.0,PUT,0.0
2026-11-20,95,2170.0,PUT,0.0
2026-11-20,95,2200.0,PUT,0.0
2026-11-20,95,2290.0,PUT,0.0
2026-11-20,95,2400.0,PUT,0.0
2026-11-20,95,2410.0,PUT,0.0
2026-11-20,95,2420.0,PUT,0.0
2026-11-20,95,2500.0,PUT,0.0
2026-12-18,123,5.0,CALL,30.0
2026-12-18,123,10.0,CALL,17.0
2026-12-18,123,15.0,CALL,31.0
2026-12-18,123,20.0,CALL,10.0
2026-12-18,123,25.0,CALL,33.0
2026-12-18,123,35.0,CALL,27.0
2026-12-18,123,40.0,CALL,42.0
2026-12-18,123,45.0,CALL,0.0
2026-12-18,123,47.5,CALL,162.0
2026-12-18,123,50.0,CALL,242.0
2026-12-18,123,55.0,CALL,102.0
2026-12-18,123,60.0,CALL,89.0
2026-12-18,123,65.0,CALL,157.0
2026-12-18,123,70.0,CALL,271.0
2026-12-18,123,75.0,CALL,267.0
2026-12-18,123,80.0,CALL,319.0
2026-12-18,123,85.0,CALL,470.0
2026-12-18,123,87.5,CALL,185.0
2026-12-18,123,90.0,CALL,996.0
2026-12-18,123,92.5,CALL,154.0
2026-12-18,123,95.0,CALL,620.0
2026-12-18,123,97.5,CALL,164.0
2026-12-18,123,100.0,CALL,782.0
2026-12-18,123,105.0,CALL,398.0
2026-12-18,123,110.0,CALL,930.0
2026-12-18,123,115.0,CALL,88.0
2026-12-18,123,120.0,CALL,426.0
2026-12-18,123,125.0,CALL,516.0
2026-12-18,123,130.0,CALL,441.0
2026-12-18,123,135.0,CALL,185.0
2026-12-18,123,140.0,CALL,1238.0
2026-12-18,123,145.0,CALL,249.0
2026-12-18,123,150.0,CALL,504.0
2026-12-18,123,155.0,CALL,183.0
2026-12-18,123,160.0,CALL,676.0
2026-12-18,123,165.0,CALL,863.0
2026-12-18,123,170.0,CALL,434.0
2026-12-18,123,175.0,CALL,338.0
2026-12-18,123,180.0,CALL,768.0
2026-12-18,123,185.0,CALL,167.0
2026-12-18,123,190.0,CALL,874.0
2026-12-18,123,195.0,CALL,135.0
2026-12-18,123,200.0,CALL,1393.0
2026-12-18,123,210.0,CALL,734.0
2026-12-18,123,220.0,CALL,2073.0
2026-12-18,123,230.0,CALL,599.0
2026-12-18,123,240.0,CALL,897.0
2026-12-18,123,250.0,CALL,1074.0
2026-12-18,123,260.0,CALL,525.0
2026-12-18,123,270.0,CALL,677.0
2026-12-18,123,280.0,CALL,2167.0
2026-12-18,123,290.0,CALL,250.0
2026-12-18,123,300.0,CALL,1285.0
2026-12-18,123,310.0,CALL,438.0
2026-12-18,123,320.0,CALL,402.0
2026-12-18,123,330.0,CALL,996.0
2026-12-18,123,340.0,CALL,1449.0
2026-12-18,123,350.0,CALL,649.0
2026-12-18,123,360.0,CALL,486.0
2026-12-18,123,370.0,CALL,208.0
2026-12-18,123,380.0,CALL,800.0
2026-12-18,123,390.0,CALL,500.0
2026-12-18,123,400.0,CALL,823.0
2026-12-18,123,410.0,CALL,368.0
2026-12-18,123,420.0,CALL,1469.0
2026-12-18,123,430.0,CALL,215.0
2026-12-18,123,440.0,CALL,250.0
2026-12-18,123,450.0,CALL,1261.0
2026-12-18,123,460.0,CALL,712.0
2026-12-18,123,470.0,CALL,467.0
2026-12-18,123,480.0,CALL,787.0
2026-12-18,123,490.0,CALL,580.0
2026-12-18,123,500.0,CALL,1482.0
2026-12-18,123,510.0,CALL,720.0
2026-12-18,123,520.0,CALL,871.0
2026-12-18,123,530.0,CALL,208.0
2026-12-18,123,540.0,CALL,288.0
2026-12-18,123,550.0,CALL,699.0
2026-12-18,123,560.0,CALL,169.0
2026-12-18,123,570.0,CALL,580.0
2026-12-18,123,580.0,CALL,2974.0
2026-12-18,123,590.0,CALL,374.0
2026-12-18,123,600.0,CALL,1380.0
2026-12-18,123,610.0,CALL,427.0
2026-12-18,123,620.0,CALL,925.0
2026-12-18,123,630.0,CALL,199.0
2026-12-18,123,640.0,CALL,357.0
2026-12-18,123,650.0,CALL,739.0
2026-12-18,123,660.0,CALL,319.0
2026-12-18,123,670.0,CALL,330.0
2026-12-18,123,680.0,CALL,406.0
2026-12-18,123,690.0,CALL,406.0
2026-12-18,123,700.0,CALL,4413.0
2026-12-18,123,710.0,CALL,437.0
2026-12-18,123,720.0,CALL,313.0
2026-12-18,123,730.0,CALL,285.0
2026-12-18,123,740.0,CALL,1324.0
2026-12-18,123,750.0,CALL,598.0
2026-12-18,123,760.0,CALL,304.0
2026-12-18,123,770.0,CALL,520.0
2026-12-18,123,780.0,CALL,772.0
2026-12-18,123,790.0,CALL,236.0
2026-12-18,123,800.0,CALL,3649.0
2026-12-18,123,810.0,CALL,492.0
2026-12-18,123,820.0,CALL,424.0
2026-12-18,123,830.0,CALL,271.0
2026-12-18,123,840.0,CALL,546.0
2026-12-18,123,850.0,CALL,933.0
2026-12-18,123,860.0,CALL,538.0
2026-12-18,123,870.0,CALL,487.0
2026-12-18,123,880.0,CALL,491.0
2026-12-18,123,890.0,CALL,343.0
2026-12-18,123,900.0,CALL,2321.0
2026-12-18,123,910.0,CALL,1082.0
2026-12-18,123,920.0,CALL,703.0
2026-12-18,123,930.0,CALL,234.0
2026-12-18,123,940.0,CALL,186.0
2026-12-18,123,950.0,CALL,1155.0
2026-12-18,123,960.0,CALL,451.0
2026-12-18,123,970.0,CALL,286.0
2026-12-18,123,980.0,CALL,312.0
2026-12-18,123,990.0,CALL,145.0
2026-12-18,123,1000.0,CALL,2912.0
2026-12-18,123,1010.0,CALL,414.0
2026-12-18,123,1020.0,CALL,552.0
2026-12-18,123,1030.0,CALL,332.0
2026-12-18,123,1040.0,CALL,159.0
2026-12-18,123,1050.0,CALL,1068.0
2026-12-18,123,1060.0,CALL,421.0
2026-12-18,123,1070.0,CALL,461.0
2026-12-18,123,1080.0,CALL,297.0
2026-12-18,123,1090.0,CALL,264.0
2026-12-18,123,1100.0,CALL,1513.0
2026-12-18,123,1110.0,CALL,146.0
2026-12-18,123,1120.0,CALL,178.0
2026-12-18,123,1130.0,CALL,223.0
2026-12-18,123,1140.0,CALL,287.0
2026-12-18,123,1150.0,CALL,637.0
2026-12-18,123,1160.0,CALL,148.0
2026-12-18,123,1170.0,CALL,380.0
2026-12-18,123,1180.0,CALL,668.0
2026-12-18,123,1190.0,CALL,88.0
2026-12-18,123,1200.0,CALL,2035.0
2026-12-18,123,1210.0,CALL,202.0
2026-12-18,123,1220.0,CALL,588.0
2026-12-18,123,1230.0,CALL,264.0
2026-12-18,123,1240.0,CALL,167.0
2026-12-18,123,1250.0,CALL,895.0
2026-12-18,123,1260.0,CALL,555.0
2026-12-18,123,1270.0,CALL,383.0
2026-12-18,123,1280.0,CALL,245.0
2026-12-18,123,1290.0,CALL,668.0
2026-12-18,123,1300.0,CALL,1505.0
2026-12-18,123,1310.0,CALL,430.0
2026-12-18,123,1320.0,CALL,470.0
2026-12-18,123,1330.0,CALL,1025.0
2026-12-18,123,1340.0,CALL,712.0
2026-12-18,123,1350.0,CALL,340.0
2026-12-18,123,1360.0,CALL,529.0
2026-12-18,123,1370.0,CALL,110.0
2026-12-18,123,1380.0,CALL,305.0
2026-12-18,123,1390.0,CALL,444.0
2026-12-18,123,1400.0,CALL,1388.0
2026-12-18,123,1410.0,CALL,164.0
2026-12-18,123,1420.0,CALL,866.0
2026-12-18,123,1430.0,CALL,82.0
2026-12-18,123,1440.0,CALL,184.0
2026-12-18,123,1450.0,CALL,601.0
2026-12-18,123,1460.0,CALL,408.0
2026-12-18,123,1470.0,CALL,155.0
2026-12-18,123,1480.0,CALL,325.0
2026-12-18,123,1490.0,CALL,194.0
2026-12-18,123,1500.0,CALL,1659.0
2026-12-18,123,1510.0,CALL,409.0
2026-12-18,123,1520.0,CALL,403.0
2026-12-18,123,1530.0,CALL,438.0
2026-12-18,123,1540.0,CALL,652.0
2026-12-18,123,1550.0,CALL,779.0
2026-12-18,123,1560.0,CALL,258.0
2026-12-18,123,1570.0,CALL,308.0
2026-12-18,123,1580.0,CALL,176.0
2026-12-18,123,1590.0,CALL,160.0
2026-12-18,123,1600.0,CALL,1583.0
2026-12-18,123,1610.0,CALL,980.0
2026-12-18,123,1620.0,CALL,618.0
2026-12-18,123,1630.0,CALL,576.0
2026-12-18,123,1640.0,CALL,130.0
2026-12-18,123,1650.0,CALL,148.0
2026-12-18,123,1660.0,CALL,165.0
2026-12-18,123,1670.0,CALL,91.0
2026-12-18,123,1680.0,CALL,239.0
2026-12-18,123,1690.0,CALL,127.0
2026-12-18,123,1700.0,CALL,422.0
2026-12-18,123,1710.0,CALL,226.0
2026-12-18,123,1720.0,CALL,38.0
2026-12-18,123,1730.0,CALL,229.0
2026-12-18,123,1740.0,CALL,133.0
2026-12-18,123,1750.0,CALL,486.0
2026-12-18,123,1760.0,CALL,191.0
2026-12-18,123,1770.0,CALL,154.0
2026-12-18,123,1780.0,CALL,92.0
2026-12-18,123,1790.0,CALL,282.0
2026-12-18,123,1800.0,CALL,465.0
2026-12-18,123,1810.0,CALL,235.0
2026-12-18,123,1820.0,CALL,883.0
2026-12-18,123,1830.0,CALL,1152.0
2026-12-18,123,1840.0,CALL,281.0
2026-12-18,123,1850.0,CALL,102.0
2026-12-18,123,1860.0,CALL,454.0
2026-12-18,123,1870.0,CALL,294.0
2026-12-18,123,1880.0,CALL,325.0
2026-12-18,123,1890.0,CALL,135.0
2026-12-18,123,1900.0,CALL,388.0
2026-12-18,123,1910.0,CALL,370.0
2026-12-18,123,1920.0,CALL,256.0
2026-12-18,123,1930.0,CALL,616.0
2026-12-18,123,1940.0,CALL,391.0
2026-12-18,123,1950.0,CALL,247.0
2026-12-18,123,1960.0,CALL,241.0
2026-12-18,123,1970.0,CALL,587.0
2026-12-18,123,1980.0,CALL,242.0
2026-12-18,123,1990.0,CALL,132.0
2026-12-18,123,2000.0,CALL,623.0
2026-12-18,123,2010.0,CALL,81.0
2026-12-18,123,2020.0,CALL,153.0
2026-12-18,123,2030.0,CALL,163.0
2026-12-18,123,2040.0,CALL,208.0
2026-12-18,123,2050.0,CALL,68.0
2026-12-18,123,2060.0,CALL,52.0
2026-12-18,123,2070.0,CALL,227.0
2026-12-18,123,2080.0,CALL,79.0
2026-12-18,123,2090.0,CALL,276.0
2026-12-18,123,2100.0,CALL,618.0
2026-12-18,123,2110.0,CALL,151.0
2026-12-18,123,2120.0,CALL,186.0
2026-12-18,123,2130.0,CALL,50.0
2026-12-18,123,2140.0,CALL,259.0
2026-12-18,123,2150.0,CALL,156.0
2026-12-18,123,2160.0,CALL,273.0
2026-12-18,123,2170.0,CALL,622.0
2026-12-18,123,2180.0,CALL,121.0
2026-12-18,123,2190.0,CALL,152.0
2026-12-18,123,2200.0,CALL,606.0
2026-12-18,123,2210.0,CALL,15.0
2026-12-18,123,2220.0,CALL,131.0
2026-12-18,123,2230.0,CALL,100.0
2026-12-18,123,2240.0,CALL,27.0
2026-12-18,123,2250.0,CALL,95.0
2026-12-18,123,2260.0,CALL,134.0
2026-12-18,123,2270.0,CALL,170.0
2026-12-18,123,2280.0,CALL,133.0
2026-12-18,123,2290.0,CALL,119.0
2026-12-18,123,2300.0,CALL,62.0
2026-12-18,123,2310.0,CALL,68.0
2026-12-18,123,2320.0,CALL,61.0
2026-12-18,123,2330.0,CALL,13.0
2026-12-18,123,2340.0,CALL,157.0
2026-12-18,123,2350.0,CALL,42.0
2026-12-18,123,2360.0,CALL,292.0
2026-12-18,123,2370.0,CALL,196.0
2026-12-18,123,2380.0,CALL,67.0
2026-12-18,123,2390.0,CALL,127.0
2026-12-18,123,2400.0,CALL,167.0
2026-12-18,123,2410.0,CALL,139.0
2026-12-18,123,2420.0,CALL,403.0
2026-12-18,123,2440.0,CALL,103.0
2026-12-18,123,2460.0,CALL,252.0
2026-12-18,123,2480.0,CALL,109.0
2026-12-18,123,2500.0,CALL,2943.0
2026-12-18,123,5.0,PUT,70.0
2026-12-18,123,10.0,PUT,141.0
2026-12-18,123,15.0,PUT,97.0
2026-12-18,123,20.0,PUT,27.0
2026-12-18,123,25.0,PUT,37.0
2026-12-18,123,30.0,PUT,1467.0
2026-12-18,123,35.0,PUT,3336.0
2026-12-18,123,40.0,PUT,1018.0
2026-12-18,123,45.0,PUT,3216.0
2026-12-18,123,47.5,PUT,2257.0
2026-12-18,123,50.0,PUT,1123.0
2026-12-18,123,55.0,PUT,3942.0
2026-12-18,123,60.0,PUT,4448.0
2026-12-18,123,65.0,PUT,1224.0
2026-12-18,123,70.0,PUT,4033.0
2026-12-18,123,75.0,PUT,2895.0
2026-12-18,123,80.0,PUT,4332.0
2026-12-18,123,85.0,PUT,3246.0
2026-12-18,123,87.5,PUT,1831.0
2026-12-18,123,90.0,PUT,2319.0
2026-12-18,123,92.5,PUT,276.0
2026-12-18,123,95.0,PUT,1088.0
2026-12-18,123,97.5,PUT,192.0
2026-12-18,123,100.0,PUT,2277.0
2026-12-18,123,105.0,PUT,754.0
2026-12-18,123,110.0,PUT,1213.0
2026-12-18,123,115.0,PUT,1150.0
2026-12-18,123,120.0,PUT,1064.0
2026-12-18,123,125.0,PUT,2185.0
2026-12-18,123,130.0,PUT,1253.0
2026-12-18,123,135.0,PUT,407.0
2026-12-18,123,140.0,PUT,906.0
2026-12-18,123,145.0,PUT,248.0
2026-12-18,123,150.0,PUT,1274.0
2026-12-18,123,155.0,PUT,315.0
2026-12-18,123,160.0,PUT,1125.0
2026-12-18,123,165.0,PUT,449.0
2026-12-18,123,170.0,PUT,806.0
2026-12-18,123,175.0,PUT,342.0
2026-12-18,123,180.0,PUT,779.0
2026-12-18,123,185.0,PUT,240.0
2026-12-18,123,190.0,PUT,1452.0
2026-12-18,123,195.0,PUT,1034.0
2026-12-18,123,200.0,PUT,2239.0
2026-12-18,123,210.0,PUT,2666.0
2026-12-18,123,220.0,PUT,1769.0
2026-12-18,123,230.0,PUT,625.0
2026-12-18,123,240.0,PUT,1469.0
2026-12-18,123,250.0,PUT,1918.0
2026-12-18,123,260.0,PUT,362.0
2026-12-18,123,270.0,PUT,1545.0
2026-12-18,123,280.0,PUT,3189.0
2026-12-18,123,290.0,PUT,635.0
2026-12-18,123,300.0,PUT,3146.0
2026-12-18,123,310.0,PUT,2717.0
2026-12-18,123,320.0,PUT,439.0
2026-12-18,123,330.0,PUT,758.0
2026-12-18,123,340.0,PUT,800.0
2026-12-18,123,350.0,PUT,2508.0
2026-12-18,123,360.0,PUT,10859.0
2026-12-18,123,370.0,PUT,5437.0
2026-12-18,123,380.0,PUT,6705.0
2026-12-18,123,390.0,PUT,2241.0
2026-12-18,123,400.0,PUT,4265.0
2026-12-18,123,410.0,PUT,1074.0
2026-12-18,123,420.0,PUT,4000.0
2026-12-18,123,430.0,PUT,605.0
2026-12-18,123,440.0,PUT,606.0
2026-12-18,123,450.0,PUT,1160.0
2026-12-18,123,460.0,PUT,458.0
2026-12-18,123,470.0,PUT,594.0
2026-12-18,123,480.0,PUT,1600.0
2026-12-18,123,490.0,PUT,834.0
2026-12-18,123,500.0,PUT,3576.0
2026-12-18,123,510.0,PUT,398.0
2026-12-18,123,520.0,PUT,340.0
2026-12-18,123,530.0,PUT,1203.0
2026-12-18,123,540.0,PUT,417.0
2026-12-18,123,550.0,PUT,4189.0
2026-12-18,123,560.0,PUT,515.0
2026-12-18,123,570.0,PUT,375.0
2026-12-18,123,580.0,PUT,3487.0
2026-12-18,123,590.0,PUT,438.0
2026-12-18,123,600.0,PUT,5169.0
2026-12-18,123,610.0,PUT,434.0
2026-12-18,123,620.0,PUT,764.0
2026-12-18,123,630.0,PUT,475.0
2026-12-18,123,640.0,PUT,370.0
2026-12-18,123,650.0,PUT,2829.0
2026-12-18,123,660.0,PUT,656.0
2026-12-18,123,670.0,PUT,303.0
2026-12-18,123,680.0,PUT,398.0
2026-12-18,123,690.0,PUT,250.0
2026-12-18,123,700.0,PUT,3127.0
2026-12-18,123,710.0,PUT,665.0
2026-12-18,123,720.0,PUT,387.0
2026-12-18,123,730.0,PUT,493.0
2026-12-18,123,740.0,PUT,421.0
2026-12-18,123,750.0,PUT,2286.0
2026-12-18,123,760.0,PUT,1056.0
2026-12-18,123,770.0,PUT,178.0
2026-12-18,123,780.0,PUT,489.0
2026-12-18,123,790.0,PUT,691.0
2026-12-18,123,800.0,PUT,3011.0
2026-12-18,123,810.0,PUT,255.0
2026-12-18,123,820.0,PUT,533.0
2026-12-18,123,830.0,PUT,279.0
2026-12-18,123,840.0,PUT,403.0
2026-12-18,123,850.0,PUT,1375.0
2026-12-18,123,860.0,PUT,574.0
2026-12-18,123,870.0,PUT,648.0
2026-12-18,123,880.0,PUT,417.0
2026-12-18,123,890.0,PUT,562.0
2026-12-18,123,900.0,PUT,1681.0
2026-12-18,123,910.0,PUT,513.0
2026-12-18,123,920.0,PUT,279.0
2026-12-18,123,930.0,PUT,996.0
2026-12-18,123,940.0,PUT,357.0
2026-12-18,123,950.0,PUT,803.0
2026-12-18,123,960.0,PUT,166.0
2026-12-18,123,970.0,PUT,109.0
2026-12-18,123,980.0,PUT,558.0
2026-12-18,123,990.0,PUT,191.0
2026-12-18,123,1000.0,PUT,877.0
2026-12-18,123,1010.0,PUT,149.0
2026-12-18,123,1020.0,PUT,114.0
2026-12-18,123,1030.0,PUT,112.0
2026-12-18,123,1040.0,PUT,62.0
2026-12-18,123,1050.0,PUT,210.0
2026-12-18,123,1060.0,PUT,146.0
2026-12-18,123,1070.0,PUT,141.0
2026-12-18,123,1080.0,PUT,122.0
2026-12-18,123,1090.0,PUT,202.0
2026-12-18,123,1100.0,PUT,278.0
2026-12-18,123,1110.0,PUT,117.0
2026-12-18,123,1120.0,PUT,47.0
2026-12-18,123,1130.0,PUT,35.0
2026-12-18,123,1140.0,PUT,35.0
2026-12-18,123,1150.0,PUT,293.0
2026-12-18,123,1160.0,PUT,47.0
2026-12-18,123,1170.0,PUT,56.0
2026-12-18,123,1180.0,PUT,117.0
2026-12-18,123,1190.0,PUT,54.0
2026-12-18,123,1200.0,PUT,253.0
2026-12-18,123,1210.0,PUT,27.0
2026-12-18,123,1220.0,PUT,36.0
2026-12-18,123,1230.0,PUT,13.0
2026-12-18,123,1240.0,PUT,10.0
2026-12-18,123,1250.0,PUT,44.0
2026-12-18,123,1260.0,PUT,17.0
2026-12-18,123,1270.0,PUT,111.0
2026-12-18,123,1280.0,PUT,85.0
2026-12-18,123,1290.0,PUT,75.0
2026-12-18,123,1300.0,PUT,100.0
2026-12-18,123,1310.0,PUT,9.0
2026-12-18,123,1320.0,PUT,115.0
2026-12-18,123,1330.0,PUT,57.0
2026-12-18,123,1340.0,PUT,112.0
2026-12-18,123,1350.0,PUT,118.0
2026-12-18,123,1360.0,PUT,68.0
2026-12-18,123,1370.0,PUT,9.0
2026-12-18,123,1380.0,PUT,24.0
2026-12-18,123,1390.0,PUT,24.0
2026-12-18,123,1400.0,PUT,41.0
2026-12-18,123,1410.0,PUT,6.0
2026-12-18,123,1420.0,PUT,15.0
2026-12-18,123,1430.0,PUT,9.0
2026-12-18,123,1440.0,PUT,10.0
2026-12-18,123,1450.0,PUT,7.0
2026-12-18,123,1460.0,PUT,6.0
2026-12-18,123,1470.0,PUT,5.0
2026-12-18,123,1480.0,PUT,5.0
2026-12-18,123,1490.0,PUT,32.0
2026-12-18,123,1500.0,PUT,61.0
2026-12-18,123,1510.0,PUT,9.0
2026-12-18,123,1520.0,PUT,1.0
2026-12-18,123,1530.0,PUT,69.0
2026-12-18,123,1540.0,PUT,2.0
2026-12-18,123,1550.0,PUT,70.0
2026-12-18,123,1560.0,PUT,7.0
2026-12-18,123,1580.0,PUT,1.0
2026-12-18,123,1600.0,PUT,18.0
2026-12-18,123,1610.0,PUT,17.0
2026-12-18,123,1620.0,PUT,72.0
2026-12-18,123,1630.0,PUT,11.0
2026-12-18,123,1640.0,PUT,41.0
2026-12-18,123,1660.0,PUT,6.0
2026-12-18,123,1680.0,PUT,2.0
2026-12-18,123,1700.0,PUT,5.0
2026-12-18,123,1710.0,PUT,2.0
2026-12-18,123,1720.0,PUT,1.0
2026-12-18,123,1750.0,PUT,2.0
2026-12-18,123,1760.0,PUT,1.0
2026-12-18,123,1770.0,PUT,11.0
2026-12-18,123,1780.0,PUT,2.0
2026-12-18,123,1790.0,PUT,0.0
2026-12-18,123,1800.0,PUT,8.0
2026-12-18,123,1820.0,PUT,0.0
2026-12-18,123,1830.0,PUT,144.0
2026-12-18,123,1840.0,PUT,7.0
2026-12-18,123,1850.0,PUT,24.0
2026-12-18,123,1860.0,PUT,3.0
2026-12-18,123,1880.0,PUT,11.0
2026-12-18,123,1890.0,PUT,60.0
2026-12-18,123,1900.0,PUT,20.0
2026-12-18,123,1910.0,PUT,0.0
2026-12-18,123,1920.0,PUT,10.0
2026-12-18,123,1930.0,PUT,2.0
2026-12-18,123,1940.0,PUT,1.0
2026-12-18,123,1950.0,PUT,8.0
2026-12-18,123,1960.0,PUT,1.0
2026-12-18,123,1980.0,PUT,1.0
2026-12-18,123,2000.0,PUT,18.0
2026-12-18,123,2010.0,PUT,0.0
2026-12-18,123,2030.0,PUT,0.0
2026-12-18,123,2070.0,PUT,0.0
2026-12-18,123,2090.0,PUT,1.0
2026-12-18,123,2100.0,PUT,0.0
2026-12-18,123,2120.0,PUT,0.0
2026-12-18,123,2150.0,PUT,1.0
2026-12-18,123,2170.0,PUT,0.0
2026-12-18,123,2180.0,PUT,0.0
2026-12-18,123,2220.0,PUT,5.0
2026-12-18,123,2240.0,PUT,0.0
2026-12-18,123,2260.0,PUT,1.0
2026-12-18,123,2270.0,PUT,1.0
2026-12-18,123,2320.0,PUT,0.0
2026-12-18,123,2380.0,PUT,0.0
2026-12-18,123,2400.0,PUT,0.0
2026-12-18,123,2410.0,PUT,0.0
2026-12-18,123,2420.0,PUT,0.0
2026-12-18,123,2480.0,PUT,0.0
2026-12-18,123,2500.0,PUT,0.0
2027-01-15,151,35.0,CALL,119.0
2027-01-15,151,40.0,CALL,116.0
2027-01-15,151,45.0,CALL,178.0
2027-01-15,151,50.0,CALL,333.0
2027-01-15,151,55.0,CALL,105.0
2027-01-15,151,60.0,CALL,241.0
2027-01-15,151,65.0,CALL,0.0
2027-01-15,151,70.0,CALL,351.0
2027-01-15,151,75.0,CALL,335.0
2027-01-15,151,80.0,CALL,1725.0
2027-01-15,151,85.0,CALL,1292.0
2027-01-15,151,90.0,CALL,4466.0
2027-01-15,151,95.0,CALL,587.0
2027-01-15,151,100.0,CALL,656.0
2027-01-15,151,105.0,CALL,395.0
2027-01-15,151,110.0,CALL,1833.0
2027-01-15,151,115.0,CALL,366.0
2027-01-15,151,120.0,CALL,600.0
2027-01-15,151,125.0,CALL,412.0
2027-01-15,151,130.0,CALL,636.0
2027-01-15,151,135.0,CALL,493.0
2027-01-15,151,140.0,CALL,2531.0
2027-01-15,151,145.0,CALL,370.0
2027-01-15,151,150.0,CALL,2084.0
2027-01-15,151,155.0,CALL,359.0
2027-01-15,151,160.0,CALL,2297.0
2027-01-15,151,165.0,CALL,873.0
2027-01-15,151,170.0,CALL,983.0
2027-01-15,151,175.0,CALL,637.0
2027-01-15,151,180.0,CALL,796.0
2027-01-15,151,185.0,CALL,316.0
2027-01-15,151,190.0,CALL,1292.0
2027-01-15,151,195.0,CALL,998.0
2027-01-15,151,200.0,CALL,1433.0
2027-01-15,151,210.0,CALL,541.0
2027-01-15,151,220.0,CALL,3883.0
2027-01-15,151,230.0,CALL,962.0
2027-01-15,151,240.0,CALL,1012.0
2027-01-15,151,250.0,CALL,532.0
2027-01-15,151,260.0,CALL,417.0
2027-01-15,151,270.0,CALL,426.0
2027-01-15,151,280.0,CALL,251.0
2027-01-15,151,290.0,CALL,348.0
2027-01-15,151,300.0,CALL,1384.0
2027-01-15,151,310.0,CALL,736.0
2027-01-15,151,320.0,CALL,1956.0
2027-01-15,151,330.0,CALL,1675.0
2027-01-15,151,340.0,CALL,825.0
2027-01-15,151,350.0,CALL,2282.0
2027-01-15,151,360.0,CALL,618.0
2027-01-15,151,370.0,CALL,347.0
2027-01-15,151,380.0,CALL,747.0
2027-01-15,151,390.0,CALL,413.0
2027-01-15,151,400.0,CALL,1687.0
2027-01-15,151,410.0,CALL,607.0
2027-01-15,151,420.0,CALL,776.0
2027-01-15,151,430.0,CALL,963.0
2027-01-15,151,440.0,CALL,946.0
2027-01-15,151,450.0,CALL,3960.0
2027-01-15,151,460.0,CALL,557.0
2027-01-15,151,470.0,CALL,485.0
2027-01-15,151,480.0,CALL,1446.0
2027-01-15,151,490.0,CALL,1369.0
2027-01-15,151,500.0,CALL,5852.0
2027-01-15,151,510.0,CALL,1166.0
2027-01-15,151,520.0,CALL,1320.0
2027-01-15,151,530.0,CALL,571.0
2027-01-15,151,540.0,CALL,514.0
2027-01-15,151,550.0,CALL,3521.0
2027-01-15,151,560.0,CALL,509.0
2027-01-15,151,570.0,CALL,578.0
2027-01-15,151,580.0,CALL,1381.0
2027-01-15,151,590.0,CALL,361.0
2027-01-15,151,600.0,CALL,4847.0
2027-01-15,151,610.0,CALL,986.0
2027-01-15,151,620.0,CALL,1186.0
2027-01-15,151,630.0,CALL,1584.0
2027-01-15,151,640.0,CALL,545.0
2027-01-15,151,650.0,CALL,3639.0
2027-01-15,151,660.0,CALL,1258.0
2027-01-15,151,670.0,CALL,294.0
2027-01-15,151,680.0,CALL,1329.0
2027-01-15,151,690.0,CALL,1491.0
2027-01-15,151,700.0,CALL,4941.0
2027-01-15,151,710.0,CALL,1223.0
2027-01-15,151,720.0,CALL,1135.0
2027-01-15,151,730.0,CALL,248.0
2027-01-15,151,740.0,CALL,3983.0
2027-01-15,151,750.0,CALL,3740.0
2027-01-15,151,760.0,CALL,387.0
2027-01-15,151,770.0,CALL,298.0
2027-01-15,151,780.0,CALL,790.0
2027-01-15,151,790.0,CALL,1050.0
2027-01-15,151,800.0,CALL,4731.0
2027-01-15,151,810.0,CALL,582.0
2027-01-15,151,820.0,CALL,518.0
2027-01-15,151,830.0,CALL,677.0
2027-01-15,151,840.0,CALL,1318.0
2027-01-15,151,850.0,CALL,3048.0
2027-01-15,151,860.0,CALL,456.0
2027-01-15,151,870.0,CALL,662.0
2027-01-15,151,880.0,CALL,603.0
2027-01-15,151,890.0,CALL,371.0
2027-01-15,151,900.0,CALL,6293.0
2027-01-15,151,910.0,CALL,1961.0
2027-01-15,151,920.0,CALL,174.0
2027-01-15,151,930.0,CALL,226.0
2027-01-15,151,940.0,CALL,363.0
2027-01-15,151,950.0,CALL,4221.0
2027-01-15,151,960.0,CALL,479.0
2027-01-15,151,970.0,CALL,430.0
2027-01-15,151,980.0,CALL,360.0
2027-01-15,151,990.0,CALL,212.0
2027-01-15,151,1000.0,CALL,6203.0
2027-01-15,151,1010.0,CALL,402.0
2027-01-15,151,1020.0,CALL,389.0
2027-01-15,151,1030.0,CALL,503.0
2027-01-15,151,1040.0,CALL,755.0
2027-01-15,151,1050.0,CALL,1855.0
2027-01-15,151,1060.0,CALL,868.0
2027-01-15,151,1070.0,CALL,200.0
2027-01-15,151,1080.0,CALL,924.0
2027-01-15,151,1090.0,CALL,882.0
2027-01-15,151,1100.0,CALL,2286.0
2027-01-15,151,1110.0,CALL,357.0
2027-01-15,151,1120.0,CALL,403.0
2027-01-15,151,1130.0,CALL,273.0
2027-01-15,151,1140.0,CALL,262.0
2027-01-15,151,1150.0,CALL,5210.0
2027-01-15,151,1160.0,CALL,448.0
2027-01-15,151,1170.0,CALL,453.0
2027-01-15,151,1180.0,CALL,962.0
2027-01-15,151,1190.0,CALL,364.0
2027-01-15,151,1200.0,CALL,4255.0
2027-01-15,151,1210.0,CALL,453.0
2027-01-15,151,1220.0,CALL,784.0
2027-01-15,151,1230.0,CALL,283.0
2027-01-15,151,1240.0,CALL,482.0
2027-01-15,151,1250.0,CALL,1313.0
2027-01-15,151,1260.0,CALL,418.0
2027-01-15,151,1270.0,CALL,144.0
2027-01-15,151,1280.0,CALL,617.0
2027-01-15,151,1290.0,CALL,200.0
2027-01-15,151,1300.0,CALL,8070.0
2027-01-15,151,1310.0,CALL,309.0
2027-01-15,151,1320.0,CALL,443.0
2027-01-15,151,1330.0,CALL,188.0
2027-01-15,151,1340.0,CALL,1547.0
2027-01-15,151,1350.0,CALL,1323.0
2027-01-15,151,1360.0,CALL,685.0
2027-01-15,151,1370.0,CALL,276.0
2027-01-15,151,1380.0,CALL,797.0
2027-01-15,151,1390.0,CALL,355.0
2027-01-15,151,1400.0,CALL,4762.0
2027-01-15,151,1410.0,CALL,353.0
2027-01-15,151,1420.0,CALL,607.0
2027-01-15,151,1430.0,CALL,192.0
2027-01-15,151,1440.0,CALL,354.0
2027-01-15,151,1450.0,CALL,277.0
2027-01-15,151,1460.0,CALL,171.0
2027-01-15,151,1470.0,CALL,385.0
2027-01-15,151,1480.0,CALL,533.0
2027-01-15,151,1490.0,CALL,312.0
2027-01-15,151,1500.0,CALL,4491.0
2027-01-15,151,1510.0,CALL,136.0
2027-01-15,151,1520.0,CALL,264.0
2027-01-15,151,1530.0,CALL,117.0
2027-01-15,151,1540.0,CALL,367.0
2027-01-15,151,1550.0,CALL,727.0
2027-01-15,151,1560.0,CALL,468.0
2027-01-15,151,1570.0,CALL,511.0
2027-01-15,151,1580.0,CALL,324.0
2027-01-15,151,1590.0,CALL,461.0
2027-01-15,151,1600.0,CALL,1885.0
2027-01-15,151,1610.0,CALL,593.0
2027-01-15,151,1620.0,CALL,382.0
2027-01-15,151,1630.0,CALL,809.0
2027-01-15,151,1640.0,CALL,138.0
2027-01-15,151,1650.0,CALL,386.0
2027-01-15,151,1660.0,CALL,263.0
2027-01-15,151,1670.0,CALL,227.0
2027-01-15,151,1680.0,CALL,134.0
2027-01-15,151,1690.0,CALL,198.0
2027-01-15,151,1700.0,CALL,1415.0
2027-01-15,151,1710.0,CALL,310.0
2027-01-15,151,1720.0,CALL,99.0
2027-01-15,151,1730.0,CALL,207.0
2027-01-15,151,1740.0,CALL,158.0
2027-01-15,151,1750.0,CALL,906.0
2027-01-15,151,1760.0,CALL,197.0
2027-01-15,151,1770.0,CALL,309.0
2027-01-15,151,1780.0,CALL,139.0
2027-01-15,151,1790.0,CALL,244.0
2027-01-15,151,1800.0,CALL,720.0
2027-01-15,151,1810.0,CALL,589.0
2027-01-15,151,1820.0,CALL,265.0
2027-01-15,151,1830.0,CALL,1092.0
2027-01-15,151,1840.0,CALL,125.0
2027-01-15,151,1850.0,CALL,269.0
2027-01-15,151,1860.0,CALL,139.0
2027-01-15,151,1870.0,CALL,88.0
2027-01-15,151,1880.0,CALL,56.0
2027-01-15,151,1890.0,CALL,46.0
2027-01-15,151,1900.0,CALL,1390.0
2027-01-15,151,1910.0,CALL,694.0
2027-01-15,151,1920.0,CALL,220.0
2027-01-15,151,1930.0,CALL,101.0
2027-01-15,151,1940.0,CALL,99.0
2027-01-15,151,1950.0,CALL,953.0
2027-01-15,151,1960.0,CALL,240.0
2027-01-15,151,1970.0,CALL,110.0
2027-01-15,151,1980.0,CALL,238.0
2027-01-15,151,1990.0,CALL,210.0
2027-01-15,151,2000.0,CALL,2369.0
2027-01-15,151,2010.0,CALL,96.0
2027-01-15,151,2020.0,CALL,290.0
2027-01-15,151,2030.0,CALL,172.0
2027-01-15,151,2040.0,CALL,86.0
2027-01-15,151,2050.0,CALL,718.0
2027-01-15,151,2060.0,CALL,82.0
2027-01-15,151,2070.0,CALL,152.0
2027-01-15,151,2080.0,CALL,165.0
2027-01-15,151,2090.0,CALL,197.0
2027-01-15,151,2100.0,CALL,518.0
2027-01-15,151,2110.0,CALL,181.0
2027-01-15,151,2120.0,CALL,132.0
2027-01-15,151,2130.0,CALL,91.0
2027-01-15,151,2140.0,CALL,37.0
2027-01-15,151,2150.0,CALL,300.0
2027-01-15,151,2160.0,CALL,170.0
2027-01-15,151,2170.0,CALL,1396.0
2027-01-15,151,2180.0,CALL,41.0
2027-01-15,151,2190.0,CALL,85.0
2027-01-15,151,2200.0,CALL,407.0
2027-01-15,151,2210.0,CALL,107.0
2027-01-15,151,2220.0,CALL,79.0
2027-01-15,151,2230.0,CALL,9.0
2027-01-15,151,2240.0,CALL,41.0
2027-01-15,151,2250.0,CALL,229.0
2027-01-15,151,2260.0,CALL,85.0
2027-01-15,151,2270.0,CALL,62.0
2027-01-15,151,2280.0,CALL,19.0
2027-01-15,151,2290.0,CALL,180.0
2027-01-15,151,2300.0,CALL,88.0
2027-01-15,151,2310.0,CALL,83.0
2027-01-15,151,2320.0,CALL,103.0
2027-01-15,151,2330.0,CALL,30.0
2027-01-15,151,2340.0,CALL,25.0
2027-01-15,151,2350.0,CALL,66.0
2027-01-15,151,2360.0,CALL,71.0
2027-01-15,151,2370.0,CALL,82.0
2027-01-15,151,2380.0,CALL,135.0
2027-01-15,151,2390.0,CALL,224.0
2027-01-15,151,2400.0,CALL,808.0
2027-01-15,151,2410.0,CALL,107.0
2027-01-15,151,2420.0,CALL,393.0
2027-01-15,151,2440.0,CALL,222.0
2027-01-15,151,2460.0,CALL,138.0
2027-01-15,151,2480.0,CALL,208.0
2027-01-15,151,2500.0,CALL,2590.0
2027-01-15,151,35.0,PUT,2235.0
2027-01-15,151,40.0,PUT,3976.0
2027-01-15,151,45.0,PUT,3514.0
2027-01-15,151,50.0,PUT,2261.0
2027-01-15,151,55.0,PUT,2780.0
2027-01-15,151,60.0,PUT,5986.0
2027-01-15,151,65.0,PUT,2967.0
2027-01-15,151,70.0,PUT,5696.0
2027-01-15,151,75.0,PUT,6288.0
2027-01-15,151,80.0,PUT,7871.0
2027-01-15,151,85.0,PUT,2834.0
2027-01-15,151,90.0,PUT,4201.0
2027-01-15,151,95.0,PUT,2344.0
2027-01-15,151,100.0,PUT,2625.0
2027-01-15,151,105.0,PUT,1016.0
2027-01-15,151,110.0,PUT,3281.0
2027-01-15,151,115.0,PUT,1382.0
2027-01-15,151,120.0,PUT,1941.0
2027-01-15,151,125.0,PUT,1207.0
2027-01-15,151,130.0,PUT,6504.0
2027-01-15,151,135.0,PUT,737.0
2027-01-15,151,140.0,PUT,957.0
2027-01-15,151,145.0,PUT,583.0
2027-01-15,151,150.0,PUT,3896.0
2027-01-15,151,155.0,PUT,344.0
2027-01-15,151,160.0,PUT,2597.0
2027-01-15,151,165.0,PUT,286.0
2027-01-15,151,170.0,PUT,1072.0
2027-01-15,151,175.0,PUT,588.0
2027-01-15,151,180.0,PUT,1437.0
2027-01-15,151,185.0,PUT,438.0
2027-01-15,151,190.0,PUT,608.0
2027-01-15,151,195.0,PUT,469.0
2027-01-15,151,200.0,PUT,3489.0
2027-01-15,151,210.0,PUT,902.0
2027-01-15,151,220.0,PUT,1518.0
2027-01-15,151,230.0,PUT,1695.0
2027-01-15,151,240.0,PUT,1862.0
2027-01-15,151,250.0,PUT,3872.0
2027-01-15,151,260.0,PUT,1725.0
2027-01-15,151,270.0,PUT,1501.0
2027-01-15,151,280.0,PUT,1606.0
2027-01-15,151,290.0,PUT,924.0
2027-01-15,151,300.0,PUT,7701.0
2027-01-15,151,310.0,PUT,987.0
2027-01-15,151,320.0,PUT,2689.0
2027-01-15,151,330.0,PUT,2161.0
2027-01-15,151,340.0,PUT,1896.0
2027-01-15,151,350.0,PUT,3863.0
2027-01-15,151,360.0,PUT,4319.0
2027-01-15,151,370.0,PUT,1480.0
2027-01-15,151,380.0,PUT,2223.0
2027-01-15,151,390.0,PUT,1953.0
2027-01-15,151,400.0,PUT,4749.0
2027-01-15,151,410.0,PUT,944.0
2027-01-15,151,420.0,PUT,1059.0
2027-01-15,151,430.0,PUT,2418.0
2027-01-15,151,440.0,PUT,1003.0
2027-01-15,151,450.0,PUT,2779.0
2027-01-15,151,460.0,PUT,1336.0
2027-01-15,151,470.0,PUT,1708.0
2027-01-15,151,480.0,PUT,1251.0
2027-01-15,151,490.0,PUT,1353.0
2027-01-15,151,500.0,PUT,4161.0
2027-01-15,151,510.0,PUT,1060.0
2027-01-15,151,520.0,PUT,992.0
2027-01-15,151,530.0,PUT,558.0
2027-01-15,151,540.0,PUT,767.0
2027-01-15,151,550.0,PUT,4322.0
2027-01-15,151,560.0,PUT,503.0
2027-01-15,151,570.0,PUT,412.0
2027-01-15,151,580.0,PUT,744.0
2027-01-15,151,590.0,PUT,860.0
2027-01-15,151,600.0,PUT,3496.0
2027-01-15,151,610.0,PUT,640.0
2027-01-15,151,620.0,PUT,1549.0
2027-01-15,151,630.0,PUT,480.0
2027-01-15,151,640.0,PUT,449.0
2027-01-15,151,650.0,PUT,4163.0
2027-01-15,151,660.0,PUT,292.0
2027-01-15,151,670.0,PUT,353.0
2027-01-15,151,680.0,PUT,721.0
2027-01-15,151,690.0,PUT,873.0
2027-01-15,151,700.0,PUT,5649.0
2027-01-15,151,710.0,PUT,576.0
2027-01-15,151,720.0,PUT,1963.0
2027-01-15,151,730.0,PUT,595.0
2027-01-15,151,740.0,PUT,240.0
2027-01-15,151,750.0,PUT,3308.0
2027-01-15,151,760.0,PUT,489.0
2027-01-15,151,770.0,PUT,428.0
2027-01-15,151,780.0,PUT,791.0
2027-01-15,151,790.0,PUT,539.0
2027-01-15,151,800.0,PUT,3313.0
2027-01-15,151,810.0,PUT,328.0
2027-01-15,151,820.0,PUT,336.0
2027-01-15,151,830.0,PUT,913.0
2027-01-15,151,840.0,PUT,553.0
2027-01-15,151,850.0,PUT,2838.0
2027-01-15,151,860.0,PUT,337.0
2027-01-15,151,870.0,PUT,1380.0
2027-01-15,151,880.0,PUT,212.0
2027-01-15,151,890.0,PUT,501.0
2027-01-15,151,900.0,PUT,2245.0
2027-01-15,151,910.0,PUT,215.0
2027-01-15,151,920.0,PUT,1261.0
2027-01-15,151,930.0,PUT,214.0
2027-01-15,151,940.0,PUT,463.0
2027-01-15,151,950.0,PUT,1491.0
2027-01-15,151,960.0,PUT,258.0
2027-01-15,151,970.0,PUT,235.0
2027-01-15,151,980.0,PUT,312.0
2027-01-15,151,990.0,PUT,266.0
2027-01-15,151,1000.0,PUT,3106.0
2027-01-15,151,1010.0,PUT,421.0
2027-01-15,151,1020.0,PUT,158.0
2027-01-15,151,1030.0,PUT,199.0
2027-01-15,151,1040.0,PUT,207.0
2027-01-15,151,1050.0,PUT,506.0
2027-01-15,151,1060.0,PUT,876.0
2027-01-15,151,1070.0,PUT,76.0
2027-01-15,151,1080.0,PUT,147.0
2027-01-15,151,1090.0,PUT,81.0
2027-01-15,151,1100.0,PUT,425.0
2027-01-15,151,1110.0,PUT,96.0
2027-01-15,151,1120.0,PUT,156.0
2027-01-15,151,1130.0,PUT,59.0
2027-01-15,151,1140.0,PUT,39.0
2027-01-15,151,1150.0,PUT,140.0
2027-01-15,151,1160.0,PUT,42.0
2027-01-15,151,1170.0,PUT,132.0
2027-01-15,151,1180.0,PUT,55.0
2027-01-15,151,1190.0,PUT,131.0
2027-01-15,151,1200.0,PUT,1036.0
2027-01-15,151,1210.0,PUT,29.0
2027-01-15,151,1220.0,PUT,31.0
2027-01-15,151,1230.0,PUT,23.0
2027-01-15,151,1240.0,PUT,445.0
2027-01-15,151,1250.0,PUT,43.0
2027-01-15,151,1260.0,PUT,70.0
2027-01-15,151,1270.0,PUT,50.0
2027-01-15,151,1280.0,PUT,99.0
2027-01-15,151,1290.0,PUT,24.0
2027-01-15,151,1300.0,PUT,139.0
2027-01-15,151,1310.0,PUT,24.0
2027-01-15,151,1320.0,PUT,42.0
2027-01-15,151,1330.0,PUT,71.0
2027-01-15,151,1340.0,PUT,29.0
2027-01-15,151,1350.0,PUT,20.0
2027-01-15,151,1360.0,PUT,51.0
2027-01-15,151,1370.0,PUT,20.0
2027-01-15,151,1380.0,PUT,79.0
2027-01-15,151,1390.0,PUT,37.0
2027-01-15,151,1400.0,PUT,271.0
2027-01-15,151,1410.0,PUT,93.0
2027-01-15,151,1420.0,PUT,38.0
2027-01-15,151,1430.0,PUT,13.0
2027-01-15,151,1440.0,PUT,71.0
2027-01-15,151,1450.0,PUT,59.0
2027-01-15,151,1460.0,PUT,7.0
2027-01-15,151,1470.0,PUT,57.0
2027-01-15,151,1480.0,PUT,122.0
2027-01-15,151,1490.0,PUT,13.0
2027-01-15,151,1500.0,PUT,404.0
2027-01-15,151,1510.0,PUT,10.0
2027-01-15,151,1520.0,PUT,7.0
2027-01-15,151,1530.0,PUT,2.0
2027-01-15,151,1540.0,PUT,11.0
2027-01-15,151,1550.0,PUT,2.0
2027-01-15,151,1560.0,PUT,2.0
2027-01-15,151,1570.0,PUT,2.0
2027-01-15,151,1580.0,PUT,1.0
2027-01-15,151,1590.0,PUT,2.0
2027-01-15,151,1600.0,PUT,18.0
2027-01-15,151,1610.0,PUT,4.0
2027-01-15,151,1620.0,PUT,6.0
2027-01-15,151,1630.0,PUT,91.0
2027-01-15,151,1640.0,PUT,25.0
2027-01-15,151,1650.0,PUT,2.0
2027-01-15,151,1660.0,PUT,6.0
2027-01-15,151,1670.0,PUT,0.0
2027-01-15,151,1680.0,PUT,14.0
2027-01-15,151,1690.0,PUT,0.0
2027-01-15,151,1700.0,PUT,24.0
2027-01-15,151,1710.0,PUT,0.0
2027-01-15,151,1720.0,PUT,7.0
2027-01-15,151,1730.0,PUT,1.0
2027-01-15,151,1740.0,PUT,3.0
2027-01-15,151,1750.0,PUT,4.0
2027-01-15,151,1760.0,PUT,33.0
2027-01-15,151,1770.0,PUT,1.0
2027-01-15,151,1780.0,PUT,0.0
2027-01-15,151,1790.0,PUT,7.0
2027-01-15,151,1800.0,PUT,12.0
2027-01-15,151,1810.0,PUT,4.0
2027-01-15,151,1820.0,PUT,5.0
2027-01-15,151,1830.0,PUT,52.0
2027-01-15,151,1840.0,PUT,10.0
2027-01-15,151,1850.0,PUT,1.0
2027-01-15,151,1880.0,PUT,1.0
2027-01-15,151,1900.0,PUT,7.0
2027-01-15,151,1910.0,PUT,7.0
2027-01-15,151,1920.0,PUT,2.0
2027-01-15,151,1930.0,PUT,2.0
2027-01-15,151,1940.0,PUT,3.0
2027-01-15,151,1950.0,PUT,2.0
2027-01-15,151,1960.0,PUT,10.0
2027-01-15,151,1970.0,PUT,1.0
2027-01-15,151,1980.0,PUT,1.0
2027-01-15,151,1990.0,PUT,3.0
2027-01-15,151,2000.0,PUT,15.0
2027-01-15,151,2010.0,PUT,4.0
2027-01-15,151,2020.0,PUT,3.0
2027-01-15,151,2030.0,PUT,1.0
2027-01-15,151,2050.0,PUT,3.0
2027-01-15,151,2060.0,PUT,1.0
2027-01-15,151,2080.0,PUT,1.0
2027-01-15,151,2090.0,PUT,4.0
2027-01-15,151,2100.0,PUT,13.0
2027-01-15,151,2110.0,PUT,1.0
2027-01-15,151,2120.0,PUT,4.0
2027-01-15,151,2130.0,PUT,0.0
2027-01-15,151,2140.0,PUT,17.0
2027-01-15,151,2150.0,PUT,2.0
2027-01-15,151,2160.0,PUT,39.0
2027-01-15,151,2170.0,PUT,21.0
2027-01-15,151,2190.0,PUT,1.0
2027-01-15,151,2200.0,PUT,2.0
2027-01-15,151,2210.0,PUT,6.0
2027-01-15,151,2220.0,PUT,1.0
2027-01-15,151,2230.0,PUT,0.0
2027-01-15,151,2270.0,PUT,0.0
2027-01-15,151,2280.0,PUT,0.0
2027-01-15,151,2290.0,PUT,8.0
2027-01-15,151,2300.0,PUT,0.0
2027-01-15,151,2310.0,PUT,0.0
2027-01-15,151,2320.0,PUT,0.0
2027-01-15,151,2350.0,PUT,0.0
2027-01-15,151,2360.0,PUT,0.0
2027-01-15,151,2370.0,PUT,0.0
2027-01-15,151,2380.0,PUT,0.0
2027-01-15,151,2390.0,PUT,0.0
2027-01-15,151,2400.0,PUT,0.0
2027-01-15,151,2410.0,PUT,0.0
2027-01-15,151,2420.0,PUT,0.0
2027-01-15,151,2440.0,PUT,0.0
2027-01-15,151,2460.0,PUT,0.0
2027-01-15,151,2480.0,PUT,0.0
2027-01-15,151,2500.0,PUT,0.0
